bench,class,tool,tool_version,variant,mode,period_ns,timing_status,wns_ns,wns_reg2reg_ns,timing_basis,data_path_ns,critical_endpoint,num_cells,num_seq,retime_named_regs,area_um2,routed_wirelength_um,postroute_wns_ns,achieved_density_pct,path_route_share_pct,path_cell_delay_ns,path_net_delay_ns,max_route_layer,place_blockage_frac,power_mw,power_switching_mw,power_register_mw,power_logic_mw,power_clock_mw,power_sequential_mw,power_combinational_mw,power_mode,num_lut,num_ff,runtime_total_s,wall_seconds,sdc_sha1,git_commit
r01_reset_backward_barrier,A - reset / initial state,,,orig,,8.0,,,,,,,,,,,,,,,,,,,,,,,,,,,,,,66.0,,
r01_reset_backward_barrier,A - reset / initial state,,,orig,,8.0,,,,,,,,,,,,,,,,,,,,,,,,,,,,,,11.0,,
r01_reset_backward_barrier,A - reset / initial state,,,retimed,,8.0,,,,,,,,,,,,,,,,,,,,,,,,,,,,,,23.0,,
r01_reset_backward_barrier,A - reset / initial state,genus,23.12-s086_1,directive,off,1.47,VIOLATED,-1.538,,,2.368,retime_s1_19_reg/D,926,99,99,44568.3729895,,,,,,,,,209.77,76.9277,80.3587,120.99300000000001,8.41837,,,probabilistic,,,40,48.0,eae79ae3bec9,uncommitted
r01_reset_backward_barrier,A - reset / initial state,genus,23.12-s086_1,directive,off,1.84,VIOLATED,-1.026,,,2.146,retime_s1_19_reg/D,985,99,99,47723.757685,,,,,,,,,179.81900000000002,67.342,67.06710000000001,106.027,6.7255400000000005,,,probabilistic,,,48,56.0,eae79ae3bec9,uncommitted
r01_reset_backward_barrier,A - reset / initial state,genus,23.12-s086_1,directive,off,2.3,VIOLATED,-0.584,,,2.211,retime_s1_18_reg/D,964,99,99,47551.062759,,,,,,,,,153.807,56.9694,54.7066,93.7201,5.3804300000000005,,,probabilistic,,,53,62.0,eae79ae3bec9,uncommitted
r01_reset_backward_barrier,A - reset / initial state,genus,23.12-s086_1,directive,off,2.88,VIOLATED,-0.086,,,2.278,retime_s1_5_reg/D,484,48,48,23504.225589,,,,,,,,,65.925,25.4869,22.2306,41.6111,2.08333,,,probabilistic,,,29,38.0,eae79ae3bec9,uncommitted
r01_reset_backward_barrier,A - reset / initial state,genus,23.12-s086_1,directive,off,3.6,MET,0.0,,,3.318,retime_s2_5_reg/D,323,48,48,17299.77980025,,,,,,,,,41.427600000000005,13.2728,16.1409,23.6201,1.66667,,,probabilistic,,,17,26.0,,
r01_reset_backward_barrier,A - reset / initial state,genus,23.12-s086_1,directive,off,4.8,MET,0.025,,,4.126,retime_s1_4_reg/D,268,45,45,15121.330314750001,,,,,,,,,27.707900000000002,7.9039,11.3174,15.2187,1.17187,,,probabilistic,,,15,23.0,,
r01_reset_backward_barrier,A - reset / initial state,genus,23.12-s086_1,directive,off,6.4,MET,0.006,,,5.756,retime_s1_13_reg/D,243,27,27,13331.049614,,,,,,,,,17.461199999999998,5.607220000000001,5.12318,11.8107,0.527344,,,probabilistic,,,15,24.0,,
r01_reset_backward_barrier,A - reset / initial state,genus,23.12-s086_1,directive,off,8.0,MET,0.006,,,7.334,retime_s1_22_reg/D,241,30,30,13159.5062595,,,,,,,,,14.399199999999999,4.10557,4.43731,9.493110000000001,0.46875,,,probabilistic,,,11,21.0,,
r01_reset_backward_barrier,A - reset / initial state,genus,23.12-s086_1,directive,off,10.4,MET,0.775,,,8.992,retime_s1_5_reg/D,211,30,30,12273.592926,,,,,,,,,10.3176,2.68756,3.4949,6.46211,0.360577,,,probabilistic,,,10,19.0,,
r01_reset_backward_barrier,A - reset / initial state,genus,23.12-s086_1,orig,off,3.6,VIOLATED,-2.026,,,4.933,q_reg[15]/D,588,24,0,27020.659923,,,,,,,,,63.003600000000006,28.5536,9.213940000000001,52.9563,0.833333,,,probabilistic,,,62,72.0,,
r01_reset_backward_barrier,A - reset / initial state,genus,23.12-s086_1,orig,off,4.8,VIOLATED,-0.844,,,4.959,q_reg[12]/D,574,24,0,25989.107681,,,,,,,,,43.8538,19.3288,7.4372300000000005,35.7916,0.625,,,probabilistic,,,73,83.0,,
r01_reset_backward_barrier,A - reset / initial state,genus,23.12-s086_1,orig,off,5.0,VIOLATED,-0.666,,,4.968,q_reg[15]/D,677,24,0,30256.193782000002,,,,,,,,,49.265499999999996,21.695,7.217829999999999,41.4476,0.6,,,,,,70,78.0,,
r01_reset_backward_barrier,A - reset / initial state,genus,23.12-s086_1,orig,off,6.4,MET,0.0,,,5.772,q_reg[15]/D,422,24,0,19967.63393775,,,,,,,,,24.8913,10.4625,4.87885,19.5437,0.46875,,,probabilistic,,,14,23.0,,
r01_reset_backward_barrier,A - reset / initial state,genus,23.12-s086_1,orig,off,8.0,MET,0.013,,,7.385,q_reg[14]/D,304,24,0,15403.967232750001,,,,,,,,,14.571000000000002,5.2326999999999995,3.6532299999999998,10.5428,0.375,,,probabilistic,,,11,21.0,,
r01_reset_backward_barrier,A - reset / initial state,genus,23.12-s086_1,orig,off,10.4,MET,0.002,,,9.772,q_reg[11]/D,249,24,0,13198.84831425,,,,,,,,,10.5709,3.4778000000000002,2.80504,7.47742,0.288462,,,probabilistic,,,9,17.0,,
r01_reset_backward_barrier,A - reset / initial state,genus,23.12-s086_1,orig,on,1.26,VIOLATED,-1.786,,,2.46,retime_s1_8_reg/D,922,98,98,43948.19178125,,,,,,,,,257.41999999999996,95.9923,99.7068,147.985,9.728169999999999,,,probabilistic,,,39,48.0,eae79ae3bec9,uncommitted
r01_reset_backward_barrier,A - reset / initial state,genus,23.12-s086_1,orig,on,1.58,VIOLATED,-1.321,,,2.214,retime_s1_19_reg/D,980,99,99,47047.855297250004,,,,,,,,,204.08399999999997,75.6636,76.2425,120.01,7.832280000000001,,,probabilistic,,,48,56.0,eae79ae3bec9,uncommitted
r01_reset_backward_barrier,A - reset / initial state,genus,23.12-s086_1,orig,on,1.97,VIOLATED,-1.019,,,2.394,retime_s1_30_reg/D,950,99,99,45674.7641275,,,,,,,,,172.68200000000002,64.5577,62.5865,103.81400000000001,6.2817300000000005,,,probabilistic,,,42,50.0,eae79ae3bec9,uncommitted
r01_reset_backward_barrier,A - reset / initial state,genus,23.12-s086_1,orig,on,2.46,VIOLATED,-0.53,,,2.395,retime_s1_18_reg/D,869,99,99,43555.591815499996,,,,,,,,,136.23499999999999,48.9128,51.158,80.0468,5.03049,,,probabilistic,,,37,46.0,eae79ae3bec9,uncommitted
r01_reset_backward_barrier,A - reset / initial state,genus,23.12-s086_1,orig,on,3.08,MET,0.0,,,2.783,retime_s2_8_reg/D,400,48,48,20551.255549999998,,,,,,,,,56.3263,19.852700000000002,19.852,34.526300000000006,1.94805,,,,,,16,25.0,,
r01_reset_backward_barrier,A - reset / initial state,genus,23.12-s086_1,orig,on,3.16,MET,0.0,,,2.508,retime_s1_5_reg/D,396,48,48,20215.65386325,,,,,,,,,52.847699999999996,18.5553,18.858,32.0909,1.89873,,,,,,17,26.0,,
r01_reset_backward_barrier,A - reset / initial state,genus,23.12-s086_1,orig,on,3.31,MET,0.0,,,2.655,retime_s1_5_reg/D,346,48,48,18197.8229675,,,,,,,,,46.5139,15.3049,17.6364,27.064799999999998,1.8126900000000001,,,,,,15,23.0,,
r01_reset_backward_barrier,A - reset / initial state,genus,23.12-s086_1,orig,on,3.6,MET,0.0,,,3.318,retime_s2_5_reg/D,323,48,48,17299.77980025,,,,,,,,,41.427600000000005,13.2728,16.1409,23.6201,1.66667,,,probabilistic,,,17,26.0,,
r01_reset_backward_barrier,A - reset / initial state,genus,23.12-s086_1,orig,on,3.62,MET,0.012,,,2.968,retime_s1_5_reg/D,322,48,48,17173.9558245,,,,,,,,,41.132799999999996,13.0974,15.966000000000001,23.5093,1.65746,,,,,,15,23.0,,
r01_reset_backward_barrier,A - reset / initial state,genus,23.12-s086_1,orig,on,4.25,MET,0.007,,,3.588,retime_s1_6_reg/D,283,40,40,15325.06593225,,,,,,,,,31.363599999999998,10.0147,11.9519,18.2352,1.17647,,,,,,14,24.0,,
r01_reset_backward_barrier,A - reset / initial state,genus,23.12-s086_1,orig,on,4.8,MET,0.025,,,4.126,retime_s1_4_reg/D,268,45,45,15121.330314750001,,,,,,,,,27.707900000000002,7.9039,11.3174,15.2187,1.17187,,,probabilistic,,,14,24.0,,
r01_reset_backward_barrier,A - reset / initial state,genus,23.12-s086_1,orig,on,5.0,MET,0.009,,,4.736,retime_s2_8_reg/D,269,42,42,14870.432007,,,,,,,,,25.9324,7.55136,10.378200000000001,14.5042,1.05,,,,,,14,24.0,,
r01_reset_backward_barrier,A - reset / initial state,genus,23.12-s086_1,orig,on,5.5,MET,0.007,,,5.209,retime_s2_4_reg/D,298,39,39,15587.221385499999,,,,,,,,,24.3609,7.87358,8.36662,15.1079,0.886364,,,,,,14,22.0,,
r01_reset_backward_barrier,A - reset / initial state,genus,23.12-s086_1,orig,on,6.4,MET,0.006,,,5.756,retime_s1_13_reg/D,243,27,27,13331.049614,,,,,,,,,17.461199999999998,5.607220000000001,5.12318,11.8107,0.527344,,,probabilistic,,,15,24.0,,
r01_reset_backward_barrier,A - reset / initial state,genus,23.12-s086_1,orig,on,8.0,MET,0.006,,,7.334,retime_s1_22_reg/D,241,30,30,13159.5062595,,,,,,,,,14.399199999999999,4.10557,4.43731,9.493110000000001,0.46875,,,probabilistic,,,12,21.0,,
r01_reset_backward_barrier,A - reset / initial state,genus,23.12-s086_1,orig,on,10.4,MET,0.775,,,8.992,retime_s1_5_reg/D,211,30,30,12273.592926,,,,,,,,,10.3176,2.68756,3.4949,6.46211,0.360577,,,probabilistic,,,10,19.0,,
r01_reset_backward_barrier,A - reset / initial state,genus,23.12-s086_1,orig,on_reset,2.05,VIOLATED,-0.903,,,2.334,retime_s1_34_reg/D,1005,99,99,48330.642154,,,,,,,,,171.44400000000002,65.5578,60.2498,105.158,6.0365899999999995,,,probabilistic,,,49,57.0,eae79ae3bec9,uncommitted
r01_reset_backward_barrier,A - reset / initial state,genus,23.12-s086_1,orig,on_reset,2.56,VIOLATED,-0.427,,,2.326,retime_s1_18_reg/D,879,99,99,43732.76571125,,,,,,,,,128.306,45.957,47.4945,75.97710000000001,4.8339799999999995,,,probabilistic,,,35,43.0,eae79ae3bec9,uncommitted
r01_reset_backward_barrier,A - reset / initial state,genus,23.12-s086_1,orig,on_reset,3.2,MET,0.0,,,2.576,retime_s1_5_reg/D,382,48,48,19505.255002500002,,,,,,,,,50.0482,17.1439,18.596,29.5772,1.875,,,probabilistic,,,18,28.0,eae79ae3bec9,uncommitted
r01_reset_backward_barrier,A - reset / initial state,genus,23.12-s086_1,orig,on_reset,4.0,MET,0.006,,,3.738,retime_s2_14_reg/D,297,41,41,15945.680446999999,,,,,,,,,33.848000000000006,10.8903,12.8682,19.6985,1.28125,,,probabilistic,,,15,24.0,eae79ae3bec9,uncommitted
r01_reset_backward_barrier,A - reset / initial state,genus,23.12-s086_1,orig,on_reset,5.0,MET,0.009,,,4.736,retime_s2_8_reg/D,269,42,42,14870.432007,,,,,,,,,25.9324,7.55136,10.378200000000001,14.5042,1.05,,,,,,14,23.0,,
r01_reset_backward_barrier,A - reset / initial state,genus,23.12-s086_1,retimed,off,3.6,VIOLATED,-0.438,,,3.754,out_q_reg[3]/D,554,24,0,24996.223104999997,,,,,,,,,50.2516,22.238999999999997,9.34991,40.0683,0.833333,,,probabilistic,,,36,44.0,,
r01_reset_backward_barrier,A - reset / initial state,genus,23.12-s086_1,retimed,off,3.62,VIOLATED,-0.372,,,3.754,out_q_reg[3]/D,542,24,0,24697.15926125,,,,,,,,,49.719899999999996,22.0887,9.18247,39.7087,0.828729,,,,,,36,45.0,,
r01_reset_backward_barrier,A - reset / initial state,genus,23.12-s086_1,retimed,off,3.94,VIOLATED,-0.003,,,3.658,out_q_reg[2]/D,533,24,0,24483.9657075,,,,,,,,,43.9614,19.2163,8.72066,34.479299999999995,0.761421,,,,,,38,46.0,,
r01_reset_backward_barrier,A - reset / initial state,genus,23.12-s086_1,retimed,off,4.09,VIOLATED,-0.049,,,3.855,out_q_reg[7]/D,464,24,0,21965.729078750002,,,,,,,,,38.7105,16.5976,8.54896,29.428,0.733496,,,,,,27,36.0,,
r01_reset_backward_barrier,A - reset / initial state,genus,23.12-s086_1,retimed,off,4.17,MET,0.0,,,3.885,out_q_reg[7]/D,426,24,0,20500.045426,,,,,,,,,35.4858,15.358500000000001,7.77899,26.9874,0.719424,,,,,,13,21.0,,
r01_reset_backward_barrier,A - reset / initial state,genus,23.12-s086_1,retimed,off,4.25,MET,0.0,,,4.004,out_q_reg[7]/D,413,24,0,19555.821745499998,,,,,,,,,34.4629,14.7456,7.44883,26.3081,0.705882,,,,,,12,20.0,,
r01_reset_backward_barrier,A - reset / initial state,genus,23.12-s086_1,retimed,off,4.8,MET,0.001,,,4.515,out_q_reg[7]/D,337,24,0,16777.0498465,,,,,,,,,24.9824,9.768799999999999,6.110670000000001,18.2467,0.625,,,probabilistic,,,9,18.0,,
r01_reset_backward_barrier,A - reset / initial state,genus,23.12-s086_1,retimed,off,5.0,MET,0.002,,,4.404,q1_reg[15]/D,312,24,0,15490.233743,,,,,,,,,21.8376,8.16933,5.81095,15.4267,0.6,,,,,,8,18.0,,
r01_reset_backward_barrier,A - reset / initial state,genus,23.12-s086_1,retimed,off,5.5,MET,0.007,,,5.19,out_q_reg[3]/D,247,24,0,13344.961542500001,,,,,,,,,16.958399999999997,5.5237300000000005,5.1531199999999995,11.2598,0.545455,,,,,,6,15.0,,
r01_reset_backward_barrier,A - reset / initial state,genus,23.12-s086_1,retimed,off,6.4,MET,0.011,,,6.088,out_q_reg[3]/D,234,24,0,12710.44080875,,,,,,,,,14.2052,4.46254,4.320860000000001,9.415619999999999,0.46875,,,probabilistic,,,7,16.0,,
r01_reset_backward_barrier,A - reset / initial state,genus,23.12-s086_1,retimed,off,8.0,MET,0.003,,,7.712,out_q_reg[7]/D,206,24,0,11824.750369500001,,,,,,,,,10.1061,2.82302,3.3358,6.395320000000001,0.375,,,probabilistic,,,6,16.0,,
r01_reset_backward_barrier,A - reset / initial state,genus,23.12-s086_1,retimed,off,10.4,MET,1.184,,,8.932,out_q_reg[6]/D,186,24,0,11262.8623895,,,,,,,,,7.78376,2.03439,2.5448799999999996,4.950419999999999,0.288462,,,probabilistic,,,6,15.0,,
r01_reset_backward_barrier,A - reset / initial state,innovus,23.12-s091_1,orig,,5.0,,,,,,,277,42,42,,7531.135,0.008,57.019,0.27,4.352,0.012,,,16.21917427,3.95144673,,,0.0,7.596,8.623,probabilistic,,,60,79.0,,
r01_reset_backward_barrier,A - reset / initial state,openroad_syn,,directive,unsupported,3.6,VIOLATED,-11.5327,,,14.8155,,249,32,,,,,,,,,,,16.2955,4.2540700000000005,,,,,,vectorless,,,1,1.0,eae79ae3bec9,uncommitted
r01_reset_backward_barrier,A - reset / initial state,openroad_syn,,directive,unsupported,4.8,VIOLATED,-10.3327,,,14.8155,,249,32,,,,,,,,,,,12.2217,3.19055,,,,,,vectorless,,,1,1.0,eae79ae3bec9,uncommitted
r01_reset_backward_barrier,A - reset / initial state,openroad_syn,,directive,unsupported,6.4,VIOLATED,-8.7327,,,14.8155,,249,32,,,,,,,,,,,9.166260000000001,2.3929099999999996,,,,,,vectorless,,,1,1.0,eae79ae3bec9,uncommitted
r01_reset_backward_barrier,A - reset / initial state,openroad_syn,,directive,unsupported,8.0,VIOLATED,-7.1327,,,14.8155,,249,32,,,,,,,,,,,7.33302,1.9143299999999999,,,,,,vectorless,,,0,1.0,eae79ae3bec9,uncommitted
r01_reset_backward_barrier,A - reset / initial state,openroad_syn,,directive,unsupported,10.4,VIOLATED,-4.7327,,,14.8155,,249,32,,,,,,,,,,,5.64079,1.4725599999999999,,,,,,vectorless,,,0,1.0,eae79ae3bec9,uncommitted
r01_reset_backward_barrier,A - reset / initial state,openroad_syn,,orig,unsupported,3.6,VIOLATED,-11.5327,,,14.8155,,249,32,,,,,,,,,,,16.2955,4.2540700000000005,,,,,,vectorless,,,0,1.0,eae79ae3bec9,uncommitted
r01_reset_backward_barrier,A - reset / initial state,openroad_syn,,orig,unsupported,4.8,VIOLATED,-10.3327,,,14.8155,,249,32,,,,,,,,,,,12.2217,3.19055,,,,,,vectorless,,,0,1.0,eae79ae3bec9,uncommitted
r01_reset_backward_barrier,A - reset / initial state,openroad_syn,,orig,unsupported,6.4,VIOLATED,-8.7327,,,14.8155,,249,32,,,,,,,,,,,9.166260000000001,2.3929099999999996,,,,,,vectorless,,,0,1.0,eae79ae3bec9,uncommitted
r01_reset_backward_barrier,A - reset / initial state,openroad_syn,,orig,unsupported,8.0,VIOLATED,-7.1327,,,14.8155,,249,32,,,,,,,,,,,7.33302,1.9143299999999999,,,,,,vectorless,,,0,1.0,eae79ae3bec9,uncommitted
r01_reset_backward_barrier,A - reset / initial state,openroad_syn,,orig,unsupported,10.4,VIOLATED,-4.7327,,,14.8155,,249,32,,,,,,,,,,,5.64079,1.4725599999999999,,,,,,vectorless,,,0,1.0,eae79ae3bec9,uncommitted
r01_reset_backward_barrier,A - reset / initial state,openroad_syn,,retimed,unsupported,3.6,VIOLATED,-5.0739,,,8.3294,,238,32,,,,,,,,,,,14.666699999999999,3.76355,,,,,,vectorless,,,0,1.0,eae79ae3bec9,uncommitted
r01_reset_backward_barrier,A - reset / initial state,openroad_syn,,retimed,unsupported,4.8,VIOLATED,-3.8739,,,8.3294,,238,32,,,,,,,,,,,11.0001,2.82266,,,,,,vectorless,,,0,1.0,eae79ae3bec9,uncommitted
r01_reset_backward_barrier,A - reset / initial state,openroad_syn,,retimed,unsupported,6.4,VIOLATED,-2.2739,,,8.3294,,238,32,,,,,,,,,,,8.25005,2.117,,,,,,vectorless,,,0,1.0,eae79ae3bec9,uncommitted
r01_reset_backward_barrier,A - reset / initial state,openroad_syn,,retimed,unsupported,8.0,VIOLATED,-0.6739,,,8.3294,,238,32,,,,,,,,,,,6.6000499999999995,1.6936,,,,,,vectorless,,,0,1.0,eae79ae3bec9,uncommitted
r01_reset_backward_barrier,A - reset / initial state,openroad_syn,,retimed,unsupported,10.4,MET,1.7261,,,8.3294,,238,32,,,,,,,,,,,5.07697,1.30277,,,,,,vectorless,,,0,1.0,eae79ae3bec9,uncommitted
r01_reset_backward_barrier,A - reset / initial state,vivado,2023.1,directive,on,5.2,VIOLATED,-2.845,-2.845,paths ending at a register (pad delay excluded),,,,,,,,,,,,,,,125.0,,,,,,,vectorless,84,32,29,35.0,,
r01_reset_backward_barrier,A - reset / initial state,vivado,2023.1,directive,on,6.4,VIOLATED,-1.64,-1.64,paths ending at a register (pad delay excluded),,,,,,,,,,,,,,,119.0,,,,,,,vectorless,84,32,29,35.0,,
r01_reset_backward_barrier,A - reset / initial state,vivado,2023.1,directive,on,8.0,VIOLATED,-0.179,-0.179,paths ending at a register (pad delay excluded),,,,,,,,,,,,,,,113.0,,,,,,,vectorless,84,32,28,35.0,,
r01_reset_backward_barrier,A - reset / initial state,vivado,2023.1,directive,on,9.6,MET,0.972,0.972,paths ending at a register (pad delay excluded),,,,,,,,,,,,,,,109.0,,,,,,,vectorless,84,32,29,40.0,,
r01_reset_backward_barrier,A - reset / initial state,vivado,2023.1,directive,on,12.0,MET,2.698,2.698,paths ending at a register (pad delay excluded),,,,,,,,,,,,,,,105.0,,,,,,,vectorless,84,32,28,39.0,,
r01_reset_backward_barrier,A - reset / initial state,vivado,2023.1,orig,off,5.2,VIOLATED,-2.845,-2.845,paths ending at a register (pad delay excluded),,,,,,,,,,,,,,,125.0,,,,,,,vectorless,84,32,28,35.0,,
r01_reset_backward_barrier,A - reset / initial state,vivado,2023.1,orig,off,6.4,VIOLATED,-1.64,-1.64,paths ending at a register (pad delay excluded),,,,,,,,,,,,,,,119.0,,,,,,,vectorless,84,32,30,42.0,,
r01_reset_backward_barrier,A - reset / initial state,vivado,2023.1,orig,off,8.0,VIOLATED,-0.179,-0.179,paths ending at a register (pad delay excluded),,,,,,,,,,,,,,,113.0,,,,,,,vectorless,84,32,29,39.0,,
r01_reset_backward_barrier,A - reset / initial state,vivado,2023.1,orig,off,9.6,MET,0.972,0.972,paths ending at a register (pad delay excluded),,,,,,,,,,,,,,,109.0,,,,,,,vectorless,84,32,30,41.0,,
r01_reset_backward_barrier,A - reset / initial state,vivado,2023.1,orig,off,12.0,MET,2.698,2.698,paths ending at a register (pad delay excluded),,,,,,,,,,,,,,,105.0,,,,,,,vectorless,84,32,27,35.0,,
r01_reset_backward_barrier,A - reset / initial state,vivado,2023.1,orig,on,5.2,VIOLATED,-2.845,-2.845,paths ending at a register (pad delay excluded),,,,,,,,,,,,,,,125.0,,,,,,,vectorless,84,32,29,42.0,,
r01_reset_backward_barrier,A - reset / initial state,vivado,2023.1,orig,on,6.4,VIOLATED,-1.64,-1.64,paths ending at a register (pad delay excluded),,,,,,,,,,,,,,,119.0,,,,,,,vectorless,84,32,29,42.0,,
r01_reset_backward_barrier,A - reset / initial state,vivado,2023.1,orig,on,8.0,VIOLATED,-0.179,-0.179,paths ending at a register (pad delay excluded),,,,,,,,,,,,,,,113.0,,,,,,,vectorless,84,32,28,36.0,,
r01_reset_backward_barrier,A - reset / initial state,vivado,2023.1,orig,on,9.6,MET,0.972,0.972,paths ending at a register (pad delay excluded),,,,,,,,,,,,,,,109.0,,,,,,,vectorless,84,32,28,36.0,,
r01_reset_backward_barrier,A - reset / initial state,vivado,2023.1,orig,on,12.0,MET,2.698,2.698,paths ending at a register (pad delay excluded),,,,,,,,,,,,,,,105.0,,,,,,,vectorless,84,32,27,35.0,,
r01_reset_backward_barrier,A - reset / initial state,vivado,2023.1,retimed,off,5.2,VIOLATED,-1.914,-1.914,paths ending at a register (pad delay excluded),,,,,,,,,,,,,,,125.0,,,,,,,vectorless,84,32,28,36.0,,
r01_reset_backward_barrier,A - reset / initial state,vivado,2023.1,retimed,off,6.4,VIOLATED,-0.718,-0.718,paths ending at a register (pad delay excluded),,,,,,,,,,,,,,,119.0,,,,,,,vectorless,84,32,28,38.0,,
r01_reset_backward_barrier,A - reset / initial state,vivado,2023.1,retimed,off,8.0,MET,0.069,0.069,paths ending at a register (pad delay excluded),,,,,,,,,,,,,,,113.0,,,,,,,vectorless,84,32,29,41.0,,
r01_reset_backward_barrier,A - reset / initial state,vivado,2023.1,retimed,off,9.6,MET,1.285,1.285,paths ending at a register (pad delay excluded),,,,,,,,,,,,,,,109.0,,,,,,,vectorless,84,32,29,40.0,,
r01_reset_backward_barrier,A - reset / initial state,vivado,2023.1,retimed,off,12.0,MET,4.592,4.592,paths ending at a register (pad delay excluded),,,,,,,,,,,,,,,106.0,,,,,,,vectorless,84,32,27,34.0,,
r01_reset_backward_barrier,A - reset / initial state,yosys,0.58,directive,off,8.0,VIOLATED,-3.1174,,,10.8166,_461_,303,24,,7070.112,,,,,,,,,9.17,2.96,,,,,,vectorless,,,1.0,2.0,,
r01_reset_backward_barrier,A - reset / initial state,yosys,0.58,directive,on,3.6,VIOLATED,-3.0875,,,6.384,_791_,327,24,,9884.0448,,,,,,,,,17.9,6.6499999999999995,,,,,,vectorless,,,1.0,2.0,eae79ae3bec9,uncommitted
r01_reset_backward_barrier,A - reset / initial state,yosys,0.58,directive,on,4.8,VIOLATED,-1.8875,,,6.384,_791_,327,24,,9884.0448,,,,,,,,,13.4,4.989999999999999,,,,,,vectorless,,,1.0,2.0,eae79ae3bec9,uncommitted
r01_reset_backward_barrier,A - reset / initial state,yosys,0.58,directive,on,6.4,VIOLATED,-0.2875,,,6.384,_791_,327,24,,9884.0448,,,,,,,,,10.1,3.7399999999999998,,,,,,vectorless,,,1.0,2.0,eae79ae3bec9,uncommitted
r01_reset_backward_barrier,A - reset / initial state,yosys,0.58,directive,on,8.0,MET,1.3125,,,6.384,_791_,327,24,,9884.0448,,,,,,,,,8.059999999999999,2.99,,,,,,vectorless,,,1.0,2.0,eae79ae3bec9,uncommitted
r01_reset_backward_barrier,A - reset / initial state,yosys,0.58,directive,on,10.4,MET,3.7125,,,6.384,_791_,327,24,,9884.0448,,,,,,,,,6.2,2.3,,,,,,vectorless,,,1.0,2.0,eae79ae3bec9,uncommitted
r01_reset_backward_barrier,A - reset / initial state,yosys,0.58,orig,off,3.6,VIOLATED,-7.5174,,,10.8166,_461_,303,24,,7070.112,,,,,,,,,20.400000000000002,6.58,,,,,,vectorless,,,1.0,2.0,eae79ae3bec9,uncommitted
r01_reset_backward_barrier,A - reset / initial state,yosys,0.58,orig,off,4.8,VIOLATED,-6.3174,,,10.8166,_461_,303,24,,7070.112,,,,,,,,,15.299999999999999,4.9399999999999995,,,,,,vectorless,,,1.0,2.0,eae79ae3bec9,uncommitted
r01_reset_backward_barrier,A - reset / initial state,yosys,0.58,orig,off,6.4,VIOLATED,-4.7174,,,10.8166,_461_,303,24,,7070.112,,,,,,,,,11.5,3.7,,,,,,vectorless,,,1.0,2.0,eae79ae3bec9,uncommitted
r01_reset_backward_barrier,A - reset / initial state,yosys,0.58,orig,off,8.0,VIOLATED,-3.1174,,,10.8166,_461_,303,24,,7070.112,,,,,,,,,9.17,2.96,,,,,,vectorless,,,1.0,2.0,eae79ae3bec9,uncommitted
r01_reset_backward_barrier,A - reset / initial state,yosys,0.58,orig,off,10.4,VIOLATED,-0.7174,,,10.8166,_461_,303,24,,7070.112,,,,,,,,,7.05,2.28,,,,,,vectorless,,,1.0,2.0,eae79ae3bec9,uncommitted
r01_reset_backward_barrier,A - reset / initial state,yosys,0.58,orig,on,3.6,VIOLATED,-3.0875,,,6.384,_791_,327,24,,9884.0448,,,,,,,,,17.9,6.6499999999999995,,,,,,vectorless,,,1.0,2.0,eae79ae3bec9,uncommitted
r01_reset_backward_barrier,A - reset / initial state,yosys,0.58,orig,on,4.8,VIOLATED,-1.8875,,,6.384,_791_,327,24,,9884.0448,,,,,,,,,13.4,4.989999999999999,,,,,,vectorless,,,1.0,2.0,eae79ae3bec9,uncommitted
r01_reset_backward_barrier,A - reset / initial state,yosys,0.58,orig,on,6.4,VIOLATED,-0.2875,,,6.384,_791_,327,24,,9884.0448,,,,,,,,,10.1,3.7399999999999998,,,,,,vectorless,,,1.0,2.0,eae79ae3bec9,uncommitted
r01_reset_backward_barrier,A - reset / initial state,yosys,0.58,orig,on,8.0,MET,1.3125,,,6.384,_791_,327,24,,9884.0448,,,,,,,,,8.059999999999999,2.99,,,,,,vectorless,,,1.0,2.0,eae79ae3bec9,uncommitted
r01_reset_backward_barrier,A - reset / initial state,yosys,0.58,orig,on,10.4,MET,3.7125,,,6.384,_791_,327,24,,9884.0448,,,,,,,,,6.2,2.3,,,,,,vectorless,,,1.0,2.0,eae79ae3bec9,uncommitted
r01_reset_backward_barrier,A - reset / initial state,yosys,0.58,retimed,off,3.6,VIOLATED,-3.9119,,,7.2527,_423_,306,24,,6833.0304,,,,,,,,,15.4,4.8,,,,,,vectorless,,,1.0,2.0,eae79ae3bec9,uncommitted
r01_reset_backward_barrier,A - reset / initial state,yosys,0.58,retimed,off,4.8,VIOLATED,-2.7119,,,7.2527,_423_,306,24,,6833.0304,,,,,,,,,11.6,3.6,,,,,,vectorless,,,1.0,2.0,eae79ae3bec9,uncommitted
r01_reset_backward_barrier,A - reset / initial state,yosys,0.58,retimed,off,6.4,VIOLATED,-1.1119,,,7.2527,_423_,306,24,,6833.0304,,,,,,,,,8.68,2.7,,,,,,vectorless,,,1.0,2.0,eae79ae3bec9,uncommitted
r01_reset_backward_barrier,A - reset / initial state,yosys,0.58,retimed,off,8.0,MET,0.4881,,,7.2527,_423_,306,24,,6833.0304,,,,,,,,,6.949999999999999,2.16,,,,,,vectorless,,,1.0,1.0,eae79ae3bec9,uncommitted
r01_reset_backward_barrier,A - reset / initial state,yosys,0.58,retimed,off,10.4,MET,2.8881,,,7.2527,_423_,306,24,,6833.0304,,,,,,,,,5.34,1.66,,,,,,vectorless,,,1.0,1.0,eae79ae3bec9,uncommitted
r01_reset_backward_barrier,A - reset / initial state,yosys,0.58,retimed,on,8.0,MET,2.9698,,,4.7153,_750_,330,24,,9971.5392,,,,,,,,,7.22,2.64,,,,,,vectorless,,,2.0,3.0,,
r02_reset_no_valid_init,A - reset / initial state,genus,23.12-s086_1,directive,off,2.25,VIOLATED,-0.79,,,2.4,retime_s1_22_reg/D,534,54,54,26315.717571,,,,,,,,,94.2508,37.151700000000005,33.92,57.3275,3.0033299999999996,,,probabilistic,,,32,41.0,,
r02_reset_no_valid_init,A - reset / initial state,genus,23.12-s086_1,directive,off,3.0,MET,0.0,,,2.35,retime_s1_9_reg/D,433,51,51,22198.78820975,,,,,,,,,58.2415,20.9971,21.0038,35.1127,2.125,,,probabilistic,,,22,30.0,,
r02_reset_no_valid_init,A - reset / initial state,genus,23.12-s086_1,directive,off,4.0,MET,0.005,,,3.414,retime_s1_18_reg/D,292,42,42,15964.522840499998,,,,,,,,,33.8471,10.8504,13.223,19.311600000000002,1.3125,,,probabilistic,,,16,25.0,,
r02_reset_no_valid_init,A - reset / initial state,genus,23.12-s086_1,directive,off,5.0,MET,0.012,,,4.403,retime_s1_13_reg/D,267,43,43,14875.10712,,,,,,,,,26.1785,7.73212,10.3112,14.7923,1.075,,,probabilistic,,,15,24.0,,
r02_reset_no_valid_init,A - reset / initial state,genus,23.12-s086_1,directive,off,6.5,MET,0.004,,,5.814,retime_s1_18_reg/D,259,35,35,14210.5695815,,,,,,,,,18.816699999999997,5.703790000000001,6.30706,11.8365,0.673077,,,probabilistic,,,14,24.0,,
r02_reset_no_valid_init,A - reset / initial state,genus,23.12-s086_1,orig,off,2.25,VIOLATED,-3.424,,,4.945,q_reg[12]/D,562,24,0,26089.666291499998,,,,,,,,,95.16539999999999,41.5169,14.952200000000001,78.8799,1.33333,,,probabilistic,,,51,60.0,,
r02_reset_no_valid_init,A - reset / initial state,genus,23.12-s086_1,orig,off,3.0,VIOLATED,-2.602,,,4.892,q_reg[14]/D,569,24,0,26971.63240875,,,,,,,,,75.9981,33.8777,11.4243,63.573699999999995,1.0,,,probabilistic,,,55,65.0,,
r02_reset_no_valid_init,A - reset / initial state,genus,23.12-s086_1,orig,off,4.0,VIOLATED,-1.545,,,4.933,q_reg[13]/D,585,24,0,26362.312121,,,,,,,,,52.301500000000004,23.2026,8.58441,42.9671,0.75,,,probabilistic,,,76,86.0,,
r02_reset_no_valid_init,A - reset / initial state,genus,23.12-s086_1,orig,off,5.0,VIOLATED,-0.98,,,5.355,q_reg[15]/D,585,24,0,26337.3449055,,,,,,,,,42.9308,18.7364,7.11278,35.217999999999996,0.6,,,probabilistic,,,50,58.0,,
r02_reset_no_valid_init,A - reset / initial state,genus,23.12-s086_1,orig,off,6.5,MET,0.001,,,5.866,q_reg[14]/D,421,24,0,19560.4101975,,,,,,,,,24.633300000000002,9.917860000000001,4.6805900000000005,19.4912,0.461538,,,probabilistic,,,11,21.0,,
r02_reset_no_valid_init,A - reset / initial state,genus,23.12-s086_1,orig,on,2.25,VIOLATED,-0.79,,,2.4,retime_s1_22_reg/D,534,54,54,26315.717571,,,,,,,,,94.2508,37.151700000000005,33.92,57.3275,3.0033299999999996,,,probabilistic,,,32,42.0,,
r02_reset_no_valid_init,A - reset / initial state,genus,23.12-s086_1,orig,on,3.0,MET,0.0,,,2.35,retime_s1_9_reg/D,433,51,51,22198.78820975,,,,,,,,,58.2415,20.9971,21.0038,35.1127,2.125,,,probabilistic,,,22,30.0,,
r02_reset_no_valid_init,A - reset / initial state,genus,23.12-s086_1,orig,on,4.0,MET,0.005,,,3.414,retime_s1_18_reg/D,292,42,42,15964.522840499998,,,,,,,,,33.8471,10.8504,13.223,19.311600000000002,1.3125,,,probabilistic,,,16,24.0,,
r02_reset_no_valid_init,A - reset / initial state,genus,23.12-s086_1,orig,on,5.0,MET,0.012,,,4.403,retime_s1_13_reg/D,267,43,43,14875.10712,,,,,,,,,26.1785,7.73212,10.3112,14.7923,1.075,,,probabilistic,,,15,25.0,,
r02_reset_no_valid_init,A - reset / initial state,genus,23.12-s086_1,orig,on,6.5,MET,0.004,,,5.814,retime_s1_18_reg/D,259,35,35,14210.5695815,,,,,,,,,18.816699999999997,5.703790000000001,6.30706,11.8365,0.673077,,,probabilistic,,,14,23.0,,
r02_reset_no_valid_init,A - reset / initial state,genus,23.12-s086_1,retimed,off,2.25,VIOLATED,-1.894,,,3.857,out_q_reg[6]/D,556,25,0,25225.6299365,,,,,,,,,77.24730000000001,34.6927,14.5852,61.2732,1.38889,,,probabilistic,,,35,45.0,,
r02_reset_no_valid_init,A - reset / initial state,genus,23.12-s086_1,retimed,off,3.0,VIOLATED,-1.074,,,3.81,out_q_reg[5]/D,585,25,0,27405.673228249998,,,,,,,,,64.0913,29.0004,11.41,51.6397,1.0416699999999999,,,probabilistic,,,50,58.0,,
r02_reset_no_valid_init,A - reset / initial state,genus,23.12-s086_1,retimed,off,4.0,VIOLATED,-0.082,,,3.794,out_q_reg[6]/D,531,25,0,25000.936374999997,,,,,,,,,44.024800000000006,18.9737,8.38644,34.8571,0.78125,,,probabilistic,,,35,43.0,,
r02_reset_no_valid_init,A - reset / initial state,genus,23.12-s086_1,retimed,off,5.0,MET,0.001,,,4.692,out_q_reg[2]/D,346,25,0,16862.789608,,,,,,,,,21.6756,8.43414,5.655259999999999,15.3954,0.625,,,probabilistic,,,8,18.0,,
r02_reset_no_valid_init,A - reset / initial state,genus,23.12-s086_1,retimed,off,6.5,MET,0.045,,,6.162,out_q_reg[4]/D,257,25,0,13620.766083499999,,,,,,,,,14.525400000000001,4.85012,4.21004,9.8346,0.480769,,,probabilistic,,,6,16.0,,
r02_reset_no_valid_init,A - reset / initial state,openroad_syn,,directive,unsupported,2.25,VIOLATED,-12.6988,,,14.6316,,245,32,,,,,,,,,,,25.3628,6.535209999999999,,,,,,vectorless,,,1,1.0,2d8f1c8f8be6,uncommitted
r02_reset_no_valid_init,A - reset / initial state,openroad_syn,,directive,unsupported,3.0,VIOLATED,-11.9488,,,14.6316,,245,32,,,,,,,,,,,19.022100000000002,4.90141,,,,,,vectorless,,,0,1.0,2d8f1c8f8be6,uncommitted
r02_reset_no_valid_init,A - reset / initial state,openroad_syn,,directive,unsupported,4.0,VIOLATED,-10.9488,,,14.6316,,245,32,,,,,,,,,,,14.2666,3.67606,,,,,,vectorless,,,0,1.0,2d8f1c8f8be6,uncommitted
r02_reset_no_valid_init,A - reset / initial state,openroad_syn,,directive,unsupported,5.0,VIOLATED,-9.9488,,,14.6316,,245,32,,,,,,,,,,,11.4133,2.94084,,,,,,vectorless,,,0,1.0,2d8f1c8f8be6,uncommitted
r02_reset_no_valid_init,A - reset / initial state,openroad_syn,,directive,unsupported,6.5,VIOLATED,-8.4488,,,14.6316,,245,32,,,,,,,,,,,8.779459999999998,2.26219,,,,,,vectorless,,,0,1.0,2d8f1c8f8be6,uncommitted
r02_reset_no_valid_init,A - reset / initial state,openroad_syn,,orig,unsupported,2.25,VIOLATED,-12.6988,,,14.6316,,245,32,,,,,,,,,,,25.3628,6.535209999999999,,,,,,vectorless,,,0,1.0,2d8f1c8f8be6,uncommitted
r02_reset_no_valid_init,A - reset / initial state,openroad_syn,,orig,unsupported,3.0,VIOLATED,-11.9488,,,14.6316,,245,32,,,,,,,,,,,19.022100000000002,4.90141,,,,,,vectorless,,,0,1.0,2d8f1c8f8be6,uncommitted
r02_reset_no_valid_init,A - reset / initial state,openroad_syn,,orig,unsupported,4.0,VIOLATED,-10.9488,,,14.6316,,245,32,,,,,,,,,,,14.2666,3.67606,,,,,,vectorless,,,0,1.0,2d8f1c8f8be6,uncommitted
r02_reset_no_valid_init,A - reset / initial state,openroad_syn,,orig,unsupported,5.0,VIOLATED,-9.9488,,,14.6316,,245,32,,,,,,,,,,,11.4133,2.94084,,,,,,vectorless,,,0,1.0,2d8f1c8f8be6,uncommitted
r02_reset_no_valid_init,A - reset / initial state,openroad_syn,,orig,unsupported,6.5,VIOLATED,-8.4488,,,14.6316,,245,32,,,,,,,,,,,8.779459999999998,2.26219,,,,,,vectorless,,,0,1.0,2d8f1c8f8be6,uncommitted
r02_reset_no_valid_init,A - reset / initial state,openroad_syn,,retimed,unsupported,2.25,VIOLATED,-5.1874,,,7.164,,241,33,,,,,,,,,,,22.7271,5.46894,,,,,,vectorless,,,0,1.0,2d8f1c8f8be6,uncommitted
r02_reset_no_valid_init,A - reset / initial state,openroad_syn,,retimed,unsupported,3.0,VIOLATED,-4.4374,,,7.164,,241,33,,,,,,,,,,,17.045399999999997,4.1017,,,,,,vectorless,,,0,1.0,2d8f1c8f8be6,uncommitted
r02_reset_no_valid_init,A - reset / initial state,openroad_syn,,retimed,unsupported,4.0,VIOLATED,-3.4374,,,7.164,,241,33,,,,,,,,,,,12.784,3.0762799999999997,,,,,,vectorless,,,0,1.0,2d8f1c8f8be6,uncommitted
r02_reset_no_valid_init,A - reset / initial state,openroad_syn,,retimed,unsupported,5.0,VIOLATED,-2.4374,,,7.164,,241,33,,,,,,,,,,,10.2272,2.46102,,,,,,vectorless,,,1,1.0,2d8f1c8f8be6,uncommitted
r02_reset_no_valid_init,A - reset / initial state,openroad_syn,,retimed,unsupported,6.5,VIOLATED,-0.9374,,,7.164,,241,33,,,,,,,,,,,7.86711,1.89309,,,,,,vectorless,,,1,1.0,2d8f1c8f8be6,uncommitted
r02_reset_no_valid_init,A - reset / initial state,vivado,2023.1,directive,on,4.55,VIOLATED,-3.642,-3.642,paths ending at a register (pad delay excluded),,,,,,,,,,,,,,,130.0,,,,,,,vectorless,84,32,30,41.0,,
r02_reset_no_valid_init,A - reset / initial state,vivado,2023.1,directive,on,5.6,VIOLATED,-2.539,-2.539,paths ending at a register (pad delay excluded),,,,,,,,,,,,,,,123.0,,,,,,,vectorless,84,32,30,41.0,,
r02_reset_no_valid_init,A - reset / initial state,vivado,2023.1,directive,on,7.0,VIOLATED,-1.294,-1.294,paths ending at a register (pad delay excluded),,,,,,,,,,,,,,,116.0,,,,,,,vectorless,84,32,30,42.0,,
r02_reset_no_valid_init,A - reset / initial state,vivado,2023.1,directive,on,8.4,MET,0.174,0.174,paths ending at a register (pad delay excluded),,,,,,,,,,,,,,,112.0,,,,,,,vectorless,84,32,28,35.0,,
r02_reset_no_valid_init,A - reset / initial state,vivado,2023.1,directive,on,10.5,MET,1.755,1.755,paths ending at a register (pad delay excluded),,,,,,,,,,,,,,,108.0,,,,,,,vectorless,84,32,27,34.0,,
r02_reset_no_valid_init,A - reset / initial state,vivado,2023.1,orig,off,4.55,VIOLATED,-3.642,-3.642,paths ending at a register (pad delay excluded),,,,,,,,,,,,,,,130.0,,,,,,,vectorless,84,32,29,42.0,,
r02_reset_no_valid_init,A - reset / initial state,vivado,2023.1,orig,off,5.6,VIOLATED,-2.539,-2.539,paths ending at a register (pad delay excluded),,,,,,,,,,,,,,,123.0,,,,,,,vectorless,84,32,28,35.0,,
r02_reset_no_valid_init,A - reset / initial state,vivado,2023.1,orig,off,7.0,VIOLATED,-1.294,-1.294,paths ending at a register (pad delay excluded),,,,,,,,,,,,,,,116.0,,,,,,,vectorless,84,32,28,35.0,,
r02_reset_no_valid_init,A - reset / initial state,vivado,2023.1,orig,off,8.4,MET,0.174,0.174,paths ending at a register (pad delay excluded),,,,,,,,,,,,,,,112.0,,,,,,,vectorless,84,32,28,35.0,,
r02_reset_no_valid_init,A - reset / initial state,vivado,2023.1,orig,off,10.5,MET,1.755,1.755,paths ending at a register (pad delay excluded),,,,,,,,,,,,,,,108.0,,,,,,,vectorless,84,32,27,35.0,,
r02_reset_no_valid_init,A - reset / initial state,vivado,2023.1,orig,on,4.55,VIOLATED,-3.642,-3.642,paths ending at a register (pad delay excluded),,,,,,,,,,,,,,,130.0,,,,,,,vectorless,84,32,28,35.0,,
r02_reset_no_valid_init,A - reset / initial state,vivado,2023.1,orig,on,5.6,VIOLATED,-2.539,-2.539,paths ending at a register (pad delay excluded),,,,,,,,,,,,,,,123.0,,,,,,,vectorless,84,32,28,35.0,,
r02_reset_no_valid_init,A - reset / initial state,vivado,2023.1,orig,on,7.0,VIOLATED,-1.294,-1.294,paths ending at a register (pad delay excluded),,,,,,,,,,,,,,,116.0,,,,,,,vectorless,84,32,29,39.0,,
r02_reset_no_valid_init,A - reset / initial state,vivado,2023.1,orig,on,8.4,MET,0.174,0.174,paths ending at a register (pad delay excluded),,,,,,,,,,,,,,,112.0,,,,,,,vectorless,84,32,29,41.0,,
r02_reset_no_valid_init,A - reset / initial state,vivado,2023.1,orig,on,10.5,MET,1.755,1.755,paths ending at a register (pad delay excluded),,,,,,,,,,,,,,,108.0,,,,,,,vectorless,84,32,28,41.0,,
r02_reset_no_valid_init,A - reset / initial state,vivado,2023.1,retimed,off,4.55,VIOLATED,-2.425,-2.425,paths ending at a register (pad delay excluded),,,,,,,,,,,,,,,130.0,,,,,,,vectorless,84,33,28,36.0,,
r02_reset_no_valid_init,A - reset / initial state,vivado,2023.1,retimed,off,5.6,VIOLATED,-1.463,-1.463,paths ending at a register (pad delay excluded),,,,,,,,,,,,,,,123.0,,,,,,,vectorless,84,33,28,35.0,,
r02_reset_no_valid_init,A - reset / initial state,vivado,2023.1,retimed,off,7.0,VIOLATED,-0.324,-0.324,paths ending at a register (pad delay excluded),,,,,,,,,,,,,,,116.0,,,,,,,vectorless,84,33,27,35.0,,
r02_reset_no_valid_init,A - reset / initial state,vivado,2023.1,retimed,off,8.4,MET,0.084,0.084,paths ending at a register (pad delay excluded),,,,,,,,,,,,,,,112.0,,,,,,,vectorless,84,33,28,36.0,,
r02_reset_no_valid_init,A - reset / initial state,vivado,2023.1,retimed,off,10.5,MET,3.129,3.129,paths ending at a register (pad delay excluded),,,,,,,,,,,,,,,108.0,,,,,,,vectorless,84,33,29,38.0,,
r02_reset_no_valid_init,A - reset / initial state,yosys,0.58,directive,off,5.0,VIOLATED,-7.4888,,,12.1871,_437_,302,24,,6926.1696,,,,,,,,,14.8,4.819999999999999,,,,,,vectorless,,,1.0,2.0,,
r02_reset_no_valid_init,A - reset / initial state,yosys,0.58,directive,on,2.25,VIOLATED,-4.2993,,,6.2477,_759_,325,24,,9790.9056,,,,,,,,,29.1,10.5,,,,,,vectorless,,,1.0,2.0,2d8f1c8f8be6,uncommitted
r02_reset_no_valid_init,A - reset / initial state,yosys,0.58,directive,on,3.0,VIOLATED,-3.5493,,,6.2477,_759_,325,24,,9790.9056,,,,,,,,,21.8,7.91,,,,,,vectorless,,,1.0,2.0,2d8f1c8f8be6,uncommitted
r02_reset_no_valid_init,A - reset / initial state,yosys,0.58,directive,on,4.0,VIOLATED,-2.5493,,,6.2477,_759_,325,24,,9790.9056,,,,,,,,,16.400000000000002,5.930000000000001,,,,,,vectorless,,,1.0,2.0,2d8f1c8f8be6,uncommitted
r02_reset_no_valid_init,A - reset / initial state,yosys,0.58,directive,on,5.0,VIOLATED,-1.5493,,,6.2477,_759_,325,24,,9790.9056,,,,,,,,,13.100000000000001,4.74,,,,,,vectorless,,,1.0,2.0,2d8f1c8f8be6,uncommitted
r02_reset_no_valid_init,A - reset / initial state,yosys,0.58,directive,on,6.5,VIOLATED,-0.0493,,,6.2477,_759_,325,24,,9790.9056,,,,,,,,,10.1,3.65,,,,,,vectorless,,,1.0,2.0,2d8f1c8f8be6,uncommitted
r02_reset_no_valid_init,A - reset / initial state,yosys,0.58,orig,off,2.25,VIOLATED,-10.2388,,,12.1871,_437_,302,24,,6926.1696,,,,,,,,,32.9,10.7,,,,,,vectorless,,,1.0,2.0,2d8f1c8f8be6,uncommitted
r02_reset_no_valid_init,A - reset / initial state,yosys,0.58,orig,off,3.0,VIOLATED,-9.4888,,,12.1871,_437_,302,24,,6926.1696,,,,,,,,,24.7,8.040000000000001,,,,,,vectorless,,,1.0,2.0,2d8f1c8f8be6,uncommitted
r02_reset_no_valid_init,A - reset / initial state,yosys,0.58,orig,off,4.0,VIOLATED,-8.4888,,,12.1871,_437_,302,24,,6926.1696,,,,,,,,,18.5,6.029999999999999,,,,,,vectorless,,,1.0,2.0,2d8f1c8f8be6,uncommitted
r02_reset_no_valid_init,A - reset / initial state,yosys,0.58,orig,off,5.0,VIOLATED,-7.4888,,,12.1871,_437_,302,24,,6926.1696,,,,,,,,,14.8,4.819999999999999,,,,,,vectorless,,,1.0,2.0,2d8f1c8f8be6,uncommitted
r02_reset_no_valid_init,A - reset / initial state,yosys,0.58,orig,off,6.5,VIOLATED,-5.9888,,,12.1871,_437_,302,24,,6926.1696,,,,,,,,,11.4,3.7100000000000004,,,,,,vectorless,,,1.0,2.0,2d8f1c8f8be6,uncommitted
r02_reset_no_valid_init,A - reset / initial state,yosys,0.58,orig,on,2.25,VIOLATED,-4.2993,,,6.2477,_759_,325,24,,9790.9056,,,,,,,,,29.1,10.5,,,,,,vectorless,,,1.0,2.0,2d8f1c8f8be6,uncommitted
r02_reset_no_valid_init,A - reset / initial state,yosys,0.58,orig,on,3.0,VIOLATED,-3.5493,,,6.2477,_759_,325,24,,9790.9056,,,,,,,,,21.8,7.91,,,,,,vectorless,,,1.0,2.0,2d8f1c8f8be6,uncommitted
r02_reset_no_valid_init,A - reset / initial state,yosys,0.58,orig,on,4.0,VIOLATED,-2.5493,,,6.2477,_759_,325,24,,9790.9056,,,,,,,,,16.400000000000002,5.930000000000001,,,,,,vectorless,,,1.0,2.0,2d8f1c8f8be6,uncommitted
r02_reset_no_valid_init,A - reset / initial state,yosys,0.58,orig,on,5.0,VIOLATED,-1.5493,,,6.2477,_759_,325,24,,9790.9056,,,,,,,,,13.100000000000001,4.74,,,,,,vectorless,,,1.0,2.0,2d8f1c8f8be6,uncommitted
r02_reset_no_valid_init,A - reset / initial state,yosys,0.58,orig,on,6.5,VIOLATED,-0.0493,,,6.2477,_759_,325,24,,9790.9056,,,,,,,,,10.1,3.65,,,,,,vectorless,,,1.0,2.0,2d8f1c8f8be6,uncommitted
r02_reset_no_valid_init,A - reset / initial state,yosys,0.58,retimed,off,2.25,VIOLATED,-5.101,,,7.0406,_407_,323,25,,6886.656,,,,,,,,,23.7,6.550000000000001,,,,,,vectorless,,,1.0,2.0,2d8f1c8f8be6,uncommitted
r02_reset_no_valid_init,A - reset / initial state,yosys,0.58,retimed,off,3.0,VIOLATED,-4.351,,,7.0406,_407_,323,25,,6886.656,,,,,,,,,17.8,4.91,,,,,,vectorless,,,1.0,2.0,2d8f1c8f8be6,uncommitted
r02_reset_no_valid_init,A - reset / initial state,yosys,0.58,retimed,off,4.0,VIOLATED,-3.351,,,7.0406,_407_,323,25,,6886.656,,,,,,,,,13.299999999999999,3.69,,,,,,vectorless,,,1.0,2.0,2d8f1c8f8be6,uncommitted
r02_reset_no_valid_init,A - reset / initial state,yosys,0.58,retimed,off,5.0,VIOLATED,-2.351,,,7.0406,_407_,323,25,,6886.656,,,,,,,,,10.7,2.9499999999999997,,,,,,vectorless,,,1.0,2.0,2d8f1c8f8be6,uncommitted
r02_reset_no_valid_init,A - reset / initial state,yosys,0.58,retimed,off,6.5,VIOLATED,-0.851,,,7.0406,_407_,323,25,,6886.656,,,,,,,,,8.19,2.27,,,,,,vectorless,,,1.0,2.0,2d8f1c8f8be6,uncommitted
r02_reset_no_valid_init,A - reset / initial state,yosys,0.58,retimed,on,5.0,MET,0.3371,,,4.3528,_705_,347,25,,10143.7056,,,,,,,,,11.700000000000001,4.19,,,,,,vectorless,,,1.0,1.0,,
r03_async_reset_blocker,A - reset / initial state,genus,23.12-s086_1,directive,off,2.25,VIOLATED,-0.977,,,2.522,retime_s1_4_reg/D,476,42,42,23279.505277750002,,,,,,,,,90.1637,34.9225,28.9455,58.884899999999995,2.33333,,,probabilistic,,,37,45.0,,
r03_async_reset_blocker,A - reset / initial state,genus,23.12-s086_1,directive,off,3.0,VIOLATED,-0.118,,,2.38,retime_s1_12_reg/D,474,43,43,24063.60572975,,,,,,,,,67.90859999999999,24.5423,22.7607,43.3496,1.79833,,,probabilistic,,,37,45.0,,
r03_async_reset_blocker,A - reset / initial state,genus,23.12-s086_1,directive,off,4.0,MET,0.001,,,3.254,retime_s1_2_reg/D,270,37,37,15123.6402295,,,,,,,,,31.2937,9.6388,13.0124,17.1282,1.15313,,,probabilistic,,,15,23.0,,
r03_async_reset_blocker,A - reset / initial state,genus,23.12-s086_1,directive,off,5.0,MET,0.004,,,4.596,dout[7],223,41,41,13863.4718105,,,,,,,,,25.3802,6.918340000000001,11.1076,13.2431,1.0295,,,probabilistic,,,12,21.0,,
r03_async_reset_blocker,A - reset / initial state,genus,23.12-s086_1,directive,off,6.5,MET,0.011,,,5.782,retime_s1_9_reg/D,214,28,28,12506.23942525,,,,,,,,,17.061,5.043609999999999,6.762309999999999,9.759500000000001,0.539231,,,probabilistic,,,10,19.0,,
r03_async_reset_blocker,A - reset / initial state,genus,23.12-s086_1,orig,off,2.25,VIOLATED,-3.633,,,4.756,q_reg[13]/SI,523,24,0,23958.849883,,,,,,,,,90.0251,37.0106,20.3016,68.3846,1.33889,,,probabilistic,,,46,54.0,,
r03_async_reset_blocker,A - reset / initial state,genus,23.12-s086_1,orig,off,3.0,VIOLATED,-2.828,,,4.7,q_reg[12]/D,518,24,0,24336.179869749998,,,,,,,,,68.4718,28.723499999999998,15.2176,52.25,1.00417,,,probabilistic,,,54,63.0,,
r03_async_reset_blocker,A - reset / initial state,genus,23.12-s086_1,orig,off,4.0,VIOLATED,-1.922,,,4.797,q_reg[11]/SI,496,24,0,23355.063137999998,,,,,,,,,48.725699999999996,20.234599999999997,11.4024,36.5702,0.753125,,,probabilistic,,,52,62.0,,
r03_async_reset_blocker,A - reset / initial state,genus,23.12-s086_1,orig,off,5.0,VIOLATED,-0.603,,,4.517,q_reg[15]/SI,624,24,0,28548.41070225,,,,,,,,,47.8813,20.4406,9.39012,37.886700000000005,0.6045,,,probabilistic,,,69,77.0,,
r03_async_reset_blocker,A - reset / initial state,genus,23.12-s086_1,orig,off,6.5,MET,0.0,,,5.838,q_reg[14]/D,405,24,0,19386.79122975,,,,,,,,,24.3921,9.30767,6.8739,17.055500000000002,0.462692,,,probabilistic,,,11,21.0,,
r03_async_reset_blocker,A - reset / initial state,genus,23.12-s086_1,orig,on,2.25,VIOLATED,-0.977,,,2.522,retime_s1_4_reg/D,476,42,42,23279.505277750002,,,,,,,,,90.1637,34.9225,28.9455,58.884899999999995,2.33333,,,probabilistic,,,36,45.0,,
r03_async_reset_blocker,A - reset / initial state,genus,23.12-s086_1,orig,on,3.0,VIOLATED,-0.118,,,2.38,retime_s1_12_reg/D,474,43,43,24063.60572975,,,,,,,,,67.90859999999999,24.5423,22.7607,43.3496,1.79833,,,probabilistic,,,37,47.0,,
r03_async_reset_blocker,A - reset / initial state,genus,23.12-s086_1,orig,on,4.0,MET,0.001,,,3.254,retime_s1_2_reg/D,270,37,37,15123.6402295,,,,,,,,,31.2937,9.6388,13.0124,17.1282,1.15313,,,probabilistic,,,14,23.0,,
r03_async_reset_blocker,A - reset / initial state,genus,23.12-s086_1,orig,on,5.0,MET,0.004,,,4.596,dout[7],223,41,41,13863.4718105,,,,,,,,,25.3802,6.918340000000001,11.1076,13.2431,1.0295,,,probabilistic,,,12,21.0,,
r03_async_reset_blocker,A - reset / initial state,genus,23.12-s086_1,orig,on,6.5,MET,0.011,,,5.782,retime_s1_9_reg/D,214,28,28,12506.23942525,,,,,,,,,17.061,5.043609999999999,6.762309999999999,9.759500000000001,0.539231,,,probabilistic,,,10,20.0,,
r03_async_reset_blocker,A - reset / initial state,genus,23.12-s086_1,retimed,off,2.25,VIOLATED,-1.996,,,3.932,out_q_reg[7]/D,475,24,0,21851.1650995,,,,,,,,,84.2817,37.476099999999995,17.0428,65.8922,1.3466699999999998,,,probabilistic,,,31,39.0,,
r03_async_reset_blocker,A - reset / initial state,genus,23.12-s086_1,retimed,off,3.0,VIOLATED,-1.175,,,3.849,out_q_reg[3]/D,512,24,0,23596.49495525,,,,,,,,,69.8921,31.1677,13.4796,55.4025,1.01,,,probabilistic,,,42,51.0,,
r03_async_reset_blocker,A - reset / initial state,genus,23.12-s086_1,retimed,off,4.0,VIOLATED,-0.068,,,3.754,out_q_reg[7]/D,468,24,0,22234.33996025,,,,,,,,,52.4969,23.8306,9.89226,41.8472,0.7575000000000001,,,probabilistic,,,47,56.0,,
r03_async_reset_blocker,A - reset / initial state,genus,23.12-s086_1,retimed,off,5.0,MET,0.0,,,4.696,out_q_reg[3]/D,251,24,0,13721.07897525,,,,,,,,,23.8065,8.233640000000001,7.5729,15.6291,0.6045,,,probabilistic,,,8,16.0,,
r03_async_reset_blocker,A - reset / initial state,genus,23.12-s086_1,retimed,off,6.5,MET,0.002,,,6.193,out_q_reg[7]/D,234,24,0,12696.15548475,,,,,,,,,16.9918,5.61085,5.79335,10.7338,0.464615,,,probabilistic,,,6,15.0,,
r03_async_reset_blocker,A - reset / initial state,openroad_syn,,directive,unsupported,2.25,VIOLATED,-13.7253,,,0.722,,225,32,,,,,,,,,,,36.5336,7.853550000000001,,,,,,vectorless,,,0,1.0,d484d077525b,uncommitted
r03_async_reset_blocker,A - reset / initial state,openroad_syn,,directive,unsupported,3.0,VIOLATED,-12.9753,,,0.722,,225,32,,,,,,,,,,,27.400199999999998,5.89016,,,,,,vectorless,,,0,1.0,d484d077525b,uncommitted
r03_async_reset_blocker,A - reset / initial state,openroad_syn,,directive,unsupported,4.0,VIOLATED,-11.9753,,,0.722,,225,32,,,,,,,,,,,20.5502,4.417619999999999,,,,,,vectorless,,,0,1.0,d484d077525b,uncommitted
r03_async_reset_blocker,A - reset / initial state,openroad_syn,,directive,unsupported,5.0,VIOLATED,-10.9753,,,0.722,,225,32,,,,,,,,,,,16.440199999999997,3.5341,,,,,,vectorless,,,0,1.0,d484d077525b,uncommitted
r03_async_reset_blocker,A - reset / initial state,openroad_syn,,directive,unsupported,6.5,VIOLATED,-9.4753,,,0.722,,225,32,,,,,,,,,,,12.6463,2.7185400000000004,,,,,,vectorless,,,0,1.0,d484d077525b,uncommitted
r03_async_reset_blocker,A - reset / initial state,openroad_syn,,orig,unsupported,2.25,VIOLATED,-13.7253,,,0.722,,225,32,,,,,,,,,,,36.5336,7.853550000000001,,,,,,vectorless,,,0,1.0,d484d077525b,uncommitted
r03_async_reset_blocker,A - reset / initial state,openroad_syn,,orig,unsupported,3.0,VIOLATED,-12.9753,,,0.722,,225,32,,,,,,,,,,,27.400199999999998,5.89016,,,,,,vectorless,,,0,1.0,d484d077525b,uncommitted
r03_async_reset_blocker,A - reset / initial state,openroad_syn,,orig,unsupported,4.0,VIOLATED,-11.9753,,,0.722,,225,32,,,,,,,,,,,20.5502,4.417619999999999,,,,,,vectorless,,,0,1.0,d484d077525b,uncommitted
r03_async_reset_blocker,A - reset / initial state,openroad_syn,,orig,unsupported,5.0,VIOLATED,-10.9753,,,0.722,,225,32,,,,,,,,,,,16.440199999999997,3.5341,,,,,,vectorless,,,0,1.0,d484d077525b,uncommitted
r03_async_reset_blocker,A - reset / initial state,openroad_syn,,orig,unsupported,6.5,VIOLATED,-9.4753,,,0.722,,225,32,,,,,,,,,,,12.6463,2.7185400000000004,,,,,,vectorless,,,0,1.0,d484d077525b,uncommitted
r03_async_reset_blocker,A - reset / initial state,openroad_syn,,retimed,unsupported,2.25,VIOLATED,-6.9294,,,0.7182,,215,32,,,,,,,,,,,36.1245,8.40305,,,,,,vectorless,,,0,1.0,d484d077525b,uncommitted
r03_async_reset_blocker,A - reset / initial state,openroad_syn,,retimed,unsupported,3.0,VIOLATED,-6.1794,,,0.7182,,215,32,,,,,,,,,,,27.0934,6.3022800000000005,,,,,,vectorless,,,0,1.0,d484d077525b,uncommitted
r03_async_reset_blocker,A - reset / initial state,openroad_syn,,retimed,unsupported,4.0,VIOLATED,-5.1794,,,0.7182,,215,32,,,,,,,,,,,20.3201,4.726710000000001,,,,,,vectorless,,,0,1.0,d484d077525b,uncommitted
r03_async_reset_blocker,A - reset / initial state,openroad_syn,,retimed,unsupported,5.0,VIOLATED,-4.1794,,,0.7182,,215,32,,,,,,,,,,,16.2561,3.78137,,,,,,vectorless,,,0,1.0,d484d077525b,uncommitted
r03_async_reset_blocker,A - reset / initial state,openroad_syn,,retimed,unsupported,6.5,VIOLATED,-2.6794,,,0.7182,,215,32,,,,,,,,,,,12.5047,2.90875,,,,,,vectorless,,,0,1.0,d484d077525b,uncommitted
r03_async_reset_blocker,A - reset / initial state,vivado,2023.1,directive,on,4.55,VIOLATED,-3.491,-3.491,paths ending at a register (pad delay excluded),,,,,,,,,,,,,,,130.0,,,,,,,vectorless,84,32,34,42.0,,
r03_async_reset_blocker,A - reset / initial state,vivado,2023.1,directive,on,5.6,VIOLATED,-2.451,-2.451,paths ending at a register (pad delay excluded),,,,,,,,,,,,,,,123.0,,,,,,,vectorless,84,32,35,42.0,,
r03_async_reset_blocker,A - reset / initial state,vivado,2023.1,directive,on,7.0,VIOLATED,-1.118,-1.118,paths ending at a register (pad delay excluded),,,,,,,,,,,,,,,116.0,,,,,,,vectorless,84,32,35,43.0,,
r03_async_reset_blocker,A - reset / initial state,vivado,2023.1,directive,on,8.4,MET,0.105,0.105,paths ending at a register (pad delay excluded),,,,,,,,,,,,,,,112.0,,,,,,,vectorless,84,32,29,43.0,,
r03_async_reset_blocker,A - reset / initial state,vivado,2023.1,directive,on,10.5,MET,1.704,1.704,paths ending at a register (pad delay excluded),,,,,,,,,,,,,,,108.0,,,,,,,vectorless,84,32,29,43.0,,
r03_async_reset_blocker,A - reset / initial state,vivado,2023.1,orig,off,4.55,VIOLATED,-3.491,-3.491,paths ending at a register (pad delay excluded),,,,,,,,,,,,,,,130.0,,,,,,,vectorless,84,32,28,36.0,,
r03_async_reset_blocker,A - reset / initial state,vivado,2023.1,orig,off,5.6,VIOLATED,-2.451,-2.451,paths ending at a register (pad delay excluded),,,,,,,,,,,,,,,123.0,,,,,,,vectorless,84,32,30,38.0,,
r03_async_reset_blocker,A - reset / initial state,vivado,2023.1,orig,off,7.0,VIOLATED,-1.118,-1.118,paths ending at a register (pad delay excluded),,,,,,,,,,,,,,,116.0,,,,,,,vectorless,84,32,29,39.0,,
r03_async_reset_blocker,A - reset / initial state,vivado,2023.1,orig,off,8.4,MET,0.105,0.105,paths ending at a register (pad delay excluded),,,,,,,,,,,,,,,112.0,,,,,,,vectorless,84,32,29,41.0,,
r03_async_reset_blocker,A - reset / initial state,vivado,2023.1,orig,off,10.5,MET,1.704,1.704,paths ending at a register (pad delay excluded),,,,,,,,,,,,,,,108.0,,,,,,,vectorless,84,32,29,42.0,,
r03_async_reset_blocker,A - reset / initial state,vivado,2023.1,orig,on,4.55,VIOLATED,-3.491,-3.491,paths ending at a register (pad delay excluded),,,,,,,,,,,,,,,130.0,,,,,,,vectorless,84,32,29,45.0,,
r03_async_reset_blocker,A - reset / initial state,vivado,2023.1,orig,on,5.6,VIOLATED,-2.451,-2.451,paths ending at a register (pad delay excluded),,,,,,,,,,,,,,,123.0,,,,,,,vectorless,84,32,30,45.0,,
r03_async_reset_blocker,A - reset / initial state,vivado,2023.1,orig,on,7.0,VIOLATED,-1.118,-1.118,paths ending at a register (pad delay excluded),,,,,,,,,,,,,,,116.0,,,,,,,vectorless,84,32,29,36.0,,
r03_async_reset_blocker,A - reset / initial state,vivado,2023.1,orig,on,8.4,MET,0.105,0.105,paths ending at a register (pad delay excluded),,,,,,,,,,,,,,,112.0,,,,,,,vectorless,84,32,28,36.0,,
r03_async_reset_blocker,A - reset / initial state,vivado,2023.1,orig,on,10.5,MET,1.704,1.704,paths ending at a register (pad delay excluded),,,,,,,,,,,,,,,108.0,,,,,,,vectorless,84,32,28,36.0,,
r03_async_reset_blocker,A - reset / initial state,vivado,2023.1,retimed,off,4.55,VIOLATED,-2.564,-2.564,paths ending at a register (pad delay excluded),,,,,,,,,,,,,,,130.0,,,,,,,vectorless,84,32,28,42.0,,
r03_async_reset_blocker,A - reset / initial state,vivado,2023.1,retimed,off,5.6,VIOLATED,-1.524,-1.524,paths ending at a register (pad delay excluded),,,,,,,,,,,,,,,123.0,,,,,,,vectorless,84,32,28,42.0,,
r03_async_reset_blocker,A - reset / initial state,vivado,2023.1,retimed,off,7.0,MET,0.043,0.043,paths ending at a register (pad delay excluded),,,,,,,,,,,,,,,117.0,,,,,,,vectorless,84,32,28,43.0,,
r03_async_reset_blocker,A - reset / initial state,vivado,2023.1,retimed,off,8.4,MET,0.454,0.454,paths ending at a register (pad delay excluded),,,,,,,,,,,,,,,112.0,,,,,,,vectorless,84,32,29,44.0,,
r03_async_reset_blocker,A - reset / initial state,vivado,2023.1,retimed,off,10.5,MET,3.137,3.137,paths ending at a register (pad delay excluded),,,,,,,,,,,,,,,108.0,,,,,,,vectorless,84,32,34,41.0,,
r03_async_reset_blocker,A - reset / initial state,yosys,0.58,directive,off,5.0,VIOLATED,-6.209,,,0.6198,_366_,303,24,,6971.328,,,,,,,,,17.6,4.63,,,,,,vectorless,,,1.0,2.0,,
r03_async_reset_blocker,A - reset / initial state,yosys,0.58,directive,on,2.25,VIOLATED,-4.4243,,,0.6198,_728_,303,24,,10067.5008,,,,,,,,,36.6,12.3,,,,,,vectorless,,,1.0,2.0,d484d077525b,uncommitted
r03_async_reset_blocker,A - reset / initial state,yosys,0.58,directive,on,3.0,VIOLATED,-3.6743,,,0.6198,_728_,303,24,,10067.5008,,,,,,,,,27.400000000000002,9.209999999999999,,,,,,vectorless,,,1.0,2.0,d484d077525b,uncommitted
r03_async_reset_blocker,A - reset / initial state,yosys,0.58,directive,on,4.0,VIOLATED,-2.6743,,,0.6198,_728_,303,24,,10067.5008,,,,,,,,,20.6,6.91,,,,,,vectorless,,,1.0,2.0,d484d077525b,uncommitted
r03_async_reset_blocker,A - reset / initial state,yosys,0.58,directive,on,5.0,VIOLATED,-1.6743,,,0.6198,_728_,303,24,,10067.5008,,,,,,,,,16.5,5.53,,,,,,vectorless,,,1.0,2.0,d484d077525b,uncommitted
r03_async_reset_blocker,A - reset / initial state,yosys,0.58,directive,on,6.5,VIOLATED,-0.1743,,,0.6198,_728_,303,24,,10067.5008,,,,,,,,,12.7,4.25,,,,,,vectorless,,,1.0,2.0,d484d077525b,uncommitted
r03_async_reset_blocker,A - reset / initial state,yosys,0.58,orig,off,2.25,VIOLATED,-8.959,,,0.6198,_366_,303,24,,6971.328,,,,,,,,,39.1,10.3,,,,,,vectorless,,,1.0,2.0,d484d077525b,uncommitted
r03_async_reset_blocker,A - reset / initial state,yosys,0.58,orig,off,3.0,VIOLATED,-8.209,,,0.6198,_366_,303,24,,6971.328,,,,,,,,,29.3,7.720000000000001,,,,,,vectorless,,,1.0,2.0,d484d077525b,uncommitted
r03_async_reset_blocker,A - reset / initial state,yosys,0.58,orig,off,4.0,VIOLATED,-7.209,,,0.6198,_366_,303,24,,6971.328,,,,,,,,,22.0,5.79,,,,,,vectorless,,,1.0,2.0,d484d077525b,uncommitted
r03_async_reset_blocker,A - reset / initial state,yosys,0.58,orig,off,5.0,VIOLATED,-6.209,,,0.6198,_366_,303,24,,6971.328,,,,,,,,,17.6,4.63,,,,,,vectorless,,,0.0,1.0,d484d077525b,uncommitted
r03_async_reset_blocker,A - reset / initial state,yosys,0.58,orig,off,6.5,VIOLATED,-4.709,,,0.6198,_366_,303,24,,6971.328,,,,,,,,,13.5,3.5599999999999996,,,,,,vectorless,,,1.0,2.0,d484d077525b,uncommitted
r03_async_reset_blocker,A - reset / initial state,yosys,0.58,orig,on,2.25,VIOLATED,-4.4243,,,0.6198,_728_,303,24,,10067.5008,,,,,,,,,36.6,12.3,,,,,,vectorless,,,1.0,2.0,d484d077525b,uncommitted
r03_async_reset_blocker,A - reset / initial state,yosys,0.58,orig,on,3.0,VIOLATED,-3.6743,,,0.6198,_728_,303,24,,10067.5008,,,,,,,,,27.400000000000002,9.209999999999999,,,,,,vectorless,,,1.0,1.0,d484d077525b,uncommitted
r03_async_reset_blocker,A - reset / initial state,yosys,0.58,orig,on,4.0,VIOLATED,-2.6743,,,0.6198,_728_,303,24,,10067.5008,,,,,,,,,20.6,6.91,,,,,,vectorless,,,1.0,2.0,d484d077525b,uncommitted
r03_async_reset_blocker,A - reset / initial state,yosys,0.58,orig,on,5.0,VIOLATED,-1.6743,,,0.6198,_728_,303,24,,10067.5008,,,,,,,,,16.5,5.53,,,,,,vectorless,,,1.0,2.0,d484d077525b,uncommitted
r03_async_reset_blocker,A - reset / initial state,yosys,0.58,orig,on,6.5,VIOLATED,-0.1743,,,0.6198,_728_,303,24,,10067.5008,,,,,,,,,12.7,4.25,,,,,,vectorless,,,1.0,2.0,d484d077525b,uncommitted
r03_async_reset_blocker,A - reset / initial state,yosys,0.58,retimed,off,2.25,VIOLATED,-5.6284,,,0.616,_368_,306,24,,6886.656,,,,,,,,,39.4,10.3,,,,,,vectorless,,,1.0,2.0,d484d077525b,uncommitted
r03_async_reset_blocker,A - reset / initial state,yosys,0.58,retimed,off,3.0,VIOLATED,-4.8784,,,0.616,_368_,306,24,,6886.656,,,,,,,,,29.6,7.74,,,,,,vectorless,,,1.0,2.0,d484d077525b,uncommitted
r03_async_reset_blocker,A - reset / initial state,yosys,0.58,retimed,off,4.0,VIOLATED,-3.8784,,,0.616,_368_,306,24,,6886.656,,,,,,,,,22.2,5.8,,,,,,vectorless,,,1.0,2.0,d484d077525b,uncommitted
r03_async_reset_blocker,A - reset / initial state,yosys,0.58,retimed,off,5.0,VIOLATED,-2.8784,,,0.616,_368_,306,24,,6886.656,,,,,,,,,17.7,4.64,,,,,,vectorless,,,1.0,2.0,d484d077525b,uncommitted
r03_async_reset_blocker,A - reset / initial state,yosys,0.58,retimed,off,6.5,VIOLATED,-1.3784,,,0.616,_368_,306,24,,6886.656,,,,,,,,,13.6,3.57,,,,,,vectorless,,,1.0,2.0,d484d077525b,uncommitted
r03_async_reset_blocker,A - reset / initial state,yosys,0.58,retimed,on,5.0,VIOLATED,-0.4338,,,0.616,_748_,306,24,,10527.552,,,,,,,,,18.2,6.6,,,,,,vectorless,,,1.0,2.0,,
r04_init_only_no_reset,A - reset / initial state,genus,23.12-s086_1,directive,off,2.25,VIOLATED,-0.813,,,2.443,retime_s1_4_reg/D,561,41,41,27765.746068499997,,,,,,,,,103.72099999999999,42.243900000000004,29.2668,72.1728,2.28111,,,probabilistic,,,33,42.0,,
r04_init_only_no_reset,A - reset / initial state,genus,23.12-s086_1,directive,off,3.0,MET,0.0,,,2.367,retime_s1_4_reg/D,425,41,41,21255.02458525,,,,,,,,,55.817699999999995,20.6156,18.0276,36.0817,1.7083300000000001,,,probabilistic,,,22,31.0,,
r04_init_only_no_reset,A - reset / initial state,genus,23.12-s086_1,directive,off,4.0,MET,0.006,,,3.351,retime_s1_11_reg/D,252,39,39,14080.62113925,,,,,,,,,31.759900000000002,9.67773,12.8023,17.738899999999997,1.21875,,,probabilistic,,,14,24.0,,
r04_init_only_no_reset,A - reset / initial state,genus,23.12-s086_1,directive,off,5.0,MET,0.001,,,4.306,retime_s1_9_reg/D,242,34,34,13485.121489250001,,,,,,,,,23.4083,7.11342,8.76217,13.796100000000001,0.85,,,probabilistic,,,12,21.0,,
r04_init_only_no_reset,A - reset / initial state,genus,23.12-s086_1,directive,off,6.5,MET,0.009,,,5.891,retime_s1_10_reg/D,215,28,28,12204.1730805,,,,,,,,,16.493399999999998,5.027850000000001,6.11369,9.84121,0.538462,,,probabilistic,,,10,19.0,,
r04_init_only_no_reset,A - reset / initial state,genus,23.12-s086_1,orig,off,2.25,VIOLATED,-3.592,,,5.166,q_reg[14]/D,502,24,0,23848.96494525,,,,,,,,,91.09639999999999,38.8236,19.9942,69.7555,1.3466699999999998,,,probabilistic,,,55,65.0,,
r04_init_only_no_reset,A - reset / initial state,genus,23.12-s086_1,orig,off,3.0,VIOLATED,-2.73,,,4.739,q_reg[13]/D,514,24,0,24156.055898500003,,,,,,,,,68.33319999999999,28.9824,14.4959,52.8273,1.01,,,probabilistic,,,60,70.0,,
r04_init_only_no_reset,A - reset / initial state,genus,23.12-s086_1,orig,off,4.0,VIOLATED,-1.626,,,4.998,q_reg[4]/D,546,24,0,25409.39942175,,,,,,,,,55.677,23.9961,11.657300000000001,43.2603,0.7593749999999999,,,probabilistic,,,72,80.0,,
r04_init_only_no_reset,A - reset / initial state,genus,23.12-s086_1,orig,off,5.0,VIOLATED,-0.535,,,4.927,q_reg[3]/D,567,24,0,25886.839376,,,,,,,,,39.188300000000005,16.729,8.44623,30.142,0.6,,,probabilistic,,,61,69.0,,
r04_init_only_no_reset,A - reset / initial state,genus,23.12-s086_1,orig,off,6.5,MET,0.0,,,5.554,q_reg[15]/D,376,24,0,17732.14016,,,,,,,,,22.8663,8.986569999999999,6.20045,16.2044,0.461538,,,probabilistic,,,11,19.0,,
r04_init_only_no_reset,A - reset / initial state,genus,23.12-s086_1,orig,on,2.25,VIOLATED,-0.813,,,2.443,retime_s1_4_reg/D,561,41,41,27765.746068499997,,,,,,,,,103.72099999999999,42.243900000000004,29.2668,72.1728,2.28111,,,probabilistic,,,33,41.0,,
r04_init_only_no_reset,A - reset / initial state,genus,23.12-s086_1,orig,on,3.0,MET,0.0,,,2.367,retime_s1_4_reg/D,425,41,41,21255.02458525,,,,,,,,,55.817699999999995,20.6156,18.0276,36.0817,1.7083300000000001,,,probabilistic,,,22,31.0,,
r04_init_only_no_reset,A - reset / initial state,genus,23.12-s086_1,orig,on,4.0,MET,0.006,,,3.351,retime_s1_11_reg/D,252,39,39,14080.62113925,,,,,,,,,31.759900000000002,9.67773,12.8023,17.738899999999997,1.21875,,,probabilistic,,,14,23.0,,
r04_init_only_no_reset,A - reset / initial state,genus,23.12-s086_1,orig,on,5.0,MET,0.001,,,4.306,retime_s1_9_reg/D,242,34,34,13485.121489250001,,,,,,,,,23.4083,7.11342,8.76217,13.796100000000001,0.85,,,probabilistic,,,13,22.0,,
r04_init_only_no_reset,A - reset / initial state,genus,23.12-s086_1,orig,on,6.5,MET,0.009,,,5.891,retime_s1_10_reg/D,215,28,28,12204.1730805,,,,,,,,,16.493399999999998,5.027850000000001,6.11369,9.84121,0.538462,,,probabilistic,,,10,19.0,,
r04_init_only_no_reset,A - reset / initial state,genus,23.12-s086_1,retimed,off,2.25,VIOLATED,-1.832,,,3.481,out_q_reg[1]/SI,484,24,0,22248.34710225,,,,,,,,,86.8095,39.1702,17.914099999999998,67.552,1.34333,,,probabilistic,,,35,44.0,,
r04_init_only_no_reset,A - reset / initial state,genus,23.12-s086_1,retimed,off,3.0,VIOLATED,-1.087,,,3.484,out_q_reg[6]/SI,518,24,0,23321.7085995,,,,,,,,,70.9703,31.887600000000003,14.0094,55.9559,1.0050000000000001,,,probabilistic,,,35,44.0,,
r04_init_only_no_reset,A - reset / initial state,genus,23.12-s086_1,retimed,off,4.0,VIOLATED,-0.047,,,3.445,out_q_reg[7]/SI,493,24,0,22907.67993025,,,,,,,,,52.282500000000006,23.333799999999997,9.79299,41.735800000000005,0.7537499999999999,,,probabilistic,,,38,47.0,,
r04_init_only_no_reset,A - reset / initial state,genus,23.12-s086_1,retimed,off,5.0,MET,0.006,,,4.384,q1_reg[15]/D,242,24,0,13069.58853,,,,,,,,,22.5426,7.899190000000001,6.866770000000001,15.075899999999999,0.6,,,probabilistic,,,8,17.0,,
r04_init_only_no_reset,A - reset / initial state,genus,23.12-s086_1,retimed,off,6.5,MET,0.01,,,5.882,q1_reg[15]/D,206,24,0,11688.241644000002,,,,,,,,,16.0611,5.12784,5.248530000000001,10.351,0.461538,,,probabilistic,,,6,15.0,,
r04_init_only_no_reset,A - reset / initial state,openroad_syn,,directive,unsupported,2.25,VIOLATED,-13.6385,,,15.5859,,225,32,,,,,,,,,,,31.293799999999997,7.78577,,,,,,vectorless,,,1,2.0,926df41a5ca5,uncommitted
r04_init_only_no_reset,A - reset / initial state,openroad_syn,,directive,unsupported,3.0,VIOLATED,-12.8885,,,15.5859,,225,32,,,,,,,,,,,23.470399999999998,5.83932,,,,,,vectorless,,,0,1.0,926df41a5ca5,uncommitted
r04_init_only_no_reset,A - reset / initial state,openroad_syn,,directive,unsupported,4.0,VIOLATED,-11.8885,,,15.5859,,225,32,,,,,,,,,,,17.6028,4.379499999999999,,,,,,vectorless,,,0,1.0,926df41a5ca5,uncommitted
r04_init_only_no_reset,A - reset / initial state,openroad_syn,,directive,unsupported,5.0,VIOLATED,-10.8885,,,15.5859,,225,32,,,,,,,,,,,14.0823,3.5036,,,,,,vectorless,,,0,1.0,926df41a5ca5,uncommitted
r04_init_only_no_reset,A - reset / initial state,openroad_syn,,directive,unsupported,6.5,VIOLATED,-9.3885,,,15.5859,,225,32,,,,,,,,,,,10.8325,2.69507,,,,,,vectorless,,,0,1.0,926df41a5ca5,uncommitted
r04_init_only_no_reset,A - reset / initial state,openroad_syn,,orig,unsupported,2.25,VIOLATED,-13.6385,,,15.5859,,225,32,,,,,,,,,,,31.293799999999997,7.78577,,,,,,vectorless,,,0,1.0,926df41a5ca5,uncommitted
r04_init_only_no_reset,A - reset / initial state,openroad_syn,,orig,unsupported,3.0,VIOLATED,-12.8885,,,15.5859,,225,32,,,,,,,,,,,23.470399999999998,5.83932,,,,,,vectorless,,,0,1.0,926df41a5ca5,uncommitted
r04_init_only_no_reset,A - reset / initial state,openroad_syn,,orig,unsupported,4.0,VIOLATED,-11.8885,,,15.5859,,225,32,,,,,,,,,,,17.6028,4.379499999999999,,,,,,vectorless,,,0,1.0,926df41a5ca5,uncommitted
r04_init_only_no_reset,A - reset / initial state,openroad_syn,,orig,unsupported,5.0,VIOLATED,-10.8885,,,15.5859,,225,32,,,,,,,,,,,14.0823,3.5036,,,,,,vectorless,,,0,1.0,926df41a5ca5,uncommitted
r04_init_only_no_reset,A - reset / initial state,openroad_syn,,orig,unsupported,6.5,VIOLATED,-9.3885,,,15.5859,,225,32,,,,,,,,,,,10.8325,2.69507,,,,,,vectorless,,,0,1.0,926df41a5ca5,uncommitted
r04_init_only_no_reset,A - reset / initial state,openroad_syn,,retimed,unsupported,2.25,VIOLATED,-6.862,,,8.7903,,215,32,,,,,,,,,,,31.0515,8.33166,,,,,,vectorless,,,1,1.0,926df41a5ca5,uncommitted
r04_init_only_no_reset,A - reset / initial state,openroad_syn,,retimed,unsupported,3.0,VIOLATED,-6.112,,,8.7903,,215,32,,,,,,,,,,,23.2886,6.24875,,,,,,vectorless,,,0,1.0,926df41a5ca5,uncommitted
r04_init_only_no_reset,A - reset / initial state,openroad_syn,,retimed,unsupported,4.0,VIOLATED,-5.112,,,8.7903,,215,32,,,,,,,,,,,17.4665,4.68656,,,,,,vectorless,,,0,2.0,926df41a5ca5,uncommitted
r04_init_only_no_reset,A - reset / initial state,openroad_syn,,retimed,unsupported,5.0,VIOLATED,-4.112,,,8.7903,,215,32,,,,,,,,,,,13.9732,3.74925,,,,,,vectorless,,,0,2.0,926df41a5ca5,uncommitted
r04_init_only_no_reset,A - reset / initial state,openroad_syn,,retimed,unsupported,6.5,VIOLATED,-2.612,,,8.7903,,215,32,,,,,,,,,,,10.7486,2.88404,,,,,,vectorless,,,0,2.0,926df41a5ca5,uncommitted
r04_init_only_no_reset,A - reset / initial state,vivado,2023.1,directive,on,4.55,VIOLATED,-3.547,-3.547,paths ending at a register (pad delay excluded),,,,,,,,,,,,,,,130.0,,,,,,,vectorless,83,32,29,39.0,,
r04_init_only_no_reset,A - reset / initial state,vivado,2023.1,directive,on,5.6,VIOLATED,-2.521,-2.521,paths ending at a register (pad delay excluded),,,,,,,,,,,,,,,122.0,,,,,,,vectorless,83,32,28,39.0,,
r04_init_only_no_reset,A - reset / initial state,vivado,2023.1,directive,on,7.0,VIOLATED,-1.219,-1.219,paths ending at a register (pad delay excluded),,,,,,,,,,,,,,,116.0,,,,,,,vectorless,83,32,29,40.0,,
r04_init_only_no_reset,A - reset / initial state,vivado,2023.1,directive,on,8.4,MET,0.148,0.148,paths ending at a register (pad delay excluded),,,,,,,,,,,,,,,112.0,,,,,,,vectorless,83,32,28,36.0,,
r04_init_only_no_reset,A - reset / initial state,vivado,2023.1,directive,on,10.5,MET,1.541,1.541,paths ending at a register (pad delay excluded),,,,,,,,,,,,,,,107.0,,,,,,,vectorless,83,32,28,35.0,,
r04_init_only_no_reset,A - reset / initial state,vivado,2023.1,orig,off,4.55,VIOLATED,-3.547,-3.547,paths ending at a register (pad delay excluded),,,,,,,,,,,,,,,130.0,,,,,,,vectorless,83,32,30,41.0,,
r04_init_only_no_reset,A - reset / initial state,vivado,2023.1,orig,off,5.6,VIOLATED,-2.521,-2.521,paths ending at a register (pad delay excluded),,,,,,,,,,,,,,,122.0,,,,,,,vectorless,83,32,70,85.0,,
r04_init_only_no_reset,A - reset / initial state,vivado,2023.1,orig,off,7.0,VIOLATED,-1.219,-1.219,paths ending at a register (pad delay excluded),,,,,,,,,,,,,,,116.0,,,,,,,vectorless,83,32,60,83.0,,
r04_init_only_no_reset,A - reset / initial state,vivado,2023.1,orig,off,8.4,MET,0.148,0.148,paths ending at a register (pad delay excluded),,,,,,,,,,,,,,,112.0,,,,,,,vectorless,83,32,78,86.0,,
r04_init_only_no_reset,A - reset / initial state,vivado,2023.1,orig,off,10.5,MET,1.541,1.541,paths ending at a register (pad delay excluded),,,,,,,,,,,,,,,107.0,,,,,,,vectorless,83,32,77,85.0,,
r04_init_only_no_reset,A - reset / initial state,vivado,2023.1,orig,on,4.55,VIOLATED,-3.547,-3.547,paths ending at a register (pad delay excluded),,,,,,,,,,,,,,,130.0,,,,,,,vectorless,83,32,28,35.0,,
r04_init_only_no_reset,A - reset / initial state,vivado,2023.1,orig,on,5.6,VIOLATED,-2.521,-2.521,paths ending at a register (pad delay excluded),,,,,,,,,,,,,,,122.0,,,,,,,vectorless,83,32,27,35.0,,
r04_init_only_no_reset,A - reset / initial state,vivado,2023.1,orig,on,7.0,VIOLATED,-1.219,-1.219,paths ending at a register (pad delay excluded),,,,,,,,,,,,,,,116.0,,,,,,,vectorless,83,32,29,39.0,,
r04_init_only_no_reset,A - reset / initial state,vivado,2023.1,orig,on,8.4,MET,0.148,0.148,paths ending at a register (pad delay excluded),,,,,,,,,,,,,,,112.0,,,,,,,vectorless,83,32,30,41.0,,
r04_init_only_no_reset,A - reset / initial state,vivado,2023.1,orig,on,10.5,MET,1.541,1.541,paths ending at a register (pad delay excluded),,,,,,,,,,,,,,,107.0,,,,,,,vectorless,83,32,29,41.0,,
r04_init_only_no_reset,A - reset / initial state,vivado,2023.1,retimed,off,4.55,VIOLATED,-2.411,-2.411,paths ending at a register (pad delay excluded),,,,,,,,,,,,,,,130.0,,,,,,,vectorless,83,32,27,35.0,,
r04_init_only_no_reset,A - reset / initial state,vivado,2023.1,retimed,off,5.6,VIOLATED,-1.419,-1.419,paths ending at a register (pad delay excluded),,,,,,,,,,,,,,,123.0,,,,,,,vectorless,83,32,27,35.0,,
r04_init_only_no_reset,A - reset / initial state,vivado,2023.1,retimed,off,7.0,VIOLATED,-0.116,-0.116,paths ending at a register (pad delay excluded),,,,,,,,,,,,,,,116.0,,,,,,,vectorless,83,32,28,34.0,,
r04_init_only_no_reset,A - reset / initial state,vivado,2023.1,retimed,off,8.4,MET,0.431,0.431,paths ending at a register (pad delay excluded),,,,,,,,,,,,,,,112.0,,,,,,,vectorless,83,32,29,35.0,,
r04_init_only_no_reset,A - reset / initial state,vivado,2023.1,retimed,off,10.5,MET,2.891,2.891,paths ending at a register (pad delay excluded),,,,,,,,,,,,,,,108.0,,,,,,,vectorless,83,32,28,38.0,,
r04_init_only_no_reset,A - reset / initial state,yosys,0.58,directive,off,5.0,VIOLATED,-6.1671,,,10.8489,_396_,303,24,,6553.6128,,,,,,,,,15.7,4.6,,,,,,vectorless,,,1.0,2.0,,
r04_init_only_no_reset,A - reset / initial state,yosys,0.58,directive,on,2.25,VIOLATED,-4.3831,,,6.348,_758_,303,24,,9649.7856,,,,,,,,,33.300000000000004,12.3,,,,,,vectorless,,,1.0,2.0,926df41a5ca5,uncommitted
r04_init_only_no_reset,A - reset / initial state,yosys,0.58,directive,on,3.0,VIOLATED,-3.6331,,,6.348,_758_,303,24,,9649.7856,,,,,,,,,24.9,9.19,,,,,,vectorless,,,1.0,2.0,926df41a5ca5,uncommitted
r04_init_only_no_reset,A - reset / initial state,yosys,0.58,directive,on,4.0,VIOLATED,-2.6331,,,6.348,_758_,303,24,,9649.7856,,,,,,,,,18.700000000000003,6.890000000000001,,,,,,vectorless,,,1.0,2.0,926df41a5ca5,uncommitted
r04_init_only_no_reset,A - reset / initial state,yosys,0.58,directive,on,5.0,VIOLATED,-1.6331,,,6.348,_758_,303,24,,9649.7856,,,,,,,,,15.0,5.51,,,,,,vectorless,,,2.0,2.0,926df41a5ca5,uncommitted
r04_init_only_no_reset,A - reset / initial state,yosys,0.58,directive,on,6.5,VIOLATED,-0.1331,,,6.348,_758_,303,24,,9649.7856,,,,,,,,,11.5,4.24,,,,,,vectorless,,,1.0,2.0,926df41a5ca5,uncommitted
r04_init_only_no_reset,A - reset / initial state,yosys,0.58,orig,off,2.25,VIOLATED,-8.9171,,,10.8489,_396_,303,24,,6553.6128,,,,,,,,,34.9,10.200000000000001,,,,,,vectorless,,,1.0,2.0,926df41a5ca5,uncommitted
r04_init_only_no_reset,A - reset / initial state,yosys,0.58,orig,off,3.0,VIOLATED,-8.1671,,,10.8489,_396_,303,24,,6553.6128,,,,,,,,,26.200000000000003,7.67,,,,,,vectorless,,,1.0,2.0,926df41a5ca5,uncommitted
r04_init_only_no_reset,A - reset / initial state,yosys,0.58,orig,off,4.0,VIOLATED,-7.1671,,,10.8489,_396_,303,24,,6553.6128,,,,,,,,,19.7,5.75,,,,,,vectorless,,,1.0,2.0,926df41a5ca5,uncommitted
r04_init_only_no_reset,A - reset / initial state,yosys,0.58,orig,off,5.0,VIOLATED,-6.1671,,,10.8489,_396_,303,24,,6553.6128,,,,,,,,,15.7,4.6,,,,,,vectorless,,,1.0,2.0,926df41a5ca5,uncommitted
r04_init_only_no_reset,A - reset / initial state,yosys,0.58,orig,off,6.5,VIOLATED,-4.6671,,,10.8489,_396_,303,24,,6553.6128,,,,,,,,,12.1,3.54,,,,,,vectorless,,,1.0,2.0,926df41a5ca5,uncommitted
r04_init_only_no_reset,A - reset / initial state,yosys,0.58,orig,on,2.25,VIOLATED,-4.3831,,,6.348,_758_,303,24,,9649.7856,,,,,,,,,33.300000000000004,12.3,,,,,,vectorless,,,1.0,2.0,926df41a5ca5,uncommitted
r04_init_only_no_reset,A - reset / initial state,yosys,0.58,orig,on,3.0,VIOLATED,-3.6331,,,6.348,_758_,303,24,,9649.7856,,,,,,,,,24.9,9.19,,,,,,vectorless,,,1.0,2.0,926df41a5ca5,uncommitted
r04_init_only_no_reset,A - reset / initial state,yosys,0.58,orig,on,4.0,VIOLATED,-2.6331,,,6.348,_758_,303,24,,9649.7856,,,,,,,,,18.700000000000003,6.890000000000001,,,,,,vectorless,,,1.0,2.0,926df41a5ca5,uncommitted
r04_init_only_no_reset,A - reset / initial state,yosys,0.58,orig,on,5.0,VIOLATED,-1.6331,,,6.348,_758_,303,24,,9649.7856,,,,,,,,,15.0,5.51,,,,,,vectorless,,,1.0,2.0,926df41a5ca5,uncommitted
r04_init_only_no_reset,A - reset / initial state,yosys,0.58,orig,on,6.5,VIOLATED,-0.1331,,,6.348,_758_,303,24,,9649.7856,,,,,,,,,11.5,4.24,,,,,,vectorless,,,1.0,2.0,926df41a5ca5,uncommitted
r04_init_only_no_reset,A - reset / initial state,yosys,0.58,retimed,off,2.25,VIOLATED,-5.5192,,,7.4661,_360_,306,24,,6525.3888,,,,,,,,,35.5,10.3,,,,,,vectorless,,,0.0,1.0,926df41a5ca5,uncommitted
r04_init_only_no_reset,A - reset / initial state,yosys,0.58,retimed,off,3.0,VIOLATED,-4.7692,,,7.4661,_360_,306,24,,6525.3888,,,,,,,,,26.599999999999998,7.6899999999999995,,,,,,vectorless,,,1.0,2.0,926df41a5ca5,uncommitted
r04_init_only_no_reset,A - reset / initial state,yosys,0.58,retimed,off,4.0,VIOLATED,-3.7692,,,7.4661,_360_,306,24,,6525.3888,,,,,,,,,20.0,5.77,,,,,,vectorless,,,1.0,2.0,926df41a5ca5,uncommitted
r04_init_only_no_reset,A - reset / initial state,yosys,0.58,retimed,off,5.0,VIOLATED,-2.7692,,,7.4661,_360_,306,24,,6525.3888,,,,,,,,,16.0,4.61,,,,,,vectorless,,,0.0,1.0,926df41a5ca5,uncommitted
r04_init_only_no_reset,A - reset / initial state,yosys,0.58,retimed,off,6.5,VIOLATED,-1.2692,,,7.4661,_360_,306,24,,6525.3888,,,,,,,,,12.3,3.5500000000000003,,,,,,vectorless,,,0.0,1.0,926df41a5ca5,uncommitted
r04_init_only_no_reset,A - reset / initial state,yosys,0.58,retimed,on,5.0,VIOLATED,-0.3713,,,5.0796,_747_,306,24,,10166.2848,,,,,,,,,17.0,6.58,,,,,,vectorless,,,1.0,2.0,,
r05_fsm_high_fanout,"B/H - FSM fanout, register duplication",genus,23.12-s086_1,directive,off,1.29,VIOLATED,-0.539,,,1.429,dout[44],851,152,152,45287.18128725,,,,,,,,,189.233,55.9699,114.19600000000001,60.3026,14.734499999999999,,,probabilistic,,,23,32.0,5119b122b5a1,uncommitted
r05_fsm_high_fanout,"B/H - FSM fanout, register duplication",genus,23.12-s086_1,directive,off,1.61,VIOLATED,-0.237,,,1.447,dout[9],835,149,148,45713.9952915,,,,,,,,,154.448,45.5929,90.77399999999999,52.0826,11.5916,,,probabilistic,,,22,31.0,5119b122b5a1,uncommitted
r05_fsm_high_fanout,"B/H - FSM fanout, register duplication",genus,23.12-s086_1,directive,off,2.02,VIOLATED,-0.052,,,1.672,dout[1],701,144,144,39113.3550025,,,,,,,,,113.399,32.2334,67.3192,37.1692,8.91089,,,probabilistic,,,15,25.0,5119b122b5a1,uncommitted
r05_fsm_high_fanout,"B/H - FSM fanout, register duplication",genus,23.12-s086_1,directive,off,2.52,MET,0.001,,,2.119,dout[2],569,128,128,33711.062101999996,,,,,,,,,79.7886,21.663,46.5419,26.897399999999998,6.34921,,,probabilistic,,,11,19.0,5119b122b5a1,uncommitted
r05_fsm_high_fanout,"B/H - FSM fanout, register duplication",genus,23.12-s086_1,directive,off,3.15,MET,0.008,,,2.841,retime_s5_4_reg/D,527,111,111,31573.47963225,,,,,,,,,58.2905,16.5293,32.4742,21.4115,4.40476,,,probabilistic,,,9,18.0,,
r05_fsm_high_fanout,"B/H - FSM fanout, register duplication",genus,23.12-s086_1,directive,off,4.2,MET,0.303,,,3.594,retime_s6_5_reg/D,512,94,94,29163.73028075,,,,,,,,,38.2222,11.482199999999999,20.1795,15.245099999999999,2.7976199999999998,,,probabilistic,,,8,17.0,,
r05_fsm_high_fanout,"B/H - FSM fanout, register duplication",genus,23.12-s086_1,directive,off,5.6,MET,2.043,,,3.324,retime_s5_2_reg/D,460,74,74,25694.50853825,,,,,,,,,24.711299999999998,7.560919999999999,12.0403,11.0192,1.65179,,,probabilistic,,,8,16.0,,
r05_fsm_high_fanout,"B/H - FSM fanout, register duplication",genus,23.12-s086_1,directive,off,7.0,MET,3.426,,,3.174,dout[46],455,75,75,25666.79131675,,,,,,,,,19.802500000000002,5.84336,9.688930000000001,8.77425,1.3392899999999999,,,probabilistic,,,8,17.0,,
r05_fsm_high_fanout,"B/H - FSM fanout, register duplication",genus,23.12-s086_1,directive,off,9.1,MET,3.913,,,4.787,dout[8],455,60,60,24893.253644750002,,,,,,,,,13.9245,4.39111,5.99647,7.10381,0.824176,,,probabilistic,,,8,18.0,,
r05_fsm_high_fanout,"B/H - FSM fanout, register duplication",genus,23.12-s086_1,orig,off,1.29,VIOLATED,-1.724,,,2.717,lane_q_reg[42]/D,674,70,0,35250.4829875,,,,,,,,,142.133,47.896,60.107800000000005,75.2423,6.7829500000000005,,,probabilistic,,,17,25.0,5119b122b5a1,uncommitted
r05_fsm_high_fanout,"B/H - FSM fanout, register duplication",genus,23.12-s086_1,orig,off,1.61,VIOLATED,-1.362,,,2.684,lane_q_reg[47]/D,618,70,0,32902.00369075,,,,,,,,,112.21000000000001,35.7848,52.6116,54.1636,5.43478,,,probabilistic,,,18,27.0,5119b122b5a1,uncommitted
r05_fsm_high_fanout,"B/H - FSM fanout, register duplication",genus,23.12-s086_1,orig,off,2.02,VIOLATED,-0.871,,,2.602,lane_q_reg[47]/D,652,70,0,34514.254921750005,,,,,,,,,92.0022,29.8871,41.9007,45.7698,4.33168,,,probabilistic,,,24,34.0,5119b122b5a1,uncommitted
r05_fsm_high_fanout,"B/H - FSM fanout, register duplication",genus,23.12-s086_1,orig,off,2.52,VIOLATED,-0.489,,,2.748,lane_q_reg[40]/D,717,70,0,37000.215486,,,,,,,,,76.41969999999999,24.9557,32.9221,40.025400000000005,3.4722199999999996,,,probabilistic,,,22,31.0,5119b122b5a1,uncommitted
r05_fsm_high_fanout,"B/H - FSM fanout, register duplication",genus,23.12-s086_1,orig,off,3.15,MET,0.001,,,2.858,lane_q_reg[14]/D,574,70,0,31119.600682750002,,,,,,,,,55.101499999999994,17.0492,24.7059,27.617900000000002,2.77778,,,probabilistic,,,8,16.0,,
r05_fsm_high_fanout,"B/H - FSM fanout, register duplication",genus,23.12-s086_1,orig,off,4.2,MET,0.002,,,3.859,lane_q_reg[0]/D,450,70,0,26376.94161075,,,,,,,,,36.1364,10.2835,17.6099,16.443099999999998,2.08333,,,probabilistic,,,5,13.0,5119b122b5a1,uncommitted
r05_fsm_high_fanout,"B/H - FSM fanout, register duplication",genus,23.12-s086_1,orig,off,5.6,MET,0.0,,,5.24,lane_q_reg[28]/D,428,70,0,24482.55700375,,,,,,,,,26.9544,7.65202,12.7828,12.609,1.5625,,,probabilistic,,,4,13.0,,
r05_fsm_high_fanout,"B/H - FSM fanout, register duplication",genus,23.12-s086_1,orig,off,7.0,MET,1.165,,,5.474,lane_q_reg[40]/D,428,70,0,24432.940682250002,,,,,,,,,21.460900000000002,6.11602,10.208200000000001,10.002699999999999,1.25,,,probabilistic,,,4,13.0,,
r05_fsm_high_fanout,"B/H - FSM fanout, register duplication",genus,23.12-s086_1,orig,off,9.1,MET,3.228,,,5.54,lane_q_reg[12]/D,427,70,0,24410.135733,,,,,,,,,16.483500000000003,4.7095,7.85225,7.6697500000000005,0.961538,,,probabilistic,,,5,13.0,,
r05_fsm_high_fanout,"B/H - FSM fanout, register duplication",genus,23.12-s086_1,orig,on,1.29,VIOLATED,-0.795,,,1.685,dout[1],746,144,143,41502.63106775,,,,,,,,,183.76999999999998,53.6042,109.36500000000001,60.4456,13.959299999999999,,,probabilistic,,,19,28.0,5119b122b5a1,uncommitted
r05_fsm_high_fanout,"B/H - FSM fanout, register duplication",genus,23.12-s086_1,orig,on,1.61,VIOLATED,-0.26,,,1.47,dout[30],841,148,147,45510.730062500006,,,,,,,,,153.688,45.0585,91.2148,50.9452,11.528,,,probabilistic,,,23,32.0,5119b122b5a1,uncommitted
r05_fsm_high_fanout,"B/H - FSM fanout, register duplication",genus,23.12-s086_1,orig,on,2.02,VIOLATED,-0.066,,,1.686,dout[22],677,133,132,38146.91695775,,,,,,,,,111.469,33.2183,64.58959999999999,38.6491,8.2302,,,probabilistic,,,15,24.0,5119b122b5a1,uncommitted
r05_fsm_high_fanout,"B/H - FSM fanout, register duplication",genus,23.12-s086_1,orig,on,2.52,MET,0.003,,,2.235,retime_s2_41_reg/D,566,157,157,35543.54934875,,,,,,,,,90.9367,23.1014,59.6503,23.4988,7.7877,,,probabilistic,,,10,19.0,5119b122b5a1,uncommitted
r05_fsm_high_fanout,"B/H - FSM fanout, register duplication",genus,23.12-s086_1,orig,on,3.15,MET,0.118,,,2.632,dout[8],472,85,84,27609.44630775,,,,,,,,,48.957800000000006,14.7447,26.0002,19.584600000000002,3.37302,,,probabilistic,,,9,18.0,,
r05_fsm_high_fanout,"B/H - FSM fanout, register duplication",genus,23.12-s086_1,orig,on,4.2,MET,0.67,,,3.13,dout[10],496,108,108,30092.925779999998,,,,,,,,,42.3149,11.7468,23.7823,15.3183,3.2142899999999996,,,probabilistic,,,8,16.0,,
r05_fsm_high_fanout,"B/H - FSM fanout, register duplication",genus,23.12-s086_1,orig,on,5.6,MET,1.565,,,3.722,lane_q_reg[33]/D,425,81,33,25223.7365785,,,,,,,,,26.1471,7.248799999999999,15.2919,9.04715,1.8080399999999999,,,probabilistic,,,8,16.0,,
r05_fsm_high_fanout,"B/H - FSM fanout, register duplication",genus,23.12-s086_1,orig,on,7.0,MET,2.894,,,3.706,dout[33],424,68,68,24340.32252475,,,,,,,,,18.7682,5.65438,9.072429999999999,8.48144,1.21429,,,probabilistic,,,7,16.0,,
r05_fsm_high_fanout,"B/H - FSM fanout, register duplication",genus,23.12-s086_1,orig,on,9.1,MET,3.285,,,5.415,dout[28],424,62,62,24057.873893,,,,,,,,,13.8681,4.40114,6.34037,6.67603,0.851648,,,probabilistic,,,8,18.0,,
r05_fsm_high_fanout,"B/H - FSM fanout, register duplication",genus,23.12-s086_1,retimed,off,1.29,VIOLATED,-1.751,,,2.75,lane_q_reg[46]/D,753,118,0,42723.6849575,,,,,,,,,185.31300000000002,58.488600000000005,91.7935,82.0852,11.4341,,,probabilistic,,,25,34.0,5119b122b5a1,uncommitted
r05_fsm_high_fanout,"B/H - FSM fanout, register duplication",genus,23.12-s086_1,retimed,off,1.61,VIOLATED,-1.462,,,2.781,lane_q_reg[10]/D,803,118,0,44523.012732999996,,,,,,,,,153.867,48.708099999999995,76.089,68.6161,9.161489999999999,,,probabilistic,,,18,27.0,5119b122b5a1,uncommitted
r05_fsm_high_fanout,"B/H - FSM fanout, register duplication",genus,23.12-s086_1,retimed,off,2.02,VIOLATED,-1.04,,,2.768,lane_q_reg[33]/D,784,118,0,43330.4360445,,,,,,,,,118.973,36.8007,60.0141,51.6572,7.3019799999999995,,,probabilistic,,,16,25.0,5119b122b5a1,uncommitted
r05_fsm_high_fanout,"B/H - FSM fanout, register duplication",genus,23.12-s086_1,retimed,off,2.52,VIOLATED,-0.58,,,2.809,lane_q_reg[3]/D,805,118,0,43661.1939265,,,,,,,,,96.7725,30.4903,47.0129,43.9065,5.85317,,,probabilistic,,,19,28.0,5119b122b5a1,uncommitted
r05_fsm_high_fanout,"B/H - FSM fanout, register duplication",genus,23.12-s086_1,retimed,off,3.15,MET,0.001,,,2.885,lane_q_reg[28]/D,545,70,0,29827.66082175,,,,,,,,,52.143,16.3993,23.6461,25.7191,2.77778,,,probabilistic,,,5,14.0,,
r05_fsm_high_fanout,"B/H - FSM fanout, register duplication",genus,23.12-s086_1,retimed,off,4.2,MET,0.007,,,3.944,lane_q_reg[46]/D,578,118,0,34839.345558,,,,,,,,,48.2724,12.7942,27.4919,17.2686,3.5119000000000002,,,probabilistic,,,5,15.0,5119b122b5a1,uncommitted
r05_fsm_high_fanout,"B/H - FSM fanout, register duplication",genus,23.12-s086_1,retimed,off,5.6,MET,0.0,,,5.24,lane_q_reg[28]/D,428,70,0,24482.55700375,,,,,,,,,26.9544,7.65202,12.7828,12.609,1.5625,,,probabilistic,,,4,13.0,,
r05_fsm_high_fanout,"B/H - FSM fanout, register duplication",genus,23.12-s086_1,retimed,off,7.0,MET,1.165,,,5.474,lane_q_reg[40]/D,428,70,0,24432.940682250002,,,,,,,,,21.460900000000002,6.11602,10.208200000000001,10.002699999999999,1.25,,,probabilistic,,,4,13.0,,
r05_fsm_high_fanout,"B/H - FSM fanout, register duplication",genus,23.12-s086_1,retimed,off,9.1,MET,3.228,,,5.54,lane_q_reg[12]/D,427,70,0,24410.135733,,,,,,,,,16.483500000000003,4.7095,7.85225,7.6697500000000005,0.961538,,,probabilistic,,,4,14.0,,
r05_fsm_high_fanout,"B/H - FSM fanout, register duplication",innovus,23.12-s091_1,directive,,3.15,,,,,,,507,111,111,,37704.445,0.001,60.707,0.44,2.941,0.013,5,0,71.42541005,21.85160614,,,14.22,35.02,22.18,probabilistic,,,63,82.0,,
r05_fsm_high_fanout,"B/H - FSM fanout, register duplication",innovus,23.12-s091_1,orig,,4.2,,,,,,,479,70,0,,26879.265,0.001,62.098,1.0,3.843,0.039,,,38.29406184,11.68812536,,,0.0,15.99,22.3,probabilistic,,,69,99.0,,
r05_fsm_high_fanout,"B/H - FSM fanout, register duplication",innovus,23.12-s091_1,retimed,,4.2,,,,,,,619,118,0,,37323.02,0.067,62.384,0.41,4.156,0.017,,,58.2906289,17.55524347,,,7.284,27.12,23.88,probabilistic,,,71,89.0,,
r05_fsm_high_fanout,"B/H - FSM fanout, register duplication",openroad_syn,,directive,unsupported,3.15,VIOLATED,-9.9946,,,12.8591,,2721,70,,,,,,,,,,,70.6477,16.6413,,,,,,vectorless,,,1,2.0,5119b122b5a1,uncommitted
r05_fsm_high_fanout,"B/H - FSM fanout, register duplication",openroad_syn,,directive,unsupported,4.2,VIOLATED,-8.9446,,,12.8591,,2721,70,,,,,,,,,,,52.986,12.4811,,,,,,vectorless,,,1,2.0,5119b122b5a1,uncommitted
r05_fsm_high_fanout,"B/H - FSM fanout, register duplication",openroad_syn,,directive,unsupported,5.6,VIOLATED,-7.5446,,,12.8591,,2721,70,,,,,,,,,,,39.7395,9.360769999999999,,,,,,vectorless,,,1,2.0,5119b122b5a1,uncommitted
r05_fsm_high_fanout,"B/H - FSM fanout, register duplication",openroad_syn,,directive,unsupported,7.0,VIOLATED,-6.1446,,,12.8591,,2721,70,,,,,,,,,,,31.791800000000002,7.4886,,,,,,vectorless,,,1,3.0,5119b122b5a1,uncommitted
r05_fsm_high_fanout,"B/H - FSM fanout, register duplication",openroad_syn,,directive,unsupported,9.1,VIOLATED,-4.0446,,,12.8591,,2721,70,,,,,,,,,,,24.4552,5.76046,,,,,,vectorless,,,1,2.0,5119b122b5a1,uncommitted
r05_fsm_high_fanout,"B/H - FSM fanout, register duplication",openroad_syn,,orig,unsupported,3.15,VIOLATED,-9.9946,,,12.8591,,2721,70,,,,,,,,,,,70.6477,16.6413,,,,,,vectorless,,,1,2.0,5119b122b5a1,uncommitted
r05_fsm_high_fanout,"B/H - FSM fanout, register duplication",openroad_syn,,orig,unsupported,4.2,VIOLATED,-8.9446,,,12.8591,,2721,70,,,,,,,,,,,52.986,12.4811,,,,,,vectorless,,,1,2.0,5119b122b5a1,uncommitted
r05_fsm_high_fanout,"B/H - FSM fanout, register duplication",openroad_syn,,orig,unsupported,5.6,VIOLATED,-7.5446,,,12.8591,,2721,70,,,,,,,,,,,39.7395,9.360769999999999,,,,,,vectorless,,,1,2.0,5119b122b5a1,uncommitted
r05_fsm_high_fanout,"B/H - FSM fanout, register duplication",openroad_syn,,orig,unsupported,7.0,VIOLATED,-6.1446,,,12.8591,,2721,70,,,,,,,,,,,31.791800000000002,7.4886,,,,,,vectorless,,,1,2.0,5119b122b5a1,uncommitted
r05_fsm_high_fanout,"B/H - FSM fanout, register duplication",openroad_syn,,orig,unsupported,9.1,VIOLATED,-4.0446,,,12.8591,,2721,70,,,,,,,,,,,24.4552,5.76046,,,,,,vectorless,,,1,2.0,5119b122b5a1,uncommitted
r05_fsm_high_fanout,"B/H - FSM fanout, register duplication",openroad_syn,,retimed,unsupported,3.15,VIOLATED,-12.0759,,,14.8719,,5066,117,,,,,,,,,,,111.943,26.837799999999998,,,,,,vectorless,,,2,4.0,5119b122b5a1,uncommitted
r05_fsm_high_fanout,"B/H - FSM fanout, register duplication",openroad_syn,,retimed,unsupported,4.2,VIOLATED,-11.0259,,,14.8719,,5066,117,,,,,,,,,,,83.95750000000001,20.1288,,,,,,vectorless,,,2,4.0,5119b122b5a1,uncommitted
r05_fsm_high_fanout,"B/H - FSM fanout, register duplication",openroad_syn,,retimed,unsupported,5.6,VIOLATED,-9.6259,,,14.8719,,5066,117,,,,,,,,,,,62.9685,15.0963,,,,,,vectorless,,,2,4.0,5119b122b5a1,uncommitted
r05_fsm_high_fanout,"B/H - FSM fanout, register duplication",openroad_syn,,retimed,unsupported,7.0,VIOLATED,-8.2259,,,14.8719,,5066,117,,,,,,,,,,,50.3748,12.0771,,,,,,vectorless,,,2,4.0,5119b122b5a1,uncommitted
r05_fsm_high_fanout,"B/H - FSM fanout, register duplication",openroad_syn,,retimed,unsupported,9.1,VIOLATED,-6.1259,,,14.8719,,5066,117,,,,,,,,,,,38.7502,9.29011,,,,,,vectorless,,,2,4.0,5119b122b5a1,uncommitted
r05_fsm_high_fanout,"B/H - FSM fanout, register duplication",vivado,2023.1,directive,on,6.5,VIOLATED,-0.302,-0.302,paths ending at a register (pad delay excluded),,,,,,,,,,,,,,,134.0,,,,,,,vectorless,192,99,30,38.0,,
r05_fsm_high_fanout,"B/H - FSM fanout, register duplication",vivado,2023.1,directive,on,8.0,MET,0.666,0.666,paths ending at a register (pad delay excluded),,,,,,,,,,,,,,,126.0,,,,,,,vectorless,192,99,30,40.0,,
r05_fsm_high_fanout,"B/H - FSM fanout, register duplication",vivado,2023.1,directive,on,10.0,MET,2.482,2.482,paths ending at a register (pad delay excluded),,,,,,,,,,,,,,,119.0,,,,,,,vectorless,192,99,30,40.0,,
r05_fsm_high_fanout,"B/H - FSM fanout, register duplication",vivado,2023.1,directive,on,12.0,MET,7.038,7.038,paths ending at a register (pad delay excluded),,,,,,,,,,,,,,,114.0,,,,,,,vectorless,192,99,37,98.0,,
r05_fsm_high_fanout,"B/H - FSM fanout, register duplication",vivado,2023.1,directive,on,15.0,MET,10.44,10.44,paths ending at a register (pad delay excluded),,,,,,,,,,,,,,,109.0,,,,,,,vectorless,192,99,37,100.0,,
r05_fsm_high_fanout,"B/H - FSM fanout, register duplication",vivado,2023.1,orig,off,6.5,VIOLATED,-0.46,-0.46,paths ending at a register (pad delay excluded),,,,,,,,,,,,,,,133.0,,,,,,,vectorless,187,70,29,37.0,,
r05_fsm_high_fanout,"B/H - FSM fanout, register duplication",vivado,2023.1,orig,off,8.0,MET,0.383,0.383,paths ending at a register (pad delay excluded),,,,,,,,,,,,,,,125.0,,,,,,,vectorless,187,70,32,44.0,,
r05_fsm_high_fanout,"B/H - FSM fanout, register duplication",vivado,2023.1,orig,off,10.0,MET,3.399,3.399,paths ending at a register (pad delay excluded),,,,,,,,,,,,,,,118.0,,,,,,,vectorless,187,70,32,46.0,,
r05_fsm_high_fanout,"B/H - FSM fanout, register duplication",vivado,2023.1,orig,off,12.0,MET,7.22,7.22,paths ending at a register (pad delay excluded),,,,,,,,,,,,,,,113.0,,,,,,,vectorless,187,70,31,45.0,,
r05_fsm_high_fanout,"B/H - FSM fanout, register duplication",vivado,2023.1,orig,off,15.0,MET,10.289,10.289,paths ending at a register (pad delay excluded),,,,,,,,,,,,,,,109.0,,,,,,,vectorless,187,70,31,46.0,,
r05_fsm_high_fanout,"B/H - FSM fanout, register duplication",vivado,2023.1,orig,on,6.5,VIOLATED,-0.46,-0.46,paths ending at a register (pad delay excluded),,,,,,,,,,,,,,,133.0,,,,,,,vectorless,187,70,39,102.0,,
r05_fsm_high_fanout,"B/H - FSM fanout, register duplication",vivado,2023.1,orig,on,8.0,MET,0.383,0.383,paths ending at a register (pad delay excluded),,,,,,,,,,,,,,,125.0,,,,,,,vectorless,187,70,39,102.0,,
r05_fsm_high_fanout,"B/H - FSM fanout, register duplication",vivado,2023.1,orig,on,10.0,MET,3.399,3.399,paths ending at a register (pad delay excluded),,,,,,,,,,,,,,,118.0,,,,,,,vectorless,187,70,28,36.0,,
r05_fsm_high_fanout,"B/H - FSM fanout, register duplication",vivado,2023.1,orig,on,12.0,MET,7.22,7.22,paths ending at a register (pad delay excluded),,,,,,,,,,,,,,,113.0,,,,,,,vectorless,187,70,28,35.0,,
r05_fsm_high_fanout,"B/H - FSM fanout, register duplication",vivado,2023.1,orig,on,15.0,MET,10.289,10.289,paths ending at a register (pad delay excluded),,,,,,,,,,,,,,,109.0,,,,,,,vectorless,187,70,27,35.0,,
r05_fsm_high_fanout,"B/H - FSM fanout, register duplication",vivado,2023.1,retimed,off,6.5,VIOLATED,-0.181,-0.181,paths ending at a register (pad delay excluded),,,,,,,,,,,,,,,138.0,,,,,,,vectorless,217,117,29,37.0,,
r05_fsm_high_fanout,"B/H - FSM fanout, register duplication",vivado,2023.1,retimed,off,8.0,MET,1.173,1.173,paths ending at a register (pad delay excluded),,,,,,,,,,,,,,,129.0,,,,,,,vectorless,217,117,28,36.0,,
r05_fsm_high_fanout,"B/H - FSM fanout, register duplication",vivado,2023.1,retimed,off,10.0,MET,3.166,3.166,paths ending at a register (pad delay excluded),,,,,,,,,,,,,,,122.0,,,,,,,vectorless,217,117,29,37.0,,
r05_fsm_high_fanout,"B/H - FSM fanout, register duplication",vivado,2023.1,retimed,off,12.0,MET,6.581,6.581,paths ending at a register (pad delay excluded),,,,,,,,,,,,,,,116.0,,,,,,,vectorless,217,117,28,37.0,,
r05_fsm_high_fanout,"B/H - FSM fanout, register duplication",vivado,2023.1,retimed,off,15.0,MET,9.768,9.768,paths ending at a register (pad delay excluded),,,,,,,,,,,,,,,111.0,,,,,,,vectorless,217,117,28,35.0,,
r05_fsm_high_fanout,"B/H - FSM fanout, register duplication",yosys,0.58,directive,off,7.0,MET,0.472,,,6.1749,_846_,804,70,,15616.3392,,,,,,,,,13.299999999999999,2.42,,,,,,vectorless,,,2.0,2.0,,
r05_fsm_high_fanout,"B/H - FSM fanout, register duplication",yosys,0.58,directive,on,3.15,VIOLATED,-1.4739,,,4.3293,_1379_,874,70,,18994.752,,,,,,,,,30.5,6.3,,,,,,vectorless,,,1.0,2.0,5119b122b5a1,uncommitted
r05_fsm_high_fanout,"B/H - FSM fanout, register duplication",yosys,0.58,directive,on,4.2,VIOLATED,-0.4239,,,4.3293,_1379_,874,70,,18994.752,,,,,,,,,22.9,4.720000000000001,,,,,,vectorless,,,1.0,2.0,5119b122b5a1,uncommitted
r05_fsm_high_fanout,"B/H - FSM fanout, register duplication",yosys,0.58,directive,on,5.6,MET,0.9761,,,4.3293,_1379_,874,70,,18994.752,,,,,,,,,17.2,3.54,,,,,,vectorless,,,1.0,2.0,5119b122b5a1,uncommitted
r05_fsm_high_fanout,"B/H - FSM fanout, register duplication",yosys,0.58,directive,on,7.0,MET,2.3761,,,4.3293,_1379_,874,70,,18994.752,,,,,,,,,13.700000000000001,2.83,,,,,,vectorless,,,2.0,3.0,5119b122b5a1,uncommitted
r05_fsm_high_fanout,"B/H - FSM fanout, register duplication",yosys,0.58,directive,on,9.1,MET,4.4761,,,4.3293,_1379_,874,70,,18994.752,,,,,,,,,10.6,2.18,,,,,,vectorless,,,2.0,2.0,5119b122b5a1,uncommitted
r05_fsm_high_fanout,"B/H - FSM fanout, register duplication",yosys,0.58,orig,off,3.15,VIOLATED,-3.378,,,6.1749,_846_,804,70,,15616.3392,,,,,,,,,29.6,5.37,,,,,,vectorless,,,2.0,3.0,5119b122b5a1,uncommitted
r05_fsm_high_fanout,"B/H - FSM fanout, register duplication",yosys,0.58,orig,off,4.2,VIOLATED,-2.328,,,6.1749,_846_,804,70,,15616.3392,,,,,,,,,22.2,4.029999999999999,,,,,,vectorless,,,1.0,2.0,5119b122b5a1,uncommitted
r05_fsm_high_fanout,"B/H - FSM fanout, register duplication",yosys,0.58,orig,off,5.6,VIOLATED,-0.928,,,6.1749,_846_,804,70,,15616.3392,,,,,,,,,16.7,3.02,,,,,,vectorless,,,1.0,2.0,5119b122b5a1,uncommitted
r05_fsm_high_fanout,"B/H - FSM fanout, register duplication",yosys,0.58,orig,off,7.0,MET,0.472,,,6.1749,_846_,804,70,,15616.3392,,,,,,,,,13.299999999999999,2.42,,,,,,vectorless,,,1.0,2.0,5119b122b5a1,uncommitted
r05_fsm_high_fanout,"B/H - FSM fanout, register duplication",yosys,0.58,orig,off,9.1,MET,2.572,,,6.1749,_846_,804,70,,15616.3392,,,,,,,,,10.3,1.86,,,,,,vectorless,,,1.0,2.0,5119b122b5a1,uncommitted
r05_fsm_high_fanout,"B/H - FSM fanout, register duplication",yosys,0.58,orig,on,3.15,VIOLATED,-1.4739,,,4.3293,_1379_,874,70,,18994.752,,,,,,,,,30.5,6.3,,,,,,vectorless,,,2.0,3.0,5119b122b5a1,uncommitted
r05_fsm_high_fanout,"B/H - FSM fanout, register duplication",yosys,0.58,orig,on,4.2,VIOLATED,-0.4239,,,4.3293,_1379_,874,70,,18994.752,,,,,,,,,22.9,4.720000000000001,,,,,,vectorless,,,2.0,3.0,5119b122b5a1,uncommitted
r05_fsm_high_fanout,"B/H - FSM fanout, register duplication",yosys,0.58,orig,on,5.6,MET,0.9761,,,4.3293,_1379_,874,70,,18994.752,,,,,,,,,17.2,3.54,,,,,,vectorless,,,2.0,3.0,5119b122b5a1,uncommitted
r05_fsm_high_fanout,"B/H - FSM fanout, register duplication",yosys,0.58,orig,on,7.0,MET,2.3761,,,4.3293,_1379_,874,70,,18994.752,,,,,,,,,13.700000000000001,2.83,,,,,,vectorless,,,2.0,3.0,5119b122b5a1,uncommitted
r05_fsm_high_fanout,"B/H - FSM fanout, register duplication",yosys,0.58,orig,on,9.1,MET,4.4761,,,4.3293,_1379_,874,70,,18994.752,,,,,,,,,10.6,2.18,,,,,,vectorless,,,1.0,2.0,5119b122b5a1,uncommitted
r05_fsm_high_fanout,"B/H - FSM fanout, register duplication",yosys,0.58,retimed,off,3.15,VIOLATED,-3.378,,,6.1749,_846_,804,70,,15616.3392,,,,,,,,,29.6,5.37,,,,,,vectorless,,,1.0,2.0,5119b122b5a1,uncommitted
r05_fsm_high_fanout,"B/H - FSM fanout, register duplication",yosys,0.58,retimed,off,4.2,VIOLATED,-2.328,,,6.1749,_846_,804,70,,15616.3392,,,,,,,,,22.2,4.029999999999999,,,,,,vectorless,,,1.0,2.0,5119b122b5a1,uncommitted
r05_fsm_high_fanout,"B/H - FSM fanout, register duplication",yosys,0.58,retimed,off,5.6,VIOLATED,-0.928,,,6.1749,_846_,804,70,,15616.3392,,,,,,,,,16.7,3.02,,,,,,vectorless,,,1.0,2.0,5119b122b5a1,uncommitted
r05_fsm_high_fanout,"B/H - FSM fanout, register duplication",yosys,0.58,retimed,off,7.0,MET,0.472,,,6.1749,_846_,804,70,,15616.3392,,,,,,,,,13.299999999999999,2.42,,,,,,vectorless,,,1.0,2.0,5119b122b5a1,uncommitted
r05_fsm_high_fanout,"B/H - FSM fanout, register duplication",yosys,0.58,retimed,off,9.1,MET,2.572,,,6.1749,_846_,804,70,,15616.3392,,,,,,,,,10.3,1.86,,,,,,vectorless,,,2.0,3.0,5119b122b5a1,uncommitted
r05_fsm_high_fanout,"B/H - FSM fanout, register duplication",yosys,0.58,retimed,on,7.0,MET,2.3761,,,4.3293,_1379_,874,70,,18994.752,,,,,,,,,13.700000000000001,2.83,,,,,,vectorless,,,2.0,3.0,,
r06_fsm_high_fanin,B - FSM fanin,genus,23.12-s086_1,directive,off,2.7,VIOLATED,-1.768,,,4.184,retime_s2_4_reg/D,2324,50,6,104996.4083935,,,,,,,,,247.871,118.70100000000001,31.357599999999998,214.198,2.31481,,,probabilistic,,,98,107.0,b763644610a4,uncommitted
r06_fsm_high_fanin,B - FSM fanin,genus,23.12-s086_1,directive,off,3.6,VIOLATED,-1.133,,,4.436,retime_s2_4_reg/D,1936,66,12,92308.24546325,,,,,,,,,189.553,84.3487,31.7602,155.502,2.29167,,,probabilistic,,,94,104.0,b763644610a4,uncommitted
r06_fsm_high_fanin,B - FSM fanin,genus,23.12-s086_1,directive,off,4.8,MET,0.0,,,4.523,retime_s3_2_reg/D,1490,53,6,74953.14607475,,,,,,,,,101.18,43.181999999999995,15.804200000000002,83.99589999999999,1.38021,,,probabilistic,,,48,58.0,b763644610a4,uncommitted
r06_fsm_high_fanin,B - FSM fanin,genus,23.12-s086_1,directive,off,6.0,MET,0.016,,,5.313,WALLACE_CSA_DUMMY_OP_groupi_retime_s1_7_reg/D,581,52,8,41660.660864,,,,,,,,,45.9974,14.834200000000001,10.1507,34.7634,1.08333,,,probabilistic,,,29,38.0,b763644610a4,uncommitted
r06_fsm_high_fanin,B - FSM fanin,genus,23.12-s086_1,directive,off,7.8,MET,0.29,,,6.86,retime_s4_1_reg/SE,528,40,7,38995.750724749996,,,,,,,,,31.9293,9.63373,6.65321,24.6351,0.6410260000000001,,,probabilistic,,,27,36.0,b763644610a4,uncommitted
r06_fsm_high_fanin,B - FSM fanin,genus,23.12-s086_1,orig,off,2.7,VIOLATED,-4.278,,,6.743,state_q_reg[0]/D,2530,70,0,115259.20574075001,,,,,,,,,261.896,129.25300000000001,29.3117,229.344,3.24074,,,probabilistic,,,88,98.0,,
r06_fsm_high_fanin,B - FSM fanin,genus,23.12-s086_1,orig,off,3.6,VIOLATED,-3.161,,,6.525,state_q_reg[2]/D,2813,70,0,127132.5645745,,,,,,,,,213.274,106.789,21.3841,189.45899999999997,2.43056,,,probabilistic,,,124,133.0,b763644610a4,uncommitted
r06_fsm_high_fanin,B - FSM fanin,genus,23.12-s086_1,orig,off,4.8,VIOLATED,-1.932,,,6.449,state_q_reg[2]/D,2794,70,0,128454.95170025,,,,,,,,,159.10399999999998,79.269,16.6979,140.58300000000003,1.82292,,,probabilistic,,,128,137.0,b763644610a4,uncommitted
r06_fsm_high_fanin,B - FSM fanin,genus,23.12-s086_1,orig,off,6.0,VIOLATED,-0.668,,,6.386,state_q_reg[2]/D,2962,70,0,135513.6331895,,,,,,,,,135.429,68.5364,13.1611,120.81,1.4583300000000001,,,probabilistic,,,144,152.0,b763644610a4,uncommitted
r06_fsm_high_fanin,B - FSM fanin,genus,23.12-s086_1,orig,off,7.8,MET,0.0,,,7.555,state_q_reg[3]/D,1397,70,0,72695.756422,,,,,,,,,60.8674,25.7018,9.66924,50.076299999999996,1.1217899999999998,,,probabilistic,,,38,48.0,,
r06_fsm_high_fanin,B - FSM fanin,genus,23.12-s086_1,orig,on,2.7,VIOLATED,-1.768,,,4.184,retime_s2_4_reg/D,2324,50,6,104996.4083935,,,,,,,,,247.871,118.70100000000001,31.357599999999998,214.198,2.31481,,,probabilistic,,,99,109.0,b763644610a4,uncommitted
r06_fsm_high_fanin,B - FSM fanin,genus,23.12-s086_1,orig,on,3.6,VIOLATED,-1.133,,,4.436,retime_s2_4_reg/D,1936,66,12,92308.24546325,,,,,,,,,189.553,84.3487,31.7602,155.502,2.29167,,,probabilistic,,,95,104.0,b763644610a4,uncommitted
r06_fsm_high_fanin,B - FSM fanin,genus,23.12-s086_1,orig,on,4.8,MET,0.0,,,4.523,retime_s3_2_reg/D,1490,53,6,74953.14607475,,,,,,,,,101.18,43.181999999999995,15.804200000000002,83.99589999999999,1.38021,,,probabilistic,,,49,57.0,b763644610a4,uncommitted
r06_fsm_high_fanin,B - FSM fanin,genus,23.12-s086_1,orig,on,6.0,MET,0.016,,,5.313,WALLACE_CSA_DUMMY_OP_groupi_retime_s1_7_reg/D,581,52,8,41660.660864,,,,,,,,,45.9974,14.834200000000001,10.1507,34.7634,1.08333,,,probabilistic,,,29,39.0,b763644610a4,uncommitted
r06_fsm_high_fanin,B - FSM fanin,genus,23.12-s086_1,orig,on,7.8,MET,0.29,,,6.86,retime_s4_1_reg/SE,528,40,7,38995.750724749996,,,,,,,,,31.9293,9.63373,6.65321,24.6351,0.6410260000000001,,,probabilistic,,,27,36.0,b763644610a4,uncommitted
r06_fsm_high_fanin,B - FSM fanin,genus,23.12-s086_1,retimed,off,2.7,VIOLATED,-3.654,,,5.594,red_q_reg[3]/D,2400,10,0,106936.9396135,,,,,,,,,263.801,139.86599999999999,4.23526,259.103,0.462963,,,probabilistic,,,104,114.0,b763644610a4,uncommitted
r06_fsm_high_fanin,B - FSM fanin,genus,23.12-s086_1,retimed,off,3.6,VIOLATED,-2.536,,,5.431,red_q_reg[1]/D,2708,10,0,120013.58164575,,,,,,,,,222.63,117.431,4.19527,218.088,0.34722200000000003,,,probabilistic,,,137,147.0,b763644610a4,uncommitted
r06_fsm_high_fanin,B - FSM fanin,genus,23.12-s086_1,retimed,off,4.8,VIOLATED,-1.518,,,5.58,red_q_reg[2]/D,2502,10,0,111774.1123535,,,,,,,,,153.149,81.12519999999999,2.48127,150.407,0.260417,,,probabilistic,,,96,106.0,b763644610a4,uncommitted
r06_fsm_high_fanin,B - FSM fanin,genus,23.12-s086_1,retimed,off,6.0,VIOLATED,-0.149,,,5.307,red_q_reg[3]/D,2727,10,0,123136.634284,,,,,,,,,133.555,70.3739,2.22572,131.12099999999998,0.208333,,,probabilistic,,,128,137.0,b763644610a4,uncommitted
r06_fsm_high_fanin,B - FSM fanin,genus,23.12-s086_1,retimed,off,7.8,MET,0.001,,,7.073,red_q_reg[3]/D,743,10,0,44604.70790425,,,,,,,,,35.117599999999996,13.843,1.55522,33.4021,0.160256,,,probabilistic,,,26,35.0,b763644610a4,uncommitted
r06_fsm_high_fanin,B - FSM fanin,openroad_syn,,directive,unsupported,2.7,VIOLATED,-33.5165,,,35.8848,,1369,70,,,,,,,,,,,530.054,244.361,,,,,,vectorless,,,1,2.0,b763644610a4,uncommitted
r06_fsm_high_fanin,B - FSM fanin,openroad_syn,,directive,unsupported,3.6,VIOLATED,-32.6165,,,35.8848,,1369,70,,,,,,,,,,,486.263,225.345,,,,,,vectorless,,,1,2.0,b763644610a4,uncommitted
r06_fsm_high_fanin,B - FSM fanin,openroad_syn,,directive,unsupported,4.8,VIOLATED,-31.4165,,,35.8848,,1369,70,,,,,,,,,,,444.761,206.957,,,,,,vectorless,,,2,2.0,b763644610a4,uncommitted
r06_fsm_high_fanin,B - FSM fanin,openroad_syn,,directive,unsupported,6.0,VIOLATED,-30.2165,,,35.8848,,1369,70,,,,,,,,,,,409.36899999999997,190.737,,,,,,vectorless,,,2,2.0,b763644610a4,uncommitted
r06_fsm_high_fanin,B - FSM fanin,openroad_syn,,directive,unsupported,7.8,VIOLATED,-28.4165,,,35.8848,,1369,70,,,,,,,,,,,368.548,171.882,,,,,,vectorless,,,1,2.0,b763644610a4,uncommitted
r06_fsm_high_fanin,B - FSM fanin,openroad_syn,,orig,unsupported,2.7,VIOLATED,-33.5165,,,35.8848,,1369,70,,,,,,,,,,,530.054,244.361,,,,,,vectorless,,,1,2.0,b763644610a4,uncommitted
r06_fsm_high_fanin,B - FSM fanin,openroad_syn,,orig,unsupported,3.6,VIOLATED,-32.6165,,,35.8848,,1369,70,,,,,,,,,,,486.263,225.345,,,,,,vectorless,,,2,2.0,b763644610a4,uncommitted
r06_fsm_high_fanin,B - FSM fanin,openroad_syn,,orig,unsupported,4.8,VIOLATED,-31.4165,,,35.8848,,1369,70,,,,,,,,,,,444.761,206.957,,,,,,vectorless,,,1,2.0,b763644610a4,uncommitted
r06_fsm_high_fanin,B - FSM fanin,openroad_syn,,orig,unsupported,6.0,VIOLATED,-30.2165,,,35.8848,,1369,70,,,,,,,,,,,409.36899999999997,190.737,,,,,,vectorless,,,1,2.0,b763644610a4,uncommitted
r06_fsm_high_fanin,B - FSM fanin,openroad_syn,,orig,unsupported,7.8,VIOLATED,-28.4165,,,35.8848,,1369,70,,,,,,,,,,,368.548,171.882,,,,,,vectorless,,,1,2.0,b763644610a4,uncommitted
r06_fsm_high_fanin,B - FSM fanin,openroad_syn,,retimed,unsupported,2.7,VIOLATED,-32.5147,,,34.9002,,1235,10,,,,,,,,,,,699.0690000000001,331.68199999999996,,,,,,vectorless,,,1,2.0,b763644610a4,uncommitted
r06_fsm_high_fanin,B - FSM fanin,openroad_syn,,retimed,unsupported,3.6,VIOLATED,-31.6147,,,34.9002,,1235,10,,,,,,,,,,,657.198,311.71999999999997,,,,,,vectorless,,,1,2.0,b763644610a4,uncommitted
r06_fsm_high_fanin,B - FSM fanin,openroad_syn,,retimed,unsupported,4.8,VIOLATED,-30.4147,,,34.9002,,1235,10,,,,,,,,,,,615.521,291.77500000000003,,,,,,vectorless,,,1,2.0,b763644610a4,uncommitted
r06_fsm_high_fanin,B - FSM fanin,openroad_syn,,retimed,unsupported,6.0,VIOLATED,-29.2147,,,34.9002,,1235,10,,,,,,,,,,,588.266,278.752,,,,,,vectorless,,,1,2.0,b763644610a4,uncommitted
r06_fsm_high_fanin,B - FSM fanin,openroad_syn,,retimed,unsupported,7.8,VIOLATED,-27.4147,,,34.9002,,1235,10,,,,,,,,,,,552.729,261.582,,,,,,vectorless,,,1,2.0,b763644610a4,uncommitted
r06_fsm_high_fanin,B - FSM fanin,vivado,2023.1,directive,on,5.2,VIOLATED,-5.004,-5.004,paths ending at a register (pad delay excluded),,,,,,,,,,,,,,,106.0,,,,,,,vectorless,237,70,33,41.0,,
r06_fsm_high_fanin,B - FSM fanin,vivado,2023.1,directive,on,6.4,VIOLATED,-3.702,-3.702,paths ending at a register (pad delay excluded),,,,,,,,,,,,,,,103.0,,,,,,,vectorless,237,71,34,41.0,,
r06_fsm_high_fanin,B - FSM fanin,vivado,2023.1,directive,on,8.0,VIOLATED,-1.878,-1.878,paths ending at a register (pad delay excluded),,,,,,,,,,,,,,,101.0,,,,,,,vectorless,237,70,32,42.0,,
r06_fsm_high_fanin,B - FSM fanin,vivado,2023.1,directive,on,9.6,VIOLATED,-0.164,-0.164,paths ending at a register (pad delay excluded),,,,,,,,,,,,,,,100.0,,,,,,,vectorless,239,71,34,42.0,,
r06_fsm_high_fanin,B - FSM fanin,vivado,2023.1,directive,on,12.0,MET,0.679,0.679,paths ending at a register (pad delay excluded),,,,,,,,,,,,,,,98.0,,,,,,,vectorless,234,70,31,39.0,,
r06_fsm_high_fanin,B - FSM fanin,vivado,2023.1,orig,off,5.2,VIOLATED,-5.004,-5.004,paths ending at a register (pad delay excluded),,,,,,,,,,,,,,,106.0,,,,,,,vectorless,237,70,33,42.0,,
r06_fsm_high_fanin,B - FSM fanin,vivado,2023.1,orig,off,6.4,VIOLATED,-3.702,-3.702,paths ending at a register (pad delay excluded),,,,,,,,,,,,,,,103.0,,,,,,,vectorless,237,71,34,43.0,,
r06_fsm_high_fanin,B - FSM fanin,vivado,2023.1,orig,off,8.0,VIOLATED,-1.878,-1.878,paths ending at a register (pad delay excluded),,,,,,,,,,,,,,,101.0,,,,,,,vectorless,237,70,32,40.0,,
r06_fsm_high_fanin,B - FSM fanin,vivado,2023.1,orig,off,9.6,VIOLATED,-0.164,-0.164,paths ending at a register (pad delay excluded),,,,,,,,,,,,,,,100.0,,,,,,,vectorless,239,71,34,44.0,,
r06_fsm_high_fanin,B - FSM fanin,vivado,2023.1,orig,off,12.0,MET,0.679,0.679,paths ending at a register (pad delay excluded),,,,,,,,,,,,,,,98.0,,,,,,,vectorless,234,70,30,41.0,,
r06_fsm_high_fanin,B - FSM fanin,vivado,2023.1,orig,on,5.2,VIOLATED,-5.004,-5.004,paths ending at a register (pad delay excluded),,,,,,,,,,,,,,,106.0,,,,,,,vectorless,237,70,35,44.0,,
r06_fsm_high_fanin,B - FSM fanin,vivado,2023.1,orig,on,6.4,VIOLATED,-3.702,-3.702,paths ending at a register (pad delay excluded),,,,,,,,,,,,,,,103.0,,,,,,,vectorless,237,71,36,45.0,,
r06_fsm_high_fanin,B - FSM fanin,vivado,2023.1,orig,on,8.0,VIOLATED,-1.878,-1.878,paths ending at a register (pad delay excluded),,,,,,,,,,,,,,,101.0,,,,,,,vectorless,237,70,32,40.0,,
r06_fsm_high_fanin,B - FSM fanin,vivado,2023.1,orig,on,9.6,VIOLATED,-0.164,-0.164,paths ending at a register (pad delay excluded),,,,,,,,,,,,,,,100.0,,,,,,,vectorless,239,71,33,41.0,,
r06_fsm_high_fanin,B - FSM fanin,vivado,2023.1,orig,on,12.0,MET,0.679,0.679,paths ending at a register (pad delay excluded),,,,,,,,,,,,,,,98.0,,,,,,,vectorless,234,70,30,38.0,,
r06_fsm_high_fanin,B - FSM fanin,vivado,2023.1,retimed,off,5.2,VIOLATED,-2.268,-2.268,paths ending at a register (pad delay excluded),,,,,,,,,,,,,,,105.0,,,,,,,vectorless,244,13,34,41.0,,
r06_fsm_high_fanin,B - FSM fanin,vivado,2023.1,retimed,off,6.4,VIOLATED,-0.917,-0.917,paths ending at a register (pad delay excluded),,,,,,,,,,,,,,,103.0,,,,,,,vectorless,244,13,32,40.0,,
r06_fsm_high_fanin,B - FSM fanin,vivado,2023.1,retimed,off,8.0,VIOLATED,-0.026,-0.026,paths ending at a register (pad delay excluded),,,,,,,,,,,,,,,100.0,,,,,,,vectorless,244,13,78,86.0,,
r06_fsm_high_fanin,B - FSM fanin,vivado,2023.1,retimed,off,9.6,MET,1.006,1.006,paths ending at a register (pad delay excluded),,,,,,,,,,,,,,,99.0,,,,,,,vectorless,235,13,83,94.0,,
r06_fsm_high_fanin,B - FSM fanin,vivado,2023.1,retimed,off,12.0,MET,2.199,2.199,paths ending at a register (pad delay excluded),,,,,,,,,,,,,,,97.0,,,,,,,vectorless,235,10,28,36.0,,
r06_fsm_high_fanin,B - FSM fanin,yosys,0.58,directive,off,6.0,VIOLATED,-6.2119,,,11.8551,_1901_,1091,70,,30210.9696,,,,,,,,,186.0,73.80000000000001,,,,,,vectorless,,,2.0,3.0,,
r06_fsm_high_fanin,B - FSM fanin,yosys,0.58,directive,on,2.7,VIOLATED,-6.0541,,,8.4411,_3739_,1161,70,,41314.2912,,,,,,,,,240.0,119.0,,,,,,vectorless,,,1.0,3.0,b763644610a4,uncommitted
r06_fsm_high_fanin,B - FSM fanin,yosys,0.58,directive,on,3.6,VIOLATED,-5.1541,,,8.4411,_3739_,1161,70,,41314.2912,,,,,,,,,181.0,89.39999999999999,,,,,,vectorless,,,2.0,3.0,b763644610a4,uncommitted
r06_fsm_high_fanin,B - FSM fanin,yosys,0.58,directive,on,4.8,VIOLATED,-3.9541,,,8.4411,_3739_,1161,70,,41314.2912,,,,,,,,,136.0,67.10000000000001,,,,,,vectorless,,,2.0,3.0,b763644610a4,uncommitted
r06_fsm_high_fanin,B - FSM fanin,yosys,0.58,directive,on,6.0,VIOLATED,-2.7541,,,8.4411,_3739_,1161,70,,41314.2912,,,,,,,,,108.0,53.699999999999996,,,,,,vectorless,,,2.0,3.0,b763644610a4,uncommitted
r06_fsm_high_fanin,B - FSM fanin,yosys,0.58,directive,on,7.8,VIOLATED,-0.9541,,,8.4411,_3739_,1161,70,,41314.2912,,,,,,,,,83.4,41.300000000000004,,,,,,vectorless,,,1.0,2.0,b763644610a4,uncommitted
r06_fsm_high_fanin,B - FSM fanin,yosys,0.58,orig,off,2.7,VIOLATED,-9.5119,,,11.8551,_1901_,1091,70,,30210.9696,,,,,,,,,263.0,103.0,,,,,,vectorless,,,2.0,3.0,b763644610a4,uncommitted
r06_fsm_high_fanin,B - FSM fanin,yosys,0.58,orig,off,3.6,VIOLATED,-8.6119,,,11.8551,_1901_,1091,70,,30210.9696,,,,,,,,,231.0,90.7,,,,,,vectorless,,,1.0,2.0,b763644610a4,uncommitted
r06_fsm_high_fanin,B - FSM fanin,yosys,0.58,orig,off,4.8,VIOLATED,-7.4119,,,11.8551,_1901_,1091,70,,30210.9696,,,,,,,,,204.0,80.5,,,,,,vectorless,,,2.0,3.0,b763644610a4,uncommitted
r06_fsm_high_fanin,B - FSM fanin,yosys,0.58,orig,off,6.0,VIOLATED,-6.2119,,,11.8551,_1901_,1091,70,,30210.9696,,,,,,,,,186.0,73.80000000000001,,,,,,vectorless,,,1.0,2.0,b763644610a4,uncommitted
r06_fsm_high_fanin,B - FSM fanin,yosys,0.58,orig,off,7.8,VIOLATED,-4.4119,,,11.8551,_1901_,1091,70,,30210.9696,,,,,,,,,164.0,65.3,,,,,,vectorless,,,1.0,2.0,b763644610a4,uncommitted
r06_fsm_high_fanin,B - FSM fanin,yosys,0.58,orig,on,2.7,VIOLATED,-6.0541,,,8.4411,_3739_,1161,70,,41314.2912,,,,,,,,,240.0,119.0,,,,,,vectorless,,,2.0,3.0,b763644610a4,uncommitted
r06_fsm_high_fanin,B - FSM fanin,yosys,0.58,orig,on,3.6,VIOLATED,-5.1541,,,8.4411,_3739_,1161,70,,41314.2912,,,,,,,,,181.0,89.39999999999999,,,,,,vectorless,,,2.0,3.0,b763644610a4,uncommitted
r06_fsm_high_fanin,B - FSM fanin,yosys,0.58,orig,on,4.8,VIOLATED,-3.9541,,,8.4411,_3739_,1161,70,,41314.2912,,,,,,,,,136.0,67.10000000000001,,,,,,vectorless,,,2.0,3.0,b763644610a4,uncommitted
r06_fsm_high_fanin,B - FSM fanin,yosys,0.58,orig,on,6.0,VIOLATED,-2.7541,,,8.4411,_3739_,1161,70,,41314.2912,,,,,,,,,108.0,53.699999999999996,,,,,,vectorless,,,2.0,3.0,b763644610a4,uncommitted
r06_fsm_high_fanin,B - FSM fanin,yosys,0.58,orig,on,7.8,VIOLATED,-0.9541,,,8.4411,_3739_,1161,70,,41314.2912,,,,,,,,,83.4,41.300000000000004,,,,,,vectorless,,,2.0,3.0,b763644610a4,uncommitted
r06_fsm_high_fanin,B - FSM fanin,yosys,0.58,retimed,off,2.7,VIOLATED,-9.1874,,,11.5773,_1683_,1027,10,,23496.48,,,,,,,,,257.0,106.0,,,,,,vectorless,,,1.0,2.0,b763644610a4,uncommitted
r06_fsm_high_fanin,B - FSM fanin,yosys,0.58,retimed,off,3.6,VIOLATED,-8.2874,,,11.5773,_1683_,1027,10,,23496.48,,,,,,,,,226.0,93.0,,,,,,vectorless,,,1.0,2.0,b763644610a4,uncommitted
r06_fsm_high_fanin,B - FSM fanin,yosys,0.58,retimed,off,4.8,VIOLATED,-7.0874,,,11.5773,_1683_,1027,10,,23496.48,,,,,,,,,199.0,81.19999999999999,,,,,,vectorless,,,1.0,2.0,b763644610a4,uncommitted
r06_fsm_high_fanin,B - FSM fanin,yosys,0.58,retimed,off,6.0,VIOLATED,-5.8874,,,11.5773,_1683_,1027,10,,23496.48,,,,,,,,,181.0,73.4,,,,,,vectorless,,,1.0,2.0,b763644610a4,uncommitted
r06_fsm_high_fanin,B - FSM fanin,yosys,0.58,retimed,off,7.8,VIOLATED,-4.0874,,,11.5773,_1683_,1027,10,,23496.48,,,,,,,,,161.0,64.9,,,,,,vectorless,,,1.0,2.0,b763644610a4,uncommitted
r06_fsm_high_fanin,B - FSM fanin,yosys,0.58,retimed,on,6.0,VIOLATED,-1.7626,,,7.4494,_3510_,1037,10,,36287.5968,,,,,,,,,104.0,54.199999999999996,,,,,,vectorless,,,2.0,4.0,,
r08_fsm_output_decode,B - FSM output decode,genus,23.12-s086_1,directive,off,2.7,VIOLATED,-0.917,,,3.374,retime_s3_5_reg/D,739,48,48,34491.40218175,,,,,,,,,101.476,44.4881,21.8652,77.3881,2.22222,,,probabilistic,,,56,65.0,ee0a40a8de63,uncommitted
r08_fsm_output_decode,B - FSM output decode,genus,23.12-s086_1,directive,off,3.6,VIOLATED,-0.014,,,3.214,dout[14],654,49,49,31545.94499475,,,,,,,,,67.0426,28.5452,15.581199999999999,49.7579,1.7034699999999998,,,probabilistic,,,48,56.0,ee0a40a8de63,uncommitted
r08_fsm_output_decode,B - FSM output decode,genus,23.12-s086_1,directive,off,4.8,MET,0.006,,,4.394,dout[10],364,49,48,18846.55948275,,,,,,,,,31.923199999999998,10.8262,11.0251,19.622,1.27604,,,probabilistic,,,18,27.0,ee0a40a8de63,uncommitted
r08_fsm_output_decode,B - FSM output decode,genus,23.12-s086_1,directive,off,6.0,MET,0.02,,,5.58,dout[14],313,45,44,16818.912602,,,,,,,,,22.4665,6.99423,7.74132,13.7877,0.9375,,,probabilistic,,,17,27.0,ee0a40a8de63,uncommitted
r08_fsm_output_decode,B - FSM output decode,genus,23.12-s086_1,directive,off,7.8,MET,0.045,,,7.355,dout[13],290,43,40,16018.678040499999,,,,,,,,,17.061799999999998,5.21633,5.66163,10.7111,0.689103,,,probabilistic,,,17,26.0,ee0a40a8de63,uncommitted
r08_fsm_output_decode,B - FSM output decode,genus,23.12-s086_1,orig,off,2.7,VIOLATED,-3.643,,,6.057,out_q_reg[12]/D,678,38,0,30874.73090775,,,,,,,,,90.74210000000001,39.824,17.564300000000003,71.4186,1.7592599999999998,,,probabilistic,,,64,72.0,ee0a40a8de63,uncommitted
r08_fsm_output_decode,B - FSM output decode,genus,23.12-s086_1,orig,off,3.6,VIOLATED,-2.701,,,6.016,out_q_reg[14]/D,654,38,0,29678.46876525,,,,,,,,,64.5736,28.5649,12.8331,50.421,1.3194400000000002,,,probabilistic,,,68,78.0,ee0a40a8de63,uncommitted
r08_fsm_output_decode,B - FSM output decode,genus,23.12-s086_1,orig,off,4.8,VIOLATED,-1.516,,,6.064,out_q_reg[9]/D,664,38,0,30585.329703,,,,,,,,,52.9704,23.0582,9.93187,42.0489,0.989583,,,probabilistic,,,76,84.0,ee0a40a8de63,uncommitted
r08_fsm_output_decode,B - FSM output decode,genus,23.12-s086_1,orig,off,6.0,VIOLATED,-0.357,,,6.071,out_q_reg[15]/D,674,38,0,30797.628820500002,,,,,,,,,42.2181,18.476599999999998,7.969600000000001,33.4568,0.791667,,,probabilistic,,,71,81.0,ee0a40a8de63,uncommitted
r08_fsm_output_decode,B - FSM output decode,genus,23.12-s086_1,orig,off,7.8,MET,0.001,,,7.515,out_q_reg[13]/D,405,38,0,19516.15478975,,,,,,,,,20.0079,8.02444,5.129930000000001,14.269,0.608974,,,probabilistic,,,15,24.0,ee0a40a8de63,uncommitted
r08_fsm_output_decode,B - FSM output decode,genus,23.12-s086_1,orig,on,2.7,VIOLATED,-0.917,,,3.374,retime_s3_5_reg/D,739,48,48,34491.40218175,,,,,,,,,101.476,44.4881,21.8652,77.3881,2.22222,,,probabilistic,,,56,65.0,ee0a40a8de63,uncommitted
r08_fsm_output_decode,B - FSM output decode,genus,23.12-s086_1,orig,on,3.6,VIOLATED,-0.014,,,3.214,dout[14],654,49,49,31545.94499475,,,,,,,,,67.0426,28.5452,15.581199999999999,49.7579,1.7034699999999998,,,probabilistic,,,47,56.0,ee0a40a8de63,uncommitted
r08_fsm_output_decode,B - FSM output decode,genus,23.12-s086_1,orig,on,4.8,MET,0.006,,,4.394,dout[10],364,49,48,18846.55948275,,,,,,,,,31.923199999999998,10.8262,11.0251,19.622,1.27604,,,probabilistic,,,18,27.0,ee0a40a8de63,uncommitted
r08_fsm_output_decode,B - FSM output decode,genus,23.12-s086_1,orig,on,6.0,MET,0.02,,,5.58,dout[14],313,45,44,16818.912602,,,,,,,,,22.4665,6.99423,7.74132,13.7877,0.9375,,,probabilistic,,,18,26.0,ee0a40a8de63,uncommitted
r08_fsm_output_decode,B - FSM output decode,genus,23.12-s086_1,orig,on,7.8,MET,0.045,,,7.355,dout[13],290,43,40,16018.678040499999,,,,,,,,,17.061799999999998,5.21633,5.66163,10.7111,0.689103,,,probabilistic,,,16,25.0,ee0a40a8de63,uncommitted
r08_fsm_output_decode,B - FSM output decode,genus,23.12-s086_1,retimed,off,2.7,VIOLATED,-1.171,,,3.471,dout[14],638,38,0,29663.590004749996,,,,,,,,,76.6127,33.791000000000004,15.9854,58.8681,1.7592599999999998,,,probabilistic,,,35,43.0,ee0a40a8de63,uncommitted
r08_fsm_output_decode,B - FSM output decode,genus,23.12-s086_1,retimed,off,3.6,VIOLATED,-0.213,,,3.413,dout[14],713,38,0,32423.708171,,,,,,,,,61.641799999999996,27.274900000000002,11.6397,48.6826,1.3194400000000002,,,probabilistic,,,37,46.0,ee0a40a8de63,uncommitted
r08_fsm_output_decode,B - FSM output decode,genus,23.12-s086_1,retimed,off,4.8,MET,0.002,,,4.398,dout[15],367,38,0,18330.29173875,,,,,,,,,27.645,10.3859,7.75617,18.8993,0.989583,,,probabilistic,,,8,17.0,ee0a40a8de63,uncommitted
r08_fsm_output_decode,B - FSM output decode,genus,23.12-s086_1,retimed,off,6.0,MET,0.005,,,5.595,dout[15],287,38,0,15592.40898025,,,,,,,,,18.881800000000002,6.01944,6.0266399999999996,12.0634,0.791667,,,probabilistic,,,7,15.0,ee0a40a8de63,uncommitted
r08_fsm_output_decode,B - FSM output decode,genus,23.12-s086_1,retimed,off,7.8,MET,0.016,,,7.544,mid_q_reg[15]/D,271,38,0,14848.909155250001,,,,,,,,,14.1572,4.2584,4.63446,8.91378,0.608974,,,probabilistic,,,6,15.0,ee0a40a8de63,uncommitted
r08_fsm_output_decode,B - FSM output decode,openroad_syn,,directive,unsupported,2.7,VIOLATED,-13.8472,,,16.2042,,279,38,,,,,,,,,,,25.6299,7.00615,,,,,,vectorless,,,0,1.0,ee0a40a8de63,uncommitted
r08_fsm_output_decode,B - FSM output decode,openroad_syn,,directive,unsupported,3.6,VIOLATED,-12.9472,,,16.2042,,279,38,,,,,,,,,,,19.2225,5.25462,,,,,,vectorless,,,0,1.0,ee0a40a8de63,uncommitted
r08_fsm_output_decode,B - FSM output decode,openroad_syn,,directive,unsupported,4.8,VIOLATED,-11.7472,,,16.2042,,279,38,,,,,,,,,,,14.4169,3.9409600000000005,,,,,,vectorless,,,0,2.0,ee0a40a8de63,uncommitted
r08_fsm_output_decode,B - FSM output decode,openroad_syn,,directive,unsupported,6.0,VIOLATED,-10.5472,,,16.2042,,279,38,,,,,,,,,,,11.5335,3.15277,,,,,,vectorless,,,0,1.0,ee0a40a8de63,uncommitted
r08_fsm_output_decode,B - FSM output decode,openroad_syn,,directive,unsupported,7.8,VIOLATED,-8.7472,,,16.2042,,279,38,,,,,,,,,,,8.87192,2.4252100000000003,,,,,,vectorless,,,1,1.0,ee0a40a8de63,uncommitted
r08_fsm_output_decode,B - FSM output decode,openroad_syn,,orig,unsupported,2.7,VIOLATED,-13.8472,,,16.2042,,279,38,,,,,,,,,,,25.6299,7.00615,,,,,,vectorless,,,1,2.0,ee0a40a8de63,uncommitted
r08_fsm_output_decode,B - FSM output decode,openroad_syn,,orig,unsupported,3.6,VIOLATED,-12.9472,,,16.2042,,279,38,,,,,,,,,,,19.2225,5.25462,,,,,,vectorless,,,0,2.0,ee0a40a8de63,uncommitted
r08_fsm_output_decode,B - FSM output decode,openroad_syn,,orig,unsupported,4.8,VIOLATED,-11.7472,,,16.2042,,279,38,,,,,,,,,,,14.4169,3.9409600000000005,,,,,,vectorless,,,0,2.0,ee0a40a8de63,uncommitted
r08_fsm_output_decode,B - FSM output decode,openroad_syn,,orig,unsupported,6.0,VIOLATED,-10.5472,,,16.2042,,279,38,,,,,,,,,,,11.5335,3.15277,,,,,,vectorless,,,0,1.0,ee0a40a8de63,uncommitted
r08_fsm_output_decode,B - FSM output decode,openroad_syn,,orig,unsupported,7.8,VIOLATED,-8.7472,,,16.2042,,279,38,,,,,,,,,,,8.87192,2.4252100000000003,,,,,,vectorless,,,1,1.0,ee0a40a8de63,uncommitted
r08_fsm_output_decode,B - FSM output decode,openroad_syn,,retimed,unsupported,2.7,VIOLATED,-6.6409,,,8.9409,,282,38,,,,,,,,,,,20.4719,5.35039,,,,,,vectorless,,,0,2.0,ee0a40a8de63,uncommitted
r08_fsm_output_decode,B - FSM output decode,openroad_syn,,retimed,unsupported,3.6,VIOLATED,-5.7409,,,8.9409,,282,38,,,,,,,,,,,15.3539,4.01279,,,,,,vectorless,,,0,1.0,ee0a40a8de63,uncommitted
r08_fsm_output_decode,B - FSM output decode,openroad_syn,,retimed,unsupported,4.8,VIOLATED,-4.5409,,,8.9409,,282,38,,,,,,,,,,,11.5155,3.0095899999999998,,,,,,vectorless,,,0,1.0,ee0a40a8de63,uncommitted
r08_fsm_output_decode,B - FSM output decode,openroad_syn,,retimed,unsupported,6.0,VIOLATED,-3.3409,,,8.9409,,282,38,,,,,,,,,,,9.21238,2.40768,,,,,,vectorless,,,0,1.0,ee0a40a8de63,uncommitted
r08_fsm_output_decode,B - FSM output decode,openroad_syn,,retimed,unsupported,7.8,VIOLATED,-1.5409,,,8.9409,,282,38,,,,,,,,,,,7.08646,1.85206,,,,,,vectorless,,,0,1.0,ee0a40a8de63,uncommitted
r08_fsm_output_decode,B - FSM output decode,vivado,2023.1,directive,on,5.2,VIOLATED,-6.167,-6.167,paths ending at a register (pad delay excluded),,,,,,,,,,,,,,,125.0,,,,,,,vectorless,80,39,29,40.0,,
r08_fsm_output_decode,B - FSM output decode,vivado,2023.1,directive,on,6.4,VIOLATED,-4.726,-4.726,paths ending at a register (pad delay excluded),,,,,,,,,,,,,,,118.0,,,,,,,vectorless,80,39,29,41.0,,
r08_fsm_output_decode,B - FSM output decode,vivado,2023.1,directive,on,8.0,VIOLATED,-3.367,-3.367,paths ending at a register (pad delay excluded),,,,,,,,,,,,,,,113.0,,,,,,,vectorless,80,39,29,41.0,,
r08_fsm_output_decode,B - FSM output decode,vivado,2023.1,directive,on,9.6,VIOLATED,-1.508,-1.508,paths ending at a register (pad delay excluded),,,,,,,,,,,,,,,109.0,,,,,,,vectorless,80,39,29,41.0,,
r08_fsm_output_decode,B - FSM output decode,vivado,2023.1,directive,on,12.0,MET,0.603,0.603,paths ending at a register (pad delay excluded),,,,,,,,,,,,,,,106.0,,,,,,,vectorless,80,38,27,39.0,,
r08_fsm_output_decode,B - FSM output decode,vivado,2023.1,orig,off,5.2,VIOLATED,-6.167,-6.167,paths ending at a register (pad delay excluded),,,,,,,,,,,,,,,125.0,,,,,,,vectorless,80,39,29,37.0,,
r08_fsm_output_decode,B - FSM output decode,vivado,2023.1,orig,off,6.4,VIOLATED,-4.726,-4.726,paths ending at a register (pad delay excluded),,,,,,,,,,,,,,,118.0,,,,,,,vectorless,80,39,29,38.0,,
r08_fsm_output_decode,B - FSM output decode,vivado,2023.1,orig,off,8.0,VIOLATED,-3.367,-3.367,paths ending at a register (pad delay excluded),,,,,,,,,,,,,,,113.0,,,,,,,vectorless,80,39,29,39.0,,
r08_fsm_output_decode,B - FSM output decode,vivado,2023.1,orig,off,9.6,VIOLATED,-1.508,-1.508,paths ending at a register (pad delay excluded),,,,,,,,,,,,,,,109.0,,,,,,,vectorless,80,39,30,41.0,,
r08_fsm_output_decode,B - FSM output decode,vivado,2023.1,orig,off,12.0,MET,0.603,0.603,paths ending at a register (pad delay excluded),,,,,,,,,,,,,,,106.0,,,,,,,vectorless,80,38,29,41.0,,
r08_fsm_output_decode,B - FSM output decode,vivado,2023.1,orig,on,5.2,VIOLATED,-6.167,-6.167,paths ending at a register (pad delay excluded),,,,,,,,,,,,,,,125.0,,,,,,,vectorless,80,39,30,38.0,,
r08_fsm_output_decode,B - FSM output decode,vivado,2023.1,orig,on,6.4,VIOLATED,-4.726,-4.726,paths ending at a register (pad delay excluded),,,,,,,,,,,,,,,118.0,,,,,,,vectorless,80,39,30,39.0,,
r08_fsm_output_decode,B - FSM output decode,vivado,2023.1,orig,on,8.0,VIOLATED,-3.367,-3.367,paths ending at a register (pad delay excluded),,,,,,,,,,,,,,,113.0,,,,,,,vectorless,80,39,30,40.0,,
r08_fsm_output_decode,B - FSM output decode,vivado,2023.1,orig,on,9.6,VIOLATED,-1.508,-1.508,paths ending at a register (pad delay excluded),,,,,,,,,,,,,,,109.0,,,,,,,vectorless,80,39,30,38.0,,
r08_fsm_output_decode,B - FSM output decode,vivado,2023.1,orig,on,12.0,MET,0.603,0.603,paths ending at a register (pad delay excluded),,,,,,,,,,,,,,,106.0,,,,,,,vectorless,80,38,27,35.0,,
r08_fsm_output_decode,B - FSM output decode,vivado,2023.1,retimed,off,5.2,VIOLATED,-2.179,-2.179,paths ending at a register (pad delay excluded),,,,,,,,,,,,,,,125.0,,,,,,,vectorless,80,38,33,47.0,,
r08_fsm_output_decode,B - FSM output decode,vivado,2023.1,retimed,off,6.4,VIOLATED,-0.89,-0.89,paths ending at a register (pad delay excluded),,,,,,,,,,,,,,,119.0,,,,,,,vectorless,80,38,32,46.0,,
r08_fsm_output_decode,B - FSM output decode,vivado,2023.1,retimed,off,8.0,MET,0.088,0.088,paths ending at a register (pad delay excluded),,,,,,,,,,,,,,,113.0,,,,,,,vectorless,80,38,29,37.0,,
r08_fsm_output_decode,B - FSM output decode,vivado,2023.1,retimed,off,9.6,MET,1.483,1.483,paths ending at a register (pad delay excluded),,,,,,,,,,,,,,,109.0,,,,,,,vectorless,80,38,30,37.0,,
r08_fsm_output_decode,B - FSM output decode,vivado,2023.1,retimed,off,12.0,MET,3.61,3.61,paths ending at a register (pad delay excluded),,,,,,,,,,,,,,,106.0,,,,,,,vectorless,80,38,30,37.0,,
r08_fsm_output_decode,B - FSM output decode,yosys,0.58,directive,off,6.0,VIOLATED,-6.5944,,,12.2498,_515_,342,38,,8760.7296,,,,,,,,,15.100000000000001,4.67,,,,,,vectorless,,,1.0,2.0,,
r08_fsm_output_decode,B - FSM output decode,yosys,0.58,directive,on,2.7,VIOLATED,-4.878,,,7.2805,_876_,380,38,,12720.5568,,,,,,,,,34.2,12.6,,,,,,vectorless,,,1.0,2.0,ee0a40a8de63,uncommitted
r08_fsm_output_decode,B - FSM output decode,yosys,0.58,directive,on,3.6,VIOLATED,-3.978,,,7.2805,_876_,380,38,,12720.5568,,,,,,,,,25.6,9.440000000000001,,,,,,vectorless,,,2.0,2.0,ee0a40a8de63,uncommitted
r08_fsm_output_decode,B - FSM output decode,yosys,0.58,directive,on,4.8,VIOLATED,-2.778,,,7.2805,_876_,380,38,,12720.5568,,,,,,,,,19.2,7.08,,,,,,vectorless,,,1.0,2.0,ee0a40a8de63,uncommitted
r08_fsm_output_decode,B - FSM output decode,yosys,0.58,directive,on,6.0,VIOLATED,-1.578,,,7.2805,_876_,380,38,,12720.5568,,,,,,,,,15.4,5.66,,,,,,vectorless,,,1.0,2.0,ee0a40a8de63,uncommitted
r08_fsm_output_decode,B - FSM output decode,yosys,0.58,directive,on,7.8,MET,0.222,,,7.2805,_876_,380,38,,12720.5568,,,,,,,,,11.799999999999999,4.36,,,,,,vectorless,,,1.0,2.0,ee0a40a8de63,uncommitted
r08_fsm_output_decode,B - FSM output decode,yosys,0.58,orig,off,2.7,VIOLATED,-9.8944,,,12.2498,_515_,342,38,,8760.7296,,,,,,,,,33.6,10.4,,,,,,vectorless,,,1.0,2.0,ee0a40a8de63,uncommitted
r08_fsm_output_decode,B - FSM output decode,yosys,0.58,orig,off,3.6,VIOLATED,-8.9944,,,12.2498,_515_,342,38,,8760.7296,,,,,,,,,25.2,7.779999999999999,,,,,,vectorless,,,1.0,1.0,ee0a40a8de63,uncommitted
r08_fsm_output_decode,B - FSM output decode,yosys,0.58,orig,off,4.8,VIOLATED,-7.7944,,,12.2498,_515_,342,38,,8760.7296,,,,,,,,,18.9,5.83,,,,,,vectorless,,,1.0,2.0,ee0a40a8de63,uncommitted
r08_fsm_output_decode,B - FSM output decode,yosys,0.58,orig,off,6.0,VIOLATED,-6.5944,,,12.2498,_515_,342,38,,8760.7296,,,,,,,,,15.100000000000001,4.67,,,,,,vectorless,,,1.0,2.0,ee0a40a8de63,uncommitted
r08_fsm_output_decode,B - FSM output decode,yosys,0.58,orig,off,7.8,VIOLATED,-4.7944,,,12.2498,_515_,342,38,,8760.7296,,,,,,,,,11.6,3.59,,,,,,vectorless,,,1.0,2.0,ee0a40a8de63,uncommitted
r08_fsm_output_decode,B - FSM output decode,yosys,0.58,orig,on,2.7,VIOLATED,-4.878,,,7.2805,_876_,380,38,,12720.5568,,,,,,,,,34.2,12.6,,,,,,vectorless,,,1.0,2.0,ee0a40a8de63,uncommitted
r08_fsm_output_decode,B - FSM output decode,yosys,0.58,orig,on,3.6,VIOLATED,-3.978,,,7.2805,_876_,380,38,,12720.5568,,,,,,,,,25.6,9.440000000000001,,,,,,vectorless,,,1.0,2.0,ee0a40a8de63,uncommitted
r08_fsm_output_decode,B - FSM output decode,yosys,0.58,orig,on,4.8,VIOLATED,-2.778,,,7.2805,_876_,380,38,,12720.5568,,,,,,,,,19.2,7.08,,,,,,vectorless,,,1.0,2.0,ee0a40a8de63,uncommitted
r08_fsm_output_decode,B - FSM output decode,yosys,0.58,orig,on,6.0,VIOLATED,-1.578,,,7.2805,_876_,380,38,,12720.5568,,,,,,,,,15.4,5.66,,,,,,vectorless,,,1.0,2.0,ee0a40a8de63,uncommitted
r08_fsm_output_decode,B - FSM output decode,yosys,0.58,orig,on,7.8,MET,0.222,,,7.2805,_876_,380,38,,12720.5568,,,,,,,,,11.799999999999999,4.36,,,,,,vectorless,,,1.0,2.0,ee0a40a8de63,uncommitted
r08_fsm_output_decode,B - FSM output decode,yosys,0.58,retimed,off,2.7,VIOLATED,-4.7007,,,7.0007,dout[15],343,38,,8453.088,,,,,,,,,23.599999999999998,6.680000000000001,,,,,,vectorless,,,1.0,2.0,ee0a40a8de63,uncommitted
r08_fsm_output_decode,B - FSM output decode,yosys,0.58,retimed,off,3.6,VIOLATED,-3.8007,,,7.0007,dout[15],343,38,,8453.088,,,,,,,,,17.7,5.01,,,,,,vectorless,,,1.0,2.0,ee0a40a8de63,uncommitted
r08_fsm_output_decode,B - FSM output decode,yosys,0.58,retimed,off,4.8,VIOLATED,-2.6007,,,7.0007,dout[15],343,38,,8453.088,,,,,,,,,13.299999999999999,3.76,,,,,,vectorless,,,1.0,2.0,ee0a40a8de63,uncommitted
r08_fsm_output_decode,B - FSM output decode,yosys,0.58,retimed,off,6.0,VIOLATED,-1.4007,,,7.0007,dout[15],343,38,,8453.088,,,,,,,,,10.6,3.0100000000000002,,,,,,vectorless,,,1.0,2.0,ee0a40a8de63,uncommitted
r08_fsm_output_decode,B - FSM output decode,yosys,0.58,retimed,off,7.8,MET,0.3993,,,7.0007,dout[15],343,38,,8453.088,,,,,,,,,8.18,2.31,,,,,,vectorless,,,1.0,2.0,ee0a40a8de63,uncommitted
r08_fsm_output_decode,B - FSM output decode,yosys,0.58,retimed,on,6.0,MET,1.0406,,,4.5594,dout[12],381,38,,11777.8752,,,,,,,,,13.6,4.75,,,,,,vectorless,,,1.0,2.0,,
r09_unbalanced_mult_pipe,C - classical unbalanced pipeline,genus,23.12-s086_1,directive,off,2.4,VIOLATED,-0.543,,,2.203,mul_25_27_retime_s1_29_reg/D,3276,242,27,155996.26461775,,,,,,,,,466.947,186.666,138.429,315.914,12.604199999999999,,,,,,105,114.0,,
r09_unbalanced_mult_pipe,C - classical unbalanced pipeline,genus,23.12-s086_1,directive,off,2.7,VIOLATED,-0.221,,,2.236,mul_25_27_retime_s1_116_reg/D,3205,245,27,154826.60558625,,,,,,,,,400.706,156.85299999999998,116.647,272.717,11.3426,,,probabilistic,,,113,122.0,7dd3f059e7db,uncommitted
r09_unbalanced_mult_pipe,C - classical unbalanced pipeline,genus,23.12-s086_1,directive,off,3.0,MET,0.0,,,2.3,mul_25_27_retime_s1_48_reg/D,2359,240,34,120409.38609375,,,,,,,,,289.688,100.61,95.5659,184.12,10.0025,,,,,,68,76.0,,
r09_unbalanced_mult_pipe,C - classical unbalanced pipeline,genus,23.12-s086_1,directive,off,3.6,MET,0.0,,,3.008,mul_25_27_retime_s1_74_reg/D,1325,247,26,84327.24130950001,,,,,,,,,186.459,53.153800000000004,76.7543,101.128,8.57639,,,probabilistic,,,36,44.0,7dd3f059e7db,uncommitted
r09_unbalanced_mult_pipe,C - classical unbalanced pipeline,genus,23.12-s086_1,directive,off,3.9,MET,0.0,,,3.255,mul_25_27_retime_s1_70_reg/D,1278,242,28,82144.29288475,,,,,,,,,166.908,47.1893,68.9733,90.178,7.75641,,,,,,32,41.0,,
r09_unbalanced_mult_pipe,C - classical unbalanced pipeline,genus,23.12-s086_1,directive,off,4.8,MET,0.001,,,4.076,mul_25_27_retime_s1_30_reg/D,1172,159,13,73643.06646725,,,,,,,,,117.555,36.179,37.445600000000006,75.9684,4.14062,,,probabilistic,,,28,36.0,7dd3f059e7db,uncommitted
r09_unbalanced_mult_pipe,C - classical unbalanced pipeline,genus,23.12-s086_1,directive,off,6.0,MET,0.002,,,5.4,mul_25_27_retime_s1_8_reg/D,1068,143,56,68672.55512425,,,,,,,,,87.3822,25.6948,27.6021,56.8009,2.9791700000000003,,,probabilistic,,,25,33.0,7dd3f059e7db,uncommitted
r09_unbalanced_mult_pipe,C - classical unbalanced pipeline,genus,23.12-s086_1,directive,off,7.8,MET,0.077,,,7.417,add_31_30_retime_s2_48_reg/D,980,147,52,65899.90735125,,,,,,,,,64.60499999999999,17.984099999999998,21.1283,41.1209,2.35577,,,probabilistic,,,22,31.0,7dd3f059e7db,uncommitted
r09_unbalanced_mult_pipe,C - classical unbalanced pipeline,genus,23.12-s086_1,directive,off,9.6,MET,0.006,,,9.362,add_31_30_retime_s2_29_reg/D,912,138,58,63158.42294525,,,,,,,,,49.670199999999994,13.501100000000001,16.3897,31.4836,1.79688,,,,,,17,25.0,,
r09_unbalanced_mult_pipe,C - classical unbalanced pipeline,genus,23.12-s086_1,orig,off,2.4,VIOLATED,-3.318,,,5.038,s1_q_reg[27]/D,3391,96,0,153276.69100825,,,,,,,,,443.669,206.32600000000002,50.044,388.625,5.0,,,,,,136,144.0,,
r09_unbalanced_mult_pipe,C - classical unbalanced pipeline,genus,23.12-s086_1,orig,off,2.7,VIOLATED,-2.924,,,4.939,s1_q_reg[30]/D,3329,96,0,149365.580358,,,,,,,,,384.582,179.29,45.1796,334.95799999999997,4.44444,,,probabilistic,,,122,132.0,7dd3f059e7db,uncommitted
r09_unbalanced_mult_pipe,C - classical unbalanced pipeline,genus,23.12-s086_1,orig,off,3.0,VIOLATED,-2.608,,,4.861,s1_q_reg[31]/D,3453,96,0,154563.31915825,,,,,,,,,357.643,168.396,39.4782,314.165,4.0,,,,,,129,138.0,,
r09_unbalanced_mult_pipe,C - classical unbalanced pipeline,genus,23.12-s086_1,orig,off,3.6,VIOLATED,-1.987,,,4.953,s1_q_reg[25]/D,3537,96,0,158986.00030975,,,,,,,,,305.015,142.995,32.7338,268.94800000000004,3.3333299999999997,,,probabilistic,,,143,152.0,7dd3f059e7db,uncommitted
r09_unbalanced_mult_pipe,C - classical unbalanced pipeline,genus,23.12-s086_1,orig,off,3.9,VIOLATED,-1.733,,,4.982,s1_q_reg[27]/D,3321,96,0,148975.76248725,,,,,,,,,265.13100000000003,122.367,30.7471,231.30700000000002,3.07692,,,,,,133,142.0,,
r09_unbalanced_mult_pipe,C - classical unbalanced pipeline,genus,23.12-s086_1,orig,off,4.8,VIOLATED,-0.748,,,4.86,s1_q_reg[24]/D,3379,96,0,152621.753347,,,,,,,,,218.132,102.253,23.8778,191.755,2.5,,,probabilistic,,,142,151.0,7dd3f059e7db,uncommitted
r09_unbalanced_mult_pipe,C - classical unbalanced pipeline,genus,23.12-s086_1,orig,off,6.0,MET,0.0,,,5.286,s1_q_reg[31]/D,2526,96,0,117890.355866,,,,,,,,,136.765,59.8346,17.622700000000002,117.143,2.0,,,probabilistic,,,36,44.0,7dd3f059e7db,uncommitted
r09_unbalanced_mult_pipe,C - classical unbalanced pipeline,genus,23.12-s086_1,orig,off,7.8,MET,0.002,,,6.938,s1_q_reg[23]/D,1135,96,0,68682.98199825,,,,,,,,,65.1521,22.524700000000003,13.1441,50.4696,1.53846,,,probabilistic,,,14,23.0,7dd3f059e7db,uncommitted
r09_unbalanced_mult_pipe,C - classical unbalanced pipeline,genus,23.12-s086_1,orig,off,9.6,MET,0.007,,,8.848,s1_q_reg[31]/D,1062,96,0,65368.06858974999,,,,,,,,,49.4336,15.9884,10.604600000000001,37.579,1.25,,,,,,11,28.0,,
r09_unbalanced_mult_pipe,C - classical unbalanced pipeline,genus,23.12-s086_1,orig,on,2.4,VIOLATED,-0.543,,,2.203,mul_24_27_retime_s1_29_reg/D,3276,242,27,155996.26461775,,,,,,,,,466.947,186.666,138.429,315.914,12.604199999999999,,,,,,106,116.0,,
r09_unbalanced_mult_pipe,C - classical unbalanced pipeline,genus,23.12-s086_1,orig,on,2.7,VIOLATED,-0.221,,,2.236,mul_24_27_retime_s1_116_reg/D,3205,245,27,154826.60558625,,,,,,,,,400.706,156.85299999999998,116.647,272.717,11.3426,,,probabilistic,,,114,123.0,7dd3f059e7db,uncommitted
r09_unbalanced_mult_pipe,C - classical unbalanced pipeline,genus,23.12-s086_1,orig,on,3.0,MET,0.0,,,2.3,mul_24_27_retime_s1_48_reg/D,2359,240,34,120409.38609375,,,,,,,,,289.688,100.61,95.5659,184.12,10.0025,,,,,,68,76.0,,
r09_unbalanced_mult_pipe,C - classical unbalanced pipeline,genus,23.12-s086_1,orig,on,3.6,MET,0.0,,,3.008,mul_24_27_retime_s1_74_reg/D,1325,247,26,84327.24130950001,,,,,,,,,186.459,53.153800000000004,76.7543,101.128,8.57639,,,probabilistic,,,36,44.0,7dd3f059e7db,uncommitted
r09_unbalanced_mult_pipe,C - classical unbalanced pipeline,genus,23.12-s086_1,orig,on,3.9,MET,0.0,,,3.255,mul_24_27_retime_s1_70_reg/D,1278,242,28,82144.29288475,,,,,,,,,166.908,47.1893,68.9733,90.178,7.75641,,,,,,32,41.0,,
r09_unbalanced_mult_pipe,C - classical unbalanced pipeline,genus,23.12-s086_1,orig,on,4.8,MET,0.001,,,4.076,mul_24_27_retime_s1_30_reg/D,1172,159,13,73643.06646725,,,,,,,,,117.555,36.179,37.445600000000006,75.9684,4.14062,,,probabilistic,,,28,36.0,7dd3f059e7db,uncommitted
r09_unbalanced_mult_pipe,C - classical unbalanced pipeline,genus,23.12-s086_1,orig,on,6.0,MET,0.002,,,5.4,mul_24_27_retime_s1_8_reg/D,1068,143,56,68672.55512425,,,,,,,,,87.3822,25.6948,27.6021,56.8009,2.9791700000000003,,,probabilistic,,,24,34.0,7dd3f059e7db,uncommitted
r09_unbalanced_mult_pipe,C - classical unbalanced pipeline,genus,23.12-s086_1,orig,on,7.8,MET,0.077,,,7.417,add_30_30_retime_s2_48_reg/D,980,147,52,65899.90735125,,,,,,,,,64.60499999999999,17.984099999999998,21.1283,41.1209,2.35577,,,probabilistic,,,21,30.0,7dd3f059e7db,uncommitted
r09_unbalanced_mult_pipe,C - classical unbalanced pipeline,genus,23.12-s086_1,orig,on,9.6,MET,0.006,,,9.362,add_30_30_retime_s2_29_reg/D,912,138,58,63158.42294525,,,,,,,,,49.670199999999994,13.501100000000001,16.3897,31.4836,1.79688,,,,,,16,25.0,,
r09_unbalanced_mult_pipe,C - classical unbalanced pipeline,genus,23.12-s086_1,retimed,off,2.4,VIOLATED,-2.242,,,3.92,pp_lo_q_reg[22]/D,3759,112,0,168009.07431125,,,,,,,,,419.978,189.059,55.8004,358.344,5.83333,,,,,,134,143.0,,
r09_unbalanced_mult_pipe,C - classical unbalanced pipeline,genus,23.12-s086_1,retimed,off,2.7,VIOLATED,-1.928,,,3.912,pp_hi_q_reg[22]/D,3711,112,0,164282.65788925,,,,,,,,,373.545,169.033,50.3829,317.97700000000003,5.18519,,,probabilistic,,,115,126.0,7dd3f059e7db,uncommitted
r09_unbalanced_mult_pipe,C - classical unbalanced pipeline,genus,23.12-s086_1,retimed,off,3.0,VIOLATED,-1.668,,,3.913,pp_hi_q_reg[20]/D,3834,112,0,170855.52568274998,,,,,,,,,344.776,156.22,44.319900000000004,295.78900000000004,4.666670000000001,,,,,,135,145.0,,
r09_unbalanced_mult_pipe,C - classical unbalanced pipeline,genus,23.12-s086_1,retimed,off,3.6,VIOLATED,-0.999,,,3.795,pp_lo_q_reg[18]/D,3932,112,0,176224.6958675,,,,,,,,,293.243,133.048,37.1649,252.189,3.88889,,,probabilistic,,,149,159.0,7dd3f059e7db,uncommitted
r09_unbalanced_mult_pipe,C - classical unbalanced pipeline,genus,23.12-s086_1,retimed,off,3.9,VIOLATED,-0.78,,,3.962,pp_lo_q_reg[19]/D,3694,112,0,164377.24717674998,,,,,,,,,253.66300000000004,114.604,34.274899999999995,215.798,3.58974,,,,,,107,116.0,,
r09_unbalanced_mult_pipe,C - classical unbalanced pipeline,genus,23.12-s086_1,retimed,off,4.8,MET,0.0,,,4.112,pp_lo_q_reg[17]/D,3283,112,0,146535.351532,,,,,,,,,182.583,80.09670000000001,25.6353,154.031,2.9166700000000003,,,probabilistic,,,62,71.0,7dd3f059e7db,uncommitted
r09_unbalanced_mult_pipe,C - classical unbalanced pipeline,genus,23.12-s086_1,retimed,off,6.0,MET,0.0,,,5.242,pp_hi_q_reg[17]/D,1282,112,0,74494.93445075,,,,,,,,,85.6269,28.116100000000003,19.688299999999998,63.60530000000001,2.33333,,,probabilistic,,,13,22.0,7dd3f059e7db,uncommitted
r09_unbalanced_mult_pipe,C - classical unbalanced pipeline,genus,23.12-s086_1,retimed,off,7.8,MET,0.185,,,7.331,s2_q_reg[31]/D,1159,112,0,69561.09718525,,,,,,,,,61.2324,18.6094,15.1441,44.2934,1.79487,,,probabilistic,,,9,18.0,7dd3f059e7db,uncommitted
r09_unbalanced_mult_pipe,C - classical unbalanced pipeline,genus,23.12-s086_1,retimed,off,9.6,MET,0.407,,,8.909,s2_q_reg[31]/D,1083,112,0,67025.99284675,,,,,,,,,47.945,14.0518,12.2272,34.259499999999996,1.4583300000000001,,,,,,9,19.0,,
r09_unbalanced_mult_pipe,C - classical unbalanced pipeline,openroad,,orig,,6.0,VIOLATED,-2.7445,,,9.0848,,3050,96,,71186.573,155803.2,-2.7445,75.901,,,,,,131.077,65.7628,,,,,,vectorless,,,18,20.0,,
r09_unbalanced_mult_pipe,C - classical unbalanced pipeline,openroad_syn,,directive,unsupported,2.7,VIOLATED,-12.1663,,,14.5071,,1672,96,,,,,,,,,,,203.0,79.22840000000001,,,,,,vectorless,,,1,2.0,7dd3f059e7db,uncommitted
r09_unbalanced_mult_pipe,C - classical unbalanced pipeline,openroad_syn,,directive,unsupported,3.6,VIOLATED,-11.2663,,,14.5071,,1672,96,,,,,,,,,,,153.708,60.080799999999996,,,,,,vectorless,,,1,2.0,7dd3f059e7db,uncommitted
r09_unbalanced_mult_pipe,C - classical unbalanced pipeline,openroad_syn,,directive,unsupported,4.8,VIOLATED,-10.0663,,,14.5071,,1672,96,,,,,,,,,,,115.28099999999999,45.0606,,,,,,vectorless,,,0,2.0,7dd3f059e7db,uncommitted
r09_unbalanced_mult_pipe,C - classical unbalanced pipeline,openroad_syn,,directive,unsupported,6.0,VIOLATED,-8.8663,,,14.5071,,1672,96,,,,,,,,,,,92.22460000000001,36.0485,,,,,,vectorless,,,0,2.0,7dd3f059e7db,uncommitted
r09_unbalanced_mult_pipe,C - classical unbalanced pipeline,openroad_syn,,directive,unsupported,7.8,VIOLATED,-7.0663,,,14.5071,,1672,96,,,,,,,,,,,70.9421,27.7297,,,,,,vectorless,,,1,2.0,7dd3f059e7db,uncommitted
r09_unbalanced_mult_pipe,C - classical unbalanced pipeline,openroad_syn,,orig,unsupported,2.7,VIOLATED,-12.1663,,,14.5071,,1672,96,,,,,,,,,,,203.0,79.22840000000001,,,,,,vectorless,,,1,2.0,7dd3f059e7db,uncommitted
r09_unbalanced_mult_pipe,C - classical unbalanced pipeline,openroad_syn,,orig,unsupported,3.6,VIOLATED,-11.2663,,,14.5071,,1672,96,,,,,,,,,,,153.708,60.080799999999996,,,,,,vectorless,,,0,2.0,7dd3f059e7db,uncommitted
r09_unbalanced_mult_pipe,C - classical unbalanced pipeline,openroad_syn,,orig,unsupported,4.8,VIOLATED,-10.0663,,,14.5071,,1672,96,,,,,,,,,,,115.28099999999999,45.0606,,,,,,vectorless,,,1,1.0,7dd3f059e7db,uncommitted
r09_unbalanced_mult_pipe,C - classical unbalanced pipeline,openroad_syn,,orig,unsupported,6.0,VIOLATED,-8.8663,,,14.5071,,1672,96,,,,,,,,,,,92.22460000000001,36.0485,,,,,,vectorless,,,1,2.0,7dd3f059e7db,uncommitted
r09_unbalanced_mult_pipe,C - classical unbalanced pipeline,openroad_syn,,orig,unsupported,7.8,VIOLATED,-7.0663,,,14.5071,,1672,96,,,,,,,,,,,70.9421,27.7297,,,,,,vectorless,,,1,2.0,7dd3f059e7db,uncommitted
r09_unbalanced_mult_pipe,C - classical unbalanced pipeline,openroad_syn,,retimed,unsupported,2.7,VIOLATED,-11.2992,,,13.5273,,1735,112,,,,,,,,,,,158.238,55.7988,,,,,,vectorless,,,1,2.0,7dd3f059e7db,uncommitted
r09_unbalanced_mult_pipe,C - classical unbalanced pipeline,openroad_syn,,retimed,unsupported,3.6,VIOLATED,-10.3992,,,13.5273,,1735,112,,,,,,,,,,,118.67800000000001,41.8492,,,,,,vectorless,,,1,2.0,7dd3f059e7db,uncommitted
r09_unbalanced_mult_pipe,C - classical unbalanced pipeline,openroad_syn,,retimed,unsupported,4.8,VIOLATED,-9.1992,,,13.5273,,1735,112,,,,,,,,,,,89.00869999999999,31.3868,,,,,,vectorless,,,1,2.0,7dd3f059e7db,uncommitted
r09_unbalanced_mult_pipe,C - classical unbalanced pipeline,openroad_syn,,retimed,unsupported,6.0,VIOLATED,-7.9992,,,13.5273,,1735,112,,,,,,,,,,,71.20700000000001,25.1094,,,,,,vectorless,,,1,2.0,7dd3f059e7db,uncommitted
r09_unbalanced_mult_pipe,C - classical unbalanced pipeline,openroad_syn,,retimed,unsupported,7.8,VIOLATED,-6.1992,,,13.5273,,1735,112,,,,,,,,,,,54.7747,19.314999999999998,,,,,,vectorless,,,1,2.0,7dd3f059e7db,uncommitted
r09_unbalanced_mult_pipe,C - classical unbalanced pipeline,vivado,2023.1,directive,on,5.2,VIOLATED,-1.519,-1.519,paths ending at a register (pad delay excluded),,,,,,,,,,,,,,,155.0,,,,,,,vectorless,17,33,32,43.0,,
r09_unbalanced_mult_pipe,C - classical unbalanced pipeline,vivado,2023.1,directive,on,6.4,VIOLATED,-0.319,-0.319,paths ending at a register (pad delay excluded),,,,,,,,,,,,,,,143.0,,,,,,,vectorless,17,33,28,37.0,,
r09_unbalanced_mult_pipe,C - classical unbalanced pipeline,vivado,2023.1,directive,on,8.0,MET,0.355,0.355,paths ending at a register (pad delay excluded),,,,,,,,,,,,,,,133.0,,,,,,,vectorless,17,33,29,47.0,,
r09_unbalanced_mult_pipe,C - classical unbalanced pipeline,vivado,2023.1,directive,on,9.6,MET,1.955,1.955,paths ending at a register (pad delay excluded),,,,,,,,,,,,,,,126.0,,,,,,,vectorless,17,33,29,43.0,,
r09_unbalanced_mult_pipe,C - classical unbalanced pipeline,vivado,2023.1,directive,on,12.0,MET,7.065,7.065,paths ending at a register (pad delay excluded),,,,,,,,,,,,,,,118.0,,,,,,,vectorless,17,33,28,43.0,,
r09_unbalanced_mult_pipe,C - classical unbalanced pipeline,vivado,2023.1,orig,off,9.6,MET,1.955,1.955,paths ending at a register (pad delay excluded),,,,,,,,,,,,,,,126.0,,,,,,,vectorless,17,33,31,43.0,,
r09_unbalanced_mult_pipe,C - classical unbalanced pipeline,vivado,2023.1,orig,off,12.0,MET,7.065,7.065,paths ending at a register (pad delay excluded),,,,,,,,,,,,,,,118.0,,,,,,,vectorless,17,33,30,44.0,,
r09_unbalanced_mult_pipe,C - classical unbalanced pipeline,vivado,2023.1,orig,on,5.2,VIOLATED,-1.519,-1.519,paths ending at a register (pad delay excluded),,,,,,,,,,,,,,,155.0,,,,,,,vectorless,17,33,28,67.0,,
r09_unbalanced_mult_pipe,C - classical unbalanced pipeline,vivado,2023.1,orig,on,6.4,VIOLATED,-0.319,-0.319,paths ending at a register (pad delay excluded),,,,,,,,,,,,,,,143.0,,,,,,,vectorless,17,33,43,89.0,,
r09_unbalanced_mult_pipe,C - classical unbalanced pipeline,vivado,2023.1,orig,on,8.0,MET,0.355,0.355,paths ending at a register (pad delay excluded),,,,,,,,,,,,,,,133.0,,,,,,,vectorless,17,33,43,92.0,,
r09_unbalanced_mult_pipe,C - classical unbalanced pipeline,vivado,2023.1,orig,on,9.6,MET,1.955,1.955,paths ending at a register (pad delay excluded),,,,,,,,,,,,,,,126.0,,,,,,,vectorless,17,33,43,90.0,,
r09_unbalanced_mult_pipe,C - classical unbalanced pipeline,vivado,2023.1,retimed,off,5.2,VIOLATED,-2.911,-2.911,paths ending at a register (pad delay excluded),,,,,,,,,,,,,,,158.0,,,,,,,vectorless,17,35,29,42.0,,
r09_unbalanced_mult_pipe,C - classical unbalanced pipeline,vivado,2023.1,retimed,off,6.4,VIOLATED,-1.711,-1.711,paths ending at a register (pad delay excluded),,,,,,,,,,,,,,,145.0,,,,,,,vectorless,17,35,30,42.0,,
r09_unbalanced_mult_pipe,C - classical unbalanced pipeline,vivado,2023.1,retimed,off,8.0,VIOLATED,-0.497,-0.497,paths ending at a register (pad delay excluded),,,,,,,,,,,,,,,134.0,,,,,,,vectorless,17,35,33,47.0,,
r09_unbalanced_mult_pipe,C - classical unbalanced pipeline,vivado,2023.1,retimed,off,9.6,MET,1.103,1.103,paths ending at a register (pad delay excluded),,,,,,,,,,,,,,,127.0,,,,,,,vectorless,17,35,31,43.0,,
r09_unbalanced_mult_pipe,C - classical unbalanced pipeline,vivado,2023.1,retimed,off,12.0,MET,6.839,6.839,paths ending at a register (pad delay excluded),,,,,,,,,,,,,,,120.0,,,,,,,vectorless,17,35,31,42.0,,
r09_unbalanced_mult_pipe,C - classical unbalanced pipeline,yosys,0.58,directive,off,6.0,VIOLATED,-6.8089,,,12.497,_3376_,1911,96,,45776.5056,,,,,,,,,122.0,47.4,,,,,,vectorless,,,2.0,3.0,,
r09_unbalanced_mult_pipe,C - classical unbalanced pipeline,yosys,0.58,directive,on,2.7,VIOLATED,-4.4972,,,6.8984,_5903_,2007,96,,70057.6128,,,,,,,,,228.0,103.0,,,,,,vectorless,,,2.0,3.0,7dd3f059e7db,uncommitted
r09_unbalanced_mult_pipe,C - classical unbalanced pipeline,yosys,0.58,directive,on,3.6,VIOLATED,-3.5972,,,6.8984,_5903_,2007,96,,70057.6128,,,,,,,,,171.0,77.0,,,,,,vectorless,,,2.0,3.0,7dd3f059e7db,uncommitted
r09_unbalanced_mult_pipe,C - classical unbalanced pipeline,yosys,0.58,directive,on,4.8,VIOLATED,-2.3972,,,6.8984,_5903_,2007,96,,70057.6128,,,,,,,,,129.0,57.7,,,,,,vectorless,,,2.0,3.0,7dd3f059e7db,uncommitted
r09_unbalanced_mult_pipe,C - classical unbalanced pipeline,yosys,0.58,directive,on,6.0,VIOLATED,-1.1972,,,6.8984,_5903_,2007,96,,70057.6128,,,,,,,,,103.0,46.199999999999996,,,,,,vectorless,,,2.0,3.0,7dd3f059e7db,uncommitted
r09_unbalanced_mult_pipe,C - classical unbalanced pipeline,yosys,0.58,directive,on,7.8,MET,0.6028,,,6.8984,_5903_,2007,96,,70057.6128,,,,,,,,,79.10000000000001,35.5,,,,,,vectorless,,,1.0,2.0,7dd3f059e7db,uncommitted
r09_unbalanced_mult_pipe,C - classical unbalanced pipeline,yosys,0.58,orig,off,2.7,VIOLATED,-10.1089,,,12.497,_3376_,1911,96,,45776.5056,,,,,,,,,261.0,101.0,,,,,,vectorless,,,1.0,2.0,7dd3f059e7db,uncommitted
r09_unbalanced_mult_pipe,C - classical unbalanced pipeline,yosys,0.58,orig,off,3.6,VIOLATED,-9.2089,,,12.497,_3376_,1911,96,,45776.5056,,,,,,,,,201.0,78.0,,,,,,vectorless,,,2.0,3.0,7dd3f059e7db,uncommitted
r09_unbalanced_mult_pipe,C - classical unbalanced pipeline,yosys,0.58,orig,off,4.8,VIOLATED,-8.0089,,,12.497,_3376_,1911,96,,45776.5056,,,,,,,,,152.0,59.2,,,,,,vectorless,,,2.0,3.0,7dd3f059e7db,uncommitted
r09_unbalanced_mult_pipe,C - classical unbalanced pipeline,yosys,0.58,orig,off,6.0,VIOLATED,-6.8089,,,12.497,_3376_,1911,96,,45776.5056,,,,,,,,,122.0,47.4,,,,,,vectorless,,,2.0,3.0,7dd3f059e7db,uncommitted
r09_unbalanced_mult_pipe,C - classical unbalanced pipeline,yosys,0.58,orig,off,7.8,VIOLATED,-5.0089,,,12.497,_3376_,1911,96,,45776.5056,,,,,,,,,93.89999999999999,36.5,,,,,,vectorless,,,1.0,3.0,7dd3f059e7db,uncommitted
r09_unbalanced_mult_pipe,C - classical unbalanced pipeline,yosys,0.58,orig,on,2.7,VIOLATED,-4.4972,,,6.8984,_5903_,2007,96,,70057.6128,,,,,,,,,228.0,103.0,,,,,,vectorless,,,2.0,3.0,7dd3f059e7db,uncommitted
r09_unbalanced_mult_pipe,C - classical unbalanced pipeline,yosys,0.58,orig,on,3.6,VIOLATED,-3.5972,,,6.8984,_5903_,2007,96,,70057.6128,,,,,,,,,171.0,77.0,,,,,,vectorless,,,2.0,3.0,7dd3f059e7db,uncommitted
r09_unbalanced_mult_pipe,C - classical unbalanced pipeline,yosys,0.58,orig,on,4.8,VIOLATED,-2.3972,,,6.8984,_5903_,2007,96,,70057.6128,,,,,,,,,129.0,57.7,,,,,,vectorless,,,2.0,3.0,7dd3f059e7db,uncommitted
r09_unbalanced_mult_pipe,C - classical unbalanced pipeline,yosys,0.58,orig,on,6.0,VIOLATED,-1.1972,,,6.8984,_5903_,2007,96,,70057.6128,,,,,,,,,103.0,46.199999999999996,,,,,,vectorless,,,2.0,3.0,7dd3f059e7db,uncommitted
r09_unbalanced_mult_pipe,C - classical unbalanced pipeline,yosys,0.58,orig,on,7.8,MET,0.6028,,,6.8984,_5903_,2007,96,,70057.6128,,,,,,,,,79.10000000000001,35.5,,,,,,vectorless,,,2.0,3.0,7dd3f059e7db,uncommitted
r09_unbalanced_mult_pipe,C - classical unbalanced pipeline,yosys,0.58,retimed,off,2.7,VIOLATED,-8.8512,,,11.2018,_3447_,1906,112,,47204.64,,,,,,,,,183.0,60.199999999999996,,,,,,vectorless,,,1.0,2.0,7dd3f059e7db,uncommitted
r09_unbalanced_mult_pipe,C - classical unbalanced pipeline,yosys,0.58,retimed,off,3.6,VIOLATED,-7.9512,,,11.2018,_3447_,1906,112,,47204.64,,,,,,,,,137.0,45.1,,,,,,vectorless,,,1.0,2.0,7dd3f059e7db,uncommitted
r09_unbalanced_mult_pipe,C - classical unbalanced pipeline,yosys,0.58,retimed,off,4.8,VIOLATED,-6.7512,,,11.2018,_3447_,1906,112,,47204.64,,,,,,,,,103.0,33.8,,,,,,vectorless,,,2.0,3.0,7dd3f059e7db,uncommitted
r09_unbalanced_mult_pipe,C - classical unbalanced pipeline,yosys,0.58,retimed,off,6.0,VIOLATED,-5.5512,,,11.2018,_3447_,1906,112,,47204.64,,,,,,,,,82.19999999999999,27.099999999999998,,,,,,vectorless,,,1.0,2.0,7dd3f059e7db,uncommitted
r09_unbalanced_mult_pipe,C - classical unbalanced pipeline,yosys,0.58,retimed,off,7.8,VIOLATED,-3.7512,,,11.2018,_3447_,1906,112,,47204.64,,,,,,,,,63.3,20.8,,,,,,vectorless,,,2.0,3.0,7dd3f059e7db,uncommitted
r09_unbalanced_mult_pipe,C - classical unbalanced pipeline,yosys,0.58,retimed,on,6.0,MET,0.2052,,,5.4956,_5761_,2018,112,,68189.184,,,,,,,,,81.0,33.5,,,,,,vectorless,,,2.0,3.0,,
r10_long_carry_chain,C - classical unbalanced pipeline,genus,23.12-s086_1,directive,off,1.11,VIOLATED,-1.052,,,1.53,retime_s1_61_reg/D,1668,137,11,79308.63528925,,,,,,,,,470.829,183.909,169.941,285.46,15.4279,,,probabilistic,,,39,47.0,2689795de3e3,uncommitted
r10_long_carry_chain,C - classical unbalanced pipeline,genus,23.12-s086_1,directive,off,1.38,VIOLATED,-0.779,,,1.475,csa_tree_ADD_TC_OP_3_groupi_retime_s1_20_reg/D,1733,139,9,82793.0795815,,,,,,,,,398.385,158.895,140.612,245.18200000000002,12.5906,,,probabilistic,,,39,48.0,2689795de3e3,uncommitted
r10_long_carry_chain,C - classical unbalanced pipeline,genus,23.12-s086_1,directive,off,1.73,VIOLATED,-0.362,,,1.408,retime_s1_55_reg/D,1772,141,13,85250.28869125,,,,,,,,,336.766,132.979,119.99,206.588,10.187899999999999,,,probabilistic,,,45,53.0,2689795de3e3,uncommitted
r10_long_carry_chain,C - classical unbalanced pipeline,genus,23.12-s086_1,directive,off,2.16,VIOLATED,-0.014,,,1.774,dout[24],1357,138,9,67322.61797425,,,,,,,,,218.535,79.0376,82.82860000000001,127.717,7.989579999999999,,,probabilistic,,,22,30.0,2689795de3e3,uncommitted
r10_long_carry_chain,C - classical unbalanced pipeline,genus,23.12-s086_1,directive,off,2.7,MET,0.013,,,2.075,csa_tree_ADD_TC_OP_3_groupi_retime_s1_18_reg/D,560,139,9,39550.067401,,,,,,,,,116.552,30.6126,57.3105,52.806,6.43519,,,probabilistic,,,11,21.0,2689795de3e3,uncommitted
r10_long_carry_chain,C - classical unbalanced pipeline,genus,23.12-s086_1,directive,off,3.6,MET,0.026,,,3.343,retime_s2_1_reg/D,501,94,34,34219.12371025,,,,,,,,,72.36030000000001,20.4046,28.7994,40.2971,3.2638900000000004,,,probabilistic,,,12,20.0,2689795de3e3,uncommitted
r10_long_carry_chain,C - classical unbalanced pipeline,genus,23.12-s086_1,directive,off,4.8,MET,0.328,,,4.188,retime_s2_16_reg/D,476,93,34,32891.132807,,,,,,,,,53.2339,14.553,21.308899999999998,29.5032,2.42187,,,probabilistic,,,10,19.0,2689795de3e3,uncommitted
r10_long_carry_chain,C - classical unbalanced pipeline,genus,23.12-s086_1,directive,off,6.0,MET,0.511,,,5.205,retime_s2_10_reg/D,463,93,36,32229.13486225,,,,,,,,,41.320299999999996,10.9852,17.012,22.3708,1.9375,,,probabilistic,,,9,18.0,2689795de3e3,uncommitted
r10_long_carry_chain,C - classical unbalanced pipeline,genus,23.12-s086_1,directive,off,7.8,MET,0.142,,,7.021,csa_tree_ADD_TC_OP_3_groupi_retime_s1_23_reg/D,396,87,41,29397.5280265,,,,,,,,,29.433600000000002,7.29783,12.492899999999999,15.5464,1.39423,,,probabilistic,,,8,17.0,2689795de3e3,uncommitted
r10_long_carry_chain,C - classical unbalanced pipeline,genus,23.12-s086_1,orig,off,2.7,VIOLATED,-0.983,,,3.066,r1_reg[24]/D,1828,64,0,83622.589118,,,,,,,,,197.214,88.47030000000001,30.7668,163.48399999999998,2.9629600000000003,,,probabilistic,,,70,78.0,2689795de3e3,uncommitted
r10_long_carry_chain,C - classical unbalanced pipeline,genus,23.12-s086_1,orig,off,3.6,VIOLATED,-0.107,,,3.038,r1_reg[21]/D,1794,64,0,81555.18006775,,,,,,,,,141.025,63.3793,22.0613,116.741,2.22222,,,probabilistic,,,65,73.0,2689795de3e3,uncommitted
r10_long_carry_chain,C - classical unbalanced pipeline,genus,23.12-s086_1,orig,off,4.8,MET,0.0,,,4.194,r1_reg[31]/D,625,64,0,37674.9987635,,,,,,,,,54.8255,17.9244,14.496699999999999,38.6622,1.66667,,,probabilistic,,,9,18.0,2689795de3e3,uncommitted
r10_long_carry_chain,C - classical unbalanced pipeline,genus,23.12-s086_1,orig,off,6.0,MET,0.265,,,5.12,r1_reg[23]/D,491,64,0,31529.467099999998,,,,,,,,,37.7893,11.7932,11.4755,24.9805,1.33333,,,probabilistic,,,7,17.0,2689795de3e3,uncommitted
r10_long_carry_chain,C - classical unbalanced pipeline,genus,23.12-s086_1,orig,off,7.8,MET,0.887,,,6.298,r1_reg[31]/D,445,64,0,29982.68741575,,,,,,,,,27.8716,8.12386,8.85971,17.9862,1.0256399999999999,,,probabilistic,,,6,16.0,2689795de3e3,uncommitted
r10_long_carry_chain,C - classical unbalanced pipeline,genus,23.12-s086_1,orig,on,1.11,VIOLATED,-1.052,,,1.53,retime_s1_61_reg/D,1668,137,11,79308.63528925,,,,,,,,,470.829,183.909,169.941,285.46,15.4279,,,probabilistic,,,39,47.0,2689795de3e3,uncommitted
r10_long_carry_chain,C - classical unbalanced pipeline,genus,23.12-s086_1,orig,on,1.38,VIOLATED,-0.779,,,1.475,csa_tree_ADD_TC_OP_3_groupi_retime_s1_20_reg/D,1733,139,9,82793.0795815,,,,,,,,,398.385,158.895,140.612,245.18200000000002,12.5906,,,probabilistic,,,39,48.0,2689795de3e3,uncommitted
r10_long_carry_chain,C - classical unbalanced pipeline,genus,23.12-s086_1,orig,on,1.73,VIOLATED,-0.362,,,1.408,retime_s1_55_reg/D,1772,141,13,85250.28869125,,,,,,,,,336.766,132.979,119.99,206.588,10.187899999999999,,,probabilistic,,,45,54.0,2689795de3e3,uncommitted
r10_long_carry_chain,C - classical unbalanced pipeline,genus,23.12-s086_1,orig,on,2.16,VIOLATED,-0.014,,,1.774,dout[24],1357,138,9,67322.61797425,,,,,,,,,218.535,79.0376,82.82860000000001,127.717,7.989579999999999,,,probabilistic,,,22,30.0,2689795de3e3,uncommitted
r10_long_carry_chain,C - classical unbalanced pipeline,genus,23.12-s086_1,orig,on,2.7,MET,0.013,,,2.075,csa_tree_ADD_TC_OP_3_groupi_retime_s1_18_reg/D,560,139,9,39550.067401,,,,,,,,,116.552,30.6126,57.3105,52.806,6.43519,,,probabilistic,,,13,21.0,2689795de3e3,uncommitted
r10_long_carry_chain,C - classical unbalanced pipeline,genus,23.12-s086_1,orig,on,3.6,MET,0.026,,,3.343,retime_s2_1_reg/D,501,94,34,34219.12371025,,,,,,,,,72.36030000000001,20.4046,28.7994,40.2971,3.2638900000000004,,,probabilistic,,,11,20.0,2689795de3e3,uncommitted
r10_long_carry_chain,C - classical unbalanced pipeline,genus,23.12-s086_1,orig,on,4.8,MET,0.328,,,4.188,retime_s2_16_reg/D,476,93,34,32891.132807,,,,,,,,,53.2339,14.553,21.308899999999998,29.5032,2.42187,,,probabilistic,,,10,18.0,2689795de3e3,uncommitted
r10_long_carry_chain,C - classical unbalanced pipeline,genus,23.12-s086_1,orig,on,6.0,MET,0.511,,,5.205,retime_s2_10_reg/D,463,93,36,32229.13486225,,,,,,,,,41.320299999999996,10.9852,17.012,22.3708,1.9375,,,probabilistic,,,9,18.0,2689795de3e3,uncommitted
r10_long_carry_chain,C - classical unbalanced pipeline,genus,23.12-s086_1,orig,on,7.8,MET,0.142,,,7.021,csa_tree_ADD_TC_OP_3_groupi_retime_s1_23_reg/D,396,87,41,29397.5280265,,,,,,,,,29.433600000000002,7.29783,12.492899999999999,15.5464,1.39423,,,probabilistic,,,9,18.0,2689795de3e3,uncommitted
r10_long_carry_chain,C - classical unbalanced pipeline,genus,23.12-s086_1,retimed,off,2.7,VIOLATED,-0.761,,,2.83,p_reg[27]/D,1801,96,0,84216.723942,,,,,,,,,191.579,81.07119999999999,41.0105,146.124,4.44444,,,probabilistic,,,72,81.0,2689795de3e3,uncommitted
r10_long_carry_chain,C - classical unbalanced pipeline,genus,23.12-s086_1,retimed,off,3.6,MET,0.0,,,2.947,p_reg[27]/D,1529,96,0,71899.25971025,,,,,,,,,125.671,49.8667,29.650699999999997,92.6872,3.3333299999999997,,,probabilistic,,,27,35.0,2689795de3e3,uncommitted
r10_long_carry_chain,C - classical unbalanced pipeline,genus,23.12-s086_1,retimed,off,4.8,MET,0.0,,,4.185,p_reg[27]/D,758,96,0,42486.263129,,,,,,,,,58.8015,18.4203,20.5287,35.772800000000004,2.5,,,probabilistic,,,9,17.0,2689795de3e3,uncommitted
r10_long_carry_chain,C - classical unbalanced pipeline,genus,23.12-s086_1,retimed,off,6.0,MET,0.09,,,5.603,r2_reg[31]/D,722,96,0,41077.2161375,,,,,,,,,46.208,13.7993,16.4864,27.7216,2.0,,,probabilistic,,,8,17.0,2689795de3e3,uncommitted
r10_long_carry_chain,C - classical unbalanced pipeline,genus,23.12-s086_1,retimed,off,7.8,MET,0.164,,,7.351,r2_reg[30]/D,669,96,0,39259.74996725,,,,,,,,,34.5216,10.0253,12.6873,20.2958,1.53846,,,probabilistic,,,8,16.0,2689795de3e3,uncommitted
r10_long_carry_chain,C - classical unbalanced pipeline,openroad_syn,,directive,unsupported,2.7,VIOLATED,-13.5636,,,15.8636,,806,64,,,,,,,,,,,74.9345,24.3521,,,,,,vectorless,,,0,1.0,2689795de3e3,uncommitted
r10_long_carry_chain,C - classical unbalanced pipeline,openroad_syn,,directive,unsupported,3.6,VIOLATED,-12.6636,,,15.8636,,806,64,,,,,,,,,,,56.2009,18.264,,,,,,vectorless,,,0,2.0,2689795de3e3,uncommitted
r10_long_carry_chain,C - classical unbalanced pipeline,openroad_syn,,directive,unsupported,4.8,VIOLATED,-11.4636,,,15.8636,,806,64,,,,,,,,,,,42.1507,13.698,,,,,,vectorless,,,0,1.0,2689795de3e3,uncommitted
r10_long_carry_chain,C - classical unbalanced pipeline,openroad_syn,,directive,unsupported,6.0,VIOLATED,-10.2636,,,15.8636,,806,64,,,,,,,,,,,33.720600000000005,10.9584,,,,,,vectorless,,,1,2.0,2689795de3e3,uncommitted
r10_long_carry_chain,C - classical unbalanced pipeline,openroad_syn,,directive,unsupported,7.8,VIOLATED,-8.4636,,,15.8636,,806,64,,,,,,,,,,,25.9389,8.42957,,,,,,vectorless,,,1,2.0,2689795de3e3,uncommitted
r10_long_carry_chain,C - classical unbalanced pipeline,openroad_syn,,orig,unsupported,2.7,VIOLATED,-13.5636,,,15.8636,,806,64,,,,,,,,,,,74.9345,24.3521,,,,,,vectorless,,,1,2.0,2689795de3e3,uncommitted
r10_long_carry_chain,C - classical unbalanced pipeline,openroad_syn,,orig,unsupported,3.6,VIOLATED,-12.6636,,,15.8636,,806,64,,,,,,,,,,,56.2009,18.264,,,,,,vectorless,,,0,1.0,2689795de3e3,uncommitted
r10_long_carry_chain,C - classical unbalanced pipeline,openroad_syn,,orig,unsupported,4.8,VIOLATED,-11.4636,,,15.8636,,806,64,,,,,,,,,,,42.1507,13.698,,,,,,vectorless,,,1,2.0,2689795de3e3,uncommitted
r10_long_carry_chain,C - classical unbalanced pipeline,openroad_syn,,orig,unsupported,6.0,VIOLATED,-10.2636,,,15.8636,,806,64,,,,,,,,,,,33.720600000000005,10.9584,,,,,,vectorless,,,0,1.0,2689795de3e3,uncommitted
r10_long_carry_chain,C - classical unbalanced pipeline,openroad_syn,,orig,unsupported,7.8,VIOLATED,-8.4636,,,15.8636,,806,64,,,,,,,,,,,25.9389,8.42957,,,,,,vectorless,,,0,2.0,2689795de3e3,uncommitted
r10_long_carry_chain,C - classical unbalanced pipeline,openroad_syn,,retimed,unsupported,2.7,VIOLATED,-11.1016,,,13.4917,,922,96,,,,,,,,,,,65.92530000000001,17.7897,,,,,,vectorless,,,0,1.0,2689795de3e3,uncommitted
r10_long_carry_chain,C - classical unbalanced pipeline,openroad_syn,,retimed,unsupported,3.6,VIOLATED,-10.2016,,,13.4917,,922,96,,,,,,,,,,,49.444,13.3423,,,,,,vectorless,,,1,2.0,2689795de3e3,uncommitted
r10_long_carry_chain,C - classical unbalanced pipeline,openroad_syn,,retimed,unsupported,4.8,VIOLATED,-9.0016,,,13.4917,,922,96,,,,,,,,,,,37.083,10.0067,,,,,,vectorless,,,0,2.0,2689795de3e3,uncommitted
r10_long_carry_chain,C - classical unbalanced pipeline,openroad_syn,,retimed,unsupported,6.0,VIOLATED,-7.8016,,,13.4917,,922,96,,,,,,,,,,,29.6665,8.00536,,,,,,vectorless,,,0,1.0,2689795de3e3,uncommitted
r10_long_carry_chain,C - classical unbalanced pipeline,openroad_syn,,retimed,unsupported,7.8,VIOLATED,-6.0016,,,13.4917,,922,96,,,,,,,,,,,22.8204,6.15798,,,,,,vectorless,,,0,1.0,2689795de3e3,uncommitted
r10_long_carry_chain,C - classical unbalanced pipeline,vivado,2023.1,directive,on,5.2,VIOLATED,-1.739,-1.739,paths ending at a register (pad delay excluded),,,,,,,,,,,,,,,162.0,,,,,,,vectorless,140,64,59,80.0,,
r10_long_carry_chain,C - classical unbalanced pipeline,vivado,2023.1,directive,on,6.4,VIOLATED,-0.894,-0.894,paths ending at a register (pad delay excluded),,,,,,,,,,,,,,,149.0,,,,,,,vectorless,140,64,32,42.0,,
r10_long_carry_chain,C - classical unbalanced pipeline,vivado,2023.1,directive,on,8.0,MET,0.406,0.406,paths ending at a register (pad delay excluded),,,,,,,,,,,,,,,137.0,,,,,,,vectorless,140,64,30,38.0,,
r10_long_carry_chain,C - classical unbalanced pipeline,vivado,2023.1,directive,on,9.6,MET,2.119,2.119,paths ending at a register (pad delay excluded),,,,,,,,,,,,,,,129.0,,,,,,,vectorless,140,64,30,42.0,,
r10_long_carry_chain,C - classical unbalanced pipeline,vivado,2023.1,directive,on,12.0,MET,4.29,4.29,paths ending at a register (pad delay excluded),,,,,,,,,,,,,,,122.0,,,,,,,vectorless,140,64,28,40.0,,
r10_long_carry_chain,C - classical unbalanced pipeline,vivado,2023.1,orig,off,5.2,VIOLATED,-1.739,-1.739,paths ending at a register (pad delay excluded),,,,,,,,,,,,,,,162.0,,,,,,,vectorless,140,64,30,38.0,,
r10_long_carry_chain,C - classical unbalanced pipeline,vivado,2023.1,orig,off,6.4,VIOLATED,-0.894,-0.894,paths ending at a register (pad delay excluded),,,,,,,,,,,,,,,149.0,,,,,,,vectorless,140,64,29,37.0,,
r10_long_carry_chain,C - classical unbalanced pipeline,vivado,2023.1,orig,off,8.0,MET,0.406,0.406,paths ending at a register (pad delay excluded),,,,,,,,,,,,,,,137.0,,,,,,,vectorless,140,64,28,36.0,,
r10_long_carry_chain,C - classical unbalanced pipeline,vivado,2023.1,orig,off,9.6,MET,2.119,2.119,paths ending at a register (pad delay excluded),,,,,,,,,,,,,,,129.0,,,,,,,vectorless,140,64,30,39.0,,
r10_long_carry_chain,C - classical unbalanced pipeline,vivado,2023.1,orig,off,12.0,MET,4.29,4.29,paths ending at a register (pad delay excluded),,,,,,,,,,,,,,,122.0,,,,,,,vectorless,140,64,27,38.0,,
r10_long_carry_chain,C - classical unbalanced pipeline,vivado,2023.1,orig,on,5.2,VIOLATED,-1.739,-1.739,paths ending at a register (pad delay excluded),,,,,,,,,,,,,,,162.0,,,,,,,vectorless,140,64,32,39.0,,
r10_long_carry_chain,C - classical unbalanced pipeline,vivado,2023.1,orig,on,6.4,VIOLATED,-0.894,-0.894,paths ending at a register (pad delay excluded),,,,,,,,,,,,,,,149.0,,,,,,,vectorless,140,64,28,35.0,,
r10_long_carry_chain,C - classical unbalanced pipeline,vivado,2023.1,orig,on,8.0,MET,0.406,0.406,paths ending at a register (pad delay excluded),,,,,,,,,,,,,,,137.0,,,,,,,vectorless,140,64,28,38.0,,
r10_long_carry_chain,C - classical unbalanced pipeline,vivado,2023.1,orig,on,9.6,MET,2.119,2.119,paths ending at a register (pad delay excluded),,,,,,,,,,,,,,,129.0,,,,,,,vectorless,140,64,29,40.0,,
r10_long_carry_chain,C - classical unbalanced pipeline,vivado,2023.1,orig,on,12.0,MET,4.29,4.29,paths ending at a register (pad delay excluded),,,,,,,,,,,,,,,122.0,,,,,,,vectorless,140,64,26,35.0,,
r10_long_carry_chain,C - classical unbalanced pipeline,vivado,2023.1,retimed,off,5.2,VIOLATED,-2.643,-2.643,paths ending at a register (pad delay excluded),,,,,,,,,,,,,,,167.0,,,,,,,vectorless,142,96,33,52.0,,
r10_long_carry_chain,C - classical unbalanced pipeline,vivado,2023.1,retimed,off,6.4,VIOLATED,-0.933,-0.933,paths ending at a register (pad delay excluded),,,,,,,,,,,,,,,152.0,,,,,,,vectorless,142,96,32,58.0,,
r10_long_carry_chain,C - classical unbalanced pipeline,vivado,2023.1,retimed,off,8.0,MET,0.288,0.288,paths ending at a register (pad delay excluded),,,,,,,,,,,,,,,140.0,,,,,,,vectorless,142,96,62,71.0,,
r10_long_carry_chain,C - classical unbalanced pipeline,vivado,2023.1,retimed,off,9.6,MET,1.888,1.888,paths ending at a register (pad delay excluded),,,,,,,,,,,,,,,132.0,,,,,,,vectorless,142,96,58,78.0,,
r10_long_carry_chain,C - classical unbalanced pipeline,vivado,2023.1,retimed,off,12.0,MET,4.688,4.688,paths ending at a register (pad delay excluded),,,,,,,,,,,,,,,124.0,,,,,,,vectorless,142,96,57,70.0,,
r10_long_carry_chain,C - classical unbalanced pipeline,yosys,0.58,directive,off,6.0,VIOLATED,-5.5212,,,11.2112,_1443_,763,64,,21241.3824,,,,,,,,,37.199999999999996,12.1,,,,,,vectorless,,,1.0,2.0,,
r10_long_carry_chain,C - classical unbalanced pipeline,yosys,0.58,directive,on,2.7,VIOLATED,-2.358,,,4.7612,_2383_,827,64,,31754.8224,,,,,,,,,70.3,25.6,,,,,,vectorless,,,1.0,2.0,2689795de3e3,uncommitted
r10_long_carry_chain,C - classical unbalanced pipeline,yosys,0.58,directive,on,3.6,VIOLATED,-1.458,,,4.7612,_2383_,827,64,,31754.8224,,,,,,,,,52.699999999999996,19.2,,,,,,vectorless,,,1.0,2.0,2689795de3e3,uncommitted
r10_long_carry_chain,C - classical unbalanced pipeline,yosys,0.58,directive,on,4.8,VIOLATED,-0.258,,,4.7612,_2383_,827,64,,31754.8224,,,,,,,,,39.5,14.4,,,,,,vectorless,,,1.0,2.0,2689795de3e3,uncommitted
r10_long_carry_chain,C - classical unbalanced pipeline,yosys,0.58,directive,on,6.0,MET,0.942,,,4.7612,_2383_,827,64,,31754.8224,,,,,,,,,31.6,11.5,,,,,,vectorless,,,1.0,2.0,2689795de3e3,uncommitted
r10_long_carry_chain,C - classical unbalanced pipeline,yosys,0.58,directive,on,7.8,MET,2.742,,,4.7612,_2383_,827,64,,31754.8224,,,,,,,,,24.299999999999997,8.88,,,,,,vectorless,,,1.0,2.0,2689795de3e3,uncommitted
r10_long_carry_chain,C - classical unbalanced pipeline,yosys,0.58,orig,off,2.7,VIOLATED,-8.8212,,,11.2112,_1443_,763,64,,21241.3824,,,,,,,,,82.8,26.9,,,,,,vectorless,,,1.0,2.0,2689795de3e3,uncommitted
r10_long_carry_chain,C - classical unbalanced pipeline,yosys,0.58,orig,off,3.6,VIOLATED,-7.9212,,,11.2112,_1443_,763,64,,21241.3824,,,,,,,,,62.1,20.2,,,,,,vectorless,,,1.0,2.0,2689795de3e3,uncommitted
r10_long_carry_chain,C - classical unbalanced pipeline,yosys,0.58,orig,off,4.8,VIOLATED,-6.7212,,,11.2112,_1443_,763,64,,21241.3824,,,,,,,,,46.6,15.100000000000001,,,,,,vectorless,,,1.0,2.0,2689795de3e3,uncommitted
r10_long_carry_chain,C - classical unbalanced pipeline,yosys,0.58,orig,off,6.0,VIOLATED,-5.5212,,,11.2112,_1443_,763,64,,21241.3824,,,,,,,,,37.199999999999996,12.1,,,,,,vectorless,,,1.0,2.0,2689795de3e3,uncommitted
r10_long_carry_chain,C - classical unbalanced pipeline,yosys,0.58,orig,off,7.8,VIOLATED,-3.7212,,,11.2112,_1443_,763,64,,21241.3824,,,,,,,,,28.6,9.31,,,,,,vectorless,,,1.0,2.0,2689795de3e3,uncommitted
r10_long_carry_chain,C - classical unbalanced pipeline,yosys,0.58,orig,on,2.7,VIOLATED,-2.358,,,4.7612,_2383_,827,64,,31754.8224,,,,,,,,,70.3,25.6,,,,,,vectorless,,,1.0,2.0,2689795de3e3,uncommitted
r10_long_carry_chain,C - classical unbalanced pipeline,yosys,0.58,orig,on,3.6,VIOLATED,-1.458,,,4.7612,_2383_,827,64,,31754.8224,,,,,,,,,52.699999999999996,19.2,,,,,,vectorless,,,2.0,3.0,2689795de3e3,uncommitted
r10_long_carry_chain,C - classical unbalanced pipeline,yosys,0.58,orig,on,4.8,VIOLATED,-0.258,,,4.7612,_2383_,827,64,,31754.8224,,,,,,,,,39.5,14.4,,,,,,vectorless,,,1.0,2.0,2689795de3e3,uncommitted
r10_long_carry_chain,C - classical unbalanced pipeline,yosys,0.58,orig,on,6.0,MET,0.942,,,4.7612,_2383_,827,64,,31754.8224,,,,,,,,,31.6,11.5,,,,,,vectorless,,,1.0,2.0,2689795de3e3,uncommitted
r10_long_carry_chain,C - classical unbalanced pipeline,yosys,0.58,orig,on,7.8,MET,2.742,,,4.7612,_2383_,827,64,,31754.8224,,,,,,,,,24.299999999999997,8.88,,,,,,vectorless,,,2.0,3.0,2689795de3e3,uncommitted
r10_long_carry_chain,C - classical unbalanced pipeline,yosys,0.58,retimed,off,2.7,VIOLATED,-10.1573,,,12.546,_1593_,854,96,,24580.2816,,,,,,,,,74.30000000000001,19.400000000000002,,,,,,vectorless,,,1.0,2.0,2689795de3e3,uncommitted
r10_long_carry_chain,C - classical unbalanced pipeline,yosys,0.58,retimed,off,3.6,VIOLATED,-9.2573,,,12.546,_1593_,854,96,,24580.2816,,,,,,,,,55.7,14.5,,,,,,vectorless,,,1.0,2.0,2689795de3e3,uncommitted
r10_long_carry_chain,C - classical unbalanced pipeline,yosys,0.58,retimed,off,4.8,VIOLATED,-8.0573,,,12.546,_1593_,854,96,,24580.2816,,,,,,,,,41.8,10.9,,,,,,vectorless,,,1.0,2.0,2689795de3e3,uncommitted
r10_long_carry_chain,C - classical unbalanced pipeline,yosys,0.58,retimed,off,6.0,VIOLATED,-6.8573,,,12.546,_1593_,854,96,,24580.2816,,,,,,,,,33.4,8.72,,,,,,vectorless,,,1.0,2.0,2689795de3e3,uncommitted
r10_long_carry_chain,C - classical unbalanced pipeline,yosys,0.58,retimed,off,7.8,VIOLATED,-5.0573,,,12.546,_1593_,854,96,,24580.2816,,,,,,,,,25.7,6.7,,,,,,vectorless,,,1.0,2.0,2689795de3e3,uncommitted
r10_long_carry_chain,C - classical unbalanced pipeline,yosys,0.58,retimed,on,6.0,MET,1.2975,,,4.4031,_2445_,950,96,,36149.2992,,,,,,,,,33.2,10.5,,,,,,vectorless,,,2.0,3.0,,
r11_deep_retime_distance,C - retiming distance / effort limit,genus,23.12-s086_1,directive,off,2.25,VIOLATED,-6.174,,,7.811,q2f_57_21:rnd_40_31:add_31_13_retime_s1_4_reg/D,5331,155,14,232153.48800724998,,,,,,,,,1208.8000000000002,585.5989999999999,121.176,1079.01,8.61111,,,probabilistic,,,272,281.0,b29ca8381780,uncommitted
r11_deep_retime_distance,C - retiming distance / effort limit,genus,23.12-s086_1,directive,off,3.0,VIOLATED,-5.39,,,7.81,q2f_57_21:rnd_40_31:add_31_13_retime_s1_48_reg/D,5269,155,14,231173.0324805,,,,,,,,,911.602,447.48900000000003,89.24300000000001,815.901,6.45833,,,probabilistic,,,263,272.0,b29ca8381780,uncommitted
r11_deep_retime_distance,C - retiming distance / effort limit,genus,23.12-s086_1,directive,off,4.0,VIOLATED,-4.499,,,7.917,q2f_57_21:rnd_40_31:add_31_13_retime_s1_48_reg/D,5223,155,14,227852.05022475,,,,,,,,,671.104,327.00800000000004,65.8518,600.408,4.84375,,,probabilistic,,,256,266.0,b29ca8381780,uncommitted
r11_deep_retime_distance,C - retiming distance / effort limit,genus,23.12-s086_1,directive,off,5.0,VIOLATED,-3.296,,,7.624,retime_s1_52_reg/D,5395,155,14,238227.71718425,,,,,,,,,564.356,275.063,54.354,506.127,3.875,,,probabilistic,,,322,331.0,b29ca8381780,uncommitted
r11_deep_retime_distance,C - retiming distance / effort limit,genus,23.12-s086_1,directive,off,6.5,VIOLATED,-1.868,,,7.699,q2f_57_21:rnd_40_31:add_31_13_retime_s1_10_reg/D,5265,154,14,231050.4578015,,,,,,,,,418.417,203.138,42.752199999999995,372.704,2.96154,,,probabilistic,,,320,331.0,b29ca8381780,uncommitted
r11_deep_retime_distance,C - retiming distance / effort limit,genus,23.12-s086_1,orig,off,2.25,VIOLATED,-27.241,,,28.9,r1_reg[26]/D,5828,96,0,253682.7015845,,,,,,,,,1335.96,670.362,43.430299999999995,1287.1999999999998,5.33333,,,probabilistic,,,393,404.0,b29ca8381780,uncommitted
r11_deep_retime_distance,C - retiming distance / effort limit,genus,23.12-s086_1,orig,off,3.0,VIOLATED,-26.387,,,28.728,r1_reg[19]/D,5844,96,0,256475.840126,,,,,,,,,1022.3899999999999,506.405,32.722,985.664,4.0,,,probabilistic,,,390,400.0,b29ca8381780,uncommitted
r11_deep_retime_distance,C - retiming distance / effort limit,genus,23.12-s086_1,orig,off,4.0,VIOLATED,-25.386,,,28.727,r1_reg[24]/D,5807,96,0,254039.89210574998,,,,,,,,,760.479,380.5,25.3188,732.1600000000001,3.0,,,probabilistic,,,372,383.0,b29ca8381780,uncommitted
r11_deep_retime_distance,C - retiming distance / effort limit,genus,23.12-s086_1,orig,off,5.0,VIOLATED,-24.442,,,28.786,r1_reg[30]/D,5820,96,0,255335.5373965,,,,,,,,,610.3499999999999,305.479,19.5112,588.4390000000001,2.4,,,probabilistic,,,380,390.0,b29ca8381780,uncommitted
r11_deep_retime_distance,C - retiming distance / effort limit,genus,23.12-s086_1,orig,off,6.5,VIOLATED,-22.865,,,28.716,r1_reg[27]/D,5750,96,0,251377.245168,,,,,,,,,459.72400000000005,232.482,15.3426,442.535,1.84615,,,probabilistic,,,373,382.0,b29ca8381780,uncommitted
r11_deep_retime_distance,C - retiming distance / effort limit,genus,23.12-s086_1,orig,off,8.0,VIOLATED,-21.395,,,28.797,r1_reg[25]/D,5750,96,0,251047.295769,,,,,,,,,370.67499999999995,186.254,12.2942,356.88100000000003,1.5,,,,,,367,377.0,,
r11_deep_retime_distance,C - retiming distance / effort limit,genus,23.12-s086_1,orig,on,2.25,VIOLATED,-6.174,,,7.811,q2f_56_21:rnd_39_31:add_30_13_retime_s1_4_reg/D,5331,155,14,232153.48800724998,,,,,,,,,1208.8000000000002,585.5989999999999,121.176,1079.01,8.61111,,,probabilistic,,,273,284.0,b29ca8381780,uncommitted
r11_deep_retime_distance,C - retiming distance / effort limit,genus,23.12-s086_1,orig,on,3.0,VIOLATED,-5.39,,,7.81,q2f_56_21:rnd_39_31:add_30_13_retime_s1_48_reg/D,5269,155,14,231173.0324805,,,,,,,,,911.602,447.48900000000003,89.24300000000001,815.901,6.45833,,,probabilistic,,,265,276.0,b29ca8381780,uncommitted
r11_deep_retime_distance,C - retiming distance / effort limit,genus,23.12-s086_1,orig,on,4.0,VIOLATED,-4.499,,,7.917,q2f_56_21:rnd_39_31:add_30_13_retime_s1_48_reg/D,5223,155,14,227852.05022475,,,,,,,,,671.104,327.00800000000004,65.8518,600.408,4.84375,,,probabilistic,,,268,278.0,b29ca8381780,uncommitted
r11_deep_retime_distance,C - retiming distance / effort limit,genus,23.12-s086_1,orig,on,5.0,VIOLATED,-3.296,,,7.624,retime_s1_52_reg/D,5395,155,14,238227.71718425,,,,,,,,,564.356,275.063,54.354,506.127,3.875,,,probabilistic,,,333,343.0,b29ca8381780,uncommitted
r11_deep_retime_distance,C - retiming distance / effort limit,genus,23.12-s086_1,orig,on,6.5,VIOLATED,-1.868,,,7.699,q2f_56_21:rnd_39_31:add_30_13_retime_s1_10_reg/D,5265,154,14,231050.4578015,,,,,,,,,418.417,203.138,42.752199999999995,372.704,2.96154,,,probabilistic,,,332,342.0,b29ca8381780,uncommitted
r11_deep_retime_distance,C - retiming distance / effort limit,genus,23.12-s086_1,retimed,off,2.25,VIOLATED,-6.255,,,8.212,q2_reg[26]/D,5368,96,0,236862.46800325,,,,,,,,,1224.79,603.221,73.5851,1145.87,5.33333,,,probabilistic,,,282,293.0,b29ca8381780,uncommitted
r11_deep_retime_distance,C - retiming distance / effort limit,genus,23.12-s086_1,retimed,off,3.0,VIOLATED,-5.591,,,8.191,dout[31],5088,96,0,224730.7732615,,,,,,,,,871.249,428.861,55.562,811.687,4.0,,,probabilistic,,,251,261.0,b29ca8381780,uncommitted
r11_deep_retime_distance,C - retiming distance / effort limit,genus,23.12-s086_1,retimed,off,4.0,VIOLATED,-4.56,,,8.16,dout[26],5311,96,0,233210.3027475,,,,,,,,,678.769,335.81699999999995,40.9833,634.786,3.0,,,probabilistic,,,270,281.0,b29ca8381780,uncommitted
r11_deep_retime_distance,C - retiming distance / effort limit,genus,23.12-s086_1,retimed,off,5.0,VIOLATED,-3.779,,,8.379,dout[30],5166,96,0,224946.2813635,,,,,,,,,517.659,255.588,32.228300000000004,483.031,2.4,,,probabilistic,,,246,255.0,b29ca8381780,uncommitted
r11_deep_retime_distance,C - retiming distance / effort limit,genus,23.12-s086_1,retimed,off,6.5,VIOLATED,-2.073,,,8.242,q3_reg[26]/D,5403,96,0,236055.69098575,,,,,,,,,418.746,206.596,26.0838,390.816,1.84615,,,probabilistic,,,302,311.0,b29ca8381780,uncommitted
r11_deep_retime_distance,C - retiming distance / effort limit,openroad_syn,,directive,unsupported,2.25,VIOLATED,-85.9321,,,87.8954,,2471,96,,,,,,,,,,,1556.88,758.407,,,,,,vectorless,,,3,3.0,b29ca8381780,uncommitted
r11_deep_retime_distance,C - retiming distance / effort limit,openroad_syn,,directive,unsupported,3.0,VIOLATED,-85.1821,,,87.8954,,2471,96,,,,,,,,,,,1491.62,729.58,,,,,,vectorless,,,2,4.0,b29ca8381780,uncommitted
r11_deep_retime_distance,C - retiming distance / effort limit,openroad_syn,,directive,unsupported,4.0,VIOLATED,-84.1821,,,87.8954,,2471,96,,,,,,,,,,,1421.1100000000001,696.907,,,,,,vectorless,,,2,4.0,b29ca8381780,uncommitted
r11_deep_retime_distance,C - retiming distance / effort limit,openroad_syn,,directive,unsupported,5.0,VIOLATED,-83.1821,,,87.8954,,2471,96,,,,,,,,,,,1369.87,672.732,,,,,,vectorless,,,2,3.0,b29ca8381780,uncommitted
r11_deep_retime_distance,C - retiming distance / effort limit,openroad_syn,,directive,unsupported,6.5,VIOLATED,-81.6821,,,87.8954,,2471,96,,,,,,,,,,,1308.2800000000002,643.182,,,,,,vectorless,,,3,3.0,b29ca8381780,uncommitted
r11_deep_retime_distance,C - retiming distance / effort limit,openroad_syn,,orig,unsupported,2.25,VIOLATED,-85.9321,,,87.8954,,2471,96,,,,,,,,,,,1556.88,758.407,,,,,,vectorless,,,2,4.0,b29ca8381780,uncommitted
r11_deep_retime_distance,C - retiming distance / effort limit,openroad_syn,,orig,unsupported,3.0,VIOLATED,-85.1821,,,87.8954,,2471,96,,,,,,,,,,,1491.62,729.58,,,,,,vectorless,,,2,3.0,b29ca8381780,uncommitted
r11_deep_retime_distance,C - retiming distance / effort limit,openroad_syn,,orig,unsupported,4.0,VIOLATED,-84.1821,,,87.8954,,2471,96,,,,,,,,,,,1421.1100000000001,696.907,,,,,,vectorless,,,2,3.0,b29ca8381780,uncommitted
r11_deep_retime_distance,C - retiming distance / effort limit,openroad_syn,,orig,unsupported,5.0,VIOLATED,-83.1821,,,87.8954,,2471,96,,,,,,,,,,,1369.87,672.732,,,,,,vectorless,,,2,3.0,b29ca8381780,uncommitted
r11_deep_retime_distance,C - retiming distance / effort limit,openroad_syn,,orig,unsupported,6.5,VIOLATED,-81.6821,,,87.8954,,2471,96,,,,,,,,,,,1308.2800000000002,643.182,,,,,,vectorless,,,2,4.0,b29ca8381780,uncommitted
r11_deep_retime_distance,C - retiming distance / effort limit,openroad_syn,,retimed,unsupported,2.25,VIOLATED,-23.7861,,,25.6361,,2055,96,,,,,,,,,,,772.04,355.294,,,,,,vectorless,,,1,3.0,b29ca8381780,uncommitted
r11_deep_retime_distance,C - retiming distance / effort limit,openroad_syn,,retimed,unsupported,3.0,VIOLATED,-23.0361,,,25.6361,,2055,96,,,,,,,,,,,621.1179999999999,285.812,,,,,,vectorless,,,1,2.0,b29ca8381780,uncommitted
r11_deep_retime_distance,C - retiming distance / effort limit,openroad_syn,,retimed,unsupported,4.0,VIOLATED,-22.0361,,,25.6361,,2055,96,,,,,,,,,,,490.481,225.543,,,,,,vectorless,,,1,2.0,b29ca8381780,uncommitted
r11_deep_retime_distance,C - retiming distance / effort limit,openroad_syn,,retimed,unsupported,5.0,VIOLATED,-21.0361,,,25.6361,,2055,96,,,,,,,,,,,402.024,184.763,,,,,,vectorless,,,2,3.0,b29ca8381780,uncommitted
r11_deep_retime_distance,C - retiming distance / effort limit,openroad_syn,,retimed,unsupported,6.5,VIOLATED,-19.5361,,,25.6361,,2055,96,,,,,,,,,,,314.134,144.333,,,,,,vectorless,,,1,2.0,b29ca8381780,uncommitted
r11_deep_retime_distance,C - retiming distance / effort limit,vivado,2023.1,directive,on,4.55,VIOLATED,-48.999,-48.999,paths ending at a register (pad delay excluded),,,,,,,,,,,,,,,189.0,,,,,,,vectorless,582,96,37,47.0,,
r11_deep_retime_distance,C - retiming distance / effort limit,vivado,2023.1,directive,on,5.6,VIOLATED,-47.974,-47.974,paths ending at a register (pad delay excluded),,,,,,,,,,,,,,,170.0,,,,,,,vectorless,582,96,36,44.0,,
r11_deep_retime_distance,C - retiming distance / effort limit,vivado,2023.1,directive,on,7.0,VIOLATED,-46.556,-46.556,paths ending at a register (pad delay excluded),,,,,,,,,,,,,,,154.0,,,,,,,vectorless,582,96,36,44.0,,
r11_deep_retime_distance,C - retiming distance / effort limit,vivado,2023.1,directive,on,8.4,VIOLATED,-45.156,-45.156,paths ending at a register (pad delay excluded),,,,,,,,,,,,,,,144.0,,,,,,,vectorless,582,96,36,45.0,,
r11_deep_retime_distance,C - retiming distance / effort limit,vivado,2023.1,directive,on,10.5,VIOLATED,-43.095,-43.095,paths ending at a register (pad delay excluded),,,,,,,,,,,,,,,133.0,,,,,,,vectorless,582,96,36,45.0,,
r11_deep_retime_distance,C - retiming distance / effort limit,vivado,2023.1,orig,off,4.55,VIOLATED,-48.999,-48.999,paths ending at a register (pad delay excluded),,,,,,,,,,,,,,,189.0,,,,,,,vectorless,582,96,38,47.0,,
r11_deep_retime_distance,C - retiming distance / effort limit,vivado,2023.1,orig,off,5.6,VIOLATED,-47.974,-47.974,paths ending at a register (pad delay excluded),,,,,,,,,,,,,,,170.0,,,,,,,vectorless,582,96,37,45.0,,
r11_deep_retime_distance,C - retiming distance / effort limit,vivado,2023.1,orig,off,7.0,VIOLATED,-46.556,-46.556,paths ending at a register (pad delay excluded),,,,,,,,,,,,,,,154.0,,,,,,,vectorless,582,96,37,44.0,,
r11_deep_retime_distance,C - retiming distance / effort limit,vivado,2023.1,orig,off,8.4,VIOLATED,-45.156,-45.156,paths ending at a register (pad delay excluded),,,,,,,,,,,,,,,144.0,,,,,,,vectorless,582,96,39,58.0,,
r11_deep_retime_distance,C - retiming distance / effort limit,vivado,2023.1,orig,off,10.5,VIOLATED,-43.095,-43.095,paths ending at a register (pad delay excluded),,,,,,,,,,,,,,,133.0,,,,,,,vectorless,582,96,38,57.0,,
r11_deep_retime_distance,C - retiming distance / effort limit,vivado,2023.1,orig,on,4.55,VIOLATED,-48.999,-48.999,paths ending at a register (pad delay excluded),,,,,,,,,,,,,,,189.0,,,,,,,vectorless,582,96,37,46.0,,
r11_deep_retime_distance,C - retiming distance / effort limit,vivado,2023.1,orig,on,5.6,VIOLATED,-47.974,-47.974,paths ending at a register (pad delay excluded),,,,,,,,,,,,,,,170.0,,,,,,,vectorless,582,96,37,46.0,,
r11_deep_retime_distance,C - retiming distance / effort limit,vivado,2023.1,orig,on,7.0,VIOLATED,-46.556,-46.556,paths ending at a register (pad delay excluded),,,,,,,,,,,,,,,154.0,,,,,,,vectorless,582,96,37,48.0,,
r11_deep_retime_distance,C - retiming distance / effort limit,vivado,2023.1,orig,on,8.4,VIOLATED,-45.156,-45.156,paths ending at a register (pad delay excluded),,,,,,,,,,,,,,,144.0,,,,,,,vectorless,582,96,37,49.0,,
r11_deep_retime_distance,C - retiming distance / effort limit,vivado,2023.1,orig,on,10.5,VIOLATED,-43.095,-43.095,paths ending at a register (pad delay excluded),,,,,,,,,,,,,,,133.0,,,,,,,vectorless,582,96,37,46.0,,
r11_deep_retime_distance,C - retiming distance / effort limit,vivado,2023.1,retimed,off,4.55,VIOLATED,-11.679,-11.679,paths ending at a register (pad delay excluded),,,,,,,,,,,,,,,184.0,,,,,,,vectorless,582,97,38,46.0,,
r11_deep_retime_distance,C - retiming distance / effort limit,vivado,2023.1,retimed,off,5.6,VIOLATED,-10.092,-10.092,paths ending at a register (pad delay excluded),,,,,,,,,,,,,,,165.0,,,,,,,vectorless,582,96,37,46.0,,
r11_deep_retime_distance,C - retiming distance / effort limit,vivado,2023.1,retimed,off,7.0,VIOLATED,-9.479,-9.479,paths ending at a register (pad delay excluded),,,,,,,,,,,,,,,150.0,,,,,,,vectorless,582,97,33,41.0,,
r11_deep_retime_distance,C - retiming distance / effort limit,vivado,2023.1,retimed,off,8.4,VIOLATED,-7.935,-7.935,paths ending at a register (pad delay excluded),,,,,,,,,,,,,,,141.0,,,,,,,vectorless,582,97,34,42.0,,
r11_deep_retime_distance,C - retiming distance / effort limit,vivado,2023.1,retimed,off,10.5,VIOLATED,-5.548,-5.548,paths ending at a register (pad delay excluded),,,,,,,,,,,,,,,131.0,,,,,,,vectorless,582,97,33,41.0,,
r11_deep_retime_distance,C - retiming distance / effort limit,yosys,0.58,directive,off,5.0,VIOLATED,-74.7157,,,79.3876,_3709_,2851,96,,51119.3088,,,,,,,,,1350.0,636.0,,,,,,vectorless,,,2.0,3.0,,
r11_deep_retime_distance,C - retiming distance / effort limit,yosys,0.58,directive,on,2.25,VIOLATED,-36.7783,,,38.7187,_6750_,2947,96,,79840.0512,,,,,,,,,2710.0,1450.0,,,,,,vectorless,,,5.0,6.0,b29ca8381780,uncommitted
r11_deep_retime_distance,C - retiming distance / effort limit,yosys,0.58,directive,on,3.0,VIOLATED,-36.0283,,,38.7187,_6750_,2947,96,,79840.0512,,,,,,,,,2560.0,1370.0,,,,,,vectorless,,,5.0,6.0,b29ca8381780,uncommitted
r11_deep_retime_distance,C - retiming distance / effort limit,yosys,0.58,directive,on,4.0,VIOLATED,-35.0283,,,38.7187,_6750_,2947,96,,79840.0512,,,,,,,,,2410.0,1290.0,,,,,,vectorless,,,5.0,6.0,b29ca8381780,uncommitted
r11_deep_retime_distance,C - retiming distance / effort limit,yosys,0.58,directive,on,5.0,VIOLATED,-34.0283,,,38.7187,_6750_,2947,96,,79840.0512,,,,,,,,,2290.0,1230.0,,,,,,vectorless,,,5.0,6.0,b29ca8381780,uncommitted
r11_deep_retime_distance,C - retiming distance / effort limit,yosys,0.58,directive,on,6.5,VIOLATED,-32.5283,,,38.7187,_6750_,2947,96,,79840.0512,,,,,,,,,2160.0,1160.0,,,,,,vectorless,,,5.0,6.0,b29ca8381780,uncommitted
r11_deep_retime_distance,C - retiming distance / effort limit,yosys,0.58,orig,off,2.25,VIOLATED,-77.4657,,,79.3876,_3709_,2851,96,,51119.3088,,,,,,,,,1490.0,695.0,,,,,,vectorless,,,2.0,3.0,b29ca8381780,uncommitted
r11_deep_retime_distance,C - retiming distance / effort limit,yosys,0.58,orig,off,3.0,VIOLATED,-76.7157,,,79.3876,_3709_,2851,96,,51119.3088,,,,,,,,,1430.0,674.0,,,,,,vectorless,,,2.0,3.0,b29ca8381780,uncommitted
r11_deep_retime_distance,C - retiming distance / effort limit,yosys,0.58,orig,off,4.0,VIOLATED,-75.7157,,,79.3876,_3709_,2851,96,,51119.3088,,,,,,,,,1380.0,653.0,,,,,,vectorless,,,3.0,4.0,b29ca8381780,uncommitted
r11_deep_retime_distance,C - retiming distance / effort limit,yosys,0.58,orig,off,5.0,VIOLATED,-74.7157,,,79.3876,_3709_,2851,96,,51119.3088,,,,,,,,,1350.0,636.0,,,,,,vectorless,,,2.0,3.0,b29ca8381780,uncommitted
r11_deep_retime_distance,C - retiming distance / effort limit,yosys,0.58,orig,off,6.5,VIOLATED,-73.2157,,,79.3876,_3709_,2851,96,,51119.3088,,,,,,,,,1300.0,613.0,,,,,,vectorless,,,2.0,4.0,b29ca8381780,uncommitted
r11_deep_retime_distance,C - retiming distance / effort limit,yosys,0.58,orig,on,2.25,VIOLATED,-36.7783,,,38.7187,_6750_,2947,96,,79840.0512,,,,,,,,,2710.0,1450.0,,,,,,vectorless,,,5.0,6.0,b29ca8381780,uncommitted
r11_deep_retime_distance,C - retiming distance / effort limit,yosys,0.58,orig,on,3.0,VIOLATED,-36.0283,,,38.7187,_6750_,2947,96,,79840.0512,,,,,,,,,2560.0,1370.0,,,,,,vectorless,,,5.0,6.0,b29ca8381780,uncommitted
r11_deep_retime_distance,C - retiming distance / effort limit,yosys,0.58,orig,on,4.0,VIOLATED,-35.0283,,,38.7187,_6750_,2947,96,,79840.0512,,,,,,,,,2410.0,1290.0,,,,,,vectorless,,,5.0,6.0,b29ca8381780,uncommitted
r11_deep_retime_distance,C - retiming distance / effort limit,yosys,0.58,orig,on,5.0,VIOLATED,-34.0283,,,38.7187,_6750_,2947,96,,79840.0512,,,,,,,,,2290.0,1230.0,,,,,,vectorless,,,5.0,6.0,b29ca8381780,uncommitted
r11_deep_retime_distance,C - retiming distance / effort limit,yosys,0.58,orig,on,6.5,VIOLATED,-32.5283,,,38.7187,_6750_,2947,96,,79840.0512,,,,,,,,,2160.0,1160.0,,,,,,vectorless,,,4.0,6.0,b29ca8381780,uncommitted
r11_deep_retime_distance,C - retiming distance / effort limit,yosys,0.58,retimed,off,2.25,VIOLATED,-18.7668,,,20.7062,_3549_,2873,96,,48748.4928,,,,,,,,,895.0,399.0,,,,,,vectorless,,,2.0,3.0,b29ca8381780,uncommitted
r11_deep_retime_distance,C - retiming distance / effort limit,yosys,0.58,retimed,off,3.0,VIOLATED,-18.0168,,,20.7062,_3549_,2873,96,,48748.4928,,,,,,,,,761.0,339.0,,,,,,vectorless,,,2.0,3.0,b29ca8381780,uncommitted
r11_deep_retime_distance,C - retiming distance / effort limit,yosys,0.58,retimed,off,4.0,VIOLATED,-17.0168,,,20.7062,_3549_,2873,96,,48748.4928,,,,,,,,,629.0,281.0,,,,,,vectorless,,,2.0,3.0,b29ca8381780,uncommitted
r11_deep_retime_distance,C - retiming distance / effort limit,yosys,0.58,retimed,off,5.0,VIOLATED,-16.0168,,,20.7062,_3549_,2873,96,,48748.4928,,,,,,,,,535.0,239.0,,,,,,vectorless,,,2.0,3.0,b29ca8381780,uncommitted
r11_deep_retime_distance,C - retiming distance / effort limit,yosys,0.58,retimed,off,6.5,VIOLATED,-14.5168,,,20.7062,_3549_,2873,96,,48748.4928,,,,,,,,,432.0,193.0,,,,,,vectorless,,,2.0,3.0,b29ca8381780,uncommitted
r11_deep_retime_distance,C - retiming distance / effort limit,yosys,0.58,retimed,on,5.0,VIOLATED,-6.7466,,,11.3466,dout[30],2969,96,,68939.9424,,,,,,,,,517.0,268.0,,,,,,vectorless,,,4.0,6.0,,
r12_wide_reduction_tree,C - classical unbalanced pipeline,genus,23.12-s086_1,directive,off,1.11,VIOLATED,-0.222,,,0.932,dout[10],31,9,9,1827.2022777500001,,,,,,,,,10.881,2.85517,7.46265,2.40487,1.01351,,,probabilistic,,,14,23.0,971e950b57b4,uncommitted
r12_wide_reduction_tree,C - classical unbalanced pipeline,genus,23.12-s086_1,directive,off,1.38,MET,0.017,,,1.079,out_q_reg[5]/D,24,12,2,1694.36759675,,,,,,,,,9.84258,2.0454000000000003,7.69581,1.05981,1.0869600000000001,,,probabilistic,,,14,22.0,971e950b57b4,uncommitted
r12_wide_reduction_tree,C - classical unbalanced pipeline,genus,23.12-s086_1,directive,off,1.73,MET,0.367,,,1.079,out_q_reg[5]/D,24,12,2,1694.36759675,,,,,,,,,7.8513,1.63159,6.13886,0.8453970000000001,0.867052,,,probabilistic,,,14,24.0,971e950b57b4,uncommitted
r12_wide_reduction_tree,C - classical unbalanced pipeline,genus,23.12-s086_1,directive,off,2.16,MET,0.797,,,1.079,out_q_reg[5]/D,24,12,2,1694.36759675,,,,,,,,,6.28832,1.30679,4.91677,0.6771010000000001,0.6944440000000001,,,probabilistic,,,14,24.0,971e950b57b4,uncommitted
r12_wide_reduction_tree,C - classical unbalanced pipeline,genus,23.12-s086_1,directive,off,2.7,MET,1.337,,,1.079,out_q_reg[5]/D,24,12,2,1694.36759675,,,,,,,,,5.0306500000000005,1.04543,3.93342,0.541681,0.555556,,,probabilistic,,,15,23.0,971e950b57b4,uncommitted
r12_wide_reduction_tree,C - classical unbalanced pipeline,genus,23.12-s086_1,directive,off,3.6,MET,2.237,,,1.079,out_q_reg[5]/D,24,12,2,1694.36759675,,,,,,,,,3.77299,0.784071,2.95006,0.406261,0.416667,,,probabilistic,,,14,24.0,971e950b57b4,uncommitted
r12_wide_reduction_tree,C - classical unbalanced pipeline,genus,23.12-s086_1,directive,off,4.8,MET,3.437,,,1.079,out_q_reg[5]/D,24,12,2,1694.36759675,,,,,,,,,2.8297499999999998,0.5880529999999999,2.2125500000000002,0.304696,0.3125,,,probabilistic,,,14,23.0,971e950b57b4,uncommitted
r12_wide_reduction_tree,C - classical unbalanced pipeline,genus,23.12-s086_1,directive,off,6.0,MET,4.637,,,1.079,out_q_reg[5]/D,24,12,2,1694.36759675,,,,,,,,,2.2638,0.470443,1.77004,0.243757,0.25,,,probabilistic,,,14,23.0,971e950b57b4,uncommitted
r12_wide_reduction_tree,C - classical unbalanced pipeline,genus,23.12-s086_1,directive,off,7.8,MET,6.437,,,1.079,out_q_reg[5]/D,24,12,2,1694.36759675,,,,,,,,,1.7413800000000001,0.361879,1.3615700000000002,0.18750599999999998,0.192308,,,probabilistic,,,14,24.0,971e950b57b4,uncommitted
r12_wide_reduction_tree,C - classical unbalanced pipeline,genus,23.12-s086_1,orig,off,1.11,VIOLATED,-0.128,,,0.964,out_q_reg[5]/D,29,10,0,1818.280727,,,,,,,,,11.3864,2.85237,8.30955,1.9507400000000001,1.1261299999999999,,,probabilistic,,,14,22.0,971e950b57b4,uncommitted
r12_wide_reduction_tree,C - classical unbalanced pipeline,genus,23.12-s086_1,orig,off,1.38,MET,0.017,,,1.079,out_q_reg[5]/D,23,10,0,1538.909848,,,,,,,,,8.437109999999999,1.9205400000000001,6.45071,1.0806,0.905797,,,probabilistic,,,13,22.0,971e950b57b4,uncommitted
r12_wide_reduction_tree,C - classical unbalanced pipeline,genus,23.12-s086_1,orig,off,1.73,MET,0.367,,,1.079,out_q_reg[5]/D,23,10,0,1538.909848,,,,,,,,,6.73018,1.53199,5.14565,0.8619819999999999,0.7225429999999999,,,probabilistic,,,13,22.0,971e950b57b4,uncommitted
r12_wide_reduction_tree,C - classical unbalanced pipeline,genus,23.12-s086_1,orig,off,2.16,MET,0.797,,,1.079,out_q_reg[5]/D,23,10,0,1538.909848,,,,,,,,,5.39038,1.22701,4.12129,0.690384,0.578704,,,probabilistic,,,13,22.0,971e950b57b4,uncommitted
r12_wide_reduction_tree,C - classical unbalanced pipeline,genus,23.12-s086_1,orig,off,2.7,MET,1.337,,,1.079,out_q_reg[5]/D,23,10,0,1530.442648,,,,,,,,,4.31888,0.94434,3.2968300000000004,0.559083,0.462963,,,probabilistic,,,14,24.0,971e950b57b4,uncommitted
r12_wide_reduction_tree,C - classical unbalanced pipeline,genus,23.12-s086_1,orig,off,3.6,MET,2.237,,,1.079,out_q_reg[5]/D,23,10,0,1530.442648,,,,,,,,,3.23916,0.708255,2.47263,0.419313,0.34722200000000003,,,probabilistic,,,13,22.0,971e950b57b4,uncommitted
r12_wide_reduction_tree,C - classical unbalanced pipeline,genus,23.12-s086_1,orig,off,4.8,MET,3.437,,,1.079,out_q_reg[5]/D,23,10,0,1530.442648,,,,,,,,,2.42937,0.531191,1.85447,0.31448499999999996,0.260417,,,probabilistic,,,13,23.0,971e950b57b4,uncommitted
r12_wide_reduction_tree,C - classical unbalanced pipeline,genus,23.12-s086_1,orig,off,6.0,MET,4.637,,,1.079,out_q_reg[5]/D,23,10,0,1530.442648,,,,,,,,,1.9435,0.42495299999999997,1.48358,0.25158800000000003,0.208333,,,probabilistic,,,13,23.0,971e950b57b4,uncommitted
r12_wide_reduction_tree,C - classical unbalanced pipeline,genus,23.12-s086_1,orig,off,7.8,MET,6.437,,,1.079,out_q_reg[5]/D,23,10,0,1530.442648,,,,,,,,,1.495,0.326887,1.1412099999999998,0.19353,0.160256,,,probabilistic,,,13,23.0,971e950b57b4,uncommitted
r12_wide_reduction_tree,C - classical unbalanced pipeline,genus,23.12-s086_1,orig,on,1.11,VIOLATED,-0.222,,,0.932,dout[10],31,9,9,1827.2022777500001,,,,,,,,,10.881,2.85517,7.46265,2.40487,1.01351,,,probabilistic,,,14,23.0,971e950b57b4,uncommitted
r12_wide_reduction_tree,C - classical unbalanced pipeline,genus,23.12-s086_1,orig,on,1.38,MET,0.017,,,1.079,out_q_reg[5]/D,24,12,2,1694.36759675,,,,,,,,,9.84258,2.0454000000000003,7.69581,1.05981,1.0869600000000001,,,probabilistic,,,14,24.0,971e950b57b4,uncommitted
r12_wide_reduction_tree,C - classical unbalanced pipeline,genus,23.12-s086_1,orig,on,1.73,MET,0.367,,,1.079,out_q_reg[5]/D,24,12,2,1694.36759675,,,,,,,,,7.8513,1.63159,6.13886,0.8453970000000001,0.867052,,,probabilistic,,,14,24.0,971e950b57b4,uncommitted
r12_wide_reduction_tree,C - classical unbalanced pipeline,genus,23.12-s086_1,orig,on,2.16,MET,0.797,,,1.079,out_q_reg[5]/D,24,12,2,1694.36759675,,,,,,,,,6.28832,1.30679,4.91677,0.6771010000000001,0.6944440000000001,,,probabilistic,,,14,23.0,971e950b57b4,uncommitted
r12_wide_reduction_tree,C - classical unbalanced pipeline,genus,23.12-s086_1,orig,on,2.7,MET,1.337,,,1.079,out_q_reg[5]/D,24,12,2,1694.36759675,,,,,,,,,5.0306500000000005,1.04543,3.93342,0.541681,0.555556,,,probabilistic,,,14,23.0,971e950b57b4,uncommitted
r12_wide_reduction_tree,C - classical unbalanced pipeline,genus,23.12-s086_1,orig,on,3.6,MET,2.237,,,1.079,out_q_reg[5]/D,24,12,2,1694.36759675,,,,,,,,,3.77299,0.784071,2.95006,0.406261,0.416667,,,probabilistic,,,14,23.0,971e950b57b4,uncommitted
r12_wide_reduction_tree,C - classical unbalanced pipeline,genus,23.12-s086_1,orig,on,4.8,MET,3.437,,,1.079,out_q_reg[5]/D,24,12,2,1694.36759675,,,,,,,,,2.8297499999999998,0.5880529999999999,2.2125500000000002,0.304696,0.3125,,,probabilistic,,,14,24.0,971e950b57b4,uncommitted
r12_wide_reduction_tree,C - classical unbalanced pipeline,genus,23.12-s086_1,orig,on,6.0,MET,4.637,,,1.079,out_q_reg[5]/D,24,12,2,1694.36759675,,,,,,,,,2.2638,0.470443,1.77004,0.243757,0.25,,,probabilistic,,,14,23.0,971e950b57b4,uncommitted
r12_wide_reduction_tree,C - classical unbalanced pipeline,genus,23.12-s086_1,orig,on,7.8,MET,6.437,,,1.079,out_q_reg[5]/D,24,12,2,1694.36759675,,,,,,,,,1.7413800000000001,0.361879,1.3615700000000002,0.18750599999999998,0.192308,,,probabilistic,,,14,23.0,971e950b57b4,uncommitted
r12_wide_reduction_tree,C - classical unbalanced pipeline,genus,23.12-s086_1,retimed,off,1.11,VIOLATED,-0.736,,,1.554,out_q_reg[9]/D,130,15,0,6428.061253,,,,,,,,,28.020400000000002,9.3893,14.5329,11.7983,1.68919,,,probabilistic,,,20,28.0,971e950b57b4,uncommitted
r12_wide_reduction_tree,C - classical unbalanced pipeline,genus,23.12-s086_1,retimed,off,1.38,VIOLATED,-0.46,,,1.571,out_q_reg[9]/D,117,15,0,6077.9713155,,,,,,,,,22.186999999999998,7.08726,11.637500000000001,9.19083,1.3587,,,probabilistic,,,20,29.0,971e950b57b4,uncommitted
r12_wide_reduction_tree,C - classical unbalanced pipeline,genus,23.12-s086_1,retimed,off,1.73,VIOLATED,-0.111,,,1.596,out_q_reg[8]/D,119,15,0,6132.045561250001,,,,,,,,,17.5272,5.69676,9.40569,7.0377,1.08382,,,probabilistic,,,19,28.0,971e950b57b4,uncommitted
r12_wide_reduction_tree,C - classical unbalanced pipeline,genus,23.12-s086_1,retimed,off,2.16,MET,0.008,,,1.484,out_q_reg[9]/D,84,15,0,4659.29307075,,,,,,,,,11.6393,3.37798,7.0118599999999995,3.75938,0.8680559999999999,,,probabilistic,,,14,23.0,971e950b57b4,uncommitted
r12_wide_reduction_tree,C - classical unbalanced pipeline,genus,23.12-s086_1,retimed,off,2.7,MET,0.115,,,2.335,out_q_reg[8]/D,69,15,0,4152.5356835,,,,,,,,,9.00535,2.54076,5.41297,2.89793,0.6944440000000001,,,probabilistic,,,15,24.0,971e950b57b4,uncommitted
r12_wide_reduction_tree,C - classical unbalanced pipeline,genus,23.12-s086_1,retimed,off,3.6,MET,1.03,,,2.287,out_q_reg[8]/D,72,15,0,4206.3927395,,,,,,,,,6.74362,1.91474,4.07105,2.15173,0.520833,,,probabilistic,,,14,23.0,971e950b57b4,uncommitted
r12_wide_reduction_tree,C - classical unbalanced pipeline,genus,23.12-s086_1,retimed,off,4.8,MET,2.134,,,2.383,out_q_reg[8]/D,64,15,0,3847.9832479999995,,,,,,,,,4.96697,1.32073,2.9754400000000003,1.60091,0.390625,,,probabilistic,,,14,23.0,971e950b57b4,uncommitted
r12_wide_reduction_tree,C - classical unbalanced pipeline,genus,23.12-s086_1,retimed,off,6.0,MET,3.166,,,2.55,out_q_reg[12]/D,66,15,0,3889.138076,,,,,,,,,3.9725300000000003,1.0744,2.36521,1.2948199999999999,0.3125,,,probabilistic,,,14,24.0,971e950b57b4,uncommitted
r12_wide_reduction_tree,C - classical unbalanced pipeline,genus,23.12-s086_1,retimed,off,7.8,MET,5.134,,,2.382,out_q_reg[12]/D,67,15,0,3883.7161724999996,,,,,,,,,3.06902,0.8141,1.81648,1.01215,0.240385,,,probabilistic,,,14,23.0,971e950b57b4,uncommitted
r12_wide_reduction_tree,C - classical unbalanced pipeline,openroad_syn,,directive,unsupported,2.7,MET,1.3132,,,1.0546,,35,20,,,,,,,,,,,5.682910000000001,0.208814,,,,,,vectorless,,,0,1.0,971e950b57b4,uncommitted
r12_wide_reduction_tree,C - classical unbalanced pipeline,openroad_syn,,directive,unsupported,3.6,MET,2.2132,,,1.0546,,35,20,,,,,,,,,,,4.26218,0.15661,,,,,,vectorless,,,0,1.0,971e950b57b4,uncommitted
r12_wide_reduction_tree,C - classical unbalanced pipeline,openroad_syn,,directive,unsupported,4.8,MET,3.4132,,,1.0546,,35,20,,,,,,,,,,,3.1966400000000004,0.11745799999999999,,,,,,vectorless,,,0,1.0,971e950b57b4,uncommitted
r12_wide_reduction_tree,C - classical unbalanced pipeline,openroad_syn,,directive,unsupported,6.0,MET,4.6132,,,1.0546,,35,20,,,,,,,,,,,2.5573200000000003,0.09396629999999999,,,,,,vectorless,,,0,1.0,971e950b57b4,uncommitted
r12_wide_reduction_tree,C - classical unbalanced pipeline,openroad_syn,,directive,unsupported,7.8,MET,6.4132,,,1.0546,,35,20,,,,,,,,,,,1.9671699999999999,0.0722817,,,,,,vectorless,,,0,1.0,971e950b57b4,uncommitted
r12_wide_reduction_tree,C - classical unbalanced pipeline,openroad_syn,,orig,unsupported,2.7,MET,1.3132,,,1.0546,,35,20,,,,,,,,,,,5.682910000000001,0.208814,,,,,,vectorless,,,0,1.0,971e950b57b4,uncommitted
r12_wide_reduction_tree,C - classical unbalanced pipeline,openroad_syn,,orig,unsupported,3.6,MET,2.2132,,,1.0546,,35,20,,,,,,,,,,,4.26218,0.15661,,,,,,vectorless,,,0,1.0,971e950b57b4,uncommitted
r12_wide_reduction_tree,C - classical unbalanced pipeline,openroad_syn,,orig,unsupported,4.8,MET,3.4132,,,1.0546,,35,20,,,,,,,,,,,3.1966400000000004,0.11745799999999999,,,,,,vectorless,,,0,1.0,971e950b57b4,uncommitted
r12_wide_reduction_tree,C - classical unbalanced pipeline,openroad_syn,,orig,unsupported,6.0,MET,4.6132,,,1.0546,,35,20,,,,,,,,,,,2.5573200000000003,0.09396629999999999,,,,,,vectorless,,,0,1.0,971e950b57b4,uncommitted
r12_wide_reduction_tree,C - classical unbalanced pipeline,openroad_syn,,orig,unsupported,7.8,MET,6.4132,,,1.0546,,35,20,,,,,,,,,,,1.9671699999999999,0.0722817,,,,,,vectorless,,,0,1.0,971e950b57b4,uncommitted
r12_wide_reduction_tree,C - classical unbalanced pipeline,openroad_syn,,retimed,unsupported,2.7,VIOLATED,-2.3257,,,4.7128,,184,45,,,,,,,,,,,18.1616,2.8742099999999997,,,,,,vectorless,,,0,1.0,971e950b57b4,uncommitted
r12_wide_reduction_tree,C - classical unbalanced pipeline,openroad_syn,,retimed,unsupported,3.6,VIOLATED,-1.4257,,,4.7128,,184,45,,,,,,,,,,,13.6212,2.15566,,,,,,vectorless,,,0,1.0,971e950b57b4,uncommitted
r12_wide_reduction_tree,C - classical unbalanced pipeline,openroad_syn,,retimed,unsupported,4.8,VIOLATED,-0.2257,,,4.7128,,184,45,,,,,,,,,,,10.2159,1.61674,,,,,,vectorless,,,0,1.0,971e950b57b4,uncommitted
r12_wide_reduction_tree,C - classical unbalanced pipeline,openroad_syn,,retimed,unsupported,6.0,MET,0.9743,,,4.7128,,184,45,,,,,,,,,,,8.17273,1.29339,,,,,,vectorless,,,0,1.0,971e950b57b4,uncommitted
r12_wide_reduction_tree,C - classical unbalanced pipeline,openroad_syn,,retimed,unsupported,7.8,MET,2.7743,,,4.7128,,184,45,,,,,,,,,,,6.28672,0.9949189999999999,,,,,,vectorless,,,0,1.0,971e950b57b4,uncommitted
r12_wide_reduction_tree,C - classical unbalanced pipeline,vivado,2023.1,directive,on,5.2,VIOLATED,-3.415,-3.415,paths ending at a register (pad delay excluded),,,,,,,,,,,,,,,140.0,,,,,,,vectorless,590,27,40,48.0,,
r12_wide_reduction_tree,C - classical unbalanced pipeline,vivado,2023.1,directive,on,6.4,VIOLATED,-2.069,-2.069,paths ending at a register (pad delay excluded),,,,,,,,,,,,,,,128.0,,,,,,,vectorless,590,27,34,44.0,,
r12_wide_reduction_tree,C - classical unbalanced pipeline,vivado,2023.1,directive,on,8.0,VIOLATED,-0.427,-0.427,paths ending at a register (pad delay excluded),,,,,,,,,,,,,,,120.0,,,,,,,vectorless,590,27,31,39.0,,
r12_wide_reduction_tree,C - classical unbalanced pipeline,vivado,2023.1,directive,on,9.6,VIOLATED,-1.255,-1.255,paths ending at a register (pad delay excluded),,,,,,,,,,,,,,,116.0,,,,,,,vectorless,574,27,45,54.0,,
r12_wide_reduction_tree,C - classical unbalanced pipeline,vivado,2023.1,directive,on,12.0,MET,0.637,0.637,paths ending at a register (pad delay excluded),,,,,,,,,,,,,,,110.0,,,,,,,vectorless,574,27,28,40.0,,
r12_wide_reduction_tree,C - classical unbalanced pipeline,vivado,2023.1,orig,off,5.2,VIOLATED,-3.415,-3.415,paths ending at a register (pad delay excluded),,,,,,,,,,,,,,,140.0,,,,,,,vectorless,590,27,34,42.0,,
r12_wide_reduction_tree,C - classical unbalanced pipeline,vivado,2023.1,orig,off,6.4,VIOLATED,-2.069,-2.069,paths ending at a register (pad delay excluded),,,,,,,,,,,,,,,128.0,,,,,,,vectorless,590,27,33,41.0,,
r12_wide_reduction_tree,C - classical unbalanced pipeline,vivado,2023.1,orig,off,8.0,VIOLATED,-0.427,-0.427,paths ending at a register (pad delay excluded),,,,,,,,,,,,,,,120.0,,,,,,,vectorless,590,27,31,41.0,,
r12_wide_reduction_tree,C - classical unbalanced pipeline,vivado,2023.1,orig,off,9.6,VIOLATED,-1.255,-1.255,paths ending at a register (pad delay excluded),,,,,,,,,,,,,,,116.0,,,,,,,vectorless,574,27,48,56.0,,
r12_wide_reduction_tree,C - classical unbalanced pipeline,vivado,2023.1,orig,off,12.0,MET,0.637,0.637,paths ending at a register (pad delay excluded),,,,,,,,,,,,,,,110.0,,,,,,,vectorless,574,27,32,41.0,,
r12_wide_reduction_tree,C - classical unbalanced pipeline,vivado,2023.1,orig,on,5.2,VIOLATED,-3.415,-3.415,paths ending at a register (pad delay excluded),,,,,,,,,,,,,,,140.0,,,,,,,vectorless,590,27,35,43.0,,
r12_wide_reduction_tree,C - classical unbalanced pipeline,vivado,2023.1,orig,on,6.4,VIOLATED,-2.069,-2.069,paths ending at a register (pad delay excluded),,,,,,,,,,,,,,,128.0,,,,,,,vectorless,590,27,34,42.0,,
r12_wide_reduction_tree,C - classical unbalanced pipeline,vivado,2023.1,orig,on,8.0,VIOLATED,-0.427,-0.427,paths ending at a register (pad delay excluded),,,,,,,,,,,,,,,120.0,,,,,,,vectorless,590,27,31,39.0,,
r12_wide_reduction_tree,C - classical unbalanced pipeline,vivado,2023.1,orig,on,9.6,VIOLATED,-1.255,-1.255,paths ending at a register (pad delay excluded),,,,,,,,,,,,,,,116.0,,,,,,,vectorless,574,27,46,54.0,,
r12_wide_reduction_tree,C - classical unbalanced pipeline,vivado,2023.1,orig,on,12.0,MET,0.637,0.637,paths ending at a register (pad delay excluded),,,,,,,,,,,,,,,110.0,,,,,,,vectorless,574,27,28,39.0,,
r12_wide_reduction_tree,C - classical unbalanced pipeline,vivado,2023.1,retimed,off,5.2,VIOLATED,-2.812,-2.812,paths ending at a register (pad delay excluded),,,,,,,,,,,,,,,142.0,,,,,,,vectorless,601,58,67,78.0,,
r12_wide_reduction_tree,C - classical unbalanced pipeline,vivado,2023.1,retimed,off,6.4,VIOLATED,-1.712,-1.712,paths ending at a register (pad delay excluded),,,,,,,,,,,,,,,132.0,,,,,,,vectorless,601,58,30,46.0,,
r12_wide_reduction_tree,C - classical unbalanced pipeline,vivado,2023.1,retimed,off,8.0,VIOLATED,-0.569,-0.569,paths ending at a register (pad delay excluded),,,,,,,,,,,,,,,124.0,,,,,,,vectorless,566,58,36,52.0,,
r12_wide_reduction_tree,C - classical unbalanced pipeline,vivado,2023.1,retimed,off,9.6,MET,0.705,0.705,paths ending at a register (pad delay excluded),,,,,,,,,,,,,,,119.0,,,,,,,vectorless,566,58,35,45.0,,
r12_wide_reduction_tree,C - classical unbalanced pipeline,vivado,2023.1,retimed,off,12.0,MET,2.644,2.644,paths ending at a register (pad delay excluded),,,,,,,,,,,,,,,113.0,,,,,,,vectorless,566,58,35,46.0,,
r12_wide_reduction_tree,C - classical unbalanced pipeline,yosys,0.58,directive,off,6.0,MET,4.653,,,1.042,_63_,581,29,,2816.7552,,,,,,,,,3.62,0.106,,,,,,vectorless,,,1.0,2.0,,
r12_wide_reduction_tree,C - classical unbalanced pipeline,yosys,0.58,directive,on,2.7,MET,1.3724,,,1.0193,_76_,610,29,,3178.0224,,,,,,,,,8.22,0.3,,,,,,vectorless,,,1.0,2.0,971e950b57b4,uncommitted
r12_wide_reduction_tree,C - classical unbalanced pipeline,yosys,0.58,directive,on,3.6,MET,2.2724,,,1.0193,_76_,610,29,,3178.0224,,,,,,,,,6.159999999999999,0.225,,,,,,vectorless,,,1.0,2.0,971e950b57b4,uncommitted
r12_wide_reduction_tree,C - classical unbalanced pipeline,yosys,0.58,directive,on,4.8,MET,3.4724,,,1.0193,_76_,610,29,,3178.0224,,,,,,,,,4.62,0.16899999999999998,,,,,,vectorless,,,1.0,2.0,971e950b57b4,uncommitted
r12_wide_reduction_tree,C - classical unbalanced pipeline,yosys,0.58,directive,on,6.0,MET,4.6724,,,1.0193,_76_,610,29,,3178.0224,,,,,,,,,3.7,0.135,,,,,,vectorless,,,1.0,2.0,971e950b57b4,uncommitted
r12_wide_reduction_tree,C - classical unbalanced pipeline,yosys,0.58,directive,on,7.8,MET,6.4724,,,1.0193,_76_,610,29,,3178.0224,,,,,,,,,2.84,0.104,,,,,,vectorless,,,2.0,3.0,971e950b57b4,uncommitted
r12_wide_reduction_tree,C - classical unbalanced pipeline,yosys,0.58,orig,off,2.7,MET,1.353,,,1.042,_63_,581,29,,2816.7552,,,,,,,,,8.040000000000001,0.236,,,,,,vectorless,,,1.0,2.0,971e950b57b4,uncommitted
r12_wide_reduction_tree,C - classical unbalanced pipeline,yosys,0.58,orig,off,3.6,MET,2.253,,,1.042,_63_,581,29,,2816.7552,,,,,,,,,6.029999999999999,0.177,,,,,,vectorless,,,2.0,3.0,971e950b57b4,uncommitted
r12_wide_reduction_tree,C - classical unbalanced pipeline,yosys,0.58,orig,off,4.8,MET,3.453,,,1.042,_63_,581,29,,2816.7552,,,,,,,,,4.52,0.133,,,,,,vectorless,,,2.0,2.0,971e950b57b4,uncommitted
r12_wide_reduction_tree,C - classical unbalanced pipeline,yosys,0.58,orig,off,6.0,MET,4.653,,,1.042,_63_,581,29,,2816.7552,,,,,,,,,3.62,0.106,,,,,,vectorless,,,2.0,3.0,971e950b57b4,uncommitted
r12_wide_reduction_tree,C - classical unbalanced pipeline,yosys,0.58,orig,off,7.8,MET,6.453,,,1.042,_63_,581,29,,2816.7552,,,,,,,,,2.78,0.0818,,,,,,vectorless,,,1.0,2.0,971e950b57b4,uncommitted
r12_wide_reduction_tree,C - classical unbalanced pipeline,yosys,0.58,orig,on,2.7,MET,1.3724,,,1.0193,_76_,610,29,,3178.0224,,,,,,,,,8.22,0.3,,,,,,vectorless,,,1.0,2.0,971e950b57b4,uncommitted
r12_wide_reduction_tree,C - classical unbalanced pipeline,yosys,0.58,orig,on,3.6,MET,2.2724,,,1.0193,_76_,610,29,,3178.0224,,,,,,,,,6.159999999999999,0.225,,,,,,vectorless,,,1.0,2.0,971e950b57b4,uncommitted
r12_wide_reduction_tree,C - classical unbalanced pipeline,yosys,0.58,orig,on,4.8,MET,3.4724,,,1.0193,_76_,610,29,,3178.0224,,,,,,,,,4.62,0.16899999999999998,,,,,,vectorless,,,1.0,2.0,971e950b57b4,uncommitted
r12_wide_reduction_tree,C - classical unbalanced pipeline,yosys,0.58,orig,on,6.0,MET,4.6724,,,1.0193,_76_,610,29,,3178.0224,,,,,,,,,3.7,0.135,,,,,,vectorless,,,1.0,2.0,971e950b57b4,uncommitted
r12_wide_reduction_tree,C - classical unbalanced pipeline,yosys,0.58,orig,on,7.8,MET,6.4724,,,1.0193,_76_,610,29,,3178.0224,,,,,,,,,2.84,0.104,,,,,,vectorless,,,2.0,3.0,971e950b57b4,uncommitted
r12_wide_reduction_tree,C - classical unbalanced pipeline,yosys,0.58,retimed,off,2.7,VIOLATED,-2.7531,,,5.1712,_351_,805,52,,8125.6896,,,,,,,,,22.2,3.47,,,,,,vectorless,,,2.0,3.0,971e950b57b4,uncommitted
r12_wide_reduction_tree,C - classical unbalanced pipeline,yosys,0.58,retimed,off,3.6,VIOLATED,-1.8531,,,5.1712,_351_,805,52,,8125.6896,,,,,,,,,16.7,2.6,,,,,,vectorless,,,2.0,2.0,971e950b57b4,uncommitted
r12_wide_reduction_tree,C - classical unbalanced pipeline,yosys,0.58,retimed,off,4.8,VIOLATED,-0.6531,,,5.1712,_351_,805,52,,8125.6896,,,,,,,,,12.5,1.95,,,,,,vectorless,,,1.0,2.0,971e950b57b4,uncommitted
r12_wide_reduction_tree,C - classical unbalanced pipeline,yosys,0.58,retimed,off,6.0,MET,0.5469,,,5.1712,_351_,805,52,,8125.6896,,,,,,,,,10.0,1.56,,,,,,vectorless,,,1.0,2.0,971e950b57b4,uncommitted
r12_wide_reduction_tree,C - classical unbalanced pipeline,yosys,0.58,retimed,off,7.8,MET,2.3469,,,5.1712,_351_,805,52,,8125.6896,,,,,,,,,7.7,1.2,,,,,,vectorless,,,1.0,2.0,971e950b57b4,uncommitted
r12_wide_reduction_tree,C - classical unbalanced pipeline,yosys,0.58,retimed,on,6.0,MET,2.0729,,,3.629,_580_,857,52,,10767.456,,,,,,,,,10.3,2.11,,,,,,vectorless,,,1.0,2.0,,
r13_retime_around_sram,D - memory / macro boundary,genus,23.12-s086_1,directive,off,2.7,VIOLATED,-0.008,,,2.104,retime_s1_153_reg/D,2123,1316,1316,183904.46815725003,,,,,,,,,464.646,42.7482,401.48,63.165299999999995,0.0,,,probabilistic,,,44,55.0,b891c7ac7c32,uncommitted
r13_retime_around_sram,D - memory / macro boundary,genus,23.12-s086_1,directive,off,3.6,MET,0.006,,,2.96,retime_s1_19_reg/D,1965,1316,1316,177025.21912025003,,,,,,,,,341.21299999999997,25.717299999999998,300.76000000000005,40.453,0.0,,,probabilistic,,,27,36.0,b891c7ac7c32,uncommitted
r13_retime_around_sram,D - memory / macro boundary,genus,23.12-s086_1,directive,off,4.8,MET,0.137,,,3.965,retime_s1_111_reg/D,1942,1311,1311,175505.756514,,,,,,,,,250.80999999999997,17.6027,224.18099999999998,26.6289,0.0,,,probabilistic,,,25,35.0,b891c7ac7c32,uncommitted
r13_retime_around_sram,D - memory / macro boundary,genus,23.12-s086_1,directive,off,6.0,MET,0.001,,,5.342,retime_s1_7_reg/D,1415,799,271,127213.74833025,,,,,,,,,153.072,30.084300000000002,113.78399999999999,22.642300000000002,16.645799999999998,,,probabilistic,,,21,32.0,b891c7ac7c32,uncommitted
r13_retime_around_sram,D - memory / macro boundary,genus,23.12-s086_1,directive,off,7.8,MET,0.093,,,7.108,retime_s1_4_reg/D,1171,554,26,104236.53398775,,,,,,,,,91.024,19.8861,62.396899999999995,19.7488,8.87821,,,probabilistic,,,19,30.0,b891c7ac7c32,uncommitted
r13_retime_around_sram,D - memory / macro boundary,genus,23.12-s086_1,orig,off,2.7,VIOLATED,-2.104,,,4.162,a_q_reg[1]/D,1530,549,0,117762.741463,,,,,,,,,291.016,75.24690000000001,182.647,82.95139999999999,25.4167,,,probabilistic,,,55,64.0,b891c7ac7c32,uncommitted
r13_retime_around_sram,D - memory / macro boundary,genus,23.12-s086_1,orig,off,3.6,VIOLATED,-1.011,,,3.932,a_q_reg[4]/D,1415,549,0,114138.26882825,,,,,,,,,211.417,52.2351,134.031,58.323600000000006,19.0625,,,probabilistic,,,70,78.0,b891c7ac7c32,uncommitted
r13_retime_around_sram,D - memory / macro boundary,genus,23.12-s086_1,orig,off,4.8,VIOLATED,-0.102,,,3.924,a_q_reg[3]/SI,1401,549,0,113339.1259265,,,,,,,,,155.94,37.5649,100.44200000000001,41.1999,14.298399999999999,,,probabilistic,,,62,72.0,b891c7ac7c32,uncommitted
r13_retime_around_sram,D - memory / macro boundary,genus,23.12-s086_1,orig,off,6.0,MET,0.006,,,5.052,a_q_reg[1]/D,1238,549,0,106857.221881,,,,,,,,,120.267,27.6135,80.37320000000001,28.4564,11.4375,,,probabilistic,,,15,24.0,b891c7ac7c32,uncommitted
r13_retime_around_sram,D - memory / macro boundary,genus,23.12-s086_1,orig,off,7.8,MET,0.02,,,6.749,a_q_reg[3]/SE,1175,549,0,104114.73925975,,,,,,,,,88.5492,19.1552,61.6618,18.089299999999998,8.79808,,,probabilistic,,,12,24.0,b891c7ac7c32,uncommitted
r13_retime_around_sram,D - memory / macro boundary,genus,23.12-s086_1,orig,on,2.7,VIOLATED,-0.008,,,2.104,retime_s1_153_reg/D,2123,1316,1316,183904.46815725003,,,,,,,,,464.646,42.7482,401.48,63.165299999999995,0.0,,,probabilistic,,,44,55.0,b891c7ac7c32,uncommitted
r13_retime_around_sram,D - memory / macro boundary,genus,23.12-s086_1,orig,on,3.6,MET,0.006,,,2.96,retime_s1_19_reg/D,1965,1316,1316,177025.21912025003,,,,,,,,,341.21299999999997,25.717299999999998,300.76000000000005,40.453,0.0,,,probabilistic,,,30,39.0,b891c7ac7c32,uncommitted
r13_retime_around_sram,D - memory / macro boundary,genus,23.12-s086_1,orig,on,4.8,MET,0.137,,,3.965,retime_s1_111_reg/D,1942,1311,1311,175505.756514,,,,,,,,,250.80999999999997,17.6027,224.18099999999998,26.6289,0.0,,,probabilistic,,,28,37.0,b891c7ac7c32,uncommitted
r13_retime_around_sram,D - memory / macro boundary,genus,23.12-s086_1,orig,on,6.0,MET,0.001,,,5.342,retime_s1_7_reg/D,1415,799,271,127213.74833025,,,,,,,,,153.072,30.084300000000002,113.78399999999999,22.642300000000002,16.645799999999998,,,probabilistic,,,21,31.0,b891c7ac7c32,uncommitted
r13_retime_around_sram,D - memory / macro boundary,genus,23.12-s086_1,orig,on,7.8,MET,0.093,,,7.108,retime_s1_4_reg/D,1171,554,26,104236.53398775,,,,,,,,,91.024,19.8861,62.396899999999995,19.7488,8.87821,,,probabilistic,,,19,28.0,b891c7ac7c32,uncommitted
r13_retime_around_sram,D - memory / macro boundary,genus,23.12-s086_1,retimed,off,2.7,VIOLATED,-2.115,,,4.502,rd_q_reg[4]/D,1517,560,0,118765.19846274999,,,,,,,,,294.22900000000004,79.3256,181.90300000000002,86.39959999999999,25.925900000000002,,,probabilistic,,,52,61.0,b891c7ac7c32,uncommitted
r13_retime_around_sram,D - memory / macro boundary,genus,23.12-s086_1,retimed,off,3.6,VIOLATED,-1.102,,,4.389,rd_q_reg[4]/D,1521,560,0,118747.51156725,,,,,,,,,223.246,62.6085,136.026,67.77550000000001,19.4444,,,probabilistic,,,47,56.0,b891c7ac7c32,uncommitted
r13_retime_around_sram,D - memory / macro boundary,genus,23.12-s086_1,retimed,off,4.8,MET,0.0,,,4.493,rd_q_reg[9]/D,1476,560,0,117432.89443049999,,,,,,,,,164.67000000000002,43.9369,103.05300000000001,47.0334,14.583300000000001,,,probabilistic,,,21,31.0,b891c7ac7c32,uncommitted
r13_retime_around_sram,D - memory / macro boundary,genus,23.12-s086_1,retimed,off,6.0,MET,0.001,,,5.287,p_q_reg[15]/D,1200,560,0,105763.19881375,,,,,,,,,118.828,26.602899999999998,80.7996,26.362099999999998,11.6667,,,probabilistic,,,11,20.0,b891c7ac7c32,uncommitted
r13_retime_around_sram,D - memory / macro boundary,genus,23.12-s086_1,retimed,off,7.8,MET,0.029,,,7.179,p_q_reg[15]/D,1170,560,0,104685.42897124999,,,,,,,,,89.48530000000001,19.4964,61.983799999999995,18.5271,8.97436,,,probabilistic,,,10,22.0,b891c7ac7c32,uncommitted
r13_retime_around_sram,D - memory / macro boundary,openroad_syn,,directive,unsupported,2.7,VIOLATED,-9.7723,,,12.1866,,1589,549,,,,,,,,,,,329.01399999999995,26.791700000000002,,,,,,vectorless,,,1,3.0,b891c7ac7c32,uncommitted
r13_retime_around_sram,D - memory / macro boundary,openroad_syn,,directive,unsupported,3.6,VIOLATED,-8.8723,,,12.1866,,1589,549,,,,,,,,,,,265.449,21.599,,,,,,vectorless,,,1,3.0,b891c7ac7c32,uncommitted
r13_retime_around_sram,D - memory / macro boundary,openroad_syn,,directive,unsupported,4.8,VIOLATED,-7.6723,,,12.1866,,1589,549,,,,,,,,,,,214.782,17.176199999999998,,,,,,vectorless,,,0,2.0,b891c7ac7c32,uncommitted
r13_retime_around_sram,D - memory / macro boundary,openroad_syn,,directive,unsupported,6.0,VIOLATED,-6.4723,,,12.1866,,1589,549,,,,,,,,,,,184.225,14.533199999999999,,,,,,vectorless,,,0,2.0,b891c7ac7c32,uncommitted
r13_retime_around_sram,D - memory / macro boundary,openroad_syn,,directive,unsupported,7.8,VIOLATED,-4.6723,,,12.1866,,1589,549,,,,,,,,,,,153.285,11.8941,,,,,,vectorless,,,1,2.0,b891c7ac7c32,uncommitted
r13_retime_around_sram,D - memory / macro boundary,openroad_syn,,orig,unsupported,2.7,VIOLATED,-9.7723,,,12.1866,,1589,549,,,,,,,,,,,329.01399999999995,26.791700000000002,,,,,,vectorless,,,1,3.0,b891c7ac7c32,uncommitted
r13_retime_around_sram,D - memory / macro boundary,openroad_syn,,orig,unsupported,3.6,VIOLATED,-8.8723,,,12.1866,,1589,549,,,,,,,,,,,265.449,21.599,,,,,,vectorless,,,1,3.0,b891c7ac7c32,uncommitted
r13_retime_around_sram,D - memory / macro boundary,openroad_syn,,orig,unsupported,4.8,VIOLATED,-7.6723,,,12.1866,,1589,549,,,,,,,,,,,214.782,17.176199999999998,,,,,,vectorless,,,1,3.0,b891c7ac7c32,uncommitted
r13_retime_around_sram,D - memory / macro boundary,openroad_syn,,orig,unsupported,6.0,VIOLATED,-6.4723,,,12.1866,,1589,549,,,,,,,,,,,184.225,14.533199999999999,,,,,,vectorless,,,1,3.0,b891c7ac7c32,uncommitted
r13_retime_around_sram,D - memory / macro boundary,openroad_syn,,orig,unsupported,7.8,VIOLATED,-4.6723,,,12.1866,,1589,549,,,,,,,,,,,153.285,11.8941,,,,,,vectorless,,,0,2.0,b891c7ac7c32,uncommitted
r13_retime_around_sram,D - memory / macro boundary,openroad_syn,,retimed,unsupported,2.7,VIOLATED,-18.0753,,,20.4904,,1785,560,,,,,,,,,,,303.013,29.744400000000002,,,,,,vectorless,,,1,2.0,b891c7ac7c32,uncommitted
r13_retime_around_sram,D - memory / macro boundary,openroad_syn,,retimed,unsupported,3.6,VIOLATED,-17.1753,,,20.4904,,1785,560,,,,,,,,,,,239.43,23.8275,,,,,,vectorless,,,0,2.0,b891c7ac7c32,uncommitted
r13_retime_around_sram,D - memory / macro boundary,openroad_syn,,retimed,unsupported,4.8,VIOLATED,-15.9753,,,20.4904,,1785,560,,,,,,,,,,,191.75400000000002,19.392599999999998,,,,,,vectorless,,,0,2.0,b891c7ac7c32,uncommitted
r13_retime_around_sram,D - memory / macro boundary,openroad_syn,,retimed,unsupported,6.0,VIOLATED,-14.7753,,,20.4904,,1785,560,,,,,,,,,,,163.11999999999998,16.7262,,,,,,vectorless,,,1,3.0,b891c7ac7c32,uncommitted
r13_retime_around_sram,D - memory / macro boundary,openroad_syn,,retimed,unsupported,7.8,VIOLATED,-12.9753,,,20.4904,,1785,560,,,,,,,,,,,135.353,14.1043,,,,,,vectorless,,,1,3.0,b891c7ac7c32,uncommitted
r13_retime_around_sram,D - memory / macro boundary,vivado,2023.1,directive,on,5.2,VIOLATED,-2.387,-2.387,paths ending at a register (pad delay excluded),,,,,,,,,,,,,,,103.0,,,,,,,vectorless,70,61,27,39.0,,
r13_retime_around_sram,D - memory / macro boundary,vivado,2023.1,directive,on,6.4,VIOLATED,-0.866,-0.866,paths ending at a register (pad delay excluded),,,,,,,,,,,,,,,101.0,,,,,,,vectorless,70,61,28,36.0,,
r13_retime_around_sram,D - memory / macro boundary,vivado,2023.1,directive,on,8.0,MET,0.702,0.702,paths ending at a register (pad delay excluded),,,,,,,,,,,,,,,99.0,,,,,,,vectorless,70,61,28,36.0,,
r13_retime_around_sram,D - memory / macro boundary,vivado,2023.1,directive,on,9.6,MET,2.481,2.481,paths ending at a register (pad delay excluded),,,,,,,,,,,,,,,98.0,,,,,,,vectorless,70,61,28,36.0,,
r13_retime_around_sram,D - memory / macro boundary,vivado,2023.1,directive,on,12.0,MET,4.333,4.333,paths ending at a register (pad delay excluded),,,,,,,,,,,,,,,96.0,,,,,,,vectorless,70,61,27,34.0,,
r13_retime_around_sram,D - memory / macro boundary,vivado,2023.1,orig,off,5.2,VIOLATED,-2.387,-2.387,paths ending at a register (pad delay excluded),,,,,,,,,,,,,,,103.0,,,,,,,vectorless,70,61,33,43.0,,
r13_retime_around_sram,D - memory / macro boundary,vivado,2023.1,orig,off,6.4,VIOLATED,-0.866,-0.866,paths ending at a register (pad delay excluded),,,,,,,,,,,,,,,101.0,,,,,,,vectorless,70,61,33,48.0,,
r13_retime_around_sram,D - memory / macro boundary,vivado,2023.1,orig,off,8.0,MET,0.702,0.702,paths ending at a register (pad delay excluded),,,,,,,,,,,,,,,99.0,,,,,,,vectorless,70,61,34,84.0,,
r13_retime_around_sram,D - memory / macro boundary,vivado,2023.1,orig,off,9.6,MET,2.481,2.481,paths ending at a register (pad delay excluded),,,,,,,,,,,,,,,98.0,,,,,,,vectorless,70,61,75,83.0,,
r13_retime_around_sram,D - memory / macro boundary,vivado,2023.1,orig,off,12.0,MET,4.333,4.333,paths ending at a register (pad delay excluded),,,,,,,,,,,,,,,96.0,,,,,,,vectorless,70,61,70,84.0,,
r13_retime_around_sram,D - memory / macro boundary,vivado,2023.1,orig,on,5.2,VIOLATED,-2.387,-2.387,paths ending at a register (pad delay excluded),,,,,,,,,,,,,,,103.0,,,,,,,vectorless,70,61,27,35.0,,
r13_retime_around_sram,D - memory / macro boundary,vivado,2023.1,orig,on,6.4,VIOLATED,-0.866,-0.866,paths ending at a register (pad delay excluded),,,,,,,,,,,,,,,101.0,,,,,,,vectorless,70,61,27,37.0,,
r13_retime_around_sram,D - memory / macro boundary,vivado,2023.1,orig,on,8.0,MET,0.702,0.702,paths ending at a register (pad delay excluded),,,,,,,,,,,,,,,99.0,,,,,,,vectorless,70,61,27,36.0,,
r13_retime_around_sram,D - memory / macro boundary,vivado,2023.1,orig,on,9.6,MET,2.481,2.481,paths ending at a register (pad delay excluded),,,,,,,,,,,,,,,98.0,,,,,,,vectorless,70,61,27,36.0,,
r13_retime_around_sram,D - memory / macro boundary,vivado,2023.1,orig,on,12.0,MET,4.333,4.333,paths ending at a register (pad delay excluded),,,,,,,,,,,,,,,96.0,,,,,,,vectorless,70,61,26,40.0,,
r13_retime_around_sram,D - memory / macro boundary,vivado,2023.1,retimed,off,5.2,VIOLATED,-1.951,-1.951,paths ending at a register (pad delay excluded),,,,,,,,,,,,,,,104.0,,,,,,,vectorless,70,72,30,38.0,,
r13_retime_around_sram,D - memory / macro boundary,vivado,2023.1,retimed,off,6.4,VIOLATED,-0.18,-0.18,paths ending at a register (pad delay excluded),,,,,,,,,,,,,,,101.0,,,,,,,vectorless,70,72,29,38.0,,
r13_retime_around_sram,D - memory / macro boundary,vivado,2023.1,retimed,off,8.0,MET,1.12,1.12,paths ending at a register (pad delay excluded),,,,,,,,,,,,,,,99.0,,,,,,,vectorless,70,72,28,36.0,,
r13_retime_around_sram,D - memory / macro boundary,vivado,2023.1,retimed,off,9.6,MET,3.07,3.07,paths ending at a register (pad delay excluded),,,,,,,,,,,,,,,98.0,,,,,,,vectorless,70,72,28,36.0,,
r13_retime_around_sram,D - memory / macro boundary,vivado,2023.1,retimed,off,12.0,MET,5.109,5.109,paths ending at a register (pad delay excluded),,,,,,,,,,,,,,,96.0,,,,,,,vectorless,70,72,26,34.0,,
r13_retime_around_sram,D - memory / macro boundary,yosys,0.58,directive,off,6.0,VIOLATED,-6.5314,,,12.2632,_2479_,1341,549,,81372.6144,,,,,,,,,182.0,13.799999999999999,,,,,,vectorless,,,2.0,3.0,,
r13_retime_around_sram,D - memory / macro boundary,yosys,0.58,directive,on,2.7,VIOLATED,-10.9964,,,13.4497,_3825_,1874,549,,87181.1136,,,,,,,,,312.0,33.0,,,,,,vectorless,,,1.0,3.0,b891c7ac7c32,uncommitted
r13_retime_around_sram,D - memory / macro boundary,yosys,0.58,directive,on,3.6,VIOLATED,-10.0964,,,13.4497,_3825_,1874,549,,87181.1136,,,,,,,,,250.0,26.9,,,,,,vectorless,,,2.0,3.0,b891c7ac7c32,uncommitted
r13_retime_around_sram,D - memory / macro boundary,yosys,0.58,directive,on,4.8,VIOLATED,-8.8964,,,13.4497,_3825_,1874,549,,87181.1136,,,,,,,,,201.0,21.9,,,,,,vectorless,,,2.0,3.0,b891c7ac7c32,uncommitted
r13_retime_around_sram,D - memory / macro boundary,yosys,0.58,directive,on,6.0,VIOLATED,-7.6964,,,13.4497,_3825_,1874,549,,87181.1136,,,,,,,,,166.0,18.1,,,,,,vectorless,,,2.0,3.0,b891c7ac7c32,uncommitted
r13_retime_around_sram,D - memory / macro boundary,yosys,0.58,directive,on,7.8,VIOLATED,-5.8964,,,13.4497,_3825_,1874,549,,87181.1136,,,,,,,,,128.0,13.899999999999999,,,,,,vectorless,,,2.0,3.0,b891c7ac7c32,uncommitted
r13_retime_around_sram,D - memory / macro boundary,yosys,0.58,orig,off,2.7,VIOLATED,-9.8314,,,12.2632,_2479_,1341,549,,81372.6144,,,,,,,,,327.0,26.0,,,,,,vectorless,,,1.0,3.0,b891c7ac7c32,uncommitted
r13_retime_around_sram,D - memory / macro boundary,yosys,0.58,orig,off,3.6,VIOLATED,-8.9314,,,12.2632,_2479_,1341,549,,81372.6144,,,,,,,,,262.0,20.5,,,,,,vectorless,,,1.0,3.0,b891c7ac7c32,uncommitted
r13_retime_around_sram,D - memory / macro boundary,yosys,0.58,orig,off,4.8,VIOLATED,-7.7314,,,12.2632,_2479_,1341,549,,81372.6144,,,,,,,,,212.0,16.299999999999997,,,,,,vectorless,,,1.0,3.0,b891c7ac7c32,uncommitted
r13_retime_around_sram,D - memory / macro boundary,yosys,0.58,orig,off,6.0,VIOLATED,-6.5314,,,12.2632,_2479_,1341,549,,81372.6144,,,,,,,,,182.0,13.799999999999999,,,,,,vectorless,,,2.0,4.0,b891c7ac7c32,uncommitted
r13_retime_around_sram,D - memory / macro boundary,yosys,0.58,orig,off,7.8,VIOLATED,-4.7314,,,12.2632,_2479_,1341,549,,81372.6144,,,,,,,,,151.0,11.2,,,,,,vectorless,,,1.0,3.0,b891c7ac7c32,uncommitted
r13_retime_around_sram,D - memory / macro boundary,yosys,0.58,orig,on,2.7,VIOLATED,-10.9964,,,13.4497,_3825_,1874,549,,87181.1136,,,,,,,,,312.0,33.0,,,,,,vectorless,,,1.0,3.0,b891c7ac7c32,uncommitted
r13_retime_around_sram,D - memory / macro boundary,yosys,0.58,orig,on,3.6,VIOLATED,-10.0964,,,13.4497,_3825_,1874,549,,87181.1136,,,,,,,,,250.0,26.9,,,,,,vectorless,,,2.0,3.0,b891c7ac7c32,uncommitted
r13_retime_around_sram,D - memory / macro boundary,yosys,0.58,orig,on,4.8,VIOLATED,-8.8964,,,13.4497,_3825_,1874,549,,87181.1136,,,,,,,,,201.0,21.9,,,,,,vectorless,,,1.0,3.0,b891c7ac7c32,uncommitted
r13_retime_around_sram,D - memory / macro boundary,yosys,0.58,orig,on,6.0,VIOLATED,-7.6964,,,13.4497,_3825_,1874,549,,87181.1136,,,,,,,,,166.0,18.1,,,,,,vectorless,,,1.0,3.0,b891c7ac7c32,uncommitted
r13_retime_around_sram,D - memory / macro boundary,yosys,0.58,orig,on,7.8,VIOLATED,-5.8964,,,13.4497,_3825_,1874,549,,87181.1136,,,,,,,,,128.0,13.899999999999999,,,,,,vectorless,,,1.0,3.0,b891c7ac7c32,uncommitted
r13_retime_around_sram,D - memory / macro boundary,yosys,0.58,retimed,off,2.7,VIOLATED,-29.6285,,,32.0752,_2814_,1352,560,,81903.2256,,,,,,,,,346.0,40.7,,,,,,vectorless,,,1.0,3.0,b891c7ac7c32,uncommitted
r13_retime_around_sram,D - memory / macro boundary,yosys,0.58,retimed,off,3.6,VIOLATED,-28.7285,,,32.0752,_2814_,1352,560,,81903.2256,,,,,,,,,277.0,33.300000000000004,,,,,,vectorless,,,1.0,3.0,b891c7ac7c32,uncommitted
r13_retime_around_sram,D - memory / macro boundary,yosys,0.58,retimed,off,4.8,VIOLATED,-27.5285,,,32.0752,_2814_,1352,560,,81903.2256,,,,,,,,,224.0,27.3,,,,,,vectorless,,,1.0,3.0,b891c7ac7c32,uncommitted
r13_retime_around_sram,D - memory / macro boundary,yosys,0.58,retimed,off,6.0,VIOLATED,-26.3285,,,32.0752,_2814_,1352,560,,81903.2256,,,,,,,,,187.0,22.9,,,,,,vectorless,,,1.0,3.0,b891c7ac7c32,uncommitted
r13_retime_around_sram,D - memory / macro boundary,yosys,0.58,retimed,off,7.8,VIOLATED,-24.5285,,,32.0752,_2814_,1352,560,,81903.2256,,,,,,,,,152.0,18.599999999999998,,,,,,vectorless,,,1.0,3.0,b891c7ac7c32,uncommitted
r13_retime_around_sram,D - memory / macro boundary,yosys,0.58,retimed,on,6.0,MET,0.4143,,,5.2952,_4774_,1896,560,,92580.3648,,,,,,,,,137.0,26.4,,,,,,vectorless,,,1.0,3.0,,
r15_hier_boundary_block,E - hierarchy boundary,genus,23.12-s086_1,directive,off,2.25,VIOLATED,-0.646,,,2.246,u_a_retime_s1_20_reg/D,630,51,2,29936.455180250003,,,,,,,,,105.139,42.775800000000004,32.231500000000004,70.07430000000001,2.8333299999999997,,,probabilistic,,,43,53.0,ffac994c103b,uncommitted
r15_hier_boundary_block,E - hierarchy boundary,genus,23.12-s086_1,directive,off,3.0,MET,0.0,,,2.6,dout[5],429,48,2,21816.92790575,,,,,,,,,57.9231,21.221,19.8926,36.028,2.0025,,,probabilistic,,,21,30.0,ffac994c103b,uncommitted
r15_hier_boundary_block,E - hierarchy boundary,genus,23.12-s086_1,directive,off,4.0,MET,0.0,,,3.379,u_a_retime_s1_22_reg/D,288,44,2,15839.57903825,,,,,,,,,34.2136,10.1389,13.2822,19.5564,1.375,,,probabilistic,,,15,24.0,ffac994c103b,uncommitted
r15_hier_boundary_block,E - hierarchy boundary,genus,23.12-s086_1,directive,off,5.0,MET,0.018,,,4.366,u_a_retime_s1_5_reg/D,251,42,2,14315.688117,,,,,,,,,23.4593,6.16305,9.6366,12.7727,1.05,,,probabilistic,,,15,25.0,ffac994c103b,uncommitted
r15_hier_boundary_block,E - hierarchy boundary,genus,23.12-s086_1,directive,off,6.5,MET,0.001,,,5.849,u_a_retime_s1_12_reg/D,233,29,9,13019.188330500001,,,,,,,,,16.9749,4.9652400000000005,5.34413,11.0731,0.5576920000000001,,,probabilistic,,,13,22.0,ffac994c103b,uncommitted
r15_hier_boundary_block,E - hierarchy boundary,genus,23.12-s086_1,orig,off,2.25,VIOLATED,-3.332,,,4.9,u_b_r1_reg[14]/D,583,24,0,26754.645692500002,,,,,,,,,93.2404,42.5881,14.402,77.5051,1.33333,,,probabilistic,,,60,68.0,ffac994c103b,uncommitted
r15_hier_boundary_block,E - hierarchy boundary,genus,23.12-s086_1,orig,off,3.0,VIOLATED,-2.594,,,4.868,u_b_r1_reg[15]/D,570,24,0,26217.067656,,,,,,,,,69.92370000000001,30.4304,10.9136,58.0101,1.0,,,probabilistic,,,55,63.0,ffac994c103b,uncommitted
r15_hier_boundary_block,E - hierarchy boundary,genus,23.12-s086_1,orig,off,4.0,VIOLATED,-1.453,,,4.796,u_b_r1_reg[15]/D,624,24,0,28785.97232575,,,,,,,,,57.0365,25.9326,8.817079999999999,47.4694,0.75,,,probabilistic,,,93,101.0,ffac994c103b,uncommitted
r15_hier_boundary_block,E - hierarchy boundary,genus,23.12-s086_1,orig,off,5.0,VIOLATED,-0.455,,,4.8,u_b_r1_reg[12]/D,666,24,0,29898.794996,,,,,,,,,48.2521,21.994,7.1366499999999995,40.5154,0.6,,,probabilistic,,,84,94.0,ffac994c103b,uncommitted
r15_hier_boundary_block,E - hierarchy boundary,genus,23.12-s086_1,orig,off,6.5,MET,0.001,,,5.87,u_b_r1_reg[15]/D,419,24,0,19714.9820685,,,,,,,,,24.127699999999997,9.99334,4.71187,18.9543,0.461538,,,probabilistic,,,11,20.0,ffac994c103b,uncommitted
r15_hier_boundary_block,E - hierarchy boundary,genus,23.12-s086_1,orig,on,2.25,VIOLATED,-0.646,,,2.246,u_a_retime_s1_20_reg/D,630,51,2,29936.455180250003,,,,,,,,,105.139,42.775800000000004,32.231500000000004,70.07430000000001,2.8333299999999997,,,probabilistic,,,44,52.0,ffac994c103b,uncommitted
r15_hier_boundary_block,E - hierarchy boundary,genus,23.12-s086_1,orig,on,3.0,MET,0.0,,,2.6,dout[5],429,48,2,21816.92790575,,,,,,,,,57.9231,21.221,19.8926,36.028,2.0025,,,probabilistic,,,21,30.0,ffac994c103b,uncommitted
r15_hier_boundary_block,E - hierarchy boundary,genus,23.12-s086_1,orig,on,4.0,MET,0.0,,,3.379,u_a_retime_s1_22_reg/D,288,44,2,15839.57903825,,,,,,,,,34.2136,10.1389,13.2822,19.5564,1.375,,,probabilistic,,,16,24.0,ffac994c103b,uncommitted
r15_hier_boundary_block,E - hierarchy boundary,genus,23.12-s086_1,orig,on,5.0,MET,0.018,,,4.366,u_a_retime_s1_5_reg/D,251,42,2,14315.688117,,,,,,,,,23.4593,6.16305,9.6366,12.7727,1.05,,,probabilistic,,,15,23.0,ffac994c103b,uncommitted
r15_hier_boundary_block,E - hierarchy boundary,genus,23.12-s086_1,orig,on,6.5,MET,0.001,,,5.849,u_a_retime_s1_12_reg/D,233,29,9,13019.188330500001,,,,,,,,,16.9749,4.9652400000000005,5.34413,11.0731,0.5576920000000001,,,probabilistic,,,13,22.0,ffac994c103b,uncommitted
r15_hier_boundary_block,E - hierarchy boundary,genus,23.12-s086_1,retimed,off,2.25,VIOLATED,-1.745,,,3.699,u_b_r2_reg[7]/D,542,24,0,24661.99872725,,,,,,,,,81.926,36.8005,16.1892,64.40350000000001,1.33333,,,probabilistic,,,32,40.0,ffac994c103b,uncommitted
r15_hier_boundary_block,E - hierarchy boundary,genus,23.12-s086_1,retimed,off,3.0,VIOLATED,-1.026,,,3.741,u_b_r2_reg[6]/D,705,24,0,32008.04753925,,,,,,,,,78.39930000000001,35.5581,13.140799999999999,64.256,1.0025,,,probabilistic,,,43,52.0,ffac994c103b,uncommitted
r15_hier_boundary_block,E - hierarchy boundary,genus,23.12-s086_1,retimed,off,4.0,VIOLATED,-0.006,,,3.719,u_b_r2_reg[7]/D,479,24,0,22610.06295025,,,,,,,,,43.6679,19.3077,8.53063,34.3873,0.75,,,probabilistic,,,35,44.0,ffac994c103b,uncommitted
r15_hier_boundary_block,E - hierarchy boundary,genus,23.12-s086_1,retimed,off,5.0,MET,0.006,,,4.37,u_b_r2_reg[7]/SI,313,24,0,15624.53632975,,,,,,,,,23.5986,8.947109999999999,5.880599999999999,17.118000000000002,0.6,,,probabilistic,,,8,17.0,ffac994c103b,uncommitted
r15_hier_boundary_block,E - hierarchy boundary,genus,23.12-s086_1,retimed,off,6.5,MET,0.002,,,5.876,u_a_p_reg[13]/D,238,24,0,12808.483721999999,,,,,,,,,14.344199999999999,4.54999,4.22827,9.65436,0.461538,,,probabilistic,,,6,15.0,ffac994c103b,uncommitted
r15_hier_boundary_block,E - hierarchy boundary,openroad_syn,,directive,unsupported,2.25,VIOLATED,-12.8564,,,14.7579,,249,32,,,,,,,,,,,26.0808,6.68763,,,,,,vectorless,,,1,1.0,ffac994c103b,uncommitted
r15_hier_boundary_block,E - hierarchy boundary,openroad_syn,,directive,unsupported,3.0,VIOLATED,-12.1064,,,14.7579,,249,32,,,,,,,,,,,19.5606,5.015720000000001,,,,,,vectorless,,,1,1.0,ffac994c103b,uncommitted
r15_hier_boundary_block,E - hierarchy boundary,openroad_syn,,directive,unsupported,4.0,VIOLATED,-11.1064,,,14.7579,,249,32,,,,,,,,,,,14.670499999999999,3.76179,,,,,,vectorless,,,0,2.0,ffac994c103b,uncommitted
r15_hier_boundary_block,E - hierarchy boundary,openroad_syn,,directive,unsupported,5.0,VIOLATED,-10.1064,,,14.7579,,249,32,,,,,,,,,,,11.7364,3.00943,,,,,,vectorless,,,0,1.0,ffac994c103b,uncommitted
r15_hier_boundary_block,E - hierarchy boundary,openroad_syn,,directive,unsupported,6.5,VIOLATED,-8.6064,,,14.7579,,249,32,,,,,,,,,,,9.02801,2.31495,,,,,,vectorless,,,0,1.0,ffac994c103b,uncommitted
r15_hier_boundary_block,E - hierarchy boundary,openroad_syn,,orig,unsupported,2.25,VIOLATED,-12.8564,,,14.7579,,249,32,,,,,,,,,,,26.0808,6.68763,,,,,,vectorless,,,0,1.0,ffac994c103b,uncommitted
r15_hier_boundary_block,E - hierarchy boundary,openroad_syn,,orig,unsupported,3.0,VIOLATED,-12.1064,,,14.7579,,249,32,,,,,,,,,,,19.5606,5.015720000000001,,,,,,vectorless,,,0,1.0,ffac994c103b,uncommitted
r15_hier_boundary_block,E - hierarchy boundary,openroad_syn,,orig,unsupported,4.0,VIOLATED,-11.1064,,,14.7579,,249,32,,,,,,,,,,,14.670499999999999,3.76179,,,,,,vectorless,,,0,1.0,ffac994c103b,uncommitted
r15_hier_boundary_block,E - hierarchy boundary,openroad_syn,,orig,unsupported,5.0,VIOLATED,-10.1064,,,14.7579,,249,32,,,,,,,,,,,11.7364,3.00943,,,,,,vectorless,,,0,1.0,ffac994c103b,uncommitted
r15_hier_boundary_block,E - hierarchy boundary,openroad_syn,,orig,unsupported,6.5,VIOLATED,-8.6064,,,14.7579,,249,32,,,,,,,,,,,9.02801,2.31495,,,,,,vectorless,,,0,1.0,ffac994c103b,uncommitted
r15_hier_boundary_block,E - hierarchy boundary,openroad_syn,,retimed,unsupported,2.25,VIOLATED,-6.4221,,,8.3294,,239,32,,,,,,,,,,,25.1295,6.69368,,,,,,vectorless,,,0,1.0,ffac994c103b,uncommitted
r15_hier_boundary_block,E - hierarchy boundary,openroad_syn,,retimed,unsupported,3.0,VIOLATED,-5.6721,,,8.3294,,239,32,,,,,,,,,,,18.847099999999998,5.02027,,,,,,vectorless,,,0,1.0,ffac994c103b,uncommitted
r15_hier_boundary_block,E - hierarchy boundary,openroad_syn,,retimed,unsupported,4.0,VIOLATED,-4.6721,,,8.3294,,239,32,,,,,,,,,,,14.135299999999999,3.7651999999999997,,,,,,vectorless,,,0,1.0,ffac994c103b,uncommitted
r15_hier_boundary_block,E - hierarchy boundary,openroad_syn,,retimed,unsupported,5.0,VIOLATED,-3.6721,,,8.3294,,239,32,,,,,,,,,,,11.308300000000001,3.0121599999999997,,,,,,vectorless,,,0,1.0,ffac994c103b,uncommitted
r15_hier_boundary_block,E - hierarchy boundary,openroad_syn,,retimed,unsupported,6.5,VIOLATED,-2.1721,,,8.3294,,239,32,,,,,,,,,,,8.69868,2.31705,,,,,,vectorless,,,0,1.0,ffac994c103b,uncommitted
r15_hier_boundary_block,E - hierarchy boundary,vivado,2023.1,directive,on,4.55,VIOLATED,-3.538,-3.538,paths ending at a register (pad delay excluded),,,,,,,,,,,,,,,130.0,,,,,,,vectorless,84,32,28,36.0,,
r15_hier_boundary_block,E - hierarchy boundary,vivado,2023.1,directive,on,5.6,VIOLATED,-2.542,-2.542,paths ending at a register (pad delay excluded),,,,,,,,,,,,,,,122.0,,,,,,,vectorless,84,32,29,37.0,,
r15_hier_boundary_block,E - hierarchy boundary,vivado,2023.1,directive,on,7.0,VIOLATED,-1.177,-1.177,paths ending at a register (pad delay excluded),,,,,,,,,,,,,,,116.0,,,,,,,vectorless,84,32,28,37.0,,
r15_hier_boundary_block,E - hierarchy boundary,vivado,2023.1,directive,on,8.4,MET,0.147,0.147,paths ending at a register (pad delay excluded),,,,,,,,,,,,,,,112.0,,,,,,,vectorless,84,32,29,39.0,,
r15_hier_boundary_block,E - hierarchy boundary,vivado,2023.1,directive,on,10.5,MET,1.877,1.877,paths ending at a register (pad delay excluded),,,,,,,,,,,,,,,108.0,,,,,,,vectorless,84,32,29,41.0,,
r15_hier_boundary_block,E - hierarchy boundary,vivado,2023.1,orig,off,4.55,VIOLATED,-3.538,-3.538,paths ending at a register (pad delay excluded),,,,,,,,,,,,,,,130.0,,,,,,,vectorless,84,32,28,36.0,,
r15_hier_boundary_block,E - hierarchy boundary,vivado,2023.1,orig,off,5.6,VIOLATED,-2.542,-2.542,paths ending at a register (pad delay excluded),,,,,,,,,,,,,,,122.0,,,,,,,vectorless,84,32,28,38.0,,
r15_hier_boundary_block,E - hierarchy boundary,vivado,2023.1,orig,off,7.0,VIOLATED,-1.177,-1.177,paths ending at a register (pad delay excluded),,,,,,,,,,,,,,,116.0,,,,,,,vectorless,84,32,28,40.0,,
r15_hier_boundary_block,E - hierarchy boundary,vivado,2023.1,orig,off,8.4,MET,0.147,0.147,paths ending at a register (pad delay excluded),,,,,,,,,,,,,,,112.0,,,,,,,vectorless,84,32,35,42.0,,
r15_hier_boundary_block,E - hierarchy boundary,vivado,2023.1,orig,off,10.5,MET,1.877,1.877,paths ending at a register (pad delay excluded),,,,,,,,,,,,,,,108.0,,,,,,,vectorless,84,32,32,40.0,,
r15_hier_boundary_block,E - hierarchy boundary,vivado,2023.1,orig,on,4.55,VIOLATED,-3.538,-3.538,paths ending at a register (pad delay excluded),,,,,,,,,,,,,,,130.0,,,,,,,vectorless,84,32,28,36.0,,
r15_hier_boundary_block,E - hierarchy boundary,vivado,2023.1,orig,on,5.6,VIOLATED,-2.542,-2.542,paths ending at a register (pad delay excluded),,,,,,,,,,,,,,,122.0,,,,,,,vectorless,84,32,28,36.0,,
r15_hier_boundary_block,E - hierarchy boundary,vivado,2023.1,orig,on,7.0,VIOLATED,-1.177,-1.177,paths ending at a register (pad delay excluded),,,,,,,,,,,,,,,116.0,,,,,,,vectorless,84,32,27,35.0,,
r15_hier_boundary_block,E - hierarchy boundary,vivado,2023.1,orig,on,8.4,MET,0.147,0.147,paths ending at a register (pad delay excluded),,,,,,,,,,,,,,,112.0,,,,,,,vectorless,84,32,28,35.0,,
r15_hier_boundary_block,E - hierarchy boundary,vivado,2023.1,orig,on,10.5,MET,1.877,1.877,paths ending at a register (pad delay excluded),,,,,,,,,,,,,,,108.0,,,,,,,vectorless,84,32,28,35.0,,
r15_hier_boundary_block,E - hierarchy boundary,vivado,2023.1,retimed,off,4.55,VIOLATED,-2.268,-2.268,paths ending at a register (pad delay excluded),,,,,,,,,,,,,,,130.0,,,,,,,vectorless,84,32,30,42.0,,
r15_hier_boundary_block,E - hierarchy boundary,vivado,2023.1,retimed,off,5.6,VIOLATED,-1.775,-1.775,paths ending at a register (pad delay excluded),,,,,,,,,,,,,,,123.0,,,,,,,vectorless,84,32,30,42.0,,
r15_hier_boundary_block,E - hierarchy boundary,vivado,2023.1,retimed,off,7.0,MET,0.179,0.179,paths ending at a register (pad delay excluded),,,,,,,,,,,,,,,117.0,,,,,,,vectorless,84,32,27,35.0,,
r15_hier_boundary_block,E - hierarchy boundary,vivado,2023.1,retimed,off,8.4,MET,0.275,0.275,paths ending at a register (pad delay excluded),,,,,,,,,,,,,,,112.0,,,,,,,vectorless,84,32,28,36.0,,
r15_hier_boundary_block,E - hierarchy boundary,vivado,2023.1,retimed,off,10.5,MET,2.911,2.911,paths ending at a register (pad delay excluded),,,,,,,,,,,,,,,108.0,,,,,,,vectorless,84,32,29,35.0,,
r15_hier_boundary_block,E - hierarchy boundary,yosys,0.58,directive,off,5.0,VIOLATED,-7.1681,,,11.8805,_454_,305,24,,7044.7104,,,,,,,,,14.6,4.84,,,,,,vectorless,,,1.0,2.0,,
r15_hier_boundary_block,E - hierarchy boundary,yosys,0.58,directive,on,2.25,VIOLATED,-4.4798,,,6.4326,_779_,329,24,,9906.624,,,,,,,,,28.6,10.7,,,,,,vectorless,,,1.0,2.0,ffac994c103b,uncommitted
r15_hier_boundary_block,E - hierarchy boundary,yosys,0.58,directive,on,3.0,VIOLATED,-3.7298,,,6.4326,_779_,329,24,,9906.624,,,,,,,,,21.5,8.05,,,,,,vectorless,,,1.0,2.0,ffac994c103b,uncommitted
r15_hier_boundary_block,E - hierarchy boundary,yosys,0.58,directive,on,4.0,VIOLATED,-2.7298,,,6.4326,_779_,329,24,,9906.624,,,,,,,,,16.1,6.04,,,,,,vectorless,,,1.0,2.0,ffac994c103b,uncommitted
r15_hier_boundary_block,E - hierarchy boundary,yosys,0.58,directive,on,5.0,VIOLATED,-1.7298,,,6.4326,_779_,329,24,,9906.624,,,,,,,,,12.9,4.83,,,,,,vectorless,,,1.0,2.0,ffac994c103b,uncommitted
r15_hier_boundary_block,E - hierarchy boundary,yosys,0.58,directive,on,6.5,VIOLATED,-0.2298,,,6.4326,_779_,329,24,,9906.624,,,,,,,,,9.91,3.7100000000000004,,,,,,vectorless,,,1.0,2.0,ffac994c103b,uncommitted
r15_hier_boundary_block,E - hierarchy boundary,yosys,0.58,orig,off,2.25,VIOLATED,-9.9181,,,11.8805,_454_,305,24,,7044.7104,,,,,,,,,32.4,10.8,,,,,,vectorless,,,1.0,2.0,ffac994c103b,uncommitted
r15_hier_boundary_block,E - hierarchy boundary,yosys,0.58,orig,off,3.0,VIOLATED,-9.1681,,,11.8805,_454_,305,24,,7044.7104,,,,,,,,,24.299999999999997,8.07,,,,,,vectorless,,,1.0,2.0,ffac994c103b,uncommitted
r15_hier_boundary_block,E - hierarchy boundary,yosys,0.58,orig,off,4.0,VIOLATED,-8.1681,,,11.8805,_454_,305,24,,7044.7104,,,,,,,,,18.2,6.05,,,,,,vectorless,,,1.0,2.0,ffac994c103b,uncommitted
r15_hier_boundary_block,E - hierarchy boundary,yosys,0.58,orig,off,5.0,VIOLATED,-7.1681,,,11.8805,_454_,305,24,,7044.7104,,,,,,,,,14.6,4.84,,,,,,vectorless,,,1.0,2.0,ffac994c103b,uncommitted
r15_hier_boundary_block,E - hierarchy boundary,yosys,0.58,orig,off,6.5,VIOLATED,-5.6681,,,11.8805,_454_,305,24,,7044.7104,,,,,,,,,11.2,3.72,,,,,,vectorless,,,1.0,2.0,ffac994c103b,uncommitted
r15_hier_boundary_block,E - hierarchy boundary,yosys,0.58,orig,on,2.25,VIOLATED,-4.4798,,,6.4326,_779_,329,24,,9906.624,,,,,,,,,28.6,10.7,,,,,,vectorless,,,2.0,2.0,ffac994c103b,uncommitted
r15_hier_boundary_block,E - hierarchy boundary,yosys,0.58,orig,on,3.0,VIOLATED,-3.7298,,,6.4326,_779_,329,24,,9906.624,,,,,,,,,21.5,8.05,,,,,,vectorless,,,1.0,2.0,ffac994c103b,uncommitted
r15_hier_boundary_block,E - hierarchy boundary,yosys,0.58,orig,on,4.0,VIOLATED,-2.7298,,,6.4326,_779_,329,24,,9906.624,,,,,,,,,16.1,6.04,,,,,,vectorless,,,1.0,2.0,ffac994c103b,uncommitted
r15_hier_boundary_block,E - hierarchy boundary,yosys,0.58,orig,on,5.0,VIOLATED,-1.7298,,,6.4326,_779_,329,24,,9906.624,,,,,,,,,12.9,4.83,,,,,,vectorless,,,1.0,2.0,ffac994c103b,uncommitted
r15_hier_boundary_block,E - hierarchy boundary,yosys,0.58,orig,on,6.5,VIOLATED,-0.2298,,,6.4326,_779_,329,24,,9906.624,,,,,,,,,9.91,3.7100000000000004,,,,,,vectorless,,,1.0,2.0,ffac994c103b,uncommitted
r15_hier_boundary_block,E - hierarchy boundary,yosys,0.58,retimed,off,2.25,VIOLATED,-5.8446,,,7.7731,_415_,306,24,,6835.8528,,,,,,,,,26.0,8.030000000000001,,,,,,vectorless,,,0.0,1.0,ffac994c103b,uncommitted
r15_hier_boundary_block,E - hierarchy boundary,yosys,0.58,retimed,off,3.0,VIOLATED,-5.0946,,,7.7731,_415_,306,24,,6835.8528,,,,,,,,,19.5,6.029999999999999,,,,,,vectorless,,,1.0,2.0,ffac994c103b,uncommitted
r15_hier_boundary_block,E - hierarchy boundary,yosys,0.58,retimed,off,4.0,VIOLATED,-4.0946,,,7.7731,_415_,306,24,,6835.8528,,,,,,,,,14.6,4.52,,,,,,vectorless,,,1.0,2.0,ffac994c103b,uncommitted
r15_hier_boundary_block,E - hierarchy boundary,yosys,0.58,retimed,off,5.0,VIOLATED,-3.0946,,,7.7731,_415_,306,24,,6835.8528,,,,,,,,,11.700000000000001,3.62,,,,,,vectorless,,,1.0,2.0,ffac994c103b,uncommitted
r15_hier_boundary_block,E - hierarchy boundary,yosys,0.58,retimed,off,6.5,VIOLATED,-1.5946,,,7.7731,_415_,306,24,,6835.8528,,,,,,,,,9.0,2.78,,,,,,vectorless,,,1.0,2.0,ffac994c103b,uncommitted
r15_hier_boundary_block,E - hierarchy boundary,yosys,0.58,retimed,on,5.0,VIOLATED,-0.0267,,,4.7105,_725_,330,24,,9277.2288,,,,,,,,,12.200000000000001,4.43,,,,,,vectorless,,,1.0,2.0,,
r16_dont_touch_conflict,E - preservation conflict,genus,23.12-s086_1,directive,off,2.25,VIOLATED,-0.666,,,2.516,dout[15],857,71,71,40535.98687325,,,,,,,,,140.433,57.7091,40.3153,96.17,3.94778,,,probabilistic,,,56,65.0,214522d2ef19,uncommitted
r16_dont_touch_conflict,E - preservation conflict,genus,23.12-s086_1,directive,off,3.0,MET,0.0,,,2.383,retime_s3_6_reg/D,702,68,68,34191.32979025,,,,,,,,,93.6828,37.7382,27.849800000000002,62.999700000000004,2.8333299999999997,,,probabilistic,,,34,44.0,214522d2ef19,uncommitted
r16_dont_touch_conflict,E - preservation conflict,genus,23.12-s086_1,directive,off,4.0,MET,0.001,,,3.242,retime_s1_6_reg/D,423,67,67,23085.331366,,,,,,,,,46.613,14.5105,17.9919,26.5274,2.09375,,,probabilistic,,,17,25.0,214522d2ef19,uncommitted
r16_dont_touch_conflict,E - preservation conflict,genus,23.12-s086_1,directive,off,5.0,MET,0.02,,,4.742,retime_s2_5_reg/D,380,63,63,21280.674056,,,,,,,,,36.462,10.6494,14.1882,20.6987,1.575,,,probabilistic,,,19,28.0,214522d2ef19,uncommitted
r16_dont_touch_conflict,E - preservation conflict,genus,23.12-s086_1,directive,off,6.5,MET,0.011,,,6.205,retime_s2_8_reg/D,359,55,55,19987.831199250002,,,,,,,,,25.3871,7.3488,9.401670000000001,14.9277,1.05769,,,probabilistic,,,13,23.0,214522d2ef19,uncommitted
r16_dont_touch_conflict,E - preservation conflict,genus,23.12-s086_1,orig,off,2.25,VIOLATED,-4.17,,,6.137,r_out_reg[11]/D,802,48,0,37038.55539675,,,,,,,,,137.56099999999998,60.3724,25.221899999999998,109.673,2.66667,,,probabilistic,,,62,71.0,214522d2ef19,uncommitted
r16_dont_touch_conflict,E - preservation conflict,genus,23.12-s086_1,orig,off,3.0,VIOLATED,-3.421,,,6.138,r_out_reg[15]/D,830,48,0,38231.462689500004,,,,,,,,,109.33,48.3426,19.3039,88.026,2.0,,,probabilistic,,,67,76.0,214522d2ef19,uncommitted
r16_dont_touch_conflict,E - preservation conflict,genus,23.12-s086_1,orig,off,4.0,VIOLATED,-2.411,,,6.151,r_out_reg[15]/D,798,48,0,36651.183676,,,,,,,,,77.0568,34.158899999999996,14.0444,61.5124,1.5,,,probabilistic,,,52,62.0,214522d2ef19,uncommitted
r16_dont_touch_conflict,E - preservation conflict,genus,23.12-s086_1,orig,off,5.0,VIOLATED,-1.518,,,6.222,r_out_reg[14]/D,792,48,0,36792.411383750004,,,,,,,,,61.2749,26.854400000000002,11.1951,48.8799,1.2,,,probabilistic,,,80,89.0,214522d2ef19,uncommitted
r16_dont_touch_conflict,E - preservation conflict,genus,23.12-s086_1,orig,off,6.5,MET,0.0,,,6.216,r_out_reg[15]/D,727,48,0,33993.835963,,,,,,,,,43.705,19.0082,8.14714,34.6348,0.923077,,,probabilistic,,,33,44.0,214522d2ef19,uncommitted
r16_dont_touch_conflict,E - preservation conflict,genus,23.12-s086_1,orig,on,2.25,VIOLATED,-0.666,,,2.516,dout[15],857,71,71,40535.98687325,,,,,,,,,140.433,57.7091,40.3153,96.17,3.94778,,,probabilistic,,,55,64.0,214522d2ef19,uncommitted
r16_dont_touch_conflict,E - preservation conflict,genus,23.12-s086_1,orig,on,3.0,MET,0.0,,,2.383,retime_s3_6_reg/D,702,68,68,34191.32979025,,,,,,,,,93.6828,37.7382,27.849800000000002,62.999700000000004,2.8333299999999997,,,probabilistic,,,34,43.0,214522d2ef19,uncommitted
r16_dont_touch_conflict,E - preservation conflict,genus,23.12-s086_1,orig,on,4.0,MET,0.001,,,3.242,retime_s1_6_reg/D,423,67,67,23085.331366,,,,,,,,,46.613,14.5105,17.9919,26.5274,2.09375,,,probabilistic,,,17,26.0,214522d2ef19,uncommitted
r16_dont_touch_conflict,E - preservation conflict,genus,23.12-s086_1,orig,on,5.0,MET,0.02,,,4.742,retime_s2_5_reg/D,380,63,63,21280.674056,,,,,,,,,36.462,10.6494,14.1882,20.6987,1.575,,,probabilistic,,,19,29.0,214522d2ef19,uncommitted
r16_dont_touch_conflict,E - preservation conflict,genus,23.12-s086_1,orig,on,6.5,MET,0.011,,,6.205,retime_s2_8_reg/D,359,55,55,19987.831199250002,,,,,,,,,25.3871,7.3488,9.401670000000001,14.9277,1.05769,,,probabilistic,,,13,22.0,214522d2ef19,uncommitted
r16_dont_touch_conflict,E - preservation conflict,genus,23.12-s086_1,retimed,off,2.25,VIOLATED,-2.164,,,4.131,r_mid_reg[14]/D,740,48,0,34230.3144905,,,,,,,,,107.30099999999999,46.343799999999995,23.3413,81.2933,2.66667,,,probabilistic,,,57,67.0,214522d2ef19,uncommitted
r16_dont_touch_conflict,E - preservation conflict,genus,23.12-s086_1,retimed,off,3.0,VIOLATED,-1.316,,,4.08,r_mid_reg[14]/D,798,48,0,36904.765294,,,,,,,,,86.2466,37.3424,17.9343,66.31230000000001,2.0,,,probabilistic,,,53,63.0,214522d2ef19,uncommitted
r16_dont_touch_conflict,E - preservation conflict,genus,23.12-s086_1,retimed,off,4.0,VIOLATED,-0.461,,,4.161,r_mid_reg[4]/D,661,48,0,31670.50114,,,,,,,,,57.604,23.2236,13.187199999999999,42.916799999999995,1.5,,,probabilistic,,,61,70.0,214522d2ef19,uncommitted
r16_dont_touch_conflict,E - preservation conflict,genus,23.12-s086_1,retimed,off,5.0,MET,0.001,,,4.682,r_mid_reg[2]/D,530,48,0,25785.225493,,,,,,,,,37.794200000000004,14.423399999999999,9.60032,26.9939,1.2,,,probabilistic,,,12,21.0,214522d2ef19,uncommitted
r16_dont_touch_conflict,E - preservation conflict,genus,23.12-s086_1,retimed,off,6.5,MET,0.061,,,6.143,r_mid_reg[4]/D,376,48,0,19898.1905705,,,,,,,,,21.8612,6.90767,7.14252,13.7956,0.923077,,,probabilistic,,,9,18.0,214522d2ef19,uncommitted
r16_dont_touch_conflict,E - preservation conflict,openroad_syn,,directive,unsupported,2.25,VIOLATED,-16.8182,,,18.7231,,396,48,,,,,,,,,,,44.9007,13.4551,,,,,,vectorless,,,0,1.0,214522d2ef19,uncommitted
r16_dont_touch_conflict,E - preservation conflict,openroad_syn,,directive,unsupported,3.0,VIOLATED,-16.0682,,,18.7231,,396,48,,,,,,,,,,,33.6755,10.0914,,,,,,vectorless,,,1,1.0,214522d2ef19,uncommitted
r16_dont_touch_conflict,E - preservation conflict,openroad_syn,,directive,unsupported,4.0,VIOLATED,-15.0682,,,18.7231,,396,48,,,,,,,,,,,25.2567,7.56851,,,,,,vectorless,,,1,1.0,214522d2ef19,uncommitted
r16_dont_touch_conflict,E - preservation conflict,openroad_syn,,directive,unsupported,5.0,VIOLATED,-14.0682,,,18.7231,,396,48,,,,,,,,,,,20.205299999999998,6.05481,,,,,,vectorless,,,1,1.0,214522d2ef19,uncommitted
r16_dont_touch_conflict,E - preservation conflict,openroad_syn,,directive,unsupported,6.5,VIOLATED,-12.5682,,,18.7231,,396,48,,,,,,,,,,,15.5426,4.65754,,,,,,vectorless,,,0,2.0,214522d2ef19,uncommitted
r16_dont_touch_conflict,E - preservation conflict,openroad_syn,,orig,unsupported,2.25,VIOLATED,-16.8182,,,18.7231,,396,48,,,,,,,,,,,44.9007,13.4551,,,,,,vectorless,,,0,1.0,214522d2ef19,uncommitted
r16_dont_touch_conflict,E - preservation conflict,openroad_syn,,orig,unsupported,3.0,VIOLATED,-16.0682,,,18.7231,,396,48,,,,,,,,,,,33.6755,10.0914,,,,,,vectorless,,,0,1.0,214522d2ef19,uncommitted
r16_dont_touch_conflict,E - preservation conflict,openroad_syn,,orig,unsupported,4.0,VIOLATED,-15.0682,,,18.7231,,396,48,,,,,,,,,,,25.2567,7.56851,,,,,,vectorless,,,0,1.0,214522d2ef19,uncommitted
r16_dont_touch_conflict,E - preservation conflict,openroad_syn,,orig,unsupported,5.0,VIOLATED,-14.0682,,,18.7231,,396,48,,,,,,,,,,,20.205299999999998,6.05481,,,,,,vectorless,,,0,1.0,214522d2ef19,uncommitted
r16_dont_touch_conflict,E - preservation conflict,openroad_syn,,orig,unsupported,6.5,VIOLATED,-12.5682,,,18.7231,,396,48,,,,,,,,,,,15.5426,4.65754,,,,,,vectorless,,,0,1.0,214522d2ef19,uncommitted
r16_dont_touch_conflict,E - preservation conflict,openroad_syn,,retimed,unsupported,2.25,VIOLATED,-10.1152,,,12.0726,,349,48,,,,,,,,,,,38.5691,11.5357,,,,,,vectorless,,,0,1.0,214522d2ef19,uncommitted
r16_dont_touch_conflict,E - preservation conflict,openroad_syn,,retimed,unsupported,3.0,VIOLATED,-9.3652,,,12.0726,,349,48,,,,,,,,,,,28.9268,8.65176,,,,,,vectorless,,,0,1.0,214522d2ef19,uncommitted
r16_dont_touch_conflict,E - preservation conflict,openroad_syn,,retimed,unsupported,4.0,VIOLATED,-8.3652,,,12.0726,,349,48,,,,,,,,,,,21.6951,6.4888200000000005,,,,,,vectorless,,,0,1.0,214522d2ef19,uncommitted
r16_dont_touch_conflict,E - preservation conflict,openroad_syn,,retimed,unsupported,5.0,VIOLATED,-7.3652,,,12.0726,,349,48,,,,,,,,,,,17.356099999999998,5.19105,,,,,,vectorless,,,0,1.0,214522d2ef19,uncommitted
r16_dont_touch_conflict,E - preservation conflict,openroad_syn,,retimed,unsupported,6.5,VIOLATED,-5.8652,,,12.0726,,349,48,,,,,,,,,,,13.350900000000001,3.9931200000000002,,,,,,vectorless,,,0,1.0,214522d2ef19,uncommitted
r16_dont_touch_conflict,E - preservation conflict,vivado,2023.1,directive,on,4.55,VIOLATED,-7.235,-7.235,paths ending at a register (pad delay excluded),,,,,,,,,,,,,,,130.0,,,,,,,vectorless,92,48,31,43.0,,
r16_dont_touch_conflict,E - preservation conflict,vivado,2023.1,directive,on,5.6,VIOLATED,-6.463,-6.463,paths ending at a register (pad delay excluded),,,,,,,,,,,,,,,123.0,,,,,,,vectorless,92,48,32,40.0,,
r16_dont_touch_conflict,E - preservation conflict,vivado,2023.1,directive,on,7.0,VIOLATED,-5.075,-5.075,paths ending at a register (pad delay excluded),,,,,,,,,,,,,,,117.0,,,,,,,vectorless,92,48,32,39.0,,
r16_dont_touch_conflict,E - preservation conflict,vivado,2023.1,directive,on,8.4,VIOLATED,-3.675,-3.675,paths ending at a register (pad delay excluded),,,,,,,,,,,,,,,112.0,,,,,,,vectorless,92,48,32,39.0,,
r16_dont_touch_conflict,E - preservation conflict,vivado,2023.1,directive,on,10.5,VIOLATED,-0.933,-0.933,paths ending at a register (pad delay excluded),,,,,,,,,,,,,,,108.0,,,,,,,vectorless,92,48,33,40.0,,
r16_dont_touch_conflict,E - preservation conflict,vivado,2023.1,orig,off,4.55,VIOLATED,-7.235,-7.235,paths ending at a register (pad delay excluded),,,,,,,,,,,,,,,130.0,,,,,,,vectorless,92,48,41,49.0,,
r16_dont_touch_conflict,E - preservation conflict,vivado,2023.1,orig,off,5.6,VIOLATED,-6.463,-6.463,paths ending at a register (pad delay excluded),,,,,,,,,,,,,,,123.0,,,,,,,vectorless,92,48,43,50.0,,
r16_dont_touch_conflict,E - preservation conflict,vivado,2023.1,orig,off,7.0,VIOLATED,-5.075,-5.075,paths ending at a register (pad delay excluded),,,,,,,,,,,,,,,117.0,,,,,,,vectorless,92,48,43,50.0,,
r16_dont_touch_conflict,E - preservation conflict,vivado,2023.1,orig,off,8.4,VIOLATED,-3.675,-3.675,paths ending at a register (pad delay excluded),,,,,,,,,,,,,,,112.0,,,,,,,vectorless,92,48,31,39.0,,
r16_dont_touch_conflict,E - preservation conflict,vivado,2023.1,orig,off,10.5,VIOLATED,-0.933,-0.933,paths ending at a register (pad delay excluded),,,,,,,,,,,,,,,108.0,,,,,,,vectorless,92,48,33,43.0,,
r16_dont_touch_conflict,E - preservation conflict,vivado,2023.1,orig,on,4.55,VIOLATED,-7.235,-7.235,paths ending at a register (pad delay excluded),,,,,,,,,,,,,,,130.0,,,,,,,vectorless,92,48,37,47.0,,
r16_dont_touch_conflict,E - preservation conflict,vivado,2023.1,orig,on,5.6,VIOLATED,-6.463,-6.463,paths ending at a register (pad delay excluded),,,,,,,,,,,,,,,123.0,,,,,,,vectorless,92,48,36,44.0,,
r16_dont_touch_conflict,E - preservation conflict,vivado,2023.1,orig,on,7.0,VIOLATED,-5.075,-5.075,paths ending at a register (pad delay excluded),,,,,,,,,,,,,,,117.0,,,,,,,vectorless,92,48,35,46.0,,
r16_dont_touch_conflict,E - preservation conflict,vivado,2023.1,orig,on,8.4,VIOLATED,-3.675,-3.675,paths ending at a register (pad delay excluded),,,,,,,,,,,,,,,112.0,,,,,,,vectorless,92,48,35,46.0,,
r16_dont_touch_conflict,E - preservation conflict,vivado,2023.1,orig,on,10.5,VIOLATED,-0.933,-0.933,paths ending at a register (pad delay excluded),,,,,,,,,,,,,,,108.0,,,,,,,vectorless,92,48,41,49.0,,
r16_dont_touch_conflict,E - preservation conflict,vivado,2023.1,retimed,off,4.55,VIOLATED,-4.265,-4.265,paths ending at a register (pad delay excluded),,,,,,,,,,,,,,,131.0,,,,,,,vectorless,92,49,29,37.0,,
r16_dont_touch_conflict,E - preservation conflict,vivado,2023.1,retimed,off,5.6,VIOLATED,-3.831,-3.831,paths ending at a register (pad delay excluded),,,,,,,,,,,,,,,123.0,,,,,,,vectorless,92,48,28,36.0,,
r16_dont_touch_conflict,E - preservation conflict,vivado,2023.1,retimed,off,7.0,VIOLATED,-1.996,-1.996,paths ending at a register (pad delay excluded),,,,,,,,,,,,,,,117.0,,,,,,,vectorless,92,48,29,40.0,,
r16_dont_touch_conflict,E - preservation conflict,vivado,2023.1,retimed,off,8.4,VIOLATED,-0.453,-0.453,paths ending at a register (pad delay excluded),,,,,,,,,,,,,,,112.0,,,,,,,vectorless,92,48,29,40.0,,
r16_dont_touch_conflict,E - preservation conflict,vivado,2023.1,retimed,off,10.5,MET,1.002,1.002,paths ending at a register (pad delay excluded),,,,,,,,,,,,,,,108.0,,,,,,,vectorless,92,48,29,41.0,,
r16_dont_touch_conflict,E - preservation conflict,yosys,0.58,directive,off,5.0,VIOLATED,-10.7498,,,15.4308,_632_,417,48,,10713.8304,,,,,,,,,26.200000000000003,8.55,,,,,,vectorless,,,1.0,2.0,,
r16_dont_touch_conflict,E - preservation conflict,yosys,0.58,directive,on,2.25,VIOLATED,-6.3958,,,8.3278,_0985_,465,48,,13753.5552,,,,,,,,,57.7,21.8,,,,,,vectorless,,,2.0,3.0,214522d2ef19,uncommitted
r16_dont_touch_conflict,E - preservation conflict,yosys,0.58,directive,on,3.0,VIOLATED,-5.6458,,,8.3278,_0985_,465,48,,13753.5552,,,,,,,,,43.2,16.299999999999997,,,,,,vectorless,,,2.0,2.0,214522d2ef19,uncommitted
r16_dont_touch_conflict,E - preservation conflict,yosys,0.58,directive,on,4.0,VIOLATED,-4.6458,,,8.3278,_0985_,465,48,,13753.5552,,,,,,,,,32.4,12.200000000000001,,,,,,vectorless,,,1.0,2.0,214522d2ef19,uncommitted
r16_dont_touch_conflict,E - preservation conflict,yosys,0.58,directive,on,5.0,VIOLATED,-3.6458,,,8.3278,_0985_,465,48,,13753.5552,,,,,,,,,25.9,9.799999999999999,,,,,,vectorless,,,1.0,2.0,214522d2ef19,uncommitted
r16_dont_touch_conflict,E - preservation conflict,yosys,0.58,directive,on,6.5,VIOLATED,-2.1458,,,8.3278,_0985_,465,48,,13753.5552,,,,,,,,,20.0,7.53,,,,,,vectorless,,,1.0,2.0,214522d2ef19,uncommitted
r16_dont_touch_conflict,E - preservation conflict,yosys,0.58,orig,off,2.25,VIOLATED,-13.4998,,,15.4308,_632_,417,48,,10713.8304,,,,,,,,,58.3,19.0,,,,,,vectorless,,,1.0,1.0,214522d2ef19,uncommitted
r16_dont_touch_conflict,E - preservation conflict,yosys,0.58,orig,off,3.0,VIOLATED,-12.7498,,,15.4308,_632_,417,48,,10713.8304,,,,,,,,,43.7,14.200000000000001,,,,,,vectorless,,,1.0,2.0,214522d2ef19,uncommitted
r16_dont_touch_conflict,E - preservation conflict,yosys,0.58,orig,off,4.0,VIOLATED,-11.7498,,,15.4308,_632_,417,48,,10713.8304,,,,,,,,,32.800000000000004,10.7,,,,,,vectorless,,,1.0,2.0,214522d2ef19,uncommitted
r16_dont_touch_conflict,E - preservation conflict,yosys,0.58,orig,off,5.0,VIOLATED,-10.7498,,,15.4308,_632_,417,48,,10713.8304,,,,,,,,,26.200000000000003,8.55,,,,,,vectorless,,,1.0,2.0,214522d2ef19,uncommitted
r16_dont_touch_conflict,E - preservation conflict,yosys,0.58,orig,off,6.5,VIOLATED,-9.2498,,,15.4308,_632_,417,48,,10713.8304,,,,,,,,,20.2,6.57,,,,,,vectorless,,,1.0,2.0,214522d2ef19,uncommitted
r16_dont_touch_conflict,E - preservation conflict,yosys,0.58,orig,on,2.25,VIOLATED,-6.3958,,,8.3278,_0985_,465,48,,13753.5552,,,,,,,,,57.7,21.8,,,,,,vectorless,,,1.0,2.0,214522d2ef19,uncommitted
r16_dont_touch_conflict,E - preservation conflict,yosys,0.58,orig,on,3.0,VIOLATED,-5.6458,,,8.3278,_0985_,465,48,,13753.5552,,,,,,,,,43.2,16.299999999999997,,,,,,vectorless,,,1.0,2.0,214522d2ef19,uncommitted
r16_dont_touch_conflict,E - preservation conflict,yosys,0.58,orig,on,4.0,VIOLATED,-4.6458,,,8.3278,_0985_,465,48,,13753.5552,,,,,,,,,32.4,12.200000000000001,,,,,,vectorless,,,1.0,2.0,214522d2ef19,uncommitted
r16_dont_touch_conflict,E - preservation conflict,yosys,0.58,orig,on,5.0,VIOLATED,-3.6458,,,8.3278,_0985_,465,48,,13753.5552,,,,,,,,,25.9,9.799999999999999,,,,,,vectorless,,,1.0,2.0,214522d2ef19,uncommitted
r16_dont_touch_conflict,E - preservation conflict,yosys,0.58,orig,on,6.5,VIOLATED,-2.1458,,,8.3278,_0985_,465,48,,13753.5552,,,,,,,,,20.0,7.53,,,,,,vectorless,,,1.0,2.0,214522d2ef19,uncommitted
r16_dont_touch_conflict,E - preservation conflict,yosys,0.58,retimed,off,2.25,VIOLATED,-7.7484,,,9.7389,_617_,421,48,,10809.792,,,,,,,,,47.7,15.299999999999999,,,,,,vectorless,,,1.0,2.0,214522d2ef19,uncommitted
r16_dont_touch_conflict,E - preservation conflict,yosys,0.58,retimed,off,3.0,VIOLATED,-6.9984,,,9.7389,_617_,421,48,,10809.792,,,,,,,,,35.8,11.5,,,,,,vectorless,,,1.0,1.0,214522d2ef19,uncommitted
r16_dont_touch_conflict,E - preservation conflict,yosys,0.58,retimed,off,4.0,VIOLATED,-5.9984,,,9.7389,_617_,421,48,,10809.792,,,,,,,,,26.8,8.59,,,,,,vectorless,,,1.0,2.0,214522d2ef19,uncommitted
r16_dont_touch_conflict,E - preservation conflict,yosys,0.58,retimed,off,5.0,VIOLATED,-4.9984,,,9.7389,_617_,421,48,,10809.792,,,,,,,,,21.5,6.87,,,,,,vectorless,,,1.0,2.0,214522d2ef19,uncommitted
r16_dont_touch_conflict,E - preservation conflict,yosys,0.58,retimed,off,6.5,VIOLATED,-3.4984,,,9.7389,_617_,421,48,,10809.792,,,,,,,,,16.5,5.29,,,,,,vectorless,,,1.0,2.0,214522d2ef19,uncommitted
r16_dont_touch_conflict,E - preservation conflict,yosys,0.58,retimed,on,5.0,VIOLATED,-1.53,,,6.13,dout[15],469,48,,14001.9264,,,,,,,,,23.3,8.47,,,,,,vectorless,,,1.0,2.0,,
r17_clock_enable_barrier,F - secondary control signals,genus,23.12-s086_1,directive,off,2.7,VIOLATED,-0.099,,,2.132,retime_s1_4_reg/D,663,44,44,32598.5332835,,,,,,,,,86.3434,36.155100000000004,23.650299999999998,60.6496,2.04352,,,probabilistic,,,37,45.0,fc64c389b0b0,uncommitted
r17_clock_enable_barrier,F - secondary control signals,genus,23.12-s086_1,directive,off,3.6,MET,0.009,,,2.984,retime_s2_4_reg/D,353,48,48,20104.9229845,,,,,,,,,36.8651,11.945300000000001,16.2726,18.9252,1.66736,,,probabilistic,,,18,27.0,fc64c389b0b0,uncommitted
r17_clock_enable_barrier,F - secondary control signals,genus,23.12-s086_1,directive,off,4.8,MET,0.001,,,3.829,retime_s1_10_reg/D,282,47,47,17451.0406885,,,,,,,,,32.3425,9.41887,13.8475,17.2711,1.2239600000000002,,,probabilistic,,,14,23.0,fc64c389b0b0,uncommitted
r17_clock_enable_barrier,F - secondary control signals,genus,23.12-s086_1,directive,off,6.0,MET,0.008,,,5.119,retime_s1_15_reg/D,276,29,29,15529.166388,,,,,,,,,21.8517,7.502400000000001,7.0917,14.1558,0.604167,,,probabilistic,,,14,23.0,fc64c389b0b0,uncommitted
r17_clock_enable_barrier,F - secondary control signals,genus,23.12-s086_1,directive,off,7.8,MET,0.008,,,6.827,retime_s1_6_reg/D,259,29,29,14852.211579499999,,,,,,,,,15.3725,4.8920200000000005,5.32512,9.58269,0.464744,,,probabilistic,,,13,21.0,fc64c389b0b0,uncommitted
r17_clock_enable_barrier,F - secondary control signals,genus,23.12-s086_1,orig,off,2.7,VIOLATED,-3.363,,,5.413,s1_q_reg[10]/D,599,24,0,28332.91864375,,,,,,,,,78.5342,35.0559,10.9129,66.51010000000001,1.11111,,,probabilistic,,,58,68.0,fc64c389b0b0,uncommitted
r17_clock_enable_barrier,F - secondary control signals,genus,23.12-s086_1,orig,off,3.6,VIOLATED,-2.415,,,5.371,s1_q_reg[15]/D,596,24,0,27119.54484675,,,,,,,,,56.7057,25.1435,8.02578,47.8466,0.833333,,,probabilistic,,,60,68.0,fc64c389b0b0,uncommitted
r17_clock_enable_barrier,F - secondary control signals,genus,23.12-s086_1,orig,off,4.8,VIOLATED,-0.985,,,5.123,s1_q_reg[10]/D,673,24,0,30753.71435575,,,,,,,,,47.746900000000004,21.7167,6.30745,40.8144,0.625,,,probabilistic,,,82,92.0,fc64c389b0b0,uncommitted
r17_clock_enable_barrier,F - secondary control signals,genus,23.12-s086_1,orig,off,6.0,MET,0.0,,,5.315,s1_q_reg[15]/D,575,24,0,26036.2015275,,,,,,,,,32.7486,14.713199999999999,4.66608,27.5825,0.5,,,probabilistic,,,28,36.0,fc64c389b0b0,uncommitted
r17_clock_enable_barrier,F - secondary control signals,genus,23.12-s086_1,orig,off,7.8,MET,0.001,,,7.129,s1_q_reg[4]/D,367,24,0,17788.202275249998,,,,,,,,,16.5806,6.5288,3.38807,12.8079,0.384615,,,probabilistic,,,16,26.0,fc64c389b0b0,uncommitted
r17_clock_enable_barrier,F - secondary control signals,genus,23.12-s086_1,orig,on,2.7,VIOLATED,-0.099,,,2.132,retime_s1_4_reg/D,663,44,44,32598.5332835,,,,,,,,,86.3434,36.155100000000004,23.650299999999998,60.6496,2.04352,,,probabilistic,,,37,45.0,fc64c389b0b0,uncommitted
r17_clock_enable_barrier,F - secondary control signals,genus,23.12-s086_1,orig,on,3.6,MET,0.009,,,2.984,retime_s2_4_reg/D,353,48,48,20104.9229845,,,,,,,,,36.8651,11.945300000000001,16.2726,18.9252,1.66736,,,probabilistic,,,18,28.0,fc64c389b0b0,uncommitted
r17_clock_enable_barrier,F - secondary control signals,genus,23.12-s086_1,orig,on,4.8,MET,0.001,,,3.829,retime_s1_10_reg/D,282,47,47,17451.0406885,,,,,,,,,32.3425,9.41887,13.8475,17.2711,1.2239600000000002,,,probabilistic,,,15,23.0,fc64c389b0b0,uncommitted
r17_clock_enable_barrier,F - secondary control signals,genus,23.12-s086_1,orig,on,6.0,MET,0.008,,,5.119,retime_s1_15_reg/D,276,29,29,15529.166388,,,,,,,,,21.8517,7.502400000000001,7.0917,14.1558,0.604167,,,probabilistic,,,13,23.0,fc64c389b0b0,uncommitted
r17_clock_enable_barrier,F - secondary control signals,genus,23.12-s086_1,orig,on,7.8,MET,0.008,,,6.827,retime_s1_6_reg/D,259,29,29,14852.211579499999,,,,,,,,,15.3725,4.8920200000000005,5.32512,9.58269,0.464744,,,probabilistic,,,13,21.0,fc64c389b0b0,uncommitted
r17_clock_enable_barrier,F - secondary control signals,genus,23.12-s086_1,retimed,off,2.7,VIOLATED,-1.32,,,3.713,s2_q_reg[1]/D,631,24,0,28339.059509500003,,,,,,,,,63.861399999999996,28.6417,11.2811,51.4692,1.11111,,,probabilistic,,,49,58.0,fc64c389b0b0,uncommitted
r17_clock_enable_barrier,F - secondary control signals,genus,23.12-s086_1,retimed,off,3.6,VIOLATED,-0.673,,,3.988,s2_q_reg[7]/D,596,24,0,27447.48140475,,,,,,,,,50.3551,22.9478,8.52911,40.9927,0.833333,,,probabilistic,,,27,35.0,fc64c389b0b0,uncommitted
r17_clock_enable_barrier,F - secondary control signals,genus,23.12-s086_1,retimed,off,4.8,MET,0.0,,,4.508,s2_q_reg[7]/D,387,24,0,18790.22844925,,,,,,,,,25.7743,10.5047,5.705349999999999,19.4439,0.625,,,probabilistic,,,9,17.0,fc64c389b0b0,uncommitted
r17_clock_enable_barrier,F - secondary control signals,genus,23.12-s086_1,retimed,off,6.0,MET,0.003,,,5.71,s2_q_reg[7]/D,279,24,0,14950.16675775,,,,,,,,,17.3091,5.6452100000000005,4.4315500000000005,12.3775,0.5,,,probabilistic,,,6,15.0,fc64c389b0b0,uncommitted
r17_clock_enable_barrier,F - secondary control signals,genus,23.12-s086_1,retimed,off,7.8,MET,0.014,,,7.502,s2_q_reg[7]/D,257,24,0,13933.45904475,,,,,,,,,12.370199999999999,3.47909,3.32959,8.655990000000001,0.384615,,,probabilistic,,,6,14.0,fc64c389b0b0,uncommitted
r17_clock_enable_barrier,F - secondary control signals,openroad_syn,,directive,unsupported,2.7,VIOLATED,-12.5158,,,14.8648,,309,32,,,,,,,,,,,22.5474,6.36745,,,,,,vectorless,,,0,1.0,fc64c389b0b0,uncommitted
r17_clock_enable_barrier,F - secondary control signals,openroad_syn,,directive,unsupported,3.6,VIOLATED,-11.6158,,,14.8648,,309,32,,,,,,,,,,,16.9105,4.775589999999999,,,,,,vectorless,,,1,1.0,fc64c389b0b0,uncommitted
r17_clock_enable_barrier,F - secondary control signals,openroad_syn,,directive,unsupported,4.8,VIOLATED,-10.4158,,,14.8648,,309,32,,,,,,,,,,,12.6829,3.5816899999999996,,,,,,vectorless,,,1,1.0,fc64c389b0b0,uncommitted
r17_clock_enable_barrier,F - secondary control signals,openroad_syn,,directive,unsupported,6.0,VIOLATED,-9.2158,,,14.8648,,309,32,,,,,,,,,,,10.1463,2.86535,,,,,,vectorless,,,1,1.0,fc64c389b0b0,uncommitted
r17_clock_enable_barrier,F - secondary control signals,openroad_syn,,directive,unsupported,7.8,VIOLATED,-7.4158,,,14.8648,,309,32,,,,,,,,,,,7.80488,2.20412,,,,,,vectorless,,,0,2.0,fc64c389b0b0,uncommitted
r17_clock_enable_barrier,F - secondary control signals,openroad_syn,,orig,unsupported,2.7,VIOLATED,-12.5158,,,14.8648,,309,32,,,,,,,,,,,22.5474,6.36745,,,,,,vectorless,,,0,1.0,fc64c389b0b0,uncommitted
r17_clock_enable_barrier,F - secondary control signals,openroad_syn,,orig,unsupported,3.6,VIOLATED,-11.6158,,,14.8648,,309,32,,,,,,,,,,,16.9105,4.775589999999999,,,,,,vectorless,,,0,2.0,fc64c389b0b0,uncommitted
r17_clock_enable_barrier,F - secondary control signals,openroad_syn,,orig,unsupported,4.8,VIOLATED,-10.4158,,,14.8648,,309,32,,,,,,,,,,,12.6829,3.5816899999999996,,,,,,vectorless,,,0,1.0,fc64c389b0b0,uncommitted
r17_clock_enable_barrier,F - secondary control signals,openroad_syn,,orig,unsupported,6.0,VIOLATED,-9.2158,,,14.8648,,309,32,,,,,,,,,,,10.1463,2.86535,,,,,,vectorless,,,0,1.0,fc64c389b0b0,uncommitted
r17_clock_enable_barrier,F - secondary control signals,openroad_syn,,orig,unsupported,7.8,VIOLATED,-7.4158,,,14.8648,,309,32,,,,,,,,,,,7.80488,2.20412,,,,,,vectorless,,,0,1.0,fc64c389b0b0,uncommitted
r17_clock_enable_barrier,F - secondary control signals,openroad_syn,,retimed,unsupported,2.7,VIOLATED,-5.7006,,,8.0975,,286,32,,,,,,,,,,,20.967699999999997,5.75154,,,,,,vectorless,,,0,1.0,fc64c389b0b0,uncommitted
r17_clock_enable_barrier,F - secondary control signals,openroad_syn,,retimed,unsupported,3.6,VIOLATED,-4.8006,,,8.0975,,286,32,,,,,,,,,,,15.725800000000001,4.31365,,,,,,vectorless,,,0,1.0,fc64c389b0b0,uncommitted
r17_clock_enable_barrier,F - secondary control signals,openroad_syn,,retimed,unsupported,4.8,VIOLATED,-3.6006,,,8.0975,,286,32,,,,,,,,,,,11.7944,3.23524,,,,,,vectorless,,,0,1.0,fc64c389b0b0,uncommitted
r17_clock_enable_barrier,F - secondary control signals,openroad_syn,,retimed,unsupported,6.0,VIOLATED,-2.4006,,,8.0975,,286,32,,,,,,,,,,,9.43549,2.58819,,,,,,vectorless,,,0,1.0,fc64c389b0b0,uncommitted
r17_clock_enable_barrier,F - secondary control signals,openroad_syn,,retimed,unsupported,7.8,VIOLATED,-0.6006,,,8.0975,,286,32,,,,,,,,,,,7.25808,1.9909200000000002,,,,,,vectorless,,,0,1.0,fc64c389b0b0,uncommitted
r17_clock_enable_barrier,F - secondary control signals,vivado,2023.1,directive,on,5.2,VIOLATED,-2.795,-2.795,paths ending at a register (pad delay excluded),,,,,,,,,,,,,,,125.0,,,,,,,vectorless,84,32,29,36.0,,
r17_clock_enable_barrier,F - secondary control signals,vivado,2023.1,directive,on,6.4,VIOLATED,-1.595,-1.595,paths ending at a register (pad delay excluded),,,,,,,,,,,,,,,118.0,,,,,,,vectorless,84,32,35,62.0,,
r17_clock_enable_barrier,F - secondary control signals,vivado,2023.1,directive,on,8.0,VIOLATED,-0.294,-0.294,paths ending at a register (pad delay excluded),,,,,,,,,,,,,,,113.0,,,,,,,vectorless,84,32,34,66.0,,
r17_clock_enable_barrier,F - secondary control signals,vivado,2023.1,directive,on,9.6,MET,1.132,1.132,paths ending at a register (pad delay excluded),,,,,,,,,,,,,,,109.0,,,,,,,vectorless,84,32,34,66.0,,
r17_clock_enable_barrier,F - secondary control signals,vivado,2023.1,directive,on,12.0,MET,2.849,2.849,paths ending at a register (pad delay excluded),,,,,,,,,,,,,,,105.0,,,,,,,vectorless,84,32,32,71.0,,
r17_clock_enable_barrier,F - secondary control signals,vivado,2023.1,orig,off,5.2,VIOLATED,-2.795,-2.795,paths ending at a register (pad delay excluded),,,,,,,,,,,,,,,125.0,,,,,,,vectorless,84,32,30,42.0,,
r17_clock_enable_barrier,F - secondary control signals,vivado,2023.1,orig,off,6.4,VIOLATED,-1.595,-1.595,paths ending at a register (pad delay excluded),,,,,,,,,,,,,,,118.0,,,,,,,vectorless,84,32,30,44.0,,
r17_clock_enable_barrier,F - secondary control signals,vivado,2023.1,orig,off,8.0,VIOLATED,-0.294,-0.294,paths ending at a register (pad delay excluded),,,,,,,,,,,,,,,113.0,,,,,,,vectorless,84,32,29,45.0,,
r17_clock_enable_barrier,F - secondary control signals,vivado,2023.1,orig,off,9.6,MET,1.132,1.132,paths ending at a register (pad delay excluded),,,,,,,,,,,,,,,109.0,,,,,,,vectorless,84,32,28,36.0,,
r17_clock_enable_barrier,F - secondary control signals,vivado,2023.1,orig,off,12.0,MET,2.849,2.849,paths ending at a register (pad delay excluded),,,,,,,,,,,,,,,105.0,,,,,,,vectorless,84,32,26,34.0,,
r17_clock_enable_barrier,F - secondary control signals,vivado,2023.1,orig,on,5.2,VIOLATED,-2.795,-2.795,paths ending at a register (pad delay excluded),,,,,,,,,,,,,,,125.0,,,,,,,vectorless,84,32,38,53.0,,
r17_clock_enable_barrier,F - secondary control signals,vivado,2023.1,orig,on,6.4,VIOLATED,-1.595,-1.595,paths ending at a register (pad delay excluded),,,,,,,,,,,,,,,118.0,,,,,,,vectorless,84,32,32,47.0,,
r17_clock_enable_barrier,F - secondary control signals,vivado,2023.1,orig,on,8.0,VIOLATED,-0.294,-0.294,paths ending at a register (pad delay excluded),,,,,,,,,,,,,,,113.0,,,,,,,vectorless,84,32,43,58.0,,
r17_clock_enable_barrier,F - secondary control signals,vivado,2023.1,orig,on,9.6,MET,1.132,1.132,paths ending at a register (pad delay excluded),,,,,,,,,,,,,,,109.0,,,,,,,vectorless,84,32,43,58.0,,
r17_clock_enable_barrier,F - secondary control signals,vivado,2023.1,orig,on,12.0,MET,2.849,2.849,paths ending at a register (pad delay excluded),,,,,,,,,,,,,,,105.0,,,,,,,vectorless,84,32,27,38.0,,
r17_clock_enable_barrier,F - secondary control signals,vivado,2023.1,retimed,off,5.2,VIOLATED,-1.827,-1.827,paths ending at a register (pad delay excluded),,,,,,,,,,,,,,,125.0,,,,,,,vectorless,84,32,29,40.0,,
r17_clock_enable_barrier,F - secondary control signals,vivado,2023.1,retimed,off,6.4,VIOLATED,-0.719,-0.719,paths ending at a register (pad delay excluded),,,,,,,,,,,,,,,119.0,,,,,,,vectorless,84,32,29,41.0,,
r17_clock_enable_barrier,F - secondary control signals,vivado,2023.1,retimed,off,8.0,VIOLATED,-0.387,-0.387,paths ending at a register (pad delay excluded),,,,,,,,,,,,,,,113.0,,,,,,,vectorless,84,32,29,36.0,,
r17_clock_enable_barrier,F - secondary control signals,vivado,2023.1,retimed,off,9.6,MET,1.537,1.537,paths ending at a register (pad delay excluded),,,,,,,,,,,,,,,109.0,,,,,,,vectorless,84,32,29,36.0,,
r17_clock_enable_barrier,F - secondary control signals,vivado,2023.1,retimed,off,12.0,MET,4.768,4.768,paths ending at a register (pad delay excluded),,,,,,,,,,,,,,,105.0,,,,,,,vectorless,84,32,27,35.0,,
r17_clock_enable_barrier,F - secondary control signals,yosys,0.58,directive,off,6.0,VIOLATED,-6.6426,,,12.2931,_507_,301,24,,7755.9552,,,,,,,,,12.3,3.95,,,,,,vectorless,,,1.0,2.0,,
r17_clock_enable_barrier,F - secondary control signals,yosys,0.58,directive,on,2.7,VIOLATED,-4.1266,,,6.5083,_882_,349,24,,11069.4528,,,,,,,,,25.1,9.690000000000001,,,,,,vectorless,,,1.0,2.0,fc64c389b0b0,uncommitted
r17_clock_enable_barrier,F - secondary control signals,yosys,0.58,directive,on,3.6,VIOLATED,-3.2266,,,6.5083,_882_,349,24,,11069.4528,,,,,,,,,18.8,7.26,,,,,,vectorless,,,1.0,2.0,fc64c389b0b0,uncommitted
r17_clock_enable_barrier,F - secondary control signals,yosys,0.58,directive,on,4.8,VIOLATED,-2.0266,,,6.5083,_882_,349,24,,11069.4528,,,,,,,,,14.1,5.45,,,,,,vectorless,,,1.0,2.0,fc64c389b0b0,uncommitted
r17_clock_enable_barrier,F - secondary control signals,yosys,0.58,directive,on,6.0,VIOLATED,-0.8266,,,6.5083,_882_,349,24,,11069.4528,,,,,,,,,11.299999999999999,4.36,,,,,,vectorless,,,1.0,2.0,fc64c389b0b0,uncommitted
r17_clock_enable_barrier,F - secondary control signals,yosys,0.58,directive,on,7.8,MET,0.9734,,,6.5083,_882_,349,24,,11069.4528,,,,,,,,,8.7,3.35,,,,,,vectorless,,,1.0,2.0,fc64c389b0b0,uncommitted
r17_clock_enable_barrier,F - secondary control signals,yosys,0.58,orig,off,2.7,VIOLATED,-9.9426,,,12.2931,_507_,301,24,,7755.9552,,,,,,,,,27.2,8.78,,,,,,vectorless,,,1.0,2.0,fc64c389b0b0,uncommitted
r17_clock_enable_barrier,F - secondary control signals,yosys,0.58,orig,off,3.6,VIOLATED,-9.0426,,,12.2931,_507_,301,24,,7755.9552,,,,,,,,,20.400000000000002,6.590000000000001,,,,,,vectorless,,,1.0,1.0,fc64c389b0b0,uncommitted
r17_clock_enable_barrier,F - secondary control signals,yosys,0.58,orig,off,4.8,VIOLATED,-7.8426,,,12.2931,_507_,301,24,,7755.9552,,,,,,,,,15.299999999999999,4.9399999999999995,,,,,,vectorless,,,1.0,2.0,fc64c389b0b0,uncommitted
r17_clock_enable_barrier,F - secondary control signals,yosys,0.58,orig,off,6.0,VIOLATED,-6.6426,,,12.2931,_507_,301,24,,7755.9552,,,,,,,,,12.3,3.95,,,,,,vectorless,,,1.0,2.0,fc64c389b0b0,uncommitted
r17_clock_enable_barrier,F - secondary control signals,yosys,0.58,orig,off,7.8,VIOLATED,-4.8426,,,12.2931,_507_,301,24,,7755.9552,,,,,,,,,9.43,3.04,,,,,,vectorless,,,1.0,2.0,fc64c389b0b0,uncommitted
r17_clock_enable_barrier,F - secondary control signals,yosys,0.58,orig,on,2.7,VIOLATED,-4.1266,,,6.5083,_882_,349,24,,11069.4528,,,,,,,,,25.1,9.690000000000001,,,,,,vectorless,,,1.0,2.0,fc64c389b0b0,uncommitted
r17_clock_enable_barrier,F - secondary control signals,yosys,0.58,orig,on,3.6,VIOLATED,-3.2266,,,6.5083,_882_,349,24,,11069.4528,,,,,,,,,18.8,7.26,,,,,,vectorless,,,1.0,2.0,fc64c389b0b0,uncommitted
r17_clock_enable_barrier,F - secondary control signals,yosys,0.58,orig,on,4.8,VIOLATED,-2.0266,,,6.5083,_882_,349,24,,11069.4528,,,,,,,,,14.1,5.45,,,,,,vectorless,,,1.0,2.0,fc64c389b0b0,uncommitted
r17_clock_enable_barrier,F - secondary control signals,yosys,0.58,orig,on,6.0,VIOLATED,-0.8266,,,6.5083,_882_,349,24,,11069.4528,,,,,,,,,11.299999999999999,4.36,,,,,,vectorless,,,1.0,2.0,fc64c389b0b0,uncommitted
r17_clock_enable_barrier,F - secondary control signals,yosys,0.58,orig,on,7.8,MET,0.9734,,,6.5083,_882_,349,24,,11069.4528,,,,,,,,,8.7,3.35,,,,,,vectorless,,,1.0,2.0,fc64c389b0b0,uncommitted
r17_clock_enable_barrier,F - secondary control signals,yosys,0.58,retimed,off,2.7,VIOLATED,-5.5606,,,7.9507,_470_,306,24,,7688.2176,,,,,,,,,19.099999999999998,5.19,,,,,,vectorless,,,1.0,2.0,fc64c389b0b0,uncommitted
r17_clock_enable_barrier,F - secondary control signals,yosys,0.58,retimed,off,3.6,VIOLATED,-4.6606,,,7.9507,_470_,306,24,,7688.2176,,,,,,,,,14.3,3.8899999999999997,,,,,,vectorless,,,1.0,1.0,fc64c389b0b0,uncommitted
r17_clock_enable_barrier,F - secondary control signals,yosys,0.58,retimed,off,4.8,VIOLATED,-3.4606,,,7.9507,_470_,306,24,,7688.2176,,,,,,,,,10.7,2.92,,,,,,vectorless,,,1.0,1.0,fc64c389b0b0,uncommitted
r17_clock_enable_barrier,F - secondary control signals,yosys,0.58,retimed,off,6.0,VIOLATED,-2.2606,,,7.9507,_470_,306,24,,7688.2176,,,,,,,,,8.58,2.33,,,,,,vectorless,,,1.0,2.0,fc64c389b0b0,uncommitted
r17_clock_enable_barrier,F - secondary control signals,yosys,0.58,retimed,off,7.8,VIOLATED,-0.4606,,,7.9507,_470_,306,24,,7688.2176,,,,,,,,,6.6,1.8,,,,,,vectorless,,,1.0,2.0,fc64c389b0b0,uncommitted
r17_clock_enable_barrier,F - secondary control signals,yosys,0.58,retimed,on,6.0,MET,0.9242,,,4.766,_811_,354,24,,10843.6608,,,,,,,,,10.200000000000001,3.79,,,,,,vectorless,,,1.0,2.0,,
r18_clock_gated_region,F - clock gating,genus,23.12-s086_1,directive,off,2.7,VIOLATED,-0.788,,,2.845,retime_s1_24_reg/D,669,62,61,32340.355729,,,,,,,,,89.0981,33.8419,27.0757,59.3462,2.6761,,,probabilistic,,,44,53.0,1a3948b8bef4,uncommitted
r18_clock_gated_region,F - clock gating,genus,23.12-s086_1,directive,off,3.6,VIOLATED,-0.003,,,2.884,retime_s1_4_reg/D,539,66,65,27463.420817749997,,,,,,,,,55.3243,19.236,17.5417,35.6713,2.11129,,,probabilistic,,,36,46.0,1a3948b8bef4,uncommitted
r18_clock_gated_region,F - clock gating,genus,23.12-s086_1,directive,off,4.8,MET,0.003,,,4.191,retime_s1_17_reg/D,441,62,61,23183.370355500003,,,,,,,,,36.0959,11.6109,12.3346,22.256,1.50531,,,probabilistic,,,20,28.0,1a3948b8bef4,uncommitted
r18_clock_gated_region,F - clock gating,genus,23.12-s086_1,directive,off,6.0,MET,0.001,,,5.024,retime_s1_3_reg/SI,412,55,51,21276.31027875,,,,,,,,,27.372,8.728589999999999,9.00753,17.2697,1.0948399999999998,,,probabilistic,,,15,25.0,1a3948b8bef4,uncommitted
r18_clock_gated_region,F - clock gating,genus,23.12-s086_1,directive,off,7.8,MET,0.045,,,7.522,retime_s2_10_reg/D,337,54,53,18950.952273,,,,,,,,,18.701,5.3856,6.27797,11.5928,0.8301759999999999,,,probabilistic,,,12,21.0,1a3948b8bef4,uncommitted
r18_clock_gated_region,F - clock gating,genus,23.12-s086_1,orig,off,2.7,VIOLATED,-2.976,,,5.029,s1_q_reg[12]/D,789,49,0,36379.17692875,,,,,,,,,108.012,46.8786,19.457800000000002,86.3294,2.2247600000000003,,,probabilistic,,,68,78.0,1a3948b8bef4,uncommitted
r18_clock_gated_region,F - clock gating,genus,23.12-s086_1,orig,off,3.6,VIOLATED,-2.234,,,5.171,s1_q_reg[15]/D,727,49,0,34350.1127875,,,,,,,,,78.0187,33.2163,14.6274,61.722699999999996,1.66857,,,probabilistic,,,61,69.0,1a3948b8bef4,uncommitted
r18_clock_gated_region,F - clock gating,genus,23.12-s086_1,orig,off,4.8,VIOLATED,-0.799,,,4.968,s1_q_reg[10]/D,672,49,0,32781.22822675,,,,,,,,,56.3065,22.7616,11.1927,43.8624,1.25143,,,probabilistic,,,61,70.0,1a3948b8bef4,uncommitted
r18_clock_gated_region,F - clock gating,genus,23.12-s086_1,orig,off,6.0,MET,0.0,,,5.35,s1_q_reg[13]/D,569,49,0,27725.87619175,,,,,,,,,35.7354,13.9809,7.68874,27.0456,1.00114,,,probabilistic,,,21,30.0,1a3948b8bef4,uncommitted
r18_clock_gated_region,F - clock gating,genus,23.12-s086_1,orig,off,7.8,MET,0.009,,,7.102,s1_q_reg[6]/D,382,49,0,20574.85971925,,,,,,,,,20.7474,6.7245,5.72341,14.2539,0.770109,,,probabilistic,,,9,19.0,1a3948b8bef4,uncommitted
r18_clock_gated_region,F - clock gating,genus,23.12-s086_1,orig,on,2.7,VIOLATED,-0.788,,,2.845,retime_s1_24_reg/D,669,62,61,32340.355729,,,,,,,,,89.0981,33.8419,27.0757,59.3462,2.6761,,,probabilistic,,,44,52.0,1a3948b8bef4,uncommitted
r18_clock_gated_region,F - clock gating,genus,23.12-s086_1,orig,on,3.6,VIOLATED,-0.003,,,2.884,retime_s1_4_reg/D,539,66,65,27463.420817749997,,,,,,,,,55.3243,19.236,17.5417,35.6713,2.11129,,,probabilistic,,,36,44.0,1a3948b8bef4,uncommitted
r18_clock_gated_region,F - clock gating,genus,23.12-s086_1,orig,on,4.8,MET,0.003,,,4.191,retime_s1_17_reg/D,441,62,61,23183.370355500003,,,,,,,,,36.0959,11.6109,12.3346,22.256,1.50531,,,probabilistic,,,19,27.0,1a3948b8bef4,uncommitted
r18_clock_gated_region,F - clock gating,genus,23.12-s086_1,orig,on,6.0,MET,0.001,,,5.024,retime_s1_3_reg/SI,412,55,51,21276.31027875,,,,,,,,,27.372,8.728589999999999,9.00753,17.2697,1.0948399999999998,,,probabilistic,,,16,25.0,1a3948b8bef4,uncommitted
r18_clock_gated_region,F - clock gating,genus,23.12-s086_1,orig,on,7.8,MET,0.045,,,7.522,retime_s2_10_reg/D,337,54,53,18950.952273,,,,,,,,,18.701,5.3856,6.27797,11.5928,0.8301759999999999,,,probabilistic,,,12,21.0,1a3948b8bef4,uncommitted
r18_clock_gated_region,F - clock gating,genus,23.12-s086_1,retimed,off,2.7,VIOLATED,-1.096,,,3.548,s3_q_reg[15]/D,816,49,0,38006.759492,,,,,,,,,112.77,50.097500000000004,21.4225,89.1232,2.2247600000000003,,,probabilistic,,,50,59.0,1a3948b8bef4,uncommitted
r18_clock_gated_region,F - clock gating,genus,23.12-s086_1,retimed,off,3.6,VIOLATED,-0.346,,,3.644,s3_q_reg[10]/D,748,49,0,35929.586877249996,,,,,,,,,84.48079999999999,37.507,15.4838,67.3285,1.66857,,,probabilistic,,,41,49.0,1a3948b8bef4,uncommitted
r18_clock_gated_region,F - clock gating,genus,23.12-s086_1,retimed,off,4.8,MET,0.0,,,4.544,s2_q_reg[15]/D,431,49,0,22410.751016000002,,,,,,,,,36.7589,13.3644,9.62535,25.8821,1.25143,,,probabilistic,,,10,19.0,1a3948b8bef4,uncommitted
r18_clock_gated_region,F - clock gating,genus,23.12-s086_1,retimed,off,6.0,MET,0.009,,,5.726,s3_q_reg[15]/D,333,49,0,19239.117027,,,,,,,,,25.6502,7.74117,7.375579999999999,17.273400000000002,1.00114,,,probabilistic,,,8,17.0,1a3948b8bef4,uncommitted
r18_clock_gated_region,F - clock gating,genus,23.12-s086_1,retimed,off,7.8,MET,0.001,,,7.567,s3_q_reg[15]/D,343,49,0,18857.48247175,,,,,,,,,19.1653,5.88478,5.6783,12.716899999999999,0.770108,,,probabilistic,,,7,16.0,1a3948b8bef4,uncommitted
r18_clock_gated_region,F - clock gating,openroad_syn,,directive,unsupported,2.7,VIOLATED,-14.6283,,,16.978,,400,48,,,,,,,,,,,27.912200000000002,6.86879,,,,,,vectorless,,,0,1.0,1a3948b8bef4,uncommitted
r18_clock_gated_region,F - clock gating,openroad_syn,,directive,unsupported,3.6,VIOLATED,-13.7283,,,16.978,,400,48,,,,,,,,,,,20.9341,5.151590000000001,,,,,,vectorless,,,0,1.0,1a3948b8bef4,uncommitted
r18_clock_gated_region,F - clock gating,openroad_syn,,directive,unsupported,4.8,VIOLATED,-12.5283,,,16.978,,400,48,,,,,,,,,,,15.700599999999998,3.86369,,,,,,vectorless,,,0,1.0,1a3948b8bef4,uncommitted
r18_clock_gated_region,F - clock gating,openroad_syn,,directive,unsupported,6.0,VIOLATED,-11.3283,,,16.978,,400,48,,,,,,,,,,,12.560500000000001,3.09096,,,,,,vectorless,,,0,1.0,1a3948b8bef4,uncommitted
r18_clock_gated_region,F - clock gating,openroad_syn,,directive,unsupported,7.8,VIOLATED,-9.5283,,,16.978,,400,48,,,,,,,,,,,9.661940000000001,2.37766,,,,,,vectorless,,,0,2.0,1a3948b8bef4,uncommitted
r18_clock_gated_region,F - clock gating,openroad_syn,,orig,unsupported,2.7,VIOLATED,-14.6283,,,16.978,,400,48,,,,,,,,,,,27.912200000000002,6.86879,,,,,,vectorless,,,0,1.0,1a3948b8bef4,uncommitted
r18_clock_gated_region,F - clock gating,openroad_syn,,orig,unsupported,3.6,VIOLATED,-13.7283,,,16.978,,400,48,,,,,,,,,,,20.9341,5.151590000000001,,,,,,vectorless,,,0,1.0,1a3948b8bef4,uncommitted
r18_clock_gated_region,F - clock gating,openroad_syn,,orig,unsupported,4.8,VIOLATED,-12.5283,,,16.978,,400,48,,,,,,,,,,,15.700599999999998,3.86369,,,,,,vectorless,,,0,1.0,1a3948b8bef4,uncommitted
r18_clock_gated_region,F - clock gating,openroad_syn,,orig,unsupported,6.0,VIOLATED,-11.3283,,,16.978,,400,48,,,,,,,,,,,12.560500000000001,3.09096,,,,,,vectorless,,,0,1.0,1a3948b8bef4,uncommitted
r18_clock_gated_region,F - clock gating,openroad_syn,,orig,unsupported,7.8,VIOLATED,-9.5283,,,16.978,,400,48,,,,,,,,,,,9.661940000000001,2.37766,,,,,,vectorless,,,0,1.0,1a3948b8bef4,uncommitted
r18_clock_gated_region,F - clock gating,openroad_syn,,retimed,unsupported,2.7,VIOLATED,-9.0806,,,11.4785,,410,48,,,,,,,,,,,30.2837,8.14504,,,,,,vectorless,,,0,1.0,1a3948b8bef4,uncommitted
r18_clock_gated_region,F - clock gating,openroad_syn,,retimed,unsupported,3.6,VIOLATED,-8.1806,,,11.4785,,410,48,,,,,,,,,,,22.712799999999998,6.10878,,,,,,vectorless,,,0,1.0,1a3948b8bef4,uncommitted
r18_clock_gated_region,F - clock gating,openroad_syn,,retimed,unsupported,4.8,VIOLATED,-6.9806,,,11.4785,,410,48,,,,,,,,,,,17.0346,4.58158,,,,,,vectorless,,,0,1.0,1a3948b8bef4,uncommitted
r18_clock_gated_region,F - clock gating,openroad_syn,,retimed,unsupported,6.0,VIOLATED,-5.7806,,,11.4785,,410,48,,,,,,,,,,,13.627699999999999,3.66527,,,,,,vectorless,,,0,1.0,1a3948b8bef4,uncommitted
r18_clock_gated_region,F - clock gating,openroad_syn,,retimed,unsupported,7.8,VIOLATED,-3.9806,,,11.4785,,410,48,,,,,,,,,,,10.482899999999999,2.8194399999999997,,,,,,vectorless,,,0,1.0,1a3948b8bef4,uncommitted
r18_clock_gated_region,F - clock gating,vivado,2023.1,directive,on,5.2,VIOLATED,-2.965,-2.965,paths ending at a register (pad delay excluded),,,,,,,,,,,,,,,125.0,,,,,,,vectorless,92,48,30,44.0,,
r18_clock_gated_region,F - clock gating,vivado,2023.1,directive,on,6.4,VIOLATED,-1.732,-1.732,paths ending at a register (pad delay excluded),,,,,,,,,,,,,,,119.0,,,,,,,vectorless,92,48,29,38.0,,
r18_clock_gated_region,F - clock gating,vivado,2023.1,directive,on,8.0,VIOLATED,-0.338,-0.338,paths ending at a register (pad delay excluded),,,,,,,,,,,,,,,113.0,,,,,,,vectorless,92,48,31,39.0,,
r18_clock_gated_region,F - clock gating,vivado,2023.1,directive,on,9.6,MET,1.208,1.208,paths ending at a register (pad delay excluded),,,,,,,,,,,,,,,110.0,,,,,,,vectorless,92,48,31,39.0,,
r18_clock_gated_region,F - clock gating,vivado,2023.1,directive,on,12.0,MET,3.561,3.561,paths ending at a register (pad delay excluded),,,,,,,,,,,,,,,105.0,,,,,,,vectorless,92,48,29,38.0,,
r18_clock_gated_region,F - clock gating,vivado,2023.1,orig,off,5.2,VIOLATED,-2.965,-2.965,paths ending at a register (pad delay excluded),,,,,,,,,,,,,,,125.0,,,,,,,vectorless,92,48,31,40.0,,
r18_clock_gated_region,F - clock gating,vivado,2023.1,orig,off,6.4,VIOLATED,-1.732,-1.732,paths ending at a register (pad delay excluded),,,,,,,,,,,,,,,119.0,,,,,,,vectorless,92,48,30,39.0,,
r18_clock_gated_region,F - clock gating,vivado,2023.1,orig,off,8.0,VIOLATED,-0.338,-0.338,paths ending at a register (pad delay excluded),,,,,,,,,,,,,,,113.0,,,,,,,vectorless,92,48,29,39.0,,
r18_clock_gated_region,F - clock gating,vivado,2023.1,orig,off,9.6,MET,1.208,1.208,paths ending at a register (pad delay excluded),,,,,,,,,,,,,,,110.0,,,,,,,vectorless,92,48,30,40.0,,
r18_clock_gated_region,F - clock gating,vivado,2023.1,orig,off,12.0,MET,3.561,3.561,paths ending at a register (pad delay excluded),,,,,,,,,,,,,,,105.0,,,,,,,vectorless,92,48,28,38.0,,
r18_clock_gated_region,F - clock gating,vivado,2023.1,orig,on,5.2,VIOLATED,-2.965,-2.965,paths ending at a register (pad delay excluded),,,,,,,,,,,,,,,125.0,,,,,,,vectorless,92,48,31,44.0,,
r18_clock_gated_region,F - clock gating,vivado,2023.1,orig,on,6.4,VIOLATED,-1.732,-1.732,paths ending at a register (pad delay excluded),,,,,,,,,,,,,,,119.0,,,,,,,vectorless,92,48,30,44.0,,
r18_clock_gated_region,F - clock gating,vivado,2023.1,orig,on,8.0,VIOLATED,-0.338,-0.338,paths ending at a register (pad delay excluded),,,,,,,,,,,,,,,113.0,,,,,,,vectorless,92,48,30,42.0,,
r18_clock_gated_region,F - clock gating,vivado,2023.1,orig,on,9.6,MET,1.208,1.208,paths ending at a register (pad delay excluded),,,,,,,,,,,,,,,110.0,,,,,,,vectorless,92,48,31,46.0,,
r18_clock_gated_region,F - clock gating,vivado,2023.1,orig,on,12.0,MET,3.561,3.561,paths ending at a register (pad delay excluded),,,,,,,,,,,,,,,105.0,,,,,,,vectorless,92,48,30,38.0,,
r18_clock_gated_region,F - clock gating,vivado,2023.1,retimed,off,5.2,VIOLATED,-2.47,-2.47,paths ending at a register (pad delay excluded),,,,,,,,,,,,,,,126.0,,,,,,,vectorless,92,48,31,40.0,,
r18_clock_gated_region,F - clock gating,vivado,2023.1,retimed,off,6.4,VIOLATED,-1.661,-1.661,paths ending at a register (pad delay excluded),,,,,,,,,,,,,,,119.0,,,,,,,vectorless,92,48,30,39.0,,
r18_clock_gated_region,F - clock gating,vivado,2023.1,retimed,off,8.0,VIOLATED,-0.117,-0.117,paths ending at a register (pad delay excluded),,,,,,,,,,,,,,,113.0,,,,,,,vectorless,92,48,31,44.0,,
r18_clock_gated_region,F - clock gating,vivado,2023.1,retimed,off,9.6,MET,1.256,1.256,paths ending at a register (pad delay excluded),,,,,,,,,,,,,,,110.0,,,,,,,vectorless,92,48,31,45.0,,
r18_clock_gated_region,F - clock gating,vivado,2023.1,retimed,off,12.0,MET,4.832,4.832,paths ending at a register (pad delay excluded),,,,,,,,,,,,,,,106.0,,,,,,,vectorless,92,48,28,42.0,,
r18_clock_gated_region,F - clock gating,yosys,0.58,directive,off,6.0,VIOLATED,-6.7911,,,12.4333,_753_,416,48,,11998.0224,,,,,,,,,17.6,4.87,,,,,,vectorless,,,1.0,2.0,,
r18_clock_gated_region,F - clock gating,yosys,0.58,directive,on,2.7,VIOLATED,-4.2077,,,6.5948,_1162_,512,48,,15424.416,,,,,,,,,34.7,11.299999999999999,,,,,,vectorless,,,1.0,2.0,1a3948b8bef4,uncommitted
r18_clock_gated_region,F - clock gating,yosys,0.58,directive,on,3.6,VIOLATED,-3.3077,,,6.5948,_1162_,512,48,,15424.416,,,,,,,,,26.0,8.46,,,,,,vectorless,,,1.0,2.0,1a3948b8bef4,uncommitted
r18_clock_gated_region,F - clock gating,yosys,0.58,directive,on,4.8,VIOLATED,-2.1077,,,6.5948,_1162_,512,48,,15424.416,,,,,,,,,19.5,6.34,,,,,,vectorless,,,1.0,2.0,1a3948b8bef4,uncommitted
r18_clock_gated_region,F - clock gating,yosys,0.58,directive,on,6.0,VIOLATED,-0.9077,,,6.5948,_1162_,512,48,,15424.416,,,,,,,,,15.6,5.08,,,,,,vectorless,,,1.0,2.0,1a3948b8bef4,uncommitted
r18_clock_gated_region,F - clock gating,yosys,0.58,directive,on,7.8,MET,0.8923,,,6.5948,_1162_,512,48,,15424.416,,,,,,,,,12.0,3.9,,,,,,vectorless,,,1.0,2.0,1a3948b8bef4,uncommitted
r18_clock_gated_region,F - clock gating,yosys,0.58,orig,off,2.7,VIOLATED,-10.0911,,,12.4333,_753_,416,48,,11998.0224,,,,,,,,,39.0,10.8,,,,,,vectorless,,,1.0,2.0,1a3948b8bef4,uncommitted
r18_clock_gated_region,F - clock gating,yosys,0.58,orig,off,3.6,VIOLATED,-9.1911,,,12.4333,_753_,416,48,,11998.0224,,,,,,,,,29.3,8.120000000000001,,,,,,vectorless,,,1.0,2.0,1a3948b8bef4,uncommitted
r18_clock_gated_region,F - clock gating,yosys,0.58,orig,off,4.8,VIOLATED,-7.9911,,,12.4333,_753_,416,48,,11998.0224,,,,,,,,,21.9,6.09,,,,,,vectorless,,,1.0,2.0,1a3948b8bef4,uncommitted
r18_clock_gated_region,F - clock gating,yosys,0.58,orig,off,6.0,VIOLATED,-6.7911,,,12.4333,_753_,416,48,,11998.0224,,,,,,,,,17.6,4.87,,,,,,vectorless,,,1.0,2.0,1a3948b8bef4,uncommitted
r18_clock_gated_region,F - clock gating,yosys,0.58,orig,off,7.8,VIOLATED,-4.9911,,,12.4333,_753_,416,48,,11998.0224,,,,,,,,,13.5,3.75,,,,,,vectorless,,,1.0,2.0,1a3948b8bef4,uncommitted
r18_clock_gated_region,F - clock gating,yosys,0.58,orig,on,2.7,VIOLATED,-4.2077,,,6.5948,_1162_,512,48,,15424.416,,,,,,,,,34.7,11.299999999999999,,,,,,vectorless,,,1.0,2.0,1a3948b8bef4,uncommitted
r18_clock_gated_region,F - clock gating,yosys,0.58,orig,on,3.6,VIOLATED,-3.3077,,,6.5948,_1162_,512,48,,15424.416,,,,,,,,,26.0,8.46,,,,,,vectorless,,,1.0,2.0,1a3948b8bef4,uncommitted
r18_clock_gated_region,F - clock gating,yosys,0.58,orig,on,4.8,VIOLATED,-2.1077,,,6.5948,_1162_,512,48,,15424.416,,,,,,,,,19.5,6.34,,,,,,vectorless,,,2.0,2.0,1a3948b8bef4,uncommitted
r18_clock_gated_region,F - clock gating,yosys,0.58,orig,on,6.0,VIOLATED,-0.9077,,,6.5948,_1162_,512,48,,15424.416,,,,,,,,,15.6,5.08,,,,,,vectorless,,,2.0,2.0,1a3948b8bef4,uncommitted
r18_clock_gated_region,F - clock gating,yosys,0.58,orig,on,7.8,MET,0.8923,,,6.5948,_1162_,512,48,,15424.416,,,,,,,,,12.0,3.9,,,,,,vectorless,,,1.0,2.0,1a3948b8bef4,uncommitted
r18_clock_gated_region,F - clock gating,yosys,0.58,retimed,off,2.7,VIOLATED,-6.0517,,,8.3994,_731_,423,48,,11856.9024,,,,,,,,,32.4,8.33,,,,,,vectorless,,,1.0,2.0,1a3948b8bef4,uncommitted
r18_clock_gated_region,F - clock gating,yosys,0.58,retimed,off,3.6,VIOLATED,-5.1517,,,8.3994,_731_,423,48,,11856.9024,,,,,,,,,24.299999999999997,6.24,,,,,,vectorless,,,1.0,2.0,1a3948b8bef4,uncommitted
r18_clock_gated_region,F - clock gating,yosys,0.58,retimed,off,4.8,VIOLATED,-3.9517,,,8.3994,_731_,423,48,,11856.9024,,,,,,,,,18.2,4.68,,,,,,vectorless,,,1.0,2.0,1a3948b8bef4,uncommitted
r18_clock_gated_region,F - clock gating,yosys,0.58,retimed,off,6.0,VIOLATED,-2.7517,,,8.3994,_731_,423,48,,11856.9024,,,,,,,,,14.6,3.75,,,,,,vectorless,,,1.0,2.0,1a3948b8bef4,uncommitted
r18_clock_gated_region,F - clock gating,yosys,0.58,retimed,off,7.8,VIOLATED,-0.9517,,,8.3994,_731_,423,48,,11856.9024,,,,,,,,,11.2,2.8800000000000003,,,,,,vectorless,,,1.0,2.0,1a3948b8bef4,uncommitted
r18_clock_gated_region,F - clock gating,yosys,0.58,retimed,on,6.0,MET,0.7554,,,4.9493,_1135_,519,48,,15003.8784,,,,,,,,,15.9,5.18,,,,,,vectorless,,,1.0,2.0,,
r19_power_activity_retime,G - power-driven retiming,genus,23.12-s086_1,directive,off,1.11,VIOLATED,-1.624,,,1.991,csa_tree_ADD_TC_OP_62_groupi_retime_s1_22_reg/D,746,44,4,34048.6013485,,,,,,,,,163.86999999999998,65.9806,46.464,112.451,4.954949999999999,,,probabilistic,,,32,42.0,94aa3a7705c7,uncommitted
r19_power_activity_retime,G - power-driven retiming,genus,23.12-s086_1,directive,off,1.38,VIOLATED,-1.202,,,1.927,csa_tree_ADD_TC_OP_62_groupi_retime_s1_4_reg/D,850,46,2,38035.199239,,,,,,,,,148.976,63.6969,43.251900000000006,101.55699999999999,4.16667,,,probabilistic,,,43,52.0,94aa3a7705c7,uncommitted
r19_power_activity_retime,G - power-driven retiming,genus,23.12-s086_1,directive,off,1.73,VIOLATED,-0.973,,,2.08,csa_tree_ADD_TC_OP_62_groupi_retime_s1_26_reg/D,840,43,2,38939.83799725,,,,,,,,,116.795,47.5554,33.082100000000004,80.6064,3.10694,,,probabilistic,,,41,49.0,94aa3a7705c7,uncommitted
r19_power_activity_retime,G - power-driven retiming,genus,23.12-s086_1,directive,off,2.16,VIOLATED,-0.525,,,2.059,csa_tree_ADD_TC_OP_62_groupi_retime_s1_6_reg/D,865,47,2,39403.89454525,,,,,,,,,98.5323,40.5161,28.1245,67.68440000000001,2.72338,,,probabilistic,,,40,48.0,94aa3a7705c7,uncommitted
r19_power_activity_retime,G - power-driven retiming,genus,23.12-s086_1,directive,off,2.7,MET,0.0,,,2.3,dout[5],605,47,2,30085.24778675,,,,,,,,,63.123200000000004,23.4117,20.3322,40.6151,2.17593,,,probabilistic,,,15,23.0,94aa3a7705c7,uncommitted
r19_power_activity_retime,G - power-driven retiming,genus,23.12-s086_1,directive,off,3.6,MET,0.002,,,3.021,csa_tree_ADD_TC_OP_62_groupi_retime_s1_15_reg/D,195,40,2,14747.42687475,,,,,,,,,25.1971,6.3412299999999995,10.9183,12.889899999999999,1.38889,,,probabilistic,,,10,18.0,94aa3a7705c7,uncommitted
r19_power_activity_retime,G - power-driven retiming,genus,23.12-s086_1,directive,off,4.8,MET,0.664,,,3.327,csa_tree_ADD_TC_OP_62_groupi_retime_s1_26_reg/D,186,41,3,14408.33695,,,,,,,,,18.8527,4.5046100000000004,8.35483,9.43014,1.06771,,,probabilistic,,,8,18.0,94aa3a7705c7,uncommitted
r19_power_activity_retime,G - power-driven retiming,genus,23.12-s086_1,directive,off,6.0,MET,1.83,,,3.886,out_q_reg[1]/D,188,41,2,14461.00142125,,,,,,,,,14.9874,3.6094299999999997,6.65628,7.47691,0.854167,,,probabilistic,,,8,18.0,94aa3a7705c7,uncommitted
r19_power_activity_retime,G - power-driven retiming,genus,23.12-s086_1,directive,off,7.8,MET,1.189,,,5.813,WALLACE_CSA_DUMMY_OP_groupi_retime_s1_10_reg/D,164,25,0,12761.173758,,,,,,,,,9.52329,2.4663799999999996,3.24324,5.87941,0.40064099999999997,,,probabilistic,,,7,17.0,94aa3a7705c7,uncommitted
r19_power_activity_retime,G - power-driven retiming,genus,23.12-s086_1,orig,off,2.7,VIOLATED,-1.903,,,4.319,out_q_reg[4]/D,1017,71,0,48579.032953249996,,,,,,,,,103.415,44.5727,28.1774,71.9503,3.28704,,,probabilistic,,,62,70.0,94aa3a7705c7,uncommitted
r19_power_activity_retime,G - power-driven retiming,genus,23.12-s086_1,orig,off,3.6,VIOLATED,-1.038,,,4.362,out_q_reg[3]/D,1028,71,0,50368.1495955,,,,,,,,,80.3515,34.992599999999996,20.9746,56.9117,2.46528,,,probabilistic,,,68,78.0,94aa3a7705c7,uncommitted
r19_power_activity_retime,G - power-driven retiming,genus,23.12-s086_1,orig,off,4.8,MET,0.0,,,4.51,out_q_reg[5]/D,919,71,0,44158.5921605,,,,,,,,,50.7728,21.1567,14.8875,34.0363,1.84896,,,probabilistic,,,29,38.0,94aa3a7705c7,uncommitted
r19_power_activity_retime,G - power-driven retiming,genus,23.12-s086_1,orig,off,6.0,MET,0.003,,,5.714,out_q_reg[5]/D,271,71,0,19262.72156225,,,,,,,,,21.7747,5.51607,10.3781,9.91743,1.4791699999999999,,,probabilistic,,,6,14.0,94aa3a7705c7,uncommitted
r19_power_activity_retime,G - power-driven retiming,genus,23.12-s086_1,orig,off,7.8,MET,0.557,,,6.959,out_q_reg[5]/D,212,71,0,17124.15051025,,,,,,,,,14.719299999999999,3.23099,7.976109999999999,5.60536,1.13782,,,probabilistic,,,5,14.0,94aa3a7705c7,uncommitted
r19_power_activity_retime,G - power-driven retiming,genus,23.12-s086_1,orig,on,1.11,VIOLATED,-1.538,,,1.956,csa_tree_ADD_TC_OP_62_groupi_retime_s1_12_reg/D,910,44,3,41141.72581425,,,,,,,,,199.819,84.66279999999999,52.92850000000001,141.935,4.954949999999999,,,probabilistic,,,43,74.0,94aa3a7705c7,uncommitted
r19_power_activity_retime,G - power-driven retiming,genus,23.12-s086_1,orig,on,1.38,VIOLATED,-1.294,,,1.979,csa_tree_ADD_TC_OP_62_groupi_retime_s1_21_reg/D,881,44,2,39807.84439,,,,,,,,,155.317,64.4334,42.7034,108.628,3.98551,,,probabilistic,,,36,72.0,94aa3a7705c7,uncommitted
r19_power_activity_retime,G - power-driven retiming,genus,23.12-s086_1,orig,on,1.73,VIOLATED,-0.878,,,1.884,csa_tree_ADD_TC_OP_62_groupi_retime_s1_19_reg/D,891,48,4,41111.491116749996,,,,,,,,,129.425,54.8351,36.4093,89.5478,3.46821,,,probabilistic,,,34,44.0,94aa3a7705c7,uncommitted
r19_power_activity_retime,G - power-driven retiming,genus,23.12-s086_1,orig,on,2.16,VIOLATED,-0.557,,,1.686,csa_tree_ADD_TC_OP_62_groupi_retime_s1_13_reg/SI,919,43,2,41111.27855425,,,,,,,,,102.713,44.1456,27.721200000000003,72.5001,2.4919000000000002,,,probabilistic,,,42,53.0,94aa3a7705c7,uncommitted
r19_power_activity_retime,G - power-driven retiming,genus,23.12-s086_1,orig,on,2.7,MET,0.0,,,2.418,csa_tree_ADD_TC_OP_62_groupi_retime_s2_12_reg/D,777,45,3,35904.87070775,,,,,,,,,72.1517,29.0524,20.2928,49.775600000000004,2.08333,,,probabilistic,,,20,30.0,94aa3a7705c7,uncommitted
r19_power_activity_retime,G - power-driven retiming,genus,23.12-s086_1,orig,on,3.6,MET,0.011,,,2.851,csa_tree_ADD_TC_OP_62_groupi_retime_s1_6_reg/D,195,46,2,15065.39124025,,,,,,,,,26.7696,6.44911,12.3562,12.8162,1.59722,,,probabilistic,,,9,19.0,94aa3a7705c7,uncommitted
r19_power_activity_retime,G - power-driven retiming,genus,23.12-s086_1,orig,on,4.8,MET,0.835,,,3.674,retime_s2_6_reg/D,188,40,3,14453.9525535,,,,,,,,,18.554299999999998,4.53623,8.15367,9.35894,1.0416699999999999,,,probabilistic,,,8,16.0,94aa3a7705c7,uncommitted
r19_power_activity_retime,G - power-driven retiming,genus,23.12-s086_1,orig,on,6.0,MET,1.626,,,3.721,csa_tree_ADD_TC_OP_62_groupi_retime_s1_25_reg/D,180,35,3,13860.84663,,,,,,,,,14.0253,3.4310899999999998,5.80887,7.48729,0.729167,,,probabilistic,,,8,17.0,94aa3a7705c7,uncommitted
r19_power_activity_retime,G - power-driven retiming,genus,23.12-s086_1,orig,on,7.8,MET,2.066,,,5.103,WALLACE_CSA_DUMMY_OP_groupi_retime_s1_2_reg/D,162,22,0,12506.70626025,,,,,,,,,9.2254,2.42163,2.9671,5.90574,0.352564,,,probabilistic,,,7,15.0,94aa3a7705c7,uncommitted
r19_power_activity_retime,G - power-driven retiming,genus,23.12-s086_1,retimed,off,2.7,VIOLATED,-1.625,,,3.597,narrow_q_reg[5]/D,854,14,0,38970.15650525,,,,,,,,,98.2192,50.5006,7.02414,90.5469,0.648148,,,probabilistic,,,61,71.0,94aa3a7705c7,uncommitted
r19_power_activity_retime,G - power-driven retiming,genus,23.12-s086_1,retimed,off,3.6,VIOLATED,-0.656,,,3.571,narrow_q_reg[5]/D,884,14,0,40584.129921,,,,,,,,,73.3212,38.011,4.95272,67.88239999999999,0.486111,,,probabilistic,,,62,71.0,94aa3a7705c7,uncommitted
r19_power_activity_retime,G - power-driven retiming,genus,23.12-s086_1,retimed,off,4.8,MET,0.0,,,4.175,narrow_q_reg[4]/D,745,14,0,33223.029729,,,,,,,,,44.5165,22.7091,3.08467,41.0673,0.364583,,,probabilistic,,,16,24.0,94aa3a7705c7,uncommitted
r19_power_activity_retime,G - power-driven retiming,genus,23.12-s086_1,retimed,off,6.0,MET,0.0,,,5.392,narrow_q_reg[5]/D,162,14,0,11513.251064249998,,,,,,,,,12.7549,4.06597,2.35668,10.1066,0.291667,,,probabilistic,,,6,14.0,94aa3a7705c7,uncommitted
r19_power_activity_retime,G - power-driven retiming,genus,23.12-s086_1,retimed,off,7.8,MET,0.78,,,6.413,narrow_q_reg[5]/D,123,14,0,10145.3503425,,,,,,,,,7.9817599999999995,2.17926,1.80497,5.95243,0.224359,,,probabilistic,,,5,14.0,94aa3a7705c7,uncommitted
r19_power_activity_retime,G - power-driven retiming,innovus,23.12-s091_1,directive,,4.8,,,,,,,183,41,40,,10046.075,0.226,54.648,14.38,2.972,0.499,5,0,15.83300978,3.02712509,,,0.0,7.464,8.369,probabilistic,,,51,71.0,,
r19_power_activity_retime,G - power-driven retiming,openroad_syn,,directive,unsupported,2.7,VIOLATED,-25.32,,,27.7006,,870,71,,,,,,,,,,,565.4820000000001,252.874,,,,,,vcd,,,1,2.0,94aa3a7705c7,uncommitted
r19_power_activity_retime,G - power-driven retiming,openroad_syn,,directive,unsupported,3.6,VIOLATED,-24.42,,,27.7006,,870,71,,,,,,,,,,,521.922,234.826,,,,,,vcd,,,1,2.0,94aa3a7705c7,uncommitted
r19_power_activity_retime,G - power-driven retiming,openroad_syn,,directive,unsupported,4.8,VIOLATED,-23.22,,,27.7006,,870,71,,,,,,,,,,,467.17900000000003,210.57899999999998,,,,,,vcd,,,1,2.0,94aa3a7705c7,uncommitted
r19_power_activity_retime,G - power-driven retiming,openroad_syn,,directive,unsupported,6.0,VIOLATED,-22.02,,,27.7006,,870,71,,,,,,,,,,,430.293,194.11700000000002,,,,,,vcd,,,1,2.0,94aa3a7705c7,uncommitted
r19_power_activity_retime,G - power-driven retiming,openroad_syn,,directive,unsupported,7.8,VIOLATED,-20.22,,,27.7006,,870,71,,,,,,,,,,,390.214,176.14499999999998,,,,,,vcd,,,1,1.0,94aa3a7705c7,uncommitted
r19_power_activity_retime,G - power-driven retiming,openroad_syn,,orig,unsupported,2.7,VIOLATED,-25.32,,,27.7006,,870,71,,,,,,,,,,,565.4820000000001,252.874,,,,,,vcd,,,1,1.0,94aa3a7705c7,uncommitted
r19_power_activity_retime,G - power-driven retiming,openroad_syn,,orig,unsupported,3.6,VIOLATED,-24.42,,,27.7006,,870,71,,,,,,,,,,,521.922,234.826,,,,,,vcd,,,1,1.0,94aa3a7705c7,uncommitted
r19_power_activity_retime,G - power-driven retiming,openroad_syn,,orig,unsupported,4.8,VIOLATED,-23.22,,,27.7006,,870,71,,,,,,,,,,,467.17900000000003,210.57899999999998,,,,,,vcd,,,1,2.0,94aa3a7705c7,uncommitted
r19_power_activity_retime,G - power-driven retiming,openroad_syn,,orig,unsupported,6.0,VIOLATED,-22.02,,,27.7006,,870,71,,,,,,,,,,,430.293,194.11700000000002,,,,,,vcd,,,1,2.0,94aa3a7705c7,uncommitted
r19_power_activity_retime,G - power-driven retiming,openroad_syn,,orig,unsupported,7.8,VIOLATED,-20.22,,,27.7006,,870,71,,,,,,,,,,,390.214,176.14499999999998,,,,,,vcd,,,1,2.0,94aa3a7705c7,uncommitted
r19_power_activity_retime,G - power-driven retiming,openroad_syn,,retimed,unsupported,2.7,VIOLATED,-25.1506,,,27.6068,,677,14,,,,,,,,,,,532.5459999999999,250.13600000000002,,,,,,vcd,,,0,2.0,94aa3a7705c7,uncommitted
r19_power_activity_retime,G - power-driven retiming,openroad_syn,,retimed,unsupported,3.6,VIOLATED,-24.2506,,,27.6068,,677,14,,,,,,,,,,,530.891,249.948,,,,,,vcd,,,0,2.0,94aa3a7705c7,uncommitted
r19_power_activity_retime,G - power-driven retiming,openroad_syn,,retimed,unsupported,4.8,VIOLATED,-23.0506,,,27.6068,,677,14,,,,,,,,,,,529.65,249.808,,,,,,vcd,,,0,2.0,94aa3a7705c7,uncommitted
r19_power_activity_retime,G - power-driven retiming,openroad_syn,,retimed,unsupported,6.0,VIOLATED,-21.8506,,,27.6068,,677,14,,,,,,,,,,,528.905,249.723,,,,,,vcd,,,1,2.0,94aa3a7705c7,uncommitted
r19_power_activity_retime,G - power-driven retiming,openroad_syn,,retimed,unsupported,7.8,VIOLATED,-20.0506,,,27.6068,,677,14,,,,,,,,,,,528.218,249.645,,,,,,vcd,,,1,2.0,94aa3a7705c7,uncommitted
r19_power_activity_retime,G - power-driven retiming,vivado,2023.1,directive,on,5.2,VIOLATED,-1.971,-1.971,paths ending at a register (pad delay excluded),,,,,,,,,,,,,,,114.0,,,,,,,vectorless,146,71,33,43.0,,
r19_power_activity_retime,G - power-driven retiming,vivado,2023.1,directive,on,6.4,VIOLATED,-0.616,-0.616,paths ending at a register (pad delay excluded),,,,,,,,,,,,,,,109.0,,,,,,,vectorless,146,71,37,47.0,,
r19_power_activity_retime,G - power-driven retiming,vivado,2023.1,directive,on,8.0,MET,0.267,0.267,paths ending at a register (pad delay excluded),,,,,,,,,,,,,,,106.0,,,,,,,vectorless,146,71,38,48.0,,
r19_power_activity_retime,G - power-driven retiming,vivado,2023.1,directive,on,9.6,MET,0.844,0.844,paths ending at a register (pad delay excluded),,,,,,,,,,,,,,,104.0,,,,,,,vectorless,146,71,39,52.0,,
r19_power_activity_retime,G - power-driven retiming,vivado,2023.1,directive,on,12.0,MET,2.387,2.387,paths ending at a register (pad delay excluded),,,,,,,,,,,,,,,102.0,,,,,,,vectorless,146,71,37,50.0,,
r19_power_activity_retime,G - power-driven retiming,vivado,2023.1,orig,off,5.2,VIOLATED,-1.971,-1.971,paths ending at a register (pad delay excluded),,,,,,,,,,,,,,,114.0,,,,,,,vectorless,146,71,35,46.0,,
r19_power_activity_retime,G - power-driven retiming,vivado,2023.1,orig,off,6.4,VIOLATED,-0.616,-0.616,paths ending at a register (pad delay excluded),,,,,,,,,,,,,,,109.0,,,,,,,vectorless,146,71,34,45.0,,
r19_power_activity_retime,G - power-driven retiming,vivado,2023.1,orig,off,8.0,MET,0.267,0.267,paths ending at a register (pad delay excluded),,,,,,,,,,,,,,,106.0,,,,,,,vectorless,146,71,33,49.0,,
r19_power_activity_retime,G - power-driven retiming,vivado,2023.1,orig,off,9.6,MET,0.844,0.844,paths ending at a register (pad delay excluded),,,,,,,,,,,,,,,104.0,,,,,,,vectorless,146,71,35,43.0,,
r19_power_activity_retime,G - power-driven retiming,vivado,2023.1,orig,off,12.0,MET,2.387,2.387,paths ending at a register (pad delay excluded),,,,,,,,,,,,,,,102.0,,,,,,,vectorless,146,71,32,40.0,,
r19_power_activity_retime,G - power-driven retiming,vivado,2023.1,orig,on,5.2,VIOLATED,-1.971,-1.971,paths ending at a register (pad delay excluded),,,,,,,,,,,,,,,114.0,,,,,,,vectorless,146,71,33,41.0,,
r19_power_activity_retime,G - power-driven retiming,vivado,2023.1,orig,on,6.4,VIOLATED,-0.616,-0.616,paths ending at a register (pad delay excluded),,,,,,,,,,,,,,,109.0,,,,,,,vectorless,146,71,32,40.0,,
r19_power_activity_retime,G - power-driven retiming,vivado,2023.1,orig,on,8.0,MET,0.267,0.267,paths ending at a register (pad delay excluded),,,,,,,,,,,,,,,106.0,,,,,,,vectorless,146,71,32,40.0,,
r19_power_activity_retime,G - power-driven retiming,vivado,2023.1,orig,on,9.6,MET,0.844,0.844,paths ending at a register (pad delay excluded),,,,,,,,,,,,,,,104.0,,,,,,,vectorless,146,71,32,41.0,,
r19_power_activity_retime,G - power-driven retiming,vivado,2023.1,orig,on,12.0,MET,2.387,2.387,paths ending at a register (pad delay excluded),,,,,,,,,,,,,,,102.0,,,,,,,vectorless,146,71,32,39.0,,
r19_power_activity_retime,G - power-driven retiming,vivado,2023.1,retimed,off,5.2,VIOLATED,-1.469,-1.469,paths ending at a register (pad delay excluded),,,,,,,,,,,,,,,114.0,,,,,,,vectorless,113,14,31,42.0,,
r19_power_activity_retime,G - power-driven retiming,vivado,2023.1,retimed,off,6.4,VIOLATED,-0.147,-0.147,paths ending at a register (pad delay excluded),,,,,,,,,,,,,,,110.0,,,,,,,vectorless,113,14,31,43.0,,
r19_power_activity_retime,G - power-driven retiming,vivado,2023.1,retimed,off,8.0,MET,0.792,0.792,paths ending at a register (pad delay excluded),,,,,,,,,,,,,,,106.0,,,,,,,vectorless,113,14,31,42.0,,
r19_power_activity_retime,G - power-driven retiming,vivado,2023.1,retimed,off,9.6,MET,2.079,2.079,paths ending at a register (pad delay excluded),,,,,,,,,,,,,,,104.0,,,,,,,vectorless,113,14,31,43.0,,
r19_power_activity_retime,G - power-driven retiming,vivado,2023.1,retimed,off,12.0,MET,4.237,4.237,paths ending at a register (pad delay excluded),,,,,,,,,,,,,,,101.0,,,,,,,vectorless,113,14,30,41.0,,
r19_power_activity_retime,G - power-driven retiming,yosys,0.58,directive,on,2.7,VIOLATED,-4.5521,,,6.9545,_1391_,487,71,,21952.6272,,,,,,,,,78.0,31.099999999999998,,,,,,vectorless,,,1.0,2.0,94aa3a7705c7,uncommitted
r19_power_activity_retime,G - power-driven retiming,yosys,0.58,directive,on,3.6,VIOLATED,-3.6521,,,6.9545,_1391_,487,71,,21952.6272,,,,,,,,,58.5,23.3,,,,,,vectorless,,,1.0,2.0,94aa3a7705c7,uncommitted
r19_power_activity_retime,G - power-driven retiming,yosys,0.58,directive,on,4.8,VIOLATED,-2.4521,,,6.9545,_1391_,487,71,,21952.6272,,,,,,,,,43.9,17.5,,,,,,vectorless,,,1.0,2.0,94aa3a7705c7,uncommitted
r19_power_activity_retime,G - power-driven retiming,yosys,0.58,directive,on,6.0,VIOLATED,-1.2521,,,6.9545,_1391_,487,71,,21952.6272,,,,,,,,,35.1,14.0,,,,,,vectorless,,,1.0,2.0,94aa3a7705c7,uncommitted
r19_power_activity_retime,G - power-driven retiming,yosys,0.58,directive,on,7.8,MET,0.5479,,,6.9545,_1391_,487,71,,21952.6272,,,,,,,,,27.0,10.8,,,,,,vectorless,,,1.0,2.0,94aa3a7705c7,uncommitted
r19_power_activity_retime,G - power-driven retiming,yosys,0.58,orig,off,2.7,VIOLATED,-7.4688,,,9.8827,_777_,416,71,,15119.5968,,,,,,,,,90.80000000000001,29.6,,,,,,vectorless,,,1.0,2.0,94aa3a7705c7,uncommitted
r19_power_activity_retime,G - power-driven retiming,yosys,0.58,orig,off,3.6,VIOLATED,-6.5688,,,9.8827,_777_,416,71,,15119.5968,,,,,,,,,75.39999999999999,25.2,,,,,,vectorless,,,1.0,2.0,94aa3a7705c7,uncommitted
r19_power_activity_retime,G - power-driven retiming,yosys,0.58,orig,off,4.8,VIOLATED,-5.3688,,,9.8827,_777_,416,71,,15119.5968,,,,,,,,,62.9,21.5,,,,,,vectorless,,,1.0,2.0,94aa3a7705c7,uncommitted
r19_power_activity_retime,G - power-driven retiming,yosys,0.58,orig,off,6.0,VIOLATED,-4.1688,,,9.8827,_777_,416,71,,15119.5968,,,,,,,,,53.199999999999996,18.4,,,,,,vectorless,,,1.0,2.0,94aa3a7705c7,uncommitted
r19_power_activity_retime,G - power-driven retiming,yosys,0.58,orig,off,7.8,VIOLATED,-2.3688,,,9.8827,_777_,416,71,,15119.5968,,,,,,,,,43.5,15.2,,,,,,vectorless,,,1.0,2.0,94aa3a7705c7,uncommitted
r19_power_activity_retime,G - power-driven retiming,yosys,0.58,orig,on,2.7,VIOLATED,-4.5521,,,6.9545,_1391_,487,71,,21952.6272,,,,,,,,,78.0,31.099999999999998,,,,,,vectorless,,,1.0,2.0,94aa3a7705c7,uncommitted
r19_power_activity_retime,G - power-driven retiming,yosys,0.58,orig,on,3.6,VIOLATED,-3.6521,,,6.9545,_1391_,487,71,,21952.6272,,,,,,,,,58.5,23.3,,,,,,vectorless,,,1.0,2.0,94aa3a7705c7,uncommitted
r19_power_activity_retime,G - power-driven retiming,yosys,0.58,orig,on,4.8,VIOLATED,-2.4521,,,6.9545,_1391_,487,71,,21952.6272,,,,,,,,,43.9,17.5,,,,,,vectorless,,,1.0,2.0,94aa3a7705c7,uncommitted
r19_power_activity_retime,G - power-driven retiming,yosys,0.58,orig,on,6.0,VIOLATED,-1.2521,,,6.9545,_1391_,487,71,,21952.6272,,,,,,,,,35.1,14.0,,,,,,vectorless,,,1.0,1.0,94aa3a7705c7,uncommitted
r19_power_activity_retime,G - power-driven retiming,yosys,0.58,orig,on,7.8,MET,0.5479,,,6.9545,_1391_,487,71,,21952.6272,,,,,,,,,27.0,10.8,,,,,,vectorless,,,1.0,2.0,94aa3a7705c7,uncommitted
r19_power_activity_retime,G - power-driven retiming,yosys,0.58,retimed,off,2.7,VIOLATED,-7.1651,,,9.5793,_593_,333,14,,9249.0048,,,,,,,,,87.7,34.4,,,,,,vectorless,,,1.0,2.0,94aa3a7705c7,uncommitted
r19_power_activity_retime,G - power-driven retiming,yosys,0.58,retimed,off,3.6,VIOLATED,-6.2651,,,9.5793,_593_,333,14,,9249.0048,,,,,,,,,75.1,29.7,,,,,,vectorless,,,1.0,2.0,94aa3a7705c7,uncommitted
r19_power_activity_retime,G - power-driven retiming,yosys,0.58,retimed,off,4.8,VIOLATED,-5.0651,,,9.5793,_593_,333,14,,9249.0048,,,,,,,,,64.0,25.4,,,,,,vectorless,,,1.0,2.0,94aa3a7705c7,uncommitted
r19_power_activity_retime,G - power-driven retiming,yosys,0.58,retimed,off,6.0,VIOLATED,-3.8651,,,9.5793,_593_,333,14,,9249.0048,,,,,,,,,56.300000000000004,22.4,,,,,,vectorless,,,1.0,2.0,94aa3a7705c7,uncommitted
r19_power_activity_retime,G - power-driven retiming,yosys,0.58,retimed,off,7.8,VIOLATED,-2.0651,,,9.5793,_593_,333,14,,9249.0048,,,,,,,,,47.199999999999996,18.9,,,,,,vectorless,,,1.0,1.0,94aa3a7705c7,uncommitted
r20_glitch_absorb,G - power-driven retiming,genus,23.12-s086_1,directive,off,1.11,VIOLATED,-1.147,,,1.857,dout[27],565,60,60,27543.2707595,,,,,,,,,182.18300000000002,70.7173,69.6608,105.766,6.75676,,,probabilistic,,,25,37.0,3f5852788eef,uncommitted
r20_glitch_absorb,G - power-driven retiming,genus,23.12-s086_1,directive,off,1.38,VIOLATED,-0.908,,,1.569,retime_s1_21_reg/D,518,72,72,26633.670527500002,,,,,,,,,146.031,50.3882,66.8108,72.6982,6.521739999999999,,,probabilistic,,,24,38.0,3f5852788eef,uncommitted
r20_glitch_absorb,G - power-driven retiming,genus,23.12-s086_1,directive,off,1.73,VIOLATED,-0.472,,,1.548,retime_s1_26_reg/D,581,72,72,29261.49502575,,,,,,,,,121.77000000000001,43.9882,54.660199999999996,61.9035,5.20665,,,probabilistic,,,31,40.0,3f5852788eef,uncommitted
r20_glitch_absorb,G - power-driven retiming,genus,23.12-s086_1,directive,off,2.16,VIOLATED,-0.093,,,1.53,retime_s1_14_reg/D,551,64,64,27643.08936225,,,,,,,,,96.65650000000001,35.1131,40.2033,52.7461,3.70718,,,probabilistic,,,26,36.0,3f5852788eef,uncommitted
r20_glitch_absorb,G - power-driven retiming,genus,23.12-s086_1,directive,off,2.7,MET,0.004,,,2.296,dout[29],295,66,66,18453.18420225,,,,,,,,,57.5404,16.1111,27.9056,26.5793,3.0555600000000003,,,probabilistic,,,10,18.0,3f5852788eef,uncommitted
r20_glitch_absorb,G - power-driven retiming,genus,23.12-s086_1,directive,off,3.6,MET,0.095,,,3.105,dout[14],258,43,43,15501.016937,,,,,,,,,33.7802,10.1955,13.398200000000001,18.8889,1.49306,,,probabilistic,,,7,17.0,3f5852788eef,uncommitted
r20_glitch_absorb,G - power-driven retiming,genus,23.12-s086_1,directive,off,4.8,MET,1.193,,,2.876,retime_s1_15_reg/D,273,56,55,16505.139766250002,,,,,,,,,29.631500000000003,8.41014,13.6658,14.5074,1.4583300000000001,,,probabilistic,,,6,14.0,3f5852788eef,uncommitted
r20_glitch_absorb,G - power-driven retiming,genus,23.12-s086_1,directive,off,6.0,MET,1.99,,,3.291,retime_s1_14_reg/D,238,33,33,13750.809044,,,,,,,,,18.844,5.53572,6.39257,11.763900000000001,0.6875,,,probabilistic,,,6,15.0,3f5852788eef,uncommitted
r20_glitch_absorb,G - power-driven retiming,genus,23.12-s086_1,directive,off,7.8,MET,3.581,,,3.934,out_q_reg[26]/D,267,55,23,16177.58515875,,,,,,,,,19.0403,5.29971,8.27013,9.88872,0.88141,,,probabilistic,,,5,14.0,3f5852788eef,uncommitted
r20_glitch_absorb,G - power-driven retiming,genus,23.12-s086_1,orig,off,2.7,VIOLATED,-1.143,,,3.546,out_q_reg[26]/D,714,48,0,33436.30675875,,,,,,,,,83.708,34.443799999999996,21.8404,59.6453,2.22222,,,probabilistic,,,45,53.0,3f5852788eef,uncommitted
r20_glitch_absorb,G - power-driven retiming,genus,23.12-s086_1,orig,off,3.6,VIOLATED,-0.268,,,3.584,out_q_reg[25]/D,740,48,0,33996.7963765,,,,,,,,,62.332899999999995,26.069,15.9248,44.7414,1.66667,,,probabilistic,,,35,44.0,3f5852788eef,uncommitted
r20_glitch_absorb,G - power-driven retiming,genus,23.12-s086_1,orig,off,4.8,MET,0.001,,,4.5,out_q_reg[10]/D,346,48,0,18676.403072250003,,,,,,,,,28.4112,8.94099,10.6495,16.5117,1.25,,,probabilistic,,,4,13.0,3f5852788eef,uncommitted
r20_glitch_absorb,G - power-driven retiming,genus,23.12-s086_1,orig,off,6.0,MET,0.059,,,5.658,out_q_reg[30]/D,261,48,0,16050.1370735,,,,,,,,,21.6662,6.326919999999999,8.44115,12.225,1.0,,,probabilistic,,,3,12.0,3f5852788eef,uncommitted
r20_glitch_absorb,G - power-driven retiming,genus,23.12-s086_1,orig,off,7.8,MET,1.296,,,6.22,out_q_reg[24]/D,256,48,0,15736.2201455,,,,,,,,,16.293,4.78648,6.33638,9.18735,0.769231,,,probabilistic,,,3,12.0,3f5852788eef,uncommitted
r20_glitch_absorb,G - power-driven retiming,genus,23.12-s086_1,orig,on,1.11,VIOLATED,-1.322,,,2.032,dout[29],551,47,47,26522.62223525,,,,,,,,,182.027,75.75659999999999,54.523,122.204,5.29955,,,probabilistic,,,25,34.0,3f5852788eef,uncommitted
r20_glitch_absorb,G - power-driven retiming,genus,23.12-s086_1,orig,on,1.38,VIOLATED,-0.869,,,1.276,retime_s1_26_reg/D,605,68,68,30333.77449575,,,,,,,,,171.014,64.4514,69.4265,95.4229,6.16486,,,probabilistic,,,25,33.0,3f5852788eef,uncommitted
r20_glitch_absorb,G - power-driven retiming,genus,23.12-s086_1,orig,on,1.73,VIOLATED,-0.675,,,1.354,retime_s1_13_reg/SI,569,57,57,27925.16352025,,,,,,,,,125.96099999999998,47.8347,48.8772,72.94409999999999,4.14017,,,probabilistic,,,22,31.0,3f5852788eef,uncommitted
r20_glitch_absorb,G - power-driven retiming,genus,23.12-s086_1,orig,on,2.16,VIOLATED,-0.153,,,1.285,retime_s1_26_reg/D,554,63,63,27972.56622275,,,,,,,,,96.342,35.2642,39.3093,53.373,3.65972,,,probabilistic,,,23,32.0,3f5852788eef,uncommitted
r20_glitch_absorb,G - power-driven retiming,genus,23.12-s086_1,orig,on,2.7,MET,0.003,,,2.297,dout[24],292,56,56,17817.46410025,,,,,,,,,52.871300000000005,15.1606,24.2753,26.0034,2.59259,,,probabilistic,,,9,18.0,3f5852788eef,uncommitted
r20_glitch_absorb,G - power-driven retiming,genus,23.12-s086_1,orig,on,3.6,MET,0.157,,,2.287,retime_s1_22_reg/SE,295,64,62,17843.5001535,,,,,,,,,42.17400000000001,11.5421,20.930799999999998,19.021,2.22222,,,probabilistic,,,7,15.0,3f5852788eef,uncommitted
r20_glitch_absorb,G - power-driven retiming,genus,23.12-s086_1,orig,on,4.8,MET,1.349,,,2.702,retime_s1_16_reg/D,278,60,58,16867.3128125,,,,,,,,,30.5279,8.5777,14.813,14.1524,1.5625,,,probabilistic,,,6,14.0,3f5852788eef,uncommitted
r20_glitch_absorb,G - power-driven retiming,genus,23.12-s086_1,orig,on,6.0,MET,1.07,,,4.646,out_q_reg[4]/D,269,56,24,16530.85092,,,,,,,,,23.4568,6.39687,10.359399999999999,11.9307,1.16667,,,probabilistic,,,5,14.0,3f5852788eef,uncommitted
r20_glitch_absorb,G - power-driven retiming,genus,23.12-s086_1,orig,on,7.8,MET,3.191,,,4.325,out_q_reg[25]/D,264,62,30,16970.03084125,,,,,,,,,17.0277,4.54593,8.31026,7.72386,0.99359,,,probabilistic,,,5,14.0,3f5852788eef,uncommitted
r20_glitch_absorb,G - power-driven retiming,genus,23.12-s086_1,retimed,off,1.11,VIOLATED,-1.296,,,2.122,out_q_reg[30]/D,640,48,0,30041.120063000002,,,,,,,,,159.478,63.33469999999999,54.2674,99.80550000000001,5.40541,,,probabilistic,,,22,32.0,3f5852788eef,uncommitted
r20_glitch_absorb,G - power-driven retiming,genus,23.12-s086_1,retimed,off,1.38,VIOLATED,-0.94,,,2.034,out_q_reg[30]/D,709,48,0,32858.01861025,,,,,,,,,136.246,55.7379,43.4843,88.4138,4.347829999999999,,,probabilistic,,,33,41.0,3f5852788eef,uncommitted
r20_glitch_absorb,G - power-driven retiming,genus,23.12-s086_1,retimed,off,1.73,VIOLATED,-0.712,,,2.201,out_q_reg[30]/D,665,48,0,30985.2331855,,,,,,,,,103.223,41.486799999999995,34.1252,65.6293,3.46821,,,probabilistic,,,18,27.0,3f5852788eef,uncommitted
r20_glitch_absorb,G - power-driven retiming,genus,23.12-s086_1,retimed,off,2.16,VIOLATED,-0.28,,,2.138,out_q_reg[29]/D,646,48,0,30649.3048225,,,,,,,,,84.1826,33.190999999999995,27.5636,53.8412,2.77778,,,probabilistic,,,21,30.0,3f5852788eef,uncommitted
r20_glitch_absorb,G - power-driven retiming,genus,23.12-s086_1,retimed,off,2.7,MET,0.001,,,2.404,out_q_reg[28]/D,304,48,0,17635.2730805,,,,,,,,,41.2295,12.1087,19.261799999999997,19.7427,2.225,,,probabilistic,,,4,13.0,3f5852788eef,uncommitted
r20_glitch_absorb,G - power-driven retiming,genus,23.12-s086_1,retimed,off,3.6,MET,0.24,,,3.089,out_q_reg[30]/D,269,48,0,16297.263264000001,,,,,,,,,29.7818,8.11728,13.958699999999999,14.1564,1.66667,,,probabilistic,,,3,13.0,3f5852788eef,uncommitted
r20_glitch_absorb,G - power-driven retiming,genus,23.12-s086_1,retimed,off,4.8,MET,0.438,,,3.759,xr_q_reg[14]/D,263,48,0,15401.18229425,,,,,,,,,24.4277,6.49973,11.0021,12.175500000000001,1.25,,,probabilistic,,,3,14.0,3f5852788eef,uncommitted
r20_glitch_absorb,G - power-driven retiming,genus,23.12-s086_1,retimed,off,6.0,MET,1.833,,,3.565,xr_q_reg[14]/D,257,48,0,15255.8854,,,,,,,,,19.372,5.13994,8.762459999999999,9.609539999999999,1.0,,,probabilistic,,,3,12.0,3f5852788eef,uncommitted
r20_glitch_absorb,G - power-driven retiming,genus,23.12-s086_1,retimed,off,7.8,MET,3.707,,,3.491,xr_q_reg[14]/D,264,48,0,15418.342442750001,,,,,,,,,15.010900000000001,3.9835599999999998,6.7458800000000005,7.4958100000000005,0.769231,,,probabilistic,,,3,12.0,3f5852788eef,uncommitted
r20_glitch_absorb,G - power-driven retiming,innovus,23.12-s091_1,directive,,2.7,,,,,,,365,66,66,,15361.06,0.021,60.517,0.61,2.278,0.014,5,0,39.22640478,9.83105859,,,0.0,22.45,16.78,probabilistic,,,66,85.0,,
r20_glitch_absorb,G - power-driven retiming,openroad_syn,,directive,unsupported,2.7,VIOLATED,-502.8613,,,505.2261,,74997,42,,,,,,,,,,,5131.610000000001,419.058,,,,,,vcd,,,43,63.0,3f5852788eef,uncommitted
r20_glitch_absorb,G - power-driven retiming,openroad_syn,,directive,unsupported,3.6,VIOLATED,-501.9613,,,505.2261,,74997,42,,,,,,,,,,,4619.53,341.489,,,,,,vcd,,,44,63.0,3f5852788eef,uncommitted
r20_glitch_absorb,G - power-driven retiming,openroad_syn,,directive,unsupported,4.8,VIOLATED,-500.7613,,,505.2261,,74997,42,,,,,,,,,,,4236.51,283.306,,,,,,vcd,,,44,63.0,3f5852788eef,uncommitted
r20_glitch_absorb,G - power-driven retiming,openroad_syn,,directive,unsupported,6.0,VIOLATED,-499.5613,,,505.2261,,74997,42,,,,,,,,,,,4006.3000000000006,248.43599999999998,,,,,,vcd,,,44,64.0,3f5852788eef,uncommitted
r20_glitch_absorb,G - power-driven retiming,openroad_syn,,directive,unsupported,7.8,VIOLATED,-497.7613,,,505.2261,,74997,42,,,,,,,,,,,3794.64,216.219,,,,,,vcd,,,43,64.0,3f5852788eef,uncommitted
r20_glitch_absorb,G - power-driven retiming,openroad_syn,,orig,unsupported,2.7,VIOLATED,-502.8613,,,505.2261,,74997,42,,,,,,,,,,,5131.610000000001,419.058,,,,,,vcd,,,44,64.0,3f5852788eef,uncommitted
r20_glitch_absorb,G - power-driven retiming,openroad_syn,,orig,unsupported,3.6,VIOLATED,-501.9613,,,505.2261,,74997,42,,,,,,,,,,,4619.53,341.489,,,,,,vcd,,,43,63.0,3f5852788eef,uncommitted
r20_glitch_absorb,G - power-driven retiming,openroad_syn,,orig,unsupported,4.8,VIOLATED,-500.7613,,,505.2261,,74997,42,,,,,,,,,,,4236.51,283.306,,,,,,vcd,,,43,63.0,3f5852788eef,uncommitted
r20_glitch_absorb,G - power-driven retiming,openroad_syn,,orig,unsupported,6.0,VIOLATED,-499.5613,,,505.2261,,74997,42,,,,,,,,,,,4006.3000000000006,248.43599999999998,,,,,,vcd,,,43,63.0,3f5852788eef,uncommitted
r20_glitch_absorb,G - power-driven retiming,openroad_syn,,orig,unsupported,7.8,VIOLATED,-497.7613,,,505.2261,,74997,42,,,,,,,,,,,3794.64,216.219,,,,,,vcd,,,44,63.0,3f5852788eef,uncommitted
r20_glitch_absorb,G - power-driven retiming,openroad_syn,,retimed,unsupported,2.7,VIOLATED,-7.9281,,,10.3186,,3855,48,,,,,,,,,,,531.044,130.39100000000002,,,,,,vcd,,,1,3.0,3f5852788eef,uncommitted
r20_glitch_absorb,G - power-driven retiming,openroad_syn,,retimed,unsupported,3.6,VIOLATED,-7.0281,,,10.3186,,3855,48,,,,,,,,,,,488.871,117.18599999999999,,,,,,vcd,,,2,4.0,3f5852788eef,uncommitted
r20_glitch_absorb,G - power-driven retiming,openroad_syn,,retimed,unsupported,4.8,VIOLATED,-5.8281,,,10.3186,,3855,48,,,,,,,,,,,456.72200000000004,107.113,,,,,,vcd,,,1,3.0,3f5852788eef,uncommitted
r20_glitch_absorb,G - power-driven retiming,openroad_syn,,retimed,unsupported,6.0,VIOLATED,-4.6281,,,10.3186,,3855,48,,,,,,,,,,,437.397,101.05799999999999,,,,,,vcd,,,2,4.0,3f5852788eef,uncommitted
r20_glitch_absorb,G - power-driven retiming,openroad_syn,,retimed,unsupported,7.8,VIOLATED,-2.8281,,,10.3186,,3855,48,,,,,,,,,,,419.22700000000003,95.3605,,,,,,vcd,,,2,3.0,3f5852788eef,uncommitted
r20_glitch_absorb,G - power-driven retiming,vivado,2023.1,directive,on,5.2,VIOLATED,-2.107,-2.107,paths ending at a register (pad delay excluded),,,,,,,,,,,,,,,158.0,,,,,,,vectorless,91,48,31,44.0,,
r20_glitch_absorb,G - power-driven retiming,vivado,2023.1,directive,on,6.4,VIOLATED,-0.377,-0.377,paths ending at a register (pad delay excluded),,,,,,,,,,,,,,,145.0,,,,,,,vectorless,91,48,32,43.0,,
r20_glitch_absorb,G - power-driven retiming,vivado,2023.1,directive,on,8.0,MET,0.167,0.167,paths ending at a register (pad delay excluded),,,,,,,,,,,,,,,134.0,,,,,,,vectorless,91,48,31,43.0,,
r20_glitch_absorb,G - power-driven retiming,vivado,2023.1,directive,on,9.6,MET,2.638,2.638,paths ending at a register (pad delay excluded),,,,,,,,,,,,,,,127.0,,,,,,,vectorless,91,48,29,43.0,,
r20_glitch_absorb,G - power-driven retiming,vivado,2023.1,directive,on,12.0,MET,5.914,5.914,paths ending at a register (pad delay excluded),,,,,,,,,,,,,,,119.0,,,,,,,vectorless,91,48,29,43.0,,
r20_glitch_absorb,G - power-driven retiming,vivado,2023.1,orig,off,5.2,VIOLATED,-2.107,-2.107,paths ending at a register (pad delay excluded),,,,,,,,,,,,,,,158.0,,,,,,,vectorless,91,48,28,36.0,,
r20_glitch_absorb,G - power-driven retiming,vivado,2023.1,orig,off,6.4,VIOLATED,-0.377,-0.377,paths ending at a register (pad delay excluded),,,,,,,,,,,,,,,145.0,,,,,,,vectorless,91,48,28,36.0,,
r20_glitch_absorb,G - power-driven retiming,vivado,2023.1,orig,off,8.0,MET,0.167,0.167,paths ending at a register (pad delay excluded),,,,,,,,,,,,,,,134.0,,,,,,,vectorless,91,48,27,35.0,,
r20_glitch_absorb,G - power-driven retiming,vivado,2023.1,orig,off,9.6,MET,2.638,2.638,paths ending at a register (pad delay excluded),,,,,,,,,,,,,,,127.0,,,,,,,vectorless,91,48,28,38.0,,
r20_glitch_absorb,G - power-driven retiming,vivado,2023.1,orig,off,12.0,MET,5.914,5.914,paths ending at a register (pad delay excluded),,,,,,,,,,,,,,,119.0,,,,,,,vectorless,91,48,27,37.0,,
r20_glitch_absorb,G - power-driven retiming,vivado,2023.1,orig,on,5.2,VIOLATED,-2.107,-2.107,paths ending at a register (pad delay excluded),,,,,,,,,,,,,,,158.0,,,,,,,vectorless,91,48,29,36.0,,
r20_glitch_absorb,G - power-driven retiming,vivado,2023.1,orig,on,6.4,VIOLATED,-0.377,-0.377,paths ending at a register (pad delay excluded),,,,,,,,,,,,,,,145.0,,,,,,,vectorless,91,48,29,37.0,,
r20_glitch_absorb,G - power-driven retiming,vivado,2023.1,orig,on,8.0,MET,0.167,0.167,paths ending at a register (pad delay excluded),,,,,,,,,,,,,,,134.0,,,,,,,vectorless,91,48,29,40.0,,
r20_glitch_absorb,G - power-driven retiming,vivado,2023.1,orig,on,9.6,MET,2.638,2.638,paths ending at a register (pad delay excluded),,,,,,,,,,,,,,,127.0,,,,,,,vectorless,91,48,29,40.0,,
r20_glitch_absorb,G - power-driven retiming,vivado,2023.1,orig,on,12.0,MET,5.914,5.914,paths ending at a register (pad delay excluded),,,,,,,,,,,,,,,119.0,,,,,,,vectorless,91,48,27,35.0,,
r20_glitch_absorb,G - power-driven retiming,vivado,2023.1,retimed,off,5.2,VIOLATED,-2.264,-2.264,paths ending at a register (pad delay excluded),,,,,,,,,,,,,,,154.0,,,,,,,vectorless,73,48,33,98.0,,
r20_glitch_absorb,G - power-driven retiming,vivado,2023.1,retimed,off,6.4,VIOLATED,-0.01,-0.01,paths ending at a register (pad delay excluded),,,,,,,,,,,,,,,141.0,,,,,,,vectorless,73,48,33,99.0,,
r20_glitch_absorb,G - power-driven retiming,vivado,2023.1,retimed,off,8.0,MET,1.987,1.987,paths ending at a register (pad delay excluded),,,,,,,,,,,,,,,131.0,,,,,,,vectorless,73,48,30,39.0,,
r20_glitch_absorb,G - power-driven retiming,vivado,2023.1,retimed,off,9.6,MET,3.19,3.19,paths ending at a register (pad delay excluded),,,,,,,,,,,,,,,125.0,,,,,,,vectorless,73,48,29,41.0,,
r20_glitch_absorb,G - power-driven retiming,vivado,2023.1,retimed,off,12.0,MET,6.15,6.15,paths ending at a register (pad delay excluded),,,,,,,,,,,,,,,118.0,,,,,,,vectorless,73,48,29,41.0,,
r20_glitch_absorb,G - power-driven retiming,yosys,0.58,directive,on,2.7,VIOLATED,-1.9759,,,4.3578,_1163_,468,48,,16581.6,,,,,,,,,45.1,16.7,,,,,,vectorless,,,5.0,6.0,3f5852788eef,uncommitted
r20_glitch_absorb,G - power-driven retiming,yosys,0.58,directive,on,3.6,VIOLATED,-1.0759,,,4.3578,_1163_,468,48,,16581.6,,,,,,,,,33.9,12.5,,,,,,vectorless,,,6.0,7.0,3f5852788eef,uncommitted
r20_glitch_absorb,G - power-driven retiming,yosys,0.58,directive,on,4.8,MET,0.1241,,,4.3578,_1163_,468,48,,16581.6,,,,,,,,,25.4,9.37,,,,,,vectorless,,,6.0,7.0,3f5852788eef,uncommitted
r20_glitch_absorb,G - power-driven retiming,yosys,0.58,directive,on,6.0,MET,1.3241,,,4.3578,_1163_,468,48,,16581.6,,,,,,,,,20.299999999999997,7.5,,,,,,vectorless,,,6.0,7.0,3f5852788eef,uncommitted
r20_glitch_absorb,G - power-driven retiming,yosys,0.58,directive,on,7.8,MET,3.1241,,,4.3578,_1163_,468,48,,16581.6,,,,,,,,,15.6,5.77,,,,,,vectorless,,,5.0,6.0,3f5852788eef,uncommitted
r20_glitch_absorb,G - power-driven retiming,yosys,0.58,orig,off,2.7,VIOLATED,-3.7115,,,6.1059,_483_,420,48,,10358.208,,,,,,,,,63.0,19.400000000000002,,,,,,vectorless,,,6.0,6.0,3f5852788eef,uncommitted
r20_glitch_absorb,G - power-driven retiming,yosys,0.58,orig,off,3.6,VIOLATED,-2.8115,,,6.1059,_483_,420,48,,10358.208,,,,,,,,,47.300000000000004,14.6,,,,,,vectorless,,,5.0,6.0,3f5852788eef,uncommitted
r20_glitch_absorb,G - power-driven retiming,yosys,0.58,orig,off,4.8,VIOLATED,-1.6115,,,6.1059,_483_,420,48,,10358.208,,,,,,,,,35.5,10.9,,,,,,vectorless,,,5.0,6.0,3f5852788eef,uncommitted
r20_glitch_absorb,G - power-driven retiming,yosys,0.58,orig,off,6.0,VIOLATED,-0.4115,,,6.1059,_483_,420,48,,10358.208,,,,,,,,,28.400000000000002,8.75,,,,,,vectorless,,,5.0,6.0,3f5852788eef,uncommitted
r20_glitch_absorb,G - power-driven retiming,yosys,0.58,orig,off,7.8,MET,1.3885,,,6.1059,_483_,420,48,,10358.208,,,,,,,,,21.8,6.7299999999999995,,,,,,vectorless,,,6.0,7.0,3f5852788eef,uncommitted
r20_glitch_absorb,G - power-driven retiming,yosys,0.58,orig,on,2.7,VIOLATED,-1.9759,,,4.3578,_1163_,468,48,,16581.6,,,,,,,,,45.1,16.7,,,,,,vectorless,,,5.0,6.0,3f5852788eef,uncommitted
r20_glitch_absorb,G - power-driven retiming,yosys,0.58,orig,on,3.6,VIOLATED,-1.0759,,,4.3578,_1163_,468,48,,16581.6,,,,,,,,,33.9,12.5,,,,,,vectorless,,,5.0,6.0,3f5852788eef,uncommitted
r20_glitch_absorb,G - power-driven retiming,yosys,0.58,orig,on,4.8,MET,0.1241,,,4.3578,_1163_,468,48,,16581.6,,,,,,,,,25.4,9.37,,,,,,vectorless,,,6.0,7.0,3f5852788eef,uncommitted
r20_glitch_absorb,G - power-driven retiming,yosys,0.58,orig,on,6.0,MET,1.3241,,,4.3578,_1163_,468,48,,16581.6,,,,,,,,,20.299999999999997,7.5,,,,,,vectorless,,,6.0,7.0,3f5852788eef,uncommitted
r20_glitch_absorb,G - power-driven retiming,yosys,0.58,orig,on,7.8,MET,3.1241,,,4.3578,_1163_,468,48,,16581.6,,,,,,,,,15.6,5.77,,,,,,vectorless,,,6.0,7.0,3f5852788eef,uncommitted
r20_glitch_absorb,G - power-driven retiming,yosys,0.58,retimed,off,2.7,VIOLATED,-1.2628,,,3.6512,_510_,421,48,,9680.832,,,,,,,,,44.8,13.0,,,,,,vectorless,,,1.0,2.0,3f5852788eef,uncommitted
r20_glitch_absorb,G - power-driven retiming,yosys,0.58,retimed,off,3.6,VIOLATED,-0.3628,,,3.6512,_510_,421,48,,9680.832,,,,,,,,,33.6,9.77,,,,,,vectorless,,,1.0,2.0,3f5852788eef,uncommitted
r20_glitch_absorb,G - power-driven retiming,yosys,0.58,retimed,off,4.8,MET,0.8372,,,3.6512,_510_,421,48,,9680.832,,,,,,,,,25.2,7.33,,,,,,vectorless,,,1.0,2.0,3f5852788eef,uncommitted
r20_glitch_absorb,G - power-driven retiming,yosys,0.58,retimed,off,6.0,MET,2.0372,,,3.6512,_510_,421,48,,9680.832,,,,,,,,,20.2,5.859999999999999,,,,,,vectorless,,,1.0,2.0,3f5852788eef,uncommitted
r20_glitch_absorb,G - power-driven retiming,yosys,0.58,retimed,off,7.8,MET,3.8372,,,3.6512,_510_,421,48,,9680.832,,,,,,,,,15.5,4.51,,,,,,vectorless,,,1.0,2.0,3f5852788eef,uncommitted
r21_wire_pipeline_cross_die,H - physical / wire delay (LATENCY-CHANGING),genus,23.12-s086_1,directive,off,2.25,VIOLATED,-0.961,,,2.603,retime_s1_15_reg/D,2111,185,185,101955.23789525,,,,,,,,,321.353,123.378,107.666,203.406,10.2811,,,probabilistic,,,80,89.0,2a6050d7153c,uncommitted
r21_wire_pipeline_cross_die,H - physical / wire delay (LATENCY-CHANGING),genus,23.12-s086_1,directive,off,3.0,VIOLATED,-0.124,,,2.176,retime_s1_55_reg/D,1902,182,182,94140.26128374999,,,,,,,,,219.868,81.1602,75.1232,137.15800000000002,7.58583,,,probabilistic,,,61,70.0,2a6050d7153c,uncommitted
r21_wire_pipeline_cross_die,H - physical / wire delay (LATENCY-CHANGING),genus,23.12-s086_1,directive,off,4.0,MET,0.0,,,3.276,retime_s1_71_reg/D,1169,156,156,62187.981278,,,,,,,,,117.91699999999999,37.916,44.7496,68.2927,4.875,,,probabilistic,,,35,44.0,2a6050d7153c,uncommitted
r21_wire_pipeline_cross_die,H - physical / wire delay (LATENCY-CHANGING),genus,23.12-s086_1,directive,off,5.0,MET,0.001,,,4.764,retime_s2_25_reg/D,1057,139,138,55430.5879605,,,,,,,,,80.87469999999999,24.404700000000002,31.405500000000004,45.9942,3.4749999999999996,,,probabilistic,,,25,34.0,2a6050d7153c,uncommitted
r21_wire_pipeline_cross_die,H - physical / wire delay (LATENCY-CHANGING),genus,23.12-s086_1,directive,off,6.5,MET,0.357,,,5.743,dout[63],976,155,155,54158.8139745,,,,,,,,,63.898300000000006,17.7005,25.874399999999998,35.0431,2.98077,,,probabilistic,,,22,30.0,2a6050d7153c,uncommitted
r21_wire_pipeline_cross_die,H - physical / wire delay (LATENCY-CHANGING),genus,23.12-s086_1,orig,off,2.25,VIOLATED,-1.628,,,3.275,b_q_reg[26]/D,2193,128,0,101850.64929625,,,,,,,,,322.089,137.43,73.6384,241.32600000000002,7.12444,,,probabilistic,,,72,81.0,2a6050d7153c,uncommitted
r21_wire_pipeline_cross_die,H - physical / wire delay (LATENCY-CHANGING),genus,23.12-s086_1,orig,off,3.0,VIOLATED,-0.772,,,3.486,b_q_reg[29]/D,2284,128,0,106273.2220445,,,,,,,,,258.158,108.557,60.2181,192.60399999999998,5.33583,,,probabilistic,,,96,104.0,2a6050d7153c,uncommitted
r21_wire_pipeline_cross_die,H - physical / wire delay (LATENCY-CHANGING),genus,23.12-s086_1,orig,off,4.0,MET,0.0,,,3.367,a_q_reg[63]/D,1757,128,0,82759.43012075001,,,,,,,,,150.111,60.4208,39.123400000000004,106.988,4.0,,,probabilistic,,,50,59.0,2a6050d7153c,uncommitted
r21_wire_pipeline_cross_die,H - physical / wire delay (LATENCY-CHANGING),genus,23.12-s086_1,orig,off,5.0,MET,0.001,,,4.327,a_q_reg[47]/D,1156,128,0,61119.10516125,,,,,,,,,86.5218,28.379,28.6232,54.6986,3.2,,,probabilistic,,,25,35.0,2a6050d7153c,uncommitted
r21_wire_pipeline_cross_die,H - physical / wire delay (LATENCY-CHANGING),genus,23.12-s086_1,orig,off,6.5,MET,0.001,,,6.201,b_q_reg[15]/D,995,128,0,53411.79878725,,,,,,,,,60.273,18.724899999999998,21.616799999999998,36.1946,2.46154,,,probabilistic,,,16,25.0,2a6050d7153c,uncommitted
r21_wire_pipeline_cross_die,H - physical / wire delay (LATENCY-CHANGING),genus,23.12-s086_1,orig,on,2.25,VIOLATED,-0.961,,,2.603,retime_s1_15_reg/D,2111,185,185,101955.23789525,,,,,,,,,321.353,123.378,107.666,203.406,10.2811,,,probabilistic,,,79,89.0,2a6050d7153c,uncommitted
r21_wire_pipeline_cross_die,H - physical / wire delay (LATENCY-CHANGING),genus,23.12-s086_1,orig,on,3.0,VIOLATED,-0.124,,,2.176,retime_s1_55_reg/D,1902,182,182,94140.26128374999,,,,,,,,,219.868,81.1602,75.1232,137.15800000000002,7.58583,,,probabilistic,,,61,70.0,2a6050d7153c,uncommitted
r21_wire_pipeline_cross_die,H - physical / wire delay (LATENCY-CHANGING),genus,23.12-s086_1,orig,on,4.0,MET,0.0,,,3.276,retime_s1_71_reg/D,1169,156,156,62187.981278,,,,,,,,,117.91699999999999,37.916,44.7496,68.2927,4.875,,,probabilistic,,,35,44.0,2a6050d7153c,uncommitted
r21_wire_pipeline_cross_die,H - physical / wire delay (LATENCY-CHANGING),genus,23.12-s086_1,orig,on,5.0,MET,0.001,,,4.764,retime_s2_25_reg/D,1057,139,138,55430.5879605,,,,,,,,,80.87469999999999,24.404700000000002,31.405500000000004,45.9942,3.4749999999999996,,,probabilistic,,,25,34.0,2a6050d7153c,uncommitted
r21_wire_pipeline_cross_die,H - physical / wire delay (LATENCY-CHANGING),genus,23.12-s086_1,orig,on,6.5,MET,0.357,,,5.743,dout[63],976,155,155,54158.8139745,,,,,,,,,63.898300000000006,17.7005,25.874399999999998,35.0431,2.98077,,,probabilistic,,,22,31.0,2a6050d7153c,uncommitted
r21_wire_pipeline_cross_die,H - physical / wire delay (LATENCY-CHANGING),genus,23.12-s086_1,retimed,off,2.25,VIOLATED,-1.911,,,3.924,b_q_reg[46]/D,2139,192,0,101838.276264,,,,,,,,,253.152,93.1116,87.5677,154.918,10.666699999999999,,,probabilistic,,,57,66.0,2a6050d7153c,uncommitted
r21_wire_pipeline_cross_die,H - physical / wire delay (LATENCY-CHANGING),genus,23.12-s086_1,retimed,off,3.0,VIOLATED,-0.822,,,3.538,b_q_reg[47]/D,2303,192,0,110706.93712075,,,,,,,,,207.961,76.9872,68.6523,131.296,8.012500000000001,,,probabilistic,,,87,96.0,2a6050d7153c,uncommitted
r21_wire_pipeline_cross_die,H - physical / wire delay (LATENCY-CHANGING),genus,23.12-s086_1,retimed,off,4.0,MET,0.0,,,3.708,b_q_reg[61]/D,2080,192,0,100716.19681975001,,,,,,,,,137.59099999999998,48.982400000000005,47.1021,84.48899999999999,6.0,,,probabilistic,,,49,59.0,2a6050d7153c,uncommitted
r21_wire_pipeline_cross_die,H - physical / wire delay (LATENCY-CHANGING),genus,23.12-s086_1,retimed,off,5.0,MET,0.003,,,4.393,a_q_reg[47]/D,1291,192,0,68959.36107025,,,,,,,,,85.40090000000001,24.5066,36.5789,44.022,4.8,,,probabilistic,,,24,34.0,2a6050d7153c,uncommitted
r21_wire_pipeline_cross_die,H - physical / wire delay (LATENCY-CHANGING),genus,23.12-s086_1,retimed,off,6.5,MET,0.001,,,6.172,b_q_reg[26]/D,1122,192,0,61869.7316275,,,,,,,,,61.336099999999995,16.6943,27.7764,29.8674,3.69231,,,probabilistic,,,16,25.0,2a6050d7153c,uncommitted
r21_wire_pipeline_cross_die,H - physical / wire delay (LATENCY-CHANGING),innovus,23.12-s091_1,directive,,4.0,,,,,,,1265,156,156,,53604.415,0.015,49.846,0.71,3.902,0.028,5,0,107.22512637,35.97367375,,,16.86,35.73,54.64,probabilistic,,,87,105.0,,
r21_wire_pipeline_cross_die,H - physical / wire delay (LATENCY-CHANGING),openroad_syn,,directive,unsupported,2.25,VIOLATED,-6.8779,,,8.8631,,946,128,,,,,,,,,,,86.6955,19.529500000000002,,,,,,vectorless,,,1,1.0,2a6050d7153c,uncommitted
r21_wire_pipeline_cross_die,H - physical / wire delay (LATENCY-CHANGING),openroad_syn,,directive,unsupported,3.0,VIOLATED,-6.1279,,,8.8631,,946,128,,,,,,,,,,,65.0217,14.647200000000002,,,,,,vectorless,,,1,2.0,2a6050d7153c,uncommitted
r21_wire_pipeline_cross_die,H - physical / wire delay (LATENCY-CHANGING),openroad_syn,,directive,unsupported,4.0,VIOLATED,-5.1279,,,8.8631,,946,128,,,,,,,,,,,48.766200000000005,10.985399999999998,,,,,,vectorless,,,0,1.0,2a6050d7153c,uncommitted
r21_wire_pipeline_cross_die,H - physical / wire delay (LATENCY-CHANGING),openroad_syn,,directive,unsupported,5.0,VIOLATED,-4.1279,,,8.8631,,946,128,,,,,,,,,,,39.0131,8.78829,,,,,,vectorless,,,0,1.0,2a6050d7153c,uncommitted
r21_wire_pipeline_cross_die,H - physical / wire delay (LATENCY-CHANGING),openroad_syn,,directive,unsupported,6.5,VIOLATED,-2.6279,,,8.8631,,946,128,,,,,,,,,,,30.0101,6.76023,,,,,,vectorless,,,0,2.0,2a6050d7153c,uncommitted
r21_wire_pipeline_cross_die,H - physical / wire delay (LATENCY-CHANGING),openroad_syn,,orig,unsupported,2.25,VIOLATED,-6.8779,,,8.8631,,946,128,,,,,,,,,,,86.6955,19.529500000000002,,,,,,vectorless,,,0,1.0,2a6050d7153c,uncommitted
r21_wire_pipeline_cross_die,H - physical / wire delay (LATENCY-CHANGING),openroad_syn,,orig,unsupported,3.0,VIOLATED,-6.1279,,,8.8631,,946,128,,,,,,,,,,,65.0217,14.647200000000002,,,,,,vectorless,,,1,2.0,2a6050d7153c,uncommitted
r21_wire_pipeline_cross_die,H - physical / wire delay (LATENCY-CHANGING),openroad_syn,,orig,unsupported,4.0,VIOLATED,-5.1279,,,8.8631,,946,128,,,,,,,,,,,48.766200000000005,10.985399999999998,,,,,,vectorless,,,1,2.0,2a6050d7153c,uncommitted
r21_wire_pipeline_cross_die,H - physical / wire delay (LATENCY-CHANGING),openroad_syn,,orig,unsupported,5.0,VIOLATED,-4.1279,,,8.8631,,946,128,,,,,,,,,,,39.0131,8.78829,,,,,,vectorless,,,0,1.0,2a6050d7153c,uncommitted
r21_wire_pipeline_cross_die,H - physical / wire delay (LATENCY-CHANGING),openroad_syn,,orig,unsupported,6.5,VIOLATED,-2.6279,,,8.8631,,946,128,,,,,,,,,,,30.0101,6.76023,,,,,,vectorless,,,0,1.0,2a6050d7153c,uncommitted
r21_wire_pipeline_cross_die,H - physical / wire delay (LATENCY-CHANGING),openroad_syn,,retimed,unsupported,2.25,VIOLATED,-6.8925,,,8.871,,1074,192,,,,,,,,,,,98.31439999999999,15.0438,,,,,,vectorless,,,1,1.0,2a6050d7153c,uncommitted
r21_wire_pipeline_cross_die,H - physical / wire delay (LATENCY-CHANGING),openroad_syn,,retimed,unsupported,3.0,VIOLATED,-6.1425,,,8.871,,1074,192,,,,,,,,,,,73.7358,11.2828,,,,,,vectorless,,,0,1.0,2a6050d7153c,uncommitted
r21_wire_pipeline_cross_die,H - physical / wire delay (LATENCY-CHANGING),openroad_syn,,retimed,unsupported,4.0,VIOLATED,-5.1425,,,8.871,,1074,192,,,,,,,,,,,55.3019,8.46213,,,,,,vectorless,,,0,1.0,2a6050d7153c,uncommitted
r21_wire_pipeline_cross_die,H - physical / wire delay (LATENCY-CHANGING),openroad_syn,,retimed,unsupported,5.0,VIOLATED,-4.1425,,,8.871,,1074,192,,,,,,,,,,,44.2416,6.76971,,,,,,vectorless,,,0,2.0,2a6050d7153c,uncommitted
r21_wire_pipeline_cross_die,H - physical / wire delay (LATENCY-CHANGING),openroad_syn,,retimed,unsupported,6.5,VIOLATED,-2.6425,,,8.871,,1074,192,,,,,,,,,,,34.032,5.207459999999999,,,,,,vectorless,,,0,2.0,2a6050d7153c,uncommitted
r21_wire_pipeline_cross_die,H - physical / wire delay (LATENCY-CHANGING),vivado,2023.1,directive,on,4.55,VIOLATED,-3.247,-3.247,paths ending at a register (pad delay excluded),,,,,,,,,,,,,,,239.0,,,,,,,vectorless,271,128,30,41.0,,
r21_wire_pipeline_cross_die,H - physical / wire delay (LATENCY-CHANGING),vivado,2023.1,directive,on,5.6,VIOLATED,-3.257,-3.257,paths ending at a register (pad delay excluded),,,,,,,,,,,,,,,211.0,,,,,,,vectorless,271,128,32,41.0,,
r21_wire_pipeline_cross_die,H - physical / wire delay (LATENCY-CHANGING),vivado,2023.1,directive,on,7.0,VIOLATED,-2.225,-2.225,paths ending at a register (pad delay excluded),,,,,,,,,,,,,,,187.0,,,,,,,vectorless,271,128,32,41.0,,
r21_wire_pipeline_cross_die,H - physical / wire delay (LATENCY-CHANGING),vivado,2023.1,directive,on,8.4,VIOLATED,-0.647,-0.647,paths ending at a register (pad delay excluded),,,,,,,,,,,,,,,171.0,,,,,,,vectorless,271,128,32,41.0,,
r21_wire_pipeline_cross_die,H - physical / wire delay (LATENCY-CHANGING),vivado,2023.1,directive,on,10.5,MET,2.698,2.698,paths ending at a register (pad delay excluded),,,,,,,,,,,,,,,154.0,,,,,,,vectorless,271,128,28,37.0,,
r21_wire_pipeline_cross_die,H - physical / wire delay (LATENCY-CHANGING),vivado,2023.1,orig,off,4.55,VIOLATED,-3.247,-3.247,paths ending at a register (pad delay excluded),,,,,,,,,,,,,,,239.0,,,,,,,vectorless,271,128,30,38.0,,
r21_wire_pipeline_cross_die,H - physical / wire delay (LATENCY-CHANGING),vivado,2023.1,orig,off,5.6,VIOLATED,-3.257,-3.257,paths ending at a register (pad delay excluded),,,,,,,,,,,,,,,211.0,,,,,,,vectorless,271,128,30,39.0,,
r21_wire_pipeline_cross_die,H - physical / wire delay (LATENCY-CHANGING),vivado,2023.1,orig,off,7.0,VIOLATED,-2.225,-2.225,paths ending at a register (pad delay excluded),,,,,,,,,,,,,,,187.0,,,,,,,vectorless,271,128,30,39.0,,
r21_wire_pipeline_cross_die,H - physical / wire delay (LATENCY-CHANGING),vivado,2023.1,orig,off,8.4,VIOLATED,-0.647,-0.647,paths ending at a register (pad delay excluded),,,,,,,,,,,,,,,171.0,,,,,,,vectorless,271,128,35,99.0,,
r21_wire_pipeline_cross_die,H - physical / wire delay (LATENCY-CHANGING),vivado,2023.1,orig,off,10.5,MET,2.698,2.698,paths ending at a register (pad delay excluded),,,,,,,,,,,,,,,154.0,,,,,,,vectorless,271,128,32,96.0,,
r21_wire_pipeline_cross_die,H - physical / wire delay (LATENCY-CHANGING),vivado,2023.1,orig,on,4.55,VIOLATED,-3.247,-3.247,paths ending at a register (pad delay excluded),,,,,,,,,,,,,,,239.0,,,,,,,vectorless,271,128,31,41.0,,
r21_wire_pipeline_cross_die,H - physical / wire delay (LATENCY-CHANGING),vivado,2023.1,orig,on,5.6,VIOLATED,-3.257,-3.257,paths ending at a register (pad delay excluded),,,,,,,,,,,,,,,211.0,,,,,,,vectorless,271,128,31,43.0,,
r21_wire_pipeline_cross_die,H - physical / wire delay (LATENCY-CHANGING),vivado,2023.1,orig,on,7.0,VIOLATED,-2.225,-2.225,paths ending at a register (pad delay excluded),,,,,,,,,,,,,,,187.0,,,,,,,vectorless,271,128,31,43.0,,
r21_wire_pipeline_cross_die,H - physical / wire delay (LATENCY-CHANGING),vivado,2023.1,orig,on,8.4,VIOLATED,-0.647,-0.647,paths ending at a register (pad delay excluded),,,,,,,,,,,,,,,171.0,,,,,,,vectorless,271,128,31,43.0,,
r21_wire_pipeline_cross_die,H - physical / wire delay (LATENCY-CHANGING),vivado,2023.1,orig,on,10.5,MET,2.698,2.698,paths ending at a register (pad delay excluded),,,,,,,,,,,,,,,154.0,,,,,,,vectorless,271,128,28,37.0,,
r21_wire_pipeline_cross_die,H - physical / wire delay (LATENCY-CHANGING),vivado,2023.1,retimed,off,4.55,VIOLATED,-3.529,-3.529,paths ending at a register (pad delay excluded),,,,,,,,,,,,,,,241.0,,,,,,,vectorless,271,192,32,40.0,,
r21_wire_pipeline_cross_die,H - physical / wire delay (LATENCY-CHANGING),vivado,2023.1,retimed,off,5.6,VIOLATED,-2.252,-2.252,paths ending at a register (pad delay excluded),,,,,,,,,,,,,,,213.0,,,,,,,vectorless,271,192,32,41.0,,
r21_wire_pipeline_cross_die,H - physical / wire delay (LATENCY-CHANGING),vivado,2023.1,retimed,off,7.0,VIOLATED,-3.262,-3.262,paths ending at a register (pad delay excluded),,,,,,,,,,,,,,,188.0,,,,,,,vectorless,271,192,32,40.0,,
r21_wire_pipeline_cross_die,H - physical / wire delay (LATENCY-CHANGING),vivado,2023.1,retimed,off,8.4,VIOLATED,-0.343,-0.343,paths ending at a register (pad delay excluded),,,,,,,,,,,,,,,172.0,,,,,,,vectorless,271,192,32,40.0,,
r21_wire_pipeline_cross_die,H - physical / wire delay (LATENCY-CHANGING),vivado,2023.1,retimed,off,10.5,MET,2.233,2.233,paths ending at a register (pad delay excluded),,,,,,,,,,,,,,,155.0,,,,,,,vectorless,271,192,29,37.0,,
r21_wire_pipeline_cross_die,H - physical / wire delay (LATENCY-CHANGING),yosys,0.58,directive,off,5.0,VIOLATED,-2.4102,,,7.1205,_1826_,1207,128,,29601.3312,,,,,,,,,45.1,11.1,,,,,,vectorless,,,1.0,2.0,2a6050d7153c,uncommitted
r21_wire_pipeline_cross_die,H - physical / wire delay (LATENCY-CHANGING),yosys,0.58,directive,on,2.25,VIOLATED,-2.5499,,,4.4901,_2681_,1335,128,,36880.3008,,,,,,,,,100.0,30.099999999999998,,,,,,vectorless,,,1.0,2.0,2a6050d7153c,uncommitted
r21_wire_pipeline_cross_die,H - physical / wire delay (LATENCY-CHANGING),yosys,0.58,directive,on,3.0,VIOLATED,-1.7999,,,4.4901,_2681_,1335,128,,36880.3008,,,,,,,,,75.30000000000001,22.599999999999998,,,,,,vectorless,,,1.0,2.0,2a6050d7153c,uncommitted
r21_wire_pipeline_cross_die,H - physical / wire delay (LATENCY-CHANGING),yosys,0.58,directive,on,4.0,VIOLATED,-0.7999,,,4.4901,_2681_,1335,128,,36880.3008,,,,,,,,,56.4,16.9,,,,,,vectorless,,,1.0,2.0,2a6050d7153c,uncommitted
r21_wire_pipeline_cross_die,H - physical / wire delay (LATENCY-CHANGING),yosys,0.58,directive,on,5.0,MET,0.2001,,,4.4901,_2681_,1335,128,,36880.3008,,,,,,,,,45.199999999999996,13.6,,,,,,vectorless,,,1.0,2.0,2a6050d7153c,uncommitted
r21_wire_pipeline_cross_die,H - physical / wire delay (LATENCY-CHANGING),yosys,0.58,directive,on,6.5,MET,1.7001,,,4.4901,_2681_,1335,128,,36880.3008,,,,,,,,,34.7,10.4,,,,,,vectorless,,,1.0,2.0,2a6050d7153c,uncommitted
r21_wire_pipeline_cross_die,H - physical / wire delay (LATENCY-CHANGING),yosys,0.58,orig,off,2.25,VIOLATED,-5.1602,,,7.1205,_1826_,1207,128,,29601.3312,,,,,,,,,100.0,24.7,,,,,,vectorless,,,1.0,2.0,2a6050d7153c,uncommitted
r21_wire_pipeline_cross_die,H - physical / wire delay (LATENCY-CHANGING),yosys,0.58,orig,off,3.0,VIOLATED,-4.4102,,,7.1205,_1826_,1207,128,,29601.3312,,,,,,,,,75.2,18.5,,,,,,vectorless,,,2.0,3.0,2a6050d7153c,uncommitted
r21_wire_pipeline_cross_die,H - physical / wire delay (LATENCY-CHANGING),yosys,0.58,orig,off,4.0,VIOLATED,-3.4102,,,7.1205,_1826_,1207,128,,29601.3312,,,,,,,,,56.4,13.899999999999999,,,,,,vectorless,,,2.0,3.0,2a6050d7153c,uncommitted
r21_wire_pipeline_cross_die,H - physical / wire delay (LATENCY-CHANGING),yosys,0.58,orig,off,5.0,VIOLATED,-2.4102,,,7.1205,_1826_,1207,128,,29601.3312,,,,,,,,,45.1,11.1,,,,,,vectorless,,,1.0,2.0,2a6050d7153c,uncommitted
r21_wire_pipeline_cross_die,H - physical / wire delay (LATENCY-CHANGING),yosys,0.58,orig,off,6.5,VIOLATED,-0.9102,,,7.1205,_1826_,1207,128,,29601.3312,,,,,,,,,34.7,8.540000000000001,,,,,,vectorless,,,2.0,3.0,2a6050d7153c,uncommitted
r21_wire_pipeline_cross_die,H - physical / wire delay (LATENCY-CHANGING),yosys,0.58,orig,on,2.25,VIOLATED,-2.5499,,,4.4901,_2681_,1335,128,,36880.3008,,,,,,,,,100.0,30.099999999999998,,,,,,vectorless,,,1.0,2.0,2a6050d7153c,uncommitted
r21_wire_pipeline_cross_die,H - physical / wire delay (LATENCY-CHANGING),yosys,0.58,orig,on,3.0,VIOLATED,-1.7999,,,4.4901,_2681_,1335,128,,36880.3008,,,,,,,,,75.30000000000001,22.599999999999998,,,,,,vectorless,,,1.0,2.0,2a6050d7153c,uncommitted
r21_wire_pipeline_cross_die,H - physical / wire delay (LATENCY-CHANGING),yosys,0.58,orig,on,4.0,VIOLATED,-0.7999,,,4.4901,_2681_,1335,128,,36880.3008,,,,,,,,,56.4,16.9,,,,,,vectorless,,,1.0,2.0,2a6050d7153c,uncommitted
r21_wire_pipeline_cross_die,H - physical / wire delay (LATENCY-CHANGING),yosys,0.58,orig,on,5.0,MET,0.2001,,,4.4901,_2681_,1335,128,,36880.3008,,,,,,,,,45.199999999999996,13.6,,,,,,vectorless,,,1.0,2.0,2a6050d7153c,uncommitted
r21_wire_pipeline_cross_die,H - physical / wire delay (LATENCY-CHANGING),yosys,0.58,orig,on,6.5,MET,1.7001,,,4.4901,_2681_,1335,128,,36880.3008,,,,,,,,,34.7,10.4,,,,,,vectorless,,,2.0,3.0,2a6050d7153c,uncommitted
r21_wire_pipeline_cross_die,H - physical / wire delay (LATENCY-CHANGING),yosys,0.58,retimed,off,2.25,VIOLATED,-5.1451,,,7.1033,_1954_,1271,192,,36104.1408,,,,,,,,,107.0,18.3,,,,,,vectorless,,,2.0,3.0,2a6050d7153c,uncommitted
r21_wire_pipeline_cross_die,H - physical / wire delay (LATENCY-CHANGING),yosys,0.58,retimed,off,3.0,VIOLATED,-4.3951,,,7.1033,_1954_,1271,192,,36104.1408,,,,,,,,,80.60000000000001,13.799999999999999,,,,,,vectorless,,,2.0,3.0,2a6050d7153c,uncommitted
r21_wire_pipeline_cross_die,H - physical / wire delay (LATENCY-CHANGING),yosys,0.58,retimed,off,4.0,VIOLATED,-3.3951,,,7.1033,_1954_,1271,192,,36104.1408,,,,,,,,,60.400000000000006,10.3,,,,,,vectorless,,,2.0,3.0,2a6050d7153c,uncommitted
r21_wire_pipeline_cross_die,H - physical / wire delay (LATENCY-CHANGING),yosys,0.58,retimed,off,5.0,VIOLATED,-2.3951,,,7.1033,_1954_,1271,192,,36104.1408,,,,,,,,,48.4,8.25,,,,,,vectorless,,,2.0,3.0,2a6050d7153c,uncommitted
r21_wire_pipeline_cross_die,H - physical / wire delay (LATENCY-CHANGING),yosys,0.58,retimed,off,6.5,VIOLATED,-0.8951,,,7.1033,_1954_,1271,192,,36104.1408,,,,,,,,,37.199999999999996,6.35,,,,,,vectorless,,,1.0,2.0,2a6050d7153c,uncommitted
r21_wire_pipeline_cross_die,H - physical / wire delay (LATENCY-CHANGING),yosys,0.58,retimed,on,5.0,MET,0.1811,,,4.5074,_2825_,1463,192,,43594.7904,,,,,,,,,49.4,10.7,,,,,,vectorless,,,2.0,3.0,2a6050d7153c,uncommitted
r22_fanout_wire_load,H - physical / fanout wire load,genus,23.12-s086_1,orig,off,3.28,VIOLATED,-1.211,,,4.253,lane_q_reg[141]/D,14804,1050,0,706189.5330645,,,,,,,,,1336.04,494.736,370.07,965.9680000000001,0.0,,,probabilistic,,,311,323.0,23abe7781c8f,uncommitted
r22_fanout_wire_load,H - physical / fanout wire load,genus,23.12-s086_1,orig,off,4.1,VIOLATED,-0.386,,,3.874,lane_q_reg[773]/SI,13133,1050,0,659696.8715045,,,,,,,,,1008.2299999999999,348.229,300.212,708.019,0.0,,,probabilistic,,,297,308.0,23abe7781c8f,uncommitted
r22_fanout_wire_load,H - physical / fanout wire load,genus,23.12-s086_1,orig,off,5.12,MET,0.0,,,4.508,lane_q_reg[953]/SI,8520,1050,0,496005.78108275,,,,,,,,,651.4219999999999,161.10399999999998,227.00799999999998,424.414,0.0,,,probabilistic,,,170,181.0,23abe7781c8f,uncommitted
r22_fanout_wire_load,H - physical / fanout wire load,genus,23.12-s086_1,orig,off,6.4,MET,0.007,,,6.003,lane_q_reg[120]/D,8045,1050,0,474064.809931,,,,,,,,,519.5699999999999,111.937,168.139,351.432,0.0,,,probabilistic,,,152,162.0,23abe7781c8f,uncommitted
r22_fanout_wire_load,H - physical / fanout wire load,genus,23.12-s086_1,orig,off,8.0,MET,0.053,,,7.708,lane_q_reg[477]/D,7991,1050,0,473132.66758799995,,,,,,,,,419.498,89.9273,134.646,284.851,0.0,,,probabilistic,,,149,160.0,23abe7781c8f,uncommitted
r22_fanout_wire_load,H - physical / fanout wire load,genus,23.12-s086_1,retimed,off,3.28,VIOLATED,-1.058,,,4.054,lane_q_reg[341]/D,16195,1114,0,764549.3449305,,,,,,,,,1405.68,531.4100000000001,379.51800000000003,1026.1599999999999,0.0,,,probabilistic,,,329,342.0,23abe7781c8f,uncommitted
r22_fanout_wire_load,H - physical / fanout wire load,genus,23.12-s086_1,retimed,off,4.1,VIOLATED,-0.23,,,3.72,lane_q_reg[461]/SI,12801,1114,0,660834.81265775,,,,,,,,,990.115,328.582,310.479,679.636,0.0,,,probabilistic,,,274,285.0,23abe7781c8f,uncommitted
r22_fanout_wire_load,H - physical / fanout wire load,genus,23.12-s086_1,retimed,off,5.12,MET,0.0,,,4.508,lane_q_reg[325]/SI,8569,1114,0,508714.0931585,,,,,,,,,629.3349999999999,152.90300000000002,235.13400000000001,394.201,0.0,,,probabilistic,,,167,179.0,23abe7781c8f,uncommitted
r22_fanout_wire_load,H - physical / fanout wire load,genus,23.12-s086_1,retimed,off,6.4,MET,0.001,,,6.163,lane_q_reg[89]/D,8270,1114,0,503920.0467905,,,,,,,,,496.075,108.434,174.253,321.822,0.0,,,probabilistic,,,159,171.0,23abe7781c8f,uncommitted
r22_fanout_wire_load,H - physical / fanout wire load,genus,23.12-s086_1,retimed,off,8.0,MET,0.074,,,7.636,lane_q_reg[605]/D,8498,1114,0,508211.00811824994,,,,,,,,,413.594,90.2263,139.39399999999998,274.199,0.0,,,probabilistic,,,156,168.0,23abe7781c8f,uncommitted
r22_fanout_wire_load,H - physical / fanout wire load,innovus,23.12-s091_1,orig,,5.12,,,,,,,10943,1050,0,,1401251.83,-0.288,44.003,1.64,5.441,0.091,5,0,899.12794284,391.69475479,,,52.03,208.0,639.1,probabilistic,,,343,364.0,,
r22_fanout_wire_load,H - physical / fanout wire load,innovus,23.12-s091_1,orig,,8.0,,,,,,,8036,1050,0,,1032085.3,0.016,35.592,2.8,7.803,0.225,,,488.83012468,179.27145578,,,31.31,126.3,331.3,probabilistic,,,154,174.0,,
r22_fanout_wire_load,H - physical / fanout wire load,innovus,23.12-s091_1,orig,,8.0,,,,,,,8044,1050,0,,919116.855,0.025,35.523,1.45,8.039,0.118,,,483.73153065,173.69626138,,,31.24,125.5,327.0,probabilistic,,,155,176.0,,
r22_fanout_wire_load,H - physical / fanout wire load,innovus,23.12-s091_1,retimed,,8.0,,,,,,,8540,1114,0,,1102543.515,0.036,35.565,4.61,7.785,0.376,,,499.97993993,187.89505588,,,32.58,134.1,333.3,probabilistic,,,165,186.0,,
r22_fanout_wire_load,H - physical / fanout wire load,innovus,23.12-s091_1,retimed,,8.0,,,,,,,8555,1114,0,,1100940.09,0.012,35.434,4.09,7.893,0.337,,,499.79910879,191.0415868,,,32.69,133.8,333.3,probabilistic,,,178,200.0,,
r22_fanout_wire_load,H - physical / fanout wire load,openroad_syn,,directive,unsupported,3.6,VIOLATED,-51.4699,,,53.624,,10092,1050,,,,,,,,,,,911.3710000000001,147.592,,,,,,vectorless,,,10,13.0,23abe7781c8f,uncommitted
r22_fanout_wire_load,H - physical / fanout wire load,openroad_syn,,directive,unsupported,4.8,VIOLATED,-50.2699,,,53.624,,10092,1050,,,,,,,,,,,691.132,112.988,,,,,,vectorless,,,10,13.0,23abe7781c8f,uncommitted
r22_fanout_wire_load,H - physical / fanout wire load,openroad_syn,,directive,unsupported,6.4,VIOLATED,-48.6699,,,53.624,,10092,1050,,,,,,,,,,,524.62,86.69300000000001,,,,,,vectorless,,,10,13.0,23abe7781c8f,uncommitted
r22_fanout_wire_load,H - physical / fanout wire load,openroad_syn,,directive,unsupported,8.0,VIOLATED,-47.0699,,,53.624,,10092,1050,,,,,,,,,,,423.21799999999996,70.42420000000001,,,,,,vectorless,,,11,13.0,23abe7781c8f,uncommitted
r22_fanout_wire_load,H - physical / fanout wire load,openroad_syn,,directive,unsupported,10.4,VIOLATED,-44.6699,,,53.624,,10092,1050,,,,,,,,,,,327.892,54.8655,,,,,,vectorless,,,10,13.0,23abe7781c8f,uncommitted
r22_fanout_wire_load,H - physical / fanout wire load,openroad_syn,,orig,unsupported,3.6,VIOLATED,-51.4699,,,53.624,,10092,1050,,,,,,,,,,,911.3710000000001,147.592,,,,,,vectorless,,,10,13.0,23abe7781c8f,uncommitted
r22_fanout_wire_load,H - physical / fanout wire load,openroad_syn,,orig,unsupported,4.8,VIOLATED,-50.2699,,,53.624,,10092,1050,,,,,,,,,,,691.132,112.988,,,,,,vectorless,,,11,13.0,23abe7781c8f,uncommitted
r22_fanout_wire_load,H - physical / fanout wire load,openroad_syn,,orig,unsupported,6.4,VIOLATED,-48.6699,,,53.624,,10092,1050,,,,,,,,,,,524.62,86.69300000000001,,,,,,vectorless,,,10,13.0,23abe7781c8f,uncommitted
r22_fanout_wire_load,H - physical / fanout wire load,openroad_syn,,orig,unsupported,8.0,VIOLATED,-47.0699,,,53.624,,10092,1050,,,,,,,,,,,423.21799999999996,70.42420000000001,,,,,,vectorless,,,10,13.0,23abe7781c8f,uncommitted
r22_fanout_wire_load,H - physical / fanout wire load,openroad_syn,,orig,unsupported,10.4,VIOLATED,-44.6699,,,53.624,,10092,1050,,,,,,,,,,,327.892,54.8655,,,,,,vectorless,,,11,13.0,23abe7781c8f,uncommitted
r22_fanout_wire_load,H - physical / fanout wire load,openroad_syn,,retimed,unsupported,3.6,VIOLATED,-57.5277,,,58.8732,,32042,1114,,,,,,,,,,,1734.38,260.357,,,,,,vectorless,,,19,27.0,23abe7781c8f,uncommitted
r22_fanout_wire_load,H - physical / fanout wire load,openroad_syn,,retimed,unsupported,4.8,VIOLATED,-56.3277,,,58.8732,,32042,1114,,,,,,,,,,,1434.71,208.327,,,,,,vectorless,,,19,27.0,23abe7781c8f,uncommitted
r22_fanout_wire_load,H - physical / fanout wire load,openroad_syn,,retimed,unsupported,6.4,VIOLATED,-54.7277,,,58.8732,,32042,1114,,,,,,,,,,,1173.35,166.086,,,,,,vectorless,,,18,26.0,23abe7781c8f,uncommitted
r22_fanout_wire_load,H - physical / fanout wire load,openroad_syn,,retimed,unsupported,8.0,VIOLATED,-53.1277,,,58.8732,,32042,1114,,,,,,,,,,,943.272,134.136,,,,,,vectorless,,,19,26.0,23abe7781c8f,uncommitted
r22_fanout_wire_load,H - physical / fanout wire load,openroad_syn,,retimed,unsupported,10.4,VIOLATED,-50.7277,,,58.8732,,32042,1114,,,,,,,,,,,729.121,104.12299999999999,,,,,,vectorless,,,18,26.0,23abe7781c8f,uncommitted
r22_fanout_wire_load,H - physical / fanout wire load,vivado,2023.1,directive,on,6.5,VIOLATED,-2.394,-2.394,paths ending at a register (pad delay excluded),,,,,,,,,,,,,,,300.0,,,,,,,vectorless,8142,4140,66,79.0,,
r22_fanout_wire_load,H - physical / fanout wire load,vivado,2023.1,directive,on,8.0,VIOLATED,-0.747,-0.747,paths ending at a register (pad delay excluded),,,,,,,,,,,,,,,255.0,,,,,,,vectorless,8142,4140,76,86.0,,
r22_fanout_wire_load,H - physical / fanout wire load,vivado,2023.1,directive,on,10.0,MET,0.934,0.934,paths ending at a register (pad delay excluded),,,,,,,,,,,,,,,223.0,,,,,,,vectorless,8142,4140,62,73.0,,
r22_fanout_wire_load,H - physical / fanout wire load,vivado,2023.1,directive,on,12.0,MET,1.381,1.381,paths ending at a register (pad delay excluded),,,,,,,,,,,,,,,200.0,,,,,,,vectorless,8142,4140,63,75.0,,
r22_fanout_wire_load,H - physical / fanout wire load,vivado,2023.1,directive,on,15.0,MET,2.929,2.929,paths ending at a register (pad delay excluded),,,,,,,,,,,,,,,178.0,,,,,,,vectorless,8142,4140,62,75.0,,
r22_fanout_wire_load,H - physical / fanout wire load,vivado,2023.1,orig,off,6.5,VIOLATED,-2.034,-2.034,paths ending at a register (pad delay excluded),,,,,,,,,,,,,,,267.0,,,,,,,vectorless,8148,1063,66,76.0,,
r22_fanout_wire_load,H - physical / fanout wire load,vivado,2023.1,orig,off,8.0,MET,0.026,0.026,paths ending at a register (pad delay excluded),,,,,,,,,,,,,,,220.0,,,,,,,vectorless,8148,1063,54,66.0,,
r22_fanout_wire_load,H - physical / fanout wire load,vivado,2023.1,orig,off,10.0,MET,0.985,0.985,paths ending at a register (pad delay excluded),,,,,,,,,,,,,,,193.0,,,,,,,vectorless,8148,1063,53,67.0,,
r22_fanout_wire_load,H - physical / fanout wire load,vivado,2023.1,orig,off,12.0,MET,0.94,0.94,paths ending at a register (pad delay excluded),,,,,,,,,,,,,,,176.0,,,,,,,vectorless,8148,1063,49,60.0,,
r22_fanout_wire_load,H - physical / fanout wire load,vivado,2023.1,orig,off,15.0,MET,2.774,2.774,paths ending at a register (pad delay excluded),,,,,,,,,,,,,,,159.0,,,,,,,vectorless,8148,1063,47,57.0,,
r22_fanout_wire_load,H - physical / fanout wire load,vivado,2023.1,orig,on,6.5,VIOLATED,-1.769,-1.769,paths ending at a register (pad delay excluded),,,,,,,,,,,,,,,296.0,,,,,,,vectorless,8142,4138,66,74.0,,
r22_fanout_wire_load,H - physical / fanout wire load,vivado,2023.1,orig,on,8.0,VIOLATED,-1.029,-1.029,paths ending at a register (pad delay excluded),,,,,,,,,,,,,,,254.0,,,,,,,vectorless,8142,4138,78,90.0,,
r22_fanout_wire_load,H - physical / fanout wire load,vivado,2023.1,orig,on,10.0,MET,0.859,0.859,paths ending at a register (pad delay excluded),,,,,,,,,,,,,,,222.0,,,,,,,vectorless,8142,4138,70,81.0,,
r22_fanout_wire_load,H - physical / fanout wire load,vivado,2023.1,orig,on,12.0,MET,1.969,1.969,paths ending at a register (pad delay excluded),,,,,,,,,,,,,,,200.0,,,,,,,vectorless,8142,4138,69,81.0,,
r22_fanout_wire_load,H - physical / fanout wire load,vivado,2023.1,orig,on,15.0,MET,1.724,1.724,paths ending at a register (pad delay excluded),,,,,,,,,,,,,,,178.0,,,,,,,vectorless,8142,4138,66,75.0,,
r22_fanout_wire_load,H - physical / fanout wire load,vivado,2023.1,retimed,off,6.5,VIOLATED,-1.613,-1.613,paths ending at a register (pad delay excluded),,,,,,,,,,,,,,,266.0,,,,,,,vectorless,8142,1151,60,70.0,,
r22_fanout_wire_load,H - physical / fanout wire load,vivado,2023.1,retimed,off,8.0,VIOLATED,-0.517,-0.517,paths ending at a register (pad delay excluded),,,,,,,,,,,,,,,227.0,,,,,,,vectorless,8142,1151,63,75.0,,
r22_fanout_wire_load,H - physical / fanout wire load,vivado,2023.1,retimed,off,10.0,MET,0.768,0.768,paths ending at a register (pad delay excluded),,,,,,,,,,,,,,,198.0,,,,,,,vectorless,8142,1151,49,58.0,,
r22_fanout_wire_load,H - physical / fanout wire load,vivado,2023.1,retimed,off,12.0,MET,0.898,0.898,paths ending at a register (pad delay excluded),,,,,,,,,,,,,,,178.0,,,,,,,vectorless,8142,1151,52,62.0,,
r22_fanout_wire_load,H - physical / fanout wire load,vivado,2023.1,retimed,off,15.0,MET,1.376,1.376,paths ending at a register (pad delay excluded),,,,,,,,,,,,,,,161.0,,,,,,,vectorless,8142,1151,52,64.0,,
r22_fanout_wire_load,H - physical / fanout wire load,yosys,0.58,directive,off,8.0,VIOLATED,-53.8512,,,61.5144,_14778_,19127,1050,,280162.7136,,,,,,,,,430.0,65.60000000000001,,,,,,vectorless,,,24.0,26.0,23abe7781c8f,uncommitted
r22_fanout_wire_load,H - physical / fanout wire load,yosys,0.58,directive,on,3.6,VIOLATED,-17.8232,,,20.4924,_26464_,20177,1050,,325151.7696,,,,,,,,,697.0,167.0,,,,,,vectorless,,,27.0,30.0,23abe7781c8f,uncommitted
r22_fanout_wire_load,H - physical / fanout wire load,yosys,0.58,directive,on,4.8,VIOLATED,-16.6232,,,20.4924,_26464_,20177,1050,,325151.7696,,,,,,,,,529.0,128.0,,,,,,vectorless,,,26.0,28.0,23abe7781c8f,uncommitted
r22_fanout_wire_load,H - physical / fanout wire load,yosys,0.58,directive,on,6.4,VIOLATED,-15.0232,,,20.4924,_26464_,20177,1050,,325151.7696,,,,,,,,,397.0,95.9,,,,,,vectorless,,,27.0,29.0,23abe7781c8f,uncommitted
r22_fanout_wire_load,H - physical / fanout wire load,yosys,0.58,directive,on,8.0,VIOLATED,-13.4232,,,20.4924,_26464_,20177,1050,,325151.7696,,,,,,,,,317.0,76.7,,,,,,vectorless,,,27.0,29.0,23abe7781c8f,uncommitted
r22_fanout_wire_load,H - physical / fanout wire load,yosys,0.58,directive,on,10.4,VIOLATED,-11.0232,,,20.4924,_26464_,20177,1050,,325151.7696,,,,,,,,,244.0,59.0,,,,,,vectorless,,,27.0,29.0,23abe7781c8f,uncommitted
r22_fanout_wire_load,H - physical / fanout wire load,yosys,0.58,orig,off,3.6,VIOLATED,-58.2512,,,61.5144,_14778_,19127,1050,,280162.7136,,,,,,,,,925.0,137.0,,,,,,vectorless,,,21.0,23.0,23abe7781c8f,uncommitted
r22_fanout_wire_load,H - physical / fanout wire load,yosys,0.58,orig,off,4.8,VIOLATED,-57.0512,,,61.5144,_14778_,19127,1050,,280162.7136,,,,,,,,,702.0,105.0,,,,,,vectorless,,,21.0,23.0,23abe7781c8f,uncommitted
r22_fanout_wire_load,H - physical / fanout wire load,yosys,0.58,orig,off,6.4,VIOLATED,-55.4512,,,61.5144,_14778_,19127,1050,,280162.7136,,,,,,,,,533.0,80.9,,,,,,vectorless,,,21.0,23.0,23abe7781c8f,uncommitted
r22_fanout_wire_load,H - physical / fanout wire load,yosys,0.58,orig,off,8.0,VIOLATED,-53.8512,,,61.5144,_14778_,19127,1050,,280162.7136,,,,,,,,,430.0,65.60000000000001,,,,,,vectorless,,,21.0,23.0,23abe7781c8f,uncommitted
r22_fanout_wire_load,H - physical / fanout wire load,yosys,0.58,orig,off,10.4,VIOLATED,-51.4512,,,61.5144,_14778_,19127,1050,,280162.7136,,,,,,,,,332.0,51.1,,,,,,vectorless,,,20.0,23.0,23abe7781c8f,uncommitted
r22_fanout_wire_load,H - physical / fanout wire load,yosys,0.58,orig,on,3.6,VIOLATED,-17.8232,,,20.4924,_26464_,20177,1050,,325151.7696,,,,,,,,,697.0,167.0,,,,,,vectorless,,,28.0,30.0,23abe7781c8f,uncommitted
r22_fanout_wire_load,H - physical / fanout wire load,yosys,0.58,orig,on,4.8,VIOLATED,-16.6232,,,20.4924,_26464_,20177,1050,,325151.7696,,,,,,,,,529.0,128.0,,,,,,vectorless,,,30.0,32.0,23abe7781c8f,uncommitted
r22_fanout_wire_load,H - physical / fanout wire load,yosys,0.58,orig,on,6.4,VIOLATED,-15.0232,,,20.4924,_26464_,20177,1050,,325151.7696,,,,,,,,,397.0,95.9,,,,,,vectorless,,,27.0,29.0,23abe7781c8f,uncommitted
r22_fanout_wire_load,H - physical / fanout wire load,yosys,0.58,orig,on,8.0,VIOLATED,-13.4232,,,20.4924,_26464_,20177,1050,,325151.7696,,,,,,,,,317.0,76.7,,,,,,vectorless,,,27.0,29.0,23abe7781c8f,uncommitted
r22_fanout_wire_load,H - physical / fanout wire load,yosys,0.58,orig,on,10.4,VIOLATED,-11.0232,,,20.4924,_26464_,20177,1050,,325151.7696,,,,,,,,,244.0,59.0,,,,,,vectorless,,,27.0,30.0,23abe7781c8f,uncommitted
r22_fanout_wire_load,H - physical / fanout wire load,yosys,0.58,retimed,off,3.6,VIOLATED,-58.2512,,,61.5144,_14778_,19127,1050,,280162.7136,,,,,,,,,925.0,137.0,,,,,,vectorless,,,21.0,23.0,23abe7781c8f,uncommitted
r22_fanout_wire_load,H - physical / fanout wire load,yosys,0.58,retimed,off,4.8,VIOLATED,-57.0512,,,61.5144,_14778_,19127,1050,,280162.7136,,,,,,,,,702.0,105.0,,,,,,vectorless,,,21.0,23.0,23abe7781c8f,uncommitted
r22_fanout_wire_load,H - physical / fanout wire load,yosys,0.58,retimed,off,6.4,VIOLATED,-55.4512,,,61.5144,_14778_,19127,1050,,280162.7136,,,,,,,,,533.0,80.9,,,,,,vectorless,,,21.0,23.0,23abe7781c8f,uncommitted
r22_fanout_wire_load,H - physical / fanout wire load,yosys,0.58,retimed,off,8.0,VIOLATED,-53.8512,,,61.5144,_14778_,19127,1050,,280162.7136,,,,,,,,,430.0,65.60000000000001,,,,,,vectorless,,,22.0,25.0,23abe7781c8f,uncommitted
r22_fanout_wire_load,H - physical / fanout wire load,yosys,0.58,retimed,off,10.4,VIOLATED,-51.4512,,,61.5144,_14778_,19127,1050,,280162.7136,,,,,,,,,332.0,51.1,,,,,,vectorless,,,22.0,25.0,23abe7781c8f,uncommitted
r22_fanout_wire_load,H - physical / fanout wire load,yosys,0.58,retimed,on,8.0,VIOLATED,-13.4232,,,20.4924,_26464_,20177,1050,,325151.7696,,,,,,,,,317.0,76.7,,,,,,vectorless,,,32.0,35.0,23abe7781c8f,uncommitted
r24_loop_bound_control,I - negative control,genus,23.12-s086_1,directive,off,2.7,VIOLATED,-4.908,,,7.365,retime_s8_6_reg/D,930,26,26,41520.67242725,,,,,,,,,190.559,94.6552,17.7632,171.59199999999998,1.2037,,,probabilistic,,,98,106.0,a876e15febe3,uncommitted
r24_loop_bound_control,I - negative control,genus,23.12-s086_1,directive,off,3.6,VIOLATED,-4.16,,,7.484,retime_s3_1_reg/D,932,26,26,41377.175821,,,,,,,,,142.536,69.88550000000001,13.0305,128.603,0.902778,,,probabilistic,,,95,103.0,a876e15febe3,uncommitted
r24_loop_bound_control,I - negative control,genus,23.12-s086_1,directive,off,4.8,VIOLATED,-2.953,,,7.156,retime_s3_1_reg/D,910,26,26,40708.87972625,,,,,,,,,105.339,51.7321,10.3911,94.26950000000001,0.678646,,,probabilistic,,,86,96.0,a876e15febe3,uncommitted
r24_loop_bound_control,I - negative control,genus,23.12-s086_1,directive,off,6.0,VIOLATED,-1.576,,,7.293,retime_s3_1_reg/D,951,22,22,42634.83069425,,,,,,,,,89.5131,44.698,7.46636,81.58840000000001,0.458333,,,probabilistic,,,114,123.0,a876e15febe3,uncommitted
r24_loop_bound_control,I - negative control,genus,23.12-s086_1,directive,off,7.8,VIOLATED,-0.079,,,7.635,retime_s5_14_reg/D,941,22,22,41928.59731575,,,,,,,,,67.7657,33.444,5.62438,61.7887,0.352564,,,probabilistic,,,102,112.0,a876e15febe3,uncommitted
r24_loop_bound_control,I - negative control,genus,23.12-s086_1,orig,off,2.7,VIOLATED,-5.604,,,8.018,acc_q_reg[15]/D,853,16,0,37103.276935500005,,,,,,,,,173.56,87.57679999999999,11.1504,161.669,0.740741,,,probabilistic,,,75,83.0,a876e15febe3,uncommitted
r24_loop_bound_control,I - negative control,genus,23.12-s086_1,orig,off,3.6,VIOLATED,-4.813,,,8.104,acc_q_reg[14]/D,834,16,0,37098.4495435,,,,,,,,,132.72500000000002,66.4453,7.984939999999999,124.184,0.555556,,,probabilistic,,,62,71.0,a876e15febe3,uncommitted
r24_loop_bound_control,I - negative control,genus,23.12-s086_1,orig,off,4.8,VIOLATED,-3.488,,,8.004,acc_q_reg[15]/D,838,16,0,36799.5522435,,,,,,,,,97.3853,48.977,6.36604,90.60260000000001,0.416667,,,probabilistic,,,82,91.0,a876e15febe3,uncommitted
r24_loop_bound_control,I - negative control,genus,23.12-s086_1,orig,off,6.0,VIOLATED,-2.147,,,7.863,acc_q_reg[13]/D,902,16,0,39903.1697585,,,,,,,,,84.8707,42.741,5.27444,79.263,0.333333,,,probabilistic,,,90,99.0,a876e15febe3,uncommitted
r24_loop_bound_control,I - negative control,genus,23.12-s086_1,orig,off,7.8,VIOLATED,-0.355,,,7.87,acc_q_reg[15]/D,923,16,0,40490.30884,,,,,,,,,65.9781,33.4836,3.96333,61.758399999999995,0.25640999999999997,,,probabilistic,,,108,116.0,a876e15febe3,uncommitted
r24_loop_bound_control,I - negative control,genus,23.12-s086_1,orig,on,2.7,VIOLATED,-4.908,,,7.365,retime_s8_6_reg/D,930,26,26,41520.67242725,,,,,,,,,190.559,94.6552,17.7632,171.59199999999998,1.2037,,,probabilistic,,,98,106.0,a876e15febe3,uncommitted
r24_loop_bound_control,I - negative control,genus,23.12-s086_1,orig,on,3.6,VIOLATED,-4.16,,,7.484,retime_s3_1_reg/D,932,26,26,41377.175821,,,,,,,,,142.536,69.88550000000001,13.0305,128.603,0.902778,,,probabilistic,,,95,103.0,a876e15febe3,uncommitted
r24_loop_bound_control,I - negative control,genus,23.12-s086_1,orig,on,4.8,VIOLATED,-2.953,,,7.156,retime_s3_1_reg/D,910,26,26,40708.87972625,,,,,,,,,105.339,51.7321,10.3911,94.26950000000001,0.678646,,,probabilistic,,,86,94.0,a876e15febe3,uncommitted
r24_loop_bound_control,I - negative control,genus,23.12-s086_1,orig,on,6.0,VIOLATED,-1.576,,,7.293,retime_s3_1_reg/D,951,22,22,42634.83069425,,,,,,,,,89.5131,44.698,7.46636,81.58840000000001,0.458333,,,probabilistic,,,114,122.0,a876e15febe3,uncommitted
r24_loop_bound_control,I - negative control,genus,23.12-s086_1,orig,on,7.8,VIOLATED,-0.079,,,7.635,retime_s5_14_reg/D,941,22,22,41928.59731575,,,,,,,,,67.7657,33.444,5.62438,61.7887,0.352564,,,probabilistic,,,102,111.0,a876e15febe3,uncommitted
r24_loop_bound_control,I - negative control,genus,23.12-s086_1,retimed,off,2.7,VIOLATED,-5.604,,,8.018,acc_q_reg[15]/D,853,16,0,37103.276935500005,,,,,,,,,173.56,87.57679999999999,11.1504,161.669,0.740741,,,probabilistic,,,69,78.0,a876e15febe3,uncommitted
r24_loop_bound_control,I - negative control,genus,23.12-s086_1,retimed,off,3.6,VIOLATED,-4.813,,,8.104,acc_q_reg[14]/D,834,16,0,37098.4495435,,,,,,,,,132.72500000000002,66.4453,7.984939999999999,124.184,0.555556,,,probabilistic,,,62,70.0,a876e15febe3,uncommitted
r24_loop_bound_control,I - negative control,genus,23.12-s086_1,retimed,off,4.8,VIOLATED,-3.488,,,8.004,acc_q_reg[15]/D,838,16,0,36799.5522435,,,,,,,,,97.3853,48.977,6.36604,90.60260000000001,0.416667,,,probabilistic,,,81,91.0,a876e15febe3,uncommitted
r24_loop_bound_control,I - negative control,genus,23.12-s086_1,retimed,off,6.0,VIOLATED,-2.147,,,7.863,acc_q_reg[13]/D,902,16,0,39903.1697585,,,,,,,,,84.8707,42.741,5.27444,79.263,0.333333,,,probabilistic,,,90,100.0,a876e15febe3,uncommitted
r24_loop_bound_control,I - negative control,genus,23.12-s086_1,retimed,off,7.8,VIOLATED,-0.355,,,7.87,acc_q_reg[15]/D,923,16,0,40490.30884,,,,,,,,,65.9781,33.4836,3.96333,61.758399999999995,0.25640999999999997,,,probabilistic,,,107,116.0,a876e15febe3,uncommitted
r24_loop_bound_control,I - negative control,openroad_syn,,directive,unsupported,2.7,VIOLATED,-18.4748,,,20.8569,,290,16,,,,,,,,,,,158.572,72.3312,,,,,,vectorless,,,0,1.0,a876e15febe3,uncommitted
r24_loop_bound_control,I - negative control,openroad_syn,,directive,unsupported,3.6,VIOLATED,-17.5748,,,20.8569,,290,16,,,,,,,,,,,133.036,60.3296,,,,,,vectorless,,,0,1.0,a876e15febe3,uncommitted
r24_loop_bound_control,I - negative control,openroad_syn,,directive,unsupported,4.8,VIOLATED,-16.3748,,,20.8569,,290,16,,,,,,,,,,,106.52399999999999,47.9524,,,,,,vectorless,,,0,1.0,a876e15febe3,uncommitted
r24_loop_bound_control,I - negative control,openroad_syn,,directive,unsupported,6.0,VIOLATED,-15.1748,,,20.8569,,290,16,,,,,,,,,,,86.3237,38.7701,,,,,,vectorless,,,0,1.0,a876e15febe3,uncommitted
r24_loop_bound_control,I - negative control,openroad_syn,,directive,unsupported,7.8,VIOLATED,-13.3748,,,20.8569,,290,16,,,,,,,,,,,66.98,30.0546,,,,,,vectorless,,,0,1.0,a876e15febe3,uncommitted
r24_loop_bound_control,I - negative control,openroad_syn,,orig,unsupported,2.7,VIOLATED,-18.4748,,,20.8569,,290,16,,,,,,,,,,,158.572,72.3312,,,,,,vectorless,,,0,1.0,a876e15febe3,uncommitted
r24_loop_bound_control,I - negative control,openroad_syn,,orig,unsupported,3.6,VIOLATED,-17.5748,,,20.8569,,290,16,,,,,,,,,,,133.036,60.3296,,,,,,vectorless,,,0,1.0,a876e15febe3,uncommitted
r24_loop_bound_control,I - negative control,openroad_syn,,orig,unsupported,4.8,VIOLATED,-16.3748,,,20.8569,,290,16,,,,,,,,,,,106.52399999999999,47.9524,,,,,,vectorless,,,0,2.0,a876e15febe3,uncommitted
r24_loop_bound_control,I - negative control,openroad_syn,,orig,unsupported,6.0,VIOLATED,-15.1748,,,20.8569,,290,16,,,,,,,,,,,86.3237,38.7701,,,,,,vectorless,,,0,1.0,a876e15febe3,uncommitted
r24_loop_bound_control,I - negative control,openroad_syn,,orig,unsupported,7.8,VIOLATED,-13.3748,,,20.8569,,290,16,,,,,,,,,,,66.98,30.0546,,,,,,vectorless,,,1,2.0,a876e15febe3,uncommitted
r24_loop_bound_control,I - negative control,openroad_syn,,retimed,unsupported,2.7,VIOLATED,-18.4748,,,20.8569,,290,16,,,,,,,,,,,158.572,72.3312,,,,,,vectorless,,,0,1.0,a876e15febe3,uncommitted
r24_loop_bound_control,I - negative control,openroad_syn,,retimed,unsupported,3.6,VIOLATED,-17.5748,,,20.8569,,290,16,,,,,,,,,,,133.036,60.3296,,,,,,vectorless,,,1,1.0,a876e15febe3,uncommitted
r24_loop_bound_control,I - negative control,openroad_syn,,retimed,unsupported,4.8,VIOLATED,-16.3748,,,20.8569,,290,16,,,,,,,,,,,106.52399999999999,47.9524,,,,,,vectorless,,,0,1.0,a876e15febe3,uncommitted
r24_loop_bound_control,I - negative control,openroad_syn,,retimed,unsupported,6.0,VIOLATED,-15.1748,,,20.8569,,290,16,,,,,,,,,,,86.3237,38.7701,,,,,,vectorless,,,0,1.0,a876e15febe3,uncommitted
r24_loop_bound_control,I - negative control,openroad_syn,,retimed,unsupported,7.8,VIOLATED,-13.3748,,,20.8569,,290,16,,,,,,,,,,,66.98,30.0546,,,,,,vectorless,,,0,1.0,a876e15febe3,uncommitted
r24_loop_bound_control,I - negative control,vivado,2023.1,directive,on,5.2,VIOLATED,-10.964,-10.964,paths ending at a register (pad delay excluded),,,,,,,,,,,,,,,126.0,,,,,,,vectorless,104,32,30,39.0,,
r24_loop_bound_control,I - negative control,vivado,2023.1,directive,on,6.4,VIOLATED,-9.593,-9.593,paths ending at a register (pad delay excluded),,,,,,,,,,,,,,,119.0,,,,,,,vectorless,104,32,30,38.0,,
r24_loop_bound_control,I - negative control,vivado,2023.1,directive,on,8.0,VIOLATED,-7.809,-7.809,paths ending at a register (pad delay excluded),,,,,,,,,,,,,,,114.0,,,,,,,vectorless,104,32,30,38.0,,
r24_loop_bound_control,I - negative control,vivado,2023.1,directive,on,9.6,VIOLATED,-6.729,-6.729,paths ending at a register (pad delay excluded),,,,,,,,,,,,,,,110.0,,,,,,,vectorless,104,32,30,38.0,,
r24_loop_bound_control,I - negative control,vivado,2023.1,directive,on,12.0,VIOLATED,-4.133,-4.133,paths ending at a register (pad delay excluded),,,,,,,,,,,,,,,106.0,,,,,,,vectorless,104,32,29,38.0,,
r24_loop_bound_control,I - negative control,vivado,2023.1,orig,off,5.2,VIOLATED,-10.964,-10.964,paths ending at a register (pad delay excluded),,,,,,,,,,,,,,,126.0,,,,,,,vectorless,104,32,30,38.0,,
r24_loop_bound_control,I - negative control,vivado,2023.1,orig,off,6.4,VIOLATED,-9.593,-9.593,paths ending at a register (pad delay excluded),,,,,,,,,,,,,,,119.0,,,,,,,vectorless,104,32,31,39.0,,
r24_loop_bound_control,I - negative control,vivado,2023.1,orig,off,8.0,VIOLATED,-7.809,-7.809,paths ending at a register (pad delay excluded),,,,,,,,,,,,,,,114.0,,,,,,,vectorless,104,32,30,41.0,,
r24_loop_bound_control,I - negative control,vivado,2023.1,orig,off,9.6,VIOLATED,-6.729,-6.729,paths ending at a register (pad delay excluded),,,,,,,,,,,,,,,110.0,,,,,,,vectorless,104,32,30,38.0,,
r24_loop_bound_control,I - negative control,vivado,2023.1,orig,off,12.0,VIOLATED,-4.133,-4.133,paths ending at a register (pad delay excluded),,,,,,,,,,,,,,,106.0,,,,,,,vectorless,104,32,30,40.0,,
r24_loop_bound_control,I - negative control,vivado,2023.1,orig,on,5.2,VIOLATED,-10.964,-10.964,paths ending at a register (pad delay excluded),,,,,,,,,,,,,,,126.0,,,,,,,vectorless,104,32,30,37.0,,
r24_loop_bound_control,I - negative control,vivado,2023.1,orig,on,6.4,VIOLATED,-9.593,-9.593,paths ending at a register (pad delay excluded),,,,,,,,,,,,,,,119.0,,,,,,,vectorless,104,32,30,41.0,,
r24_loop_bound_control,I - negative control,vivado,2023.1,orig,on,8.0,VIOLATED,-7.809,-7.809,paths ending at a register (pad delay excluded),,,,,,,,,,,,,,,114.0,,,,,,,vectorless,104,32,31,38.0,,
r24_loop_bound_control,I - negative control,vivado,2023.1,orig,on,9.6,VIOLATED,-6.729,-6.729,paths ending at a register (pad delay excluded),,,,,,,,,,,,,,,110.0,,,,,,,vectorless,104,32,29,37.0,,
r24_loop_bound_control,I - negative control,vivado,2023.1,orig,on,12.0,VIOLATED,-4.133,-4.133,paths ending at a register (pad delay excluded),,,,,,,,,,,,,,,106.0,,,,,,,vectorless,104,32,31,38.0,,
r24_loop_bound_control,I - negative control,vivado,2023.1,retimed,off,5.2,VIOLATED,-10.964,-10.964,paths ending at a register (pad delay excluded),,,,,,,,,,,,,,,126.0,,,,,,,vectorless,104,32,31,39.0,,
r24_loop_bound_control,I - negative control,vivado,2023.1,retimed,off,6.4,VIOLATED,-9.593,-9.593,paths ending at a register (pad delay excluded),,,,,,,,,,,,,,,119.0,,,,,,,vectorless,104,32,31,40.0,,
r24_loop_bound_control,I - negative control,vivado,2023.1,retimed,off,8.0,VIOLATED,-7.809,-7.809,paths ending at a register (pad delay excluded),,,,,,,,,,,,,,,114.0,,,,,,,vectorless,104,32,30,38.0,,
r24_loop_bound_control,I - negative control,vivado,2023.1,retimed,off,9.6,VIOLATED,-6.729,-6.729,paths ending at a register (pad delay excluded),,,,,,,,,,,,,,,110.0,,,,,,,vectorless,104,32,30,39.0,,
r24_loop_bound_control,I - negative control,vivado,2023.1,retimed,off,12.0,VIOLATED,-4.133,-4.133,paths ending at a register (pad delay excluded),,,,,,,,,,,,,,,106.0,,,,,,,vectorless,104,32,30,38.0,,
r24_loop_bound_control,I - negative control,yosys,0.58,directive,off,6.0,VIOLATED,-11.3909,,,17.0827,_588_,402,16,,8128.512,,,,,,,,,131.0,59.1,,,,,,vectorless,,,1.0,2.0,a876e15febe3,uncommitted
r24_loop_bound_control,I - negative control,yosys,0.58,directive,on,2.7,VIOLATED,-8.263,,,10.6467,_1103_,418,16,,14165.6256,,,,,,,,,233.0,119.0,,,,,,vectorless,,,2.0,3.0,a876e15febe3,uncommitted
r24_loop_bound_control,I - negative control,yosys,0.58,directive,on,3.6,VIOLATED,-7.363,,,10.6467,_1103_,418,16,,14165.6256,,,,,,,,,181.0,92.5,,,,,,vectorless,,,1.0,2.0,a876e15febe3,uncommitted
r24_loop_bound_control,I - negative control,yosys,0.58,directive,on,4.8,VIOLATED,-6.163,,,10.6467,_1103_,418,16,,14165.6256,,,,,,,,,137.0,70.0,,,,,,vectorless,,,2.0,2.0,a876e15febe3,uncommitted
r24_loop_bound_control,I - negative control,yosys,0.58,directive,on,6.0,VIOLATED,-4.963,,,10.6467,_1103_,418,16,,14165.6256,,,,,,,,,110.0,56.0,,,,,,vectorless,,,1.0,2.0,a876e15febe3,uncommitted
r24_loop_bound_control,I - negative control,yosys,0.58,directive,on,7.8,VIOLATED,-3.163,,,10.6467,_1103_,418,16,,14165.6256,,,,,,,,,84.5,43.1,,,,,,vectorless,,,1.0,2.0,a876e15febe3,uncommitted
r24_loop_bound_control,I - negative control,yosys,0.58,orig,off,2.7,VIOLATED,-14.6909,,,17.0827,_588_,402,16,,8128.512,,,,,,,,,195.0,89.0,,,,,,vectorless,,,1.0,2.0,a876e15febe3,uncommitted
r24_loop_bound_control,I - negative control,yosys,0.58,orig,off,3.6,VIOLATED,-13.7909,,,17.0827,_588_,402,16,,8128.512,,,,,,,,,170.0,77.39999999999999,,,,,,vectorless,,,1.0,2.0,a876e15febe3,uncommitted
r24_loop_bound_control,I - negative control,yosys,0.58,orig,off,4.8,VIOLATED,-12.5909,,,17.0827,_588_,402,16,,8128.512,,,,,,,,,147.0,66.69999999999999,,,,,,vectorless,,,1.0,2.0,a876e15febe3,uncommitted
r24_loop_bound_control,I - negative control,yosys,0.58,orig,off,6.0,VIOLATED,-11.3909,,,17.0827,_588_,402,16,,8128.512,,,,,,,,,131.0,59.1,,,,,,vectorless,,,1.0,2.0,a876e15febe3,uncommitted
r24_loop_bound_control,I - negative control,yosys,0.58,orig,off,7.8,VIOLATED,-9.5909,,,17.0827,_588_,402,16,,8128.512,,,,,,,,,109.0,49.0,,,,,,vectorless,,,1.0,2.0,a876e15febe3,uncommitted
r24_loop_bound_control,I - negative control,yosys,0.58,orig,on,2.7,VIOLATED,-8.263,,,10.6467,_1103_,418,16,,14165.6256,,,,,,,,,233.0,119.0,,,,,,vectorless,,,2.0,3.0,a876e15febe3,uncommitted
r24_loop_bound_control,I - negative control,yosys,0.58,orig,on,3.6,VIOLATED,-7.363,,,10.6467,_1103_,418,16,,14165.6256,,,,,,,,,181.0,92.5,,,,,,vectorless,,,1.0,2.0,a876e15febe3,uncommitted
r24_loop_bound_control,I - negative control,yosys,0.58,orig,on,4.8,VIOLATED,-6.163,,,10.6467,_1103_,418,16,,14165.6256,,,,,,,,,137.0,70.0,,,,,,vectorless,,,2.0,3.0,a876e15febe3,uncommitted
r24_loop_bound_control,I - negative control,yosys,0.58,orig,on,6.0,VIOLATED,-4.963,,,10.6467,_1103_,418,16,,14165.6256,,,,,,,,,110.0,56.0,,,,,,vectorless,,,2.0,2.0,a876e15febe3,uncommitted
r24_loop_bound_control,I - negative control,yosys,0.58,orig,on,7.8,VIOLATED,-3.163,,,10.6467,_1103_,418,16,,14165.6256,,,,,,,,,84.5,43.1,,,,,,vectorless,,,1.0,2.0,a876e15febe3,uncommitted
r24_loop_bound_control,I - negative control,yosys,0.58,retimed,off,2.7,VIOLATED,-14.6909,,,17.0827,_588_,402,16,,8128.512,,,,,,,,,195.0,89.0,,,,,,vectorless,,,1.0,2.0,a876e15febe3,uncommitted
r24_loop_bound_control,I - negative control,yosys,0.58,retimed,off,3.6,VIOLATED,-13.7909,,,17.0827,_588_,402,16,,8128.512,,,,,,,,,170.0,77.39999999999999,,,,,,vectorless,,,1.0,2.0,a876e15febe3,uncommitted
r24_loop_bound_control,I - negative control,yosys,0.58,retimed,off,4.8,VIOLATED,-12.5909,,,17.0827,_588_,402,16,,8128.512,,,,,,,,,147.0,66.69999999999999,,,,,,vectorless,,,1.0,2.0,a876e15febe3,uncommitted
r24_loop_bound_control,I - negative control,yosys,0.58,retimed,off,6.0,VIOLATED,-11.3909,,,17.0827,_588_,402,16,,8128.512,,,,,,,,,131.0,59.1,,,,,,vectorless,,,1.0,2.0,a876e15febe3,uncommitted
r24_loop_bound_control,I - negative control,yosys,0.58,retimed,off,7.8,VIOLATED,-9.5909,,,17.0827,_588_,402,16,,8128.512,,,,,,,,,109.0,49.0,,,,,,vectorless,,,1.0,1.0,a876e15febe3,uncommitted
r24_loop_bound_control,I - negative control,yosys,0.58,retimed,on,6.0,VIOLATED,-4.963,,,10.6467,_1103_,418,16,,14165.6256,,,,,,,,,110.0,56.0,,,,,,vectorless,,,2.0,3.0,a876e15febe3,uncommitted
r26_sdc_exception_invalidation,J - constraint interaction,genus,23.12-s086_1,directive,off,4.0,VIOLATED,-0.274,,,3.615,retime_s1_9_reg/D,1123,56,56,50850.600592749994,,,,,,,,,128.612,58.56,21.3765,105.48599999999999,1.75,,,probabilistic,,,79,88.0,,
r26_sdc_exception_invalidation,J - constraint interaction,genus,23.12-s086_1,directive,on,4.0,VIOLATED,-0.274,,,3.615,retime_s1_9_reg/D,1123,56,56,50850.600592749994,,,,,,,,,128.612,58.56,21.3765,105.48599999999999,1.75,,,probabilistic,,,77,87.0,83409841e5a8,uncommitted
r26_sdc_exception_invalidation,J - constraint interaction,genus,23.12-s086_1,orig,on,4.0,VIOLATED,-0.837,,,8.554,fq2_reg[15]/D,1137,32,0,51369.47925725,,,,,,,,,138.12800000000001,66.65069999999999,12.2056,124.92200000000001,1.0,,,probabilistic,,,129,138.0,,
r26_sdc_exception_invalidation,J - constraint interaction,openroad_syn,,directive,unsupported,1.8,VIOLATED,-22.2466,,,23.6954,,440,32,,,,,,,,,,,119.836,49.3013,,,,,,vectorless,,,1,2.0,83409841e5a8,uncommitted
r26_sdc_exception_invalidation,J - constraint interaction,openroad_syn,,directive,unsupported,2.4,VIOLATED,-21.6466,,,23.6954,,440,32,,,,,,,,,,,93.9621,38.6974,,,,,,vectorless,,,0,1.0,83409841e5a8,uncommitted
r26_sdc_exception_invalidation,J - constraint interaction,openroad_syn,,directive,unsupported,3.2,VIOLATED,-20.8466,,,23.6954,,440,32,,,,,,,,,,,72.6302,29.9527,,,,,,vectorless,,,0,1.0,83409841e5a8,uncommitted
r26_sdc_exception_invalidation,J - constraint interaction,openroad_syn,,directive,unsupported,4.0,VIOLATED,-20.0466,,,23.6954,,440,32,,,,,,,,,,,58.1042,23.9622,,,,,,vectorless,,,0,1.0,83409841e5a8,uncommitted
r26_sdc_exception_invalidation,J - constraint interaction,openroad_syn,,directive,unsupported,5.2,VIOLATED,-18.8466,,,23.6954,,440,32,,,,,,,,,,,44.695499999999996,18.4324,,,,,,vectorless,,,1,2.0,83409841e5a8,uncommitted
r26_sdc_exception_invalidation,J - constraint interaction,openroad_syn,,orig,unsupported,1.8,VIOLATED,-22.2466,,,23.6954,,440,32,,,,,,,,,,,119.836,49.3013,,,,,,vectorless,,,0,1.0,83409841e5a8,uncommitted
r26_sdc_exception_invalidation,J - constraint interaction,openroad_syn,,orig,unsupported,2.4,VIOLATED,-21.6466,,,23.6954,,440,32,,,,,,,,,,,93.9621,38.6974,,,,,,vectorless,,,0,2.0,83409841e5a8,uncommitted
r26_sdc_exception_invalidation,J - constraint interaction,openroad_syn,,orig,unsupported,3.2,VIOLATED,-20.8466,,,23.6954,,440,32,,,,,,,,,,,72.6302,29.9527,,,,,,vectorless,,,0,1.0,83409841e5a8,uncommitted
r26_sdc_exception_invalidation,J - constraint interaction,openroad_syn,,orig,unsupported,4.0,VIOLATED,-20.0466,,,23.6954,,440,32,,,,,,,,,,,58.1042,23.9622,,,,,,vectorless,,,0,1.0,83409841e5a8,uncommitted
r26_sdc_exception_invalidation,J - constraint interaction,openroad_syn,,orig,unsupported,5.2,VIOLATED,-18.8466,,,23.6954,,440,32,,,,,,,,,,,44.695499999999996,18.4324,,,,,,vectorless,,,0,1.0,83409841e5a8,uncommitted
r26_sdc_exception_invalidation,J - constraint interaction,openroad_syn,,retimed,unsupported,1.8,VIOLATED,-19.0844,,,20.5752,,462,32,,,,,,,,,,,112.119,45.241099999999996,,,,,,vectorless,,,0,1.0,83409841e5a8,uncommitted
r26_sdc_exception_invalidation,J - constraint interaction,openroad_syn,,retimed,unsupported,2.4,VIOLATED,-18.4844,,,20.5752,,462,32,,,,,,,,,,,84.0891,33.9309,,,,,,vectorless,,,0,1.0,83409841e5a8,uncommitted
r26_sdc_exception_invalidation,J - constraint interaction,openroad_syn,,retimed,unsupported,3.2,VIOLATED,-17.6844,,,20.5752,,462,32,,,,,,,,,,,63.06680000000001,25.4482,,,,,,vectorless,,,0,1.0,83409841e5a8,uncommitted
r26_sdc_exception_invalidation,J - constraint interaction,openroad_syn,,retimed,unsupported,4.0,VIOLATED,-16.8844,,,20.5752,,462,32,,,,,,,,,,,50.4535,20.358500000000003,,,,,,vectorless,,,1,2.0,83409841e5a8,uncommitted
r26_sdc_exception_invalidation,J - constraint interaction,openroad_syn,,retimed,unsupported,5.2,VIOLATED,-15.6844,,,20.5752,,462,32,,,,,,,,,,,38.8104,15.660400000000001,,,,,,vectorless,,,0,1.0,83409841e5a8,uncommitted
r26_sdc_exception_invalidation,J - constraint interaction,vivado,2023.1,directive,on,3.9,VIOLATED,-11.129,-11.129,paths ending at a register (pad delay excluded),,,,,,,,,,,,,,,138.0,,,,,,,vectorless,128,32,28,41.0,,
r26_sdc_exception_invalidation,J - constraint interaction,vivado,2023.1,directive,on,4.8,VIOLATED,-10.234,-10.234,paths ending at a register (pad delay excluded),,,,,,,,,,,,,,,129.0,,,,,,,vectorless,128,32,29,37.0,,
r26_sdc_exception_invalidation,J - constraint interaction,vivado,2023.1,directive,on,6.0,VIOLATED,-9.029,-9.029,paths ending at a register (pad delay excluded),,,,,,,,,,,,,,,122.0,,,,,,,vectorless,128,32,29,37.0,,
r26_sdc_exception_invalidation,J - constraint interaction,vivado,2023.1,directive,on,7.2,VIOLATED,-7.829,-7.829,paths ending at a register (pad delay excluded),,,,,,,,,,,,,,,117.0,,,,,,,vectorless,128,32,29,37.0,,
r26_sdc_exception_invalidation,J - constraint interaction,vivado,2023.1,directive,on,9.0,VIOLATED,-6.029,-6.029,paths ending at a register (pad delay excluded),,,,,,,,,,,,,,,111.0,,,,,,,vectorless,128,32,28,37.0,,
r26_sdc_exception_invalidation,J - constraint interaction,vivado,2023.1,orig,off,3.9,VIOLATED,-11.129,-11.129,paths ending at a register (pad delay excluded),,,,,,,,,,,,,,,138.0,,,,,,,vectorless,128,32,29,41.0,,
r26_sdc_exception_invalidation,J - constraint interaction,vivado,2023.1,orig,off,4.8,VIOLATED,-10.234,-10.234,paths ending at a register (pad delay excluded),,,,,,,,,,,,,,,129.0,,,,,,,vectorless,128,32,33,42.0,,
r26_sdc_exception_invalidation,J - constraint interaction,vivado,2023.1,orig,off,6.0,VIOLATED,-9.029,-9.029,paths ending at a register (pad delay excluded),,,,,,,,,,,,,,,122.0,,,,,,,vectorless,128,32,30,43.0,,
r26_sdc_exception_invalidation,J - constraint interaction,vivado,2023.1,orig,off,7.2,VIOLATED,-7.829,-7.829,paths ending at a register (pad delay excluded),,,,,,,,,,,,,,,117.0,,,,,,,vectorless,128,32,33,43.0,,
r26_sdc_exception_invalidation,J - constraint interaction,vivado,2023.1,orig,off,9.0,VIOLATED,-6.029,-6.029,paths ending at a register (pad delay excluded),,,,,,,,,,,,,,,111.0,,,,,,,vectorless,128,32,34,45.0,,
r26_sdc_exception_invalidation,J - constraint interaction,vivado,2023.1,orig,on,3.9,VIOLATED,-11.129,-11.129,paths ending at a register (pad delay excluded),,,,,,,,,,,,,,,138.0,,,,,,,vectorless,128,32,29,38.0,,
r26_sdc_exception_invalidation,J - constraint interaction,vivado,2023.1,orig,on,4.8,VIOLATED,-10.234,-10.234,paths ending at a register (pad delay excluded),,,,,,,,,,,,,,,129.0,,,,,,,vectorless,128,32,29,38.0,,
r26_sdc_exception_invalidation,J - constraint interaction,vivado,2023.1,orig,on,6.0,VIOLATED,-9.029,-9.029,paths ending at a register (pad delay excluded),,,,,,,,,,,,,,,122.0,,,,,,,vectorless,128,32,29,37.0,,
r26_sdc_exception_invalidation,J - constraint interaction,vivado,2023.1,orig,on,7.2,VIOLATED,-7.829,-7.829,paths ending at a register (pad delay excluded),,,,,,,,,,,,,,,117.0,,,,,,,vectorless,128,32,28,39.0,,
r26_sdc_exception_invalidation,J - constraint interaction,vivado,2023.1,orig,on,9.0,VIOLATED,-6.029,-6.029,paths ending at a register (pad delay excluded),,,,,,,,,,,,,,,111.0,,,,,,,vectorless,128,32,29,40.0,,
r26_sdc_exception_invalidation,J - constraint interaction,vivado,2023.1,retimed,off,3.9,VIOLATED,-7.57,-7.57,paths ending at a register (pad delay excluded),,,,,,,,,,,,,,,138.0,,,,,,,vectorless,128,32,32,40.0,,
r26_sdc_exception_invalidation,J - constraint interaction,vivado,2023.1,retimed,off,4.8,VIOLATED,-7.08,-7.08,paths ending at a register (pad delay excluded),,,,,,,,,,,,,,,129.0,,,,,,,vectorless,128,32,32,42.0,,
r26_sdc_exception_invalidation,J - constraint interaction,vivado,2023.1,retimed,off,6.0,VIOLATED,-5.623,-5.623,paths ending at a register (pad delay excluded),,,,,,,,,,,,,,,121.0,,,,,,,vectorless,128,32,28,37.0,,
r26_sdc_exception_invalidation,J - constraint interaction,vivado,2023.1,retimed,off,7.2,VIOLATED,-4.423,-4.423,paths ending at a register (pad delay excluded),,,,,,,,,,,,,,,116.0,,,,,,,vectorless,128,32,28,36.0,,
r26_sdc_exception_invalidation,J - constraint interaction,vivado,2023.1,retimed,off,9.0,VIOLATED,-2.703,-2.703,paths ending at a register (pad delay excluded),,,,,,,,,,,,,,,111.0,,,,,,,vectorless,128,32,28,39.0,,
r26_sdc_exception_invalidation,J - constraint interaction,yosys,0.58,directive,off,4.0,VIOLATED,-18.2864,,,21.9554,_803_,559,32,,11354.5152,,,,,,,,,92.60000000000001,36.7,,,,,,vectorless,,,1.0,2.0,83409841e5a8,uncommitted
r26_sdc_exception_invalidation,J - constraint interaction,yosys,0.58,directive,on,1.8,VIOLATED,-9.5912,,,11.0731,_1312_,591,32,,15365.1456,,,,,,,,,171.0,83.3,,,,,,vectorless,,,2.0,3.0,83409841e5a8,uncommitted
r26_sdc_exception_invalidation,J - constraint interaction,yosys,0.58,directive,on,2.4,VIOLATED,-8.9912,,,11.0731,_1312_,591,32,,15365.1456,,,,,,,,,129.0,62.9,,,,,,vectorless,,,1.0,2.0,83409841e5a8,uncommitted
r26_sdc_exception_invalidation,J - constraint interaction,yosys,0.58,directive,on,3.2,VIOLATED,-8.1912,,,11.0731,_1312_,591,32,,15365.1456,,,,,,,,,96.9,47.199999999999996,,,,,,vectorless,,,1.0,2.0,83409841e5a8,uncommitted
r26_sdc_exception_invalidation,J - constraint interaction,yosys,0.58,directive,on,4.0,VIOLATED,-7.3912,,,11.0731,_1312_,591,32,,15365.1456,,,,,,,,,77.60000000000001,37.699999999999996,,,,,,vectorless,,,1.0,2.0,83409841e5a8,uncommitted
r26_sdc_exception_invalidation,J - constraint interaction,yosys,0.58,directive,on,5.2,VIOLATED,-6.1912,,,11.0731,_1312_,591,32,,15365.1456,,,,,,,,,59.7,29.0,,,,,,vectorless,,,1.0,2.0,83409841e5a8,uncommitted
r26_sdc_exception_invalidation,J - constraint interaction,yosys,0.58,orig,off,1.8,VIOLATED,-20.4864,,,21.9554,_803_,559,32,,11354.5152,,,,,,,,,154.0,61.400000000000006,,,,,,vectorless,,,1.0,2.0,83409841e5a8,uncommitted
r26_sdc_exception_invalidation,J - constraint interaction,yosys,0.58,orig,off,2.4,VIOLATED,-19.8864,,,21.9554,_803_,559,32,,11354.5152,,,,,,,,,132.0,52.8,,,,,,vectorless,,,1.0,2.0,83409841e5a8,uncommitted
r26_sdc_exception_invalidation,J - constraint interaction,yosys,0.58,orig,off,3.2,VIOLATED,-19.0864,,,21.9554,_803_,559,32,,11354.5152,,,,,,,,,111.0,44.1,,,,,,vectorless,,,1.0,2.0,83409841e5a8,uncommitted
r26_sdc_exception_invalidation,J - constraint interaction,yosys,0.58,orig,off,4.0,VIOLATED,-18.2864,,,21.9554,_803_,559,32,,11354.5152,,,,,,,,,92.60000000000001,36.7,,,,,,vectorless,,,1.0,2.0,83409841e5a8,uncommitted
r26_sdc_exception_invalidation,J - constraint interaction,yosys,0.58,orig,off,5.2,VIOLATED,-17.0864,,,21.9554,_803_,559,32,,11354.5152,,,,,,,,,73.4,29.1,,,,,,vectorless,,,1.0,2.0,83409841e5a8,uncommitted
r26_sdc_exception_invalidation,J - constraint interaction,yosys,0.58,orig,on,1.8,VIOLATED,-9.5912,,,11.0731,_1312_,591,32,,15365.1456,,,,,,,,,171.0,83.3,,,,,,vectorless,,,2.0,3.0,83409841e5a8,uncommitted
r26_sdc_exception_invalidation,J - constraint interaction,yosys,0.58,orig,on,2.4,VIOLATED,-8.9912,,,11.0731,_1312_,591,32,,15365.1456,,,,,,,,,129.0,62.9,,,,,,vectorless,,,1.0,2.0,83409841e5a8,uncommitted
r26_sdc_exception_invalidation,J - constraint interaction,yosys,0.58,orig,on,3.2,VIOLATED,-8.1912,,,11.0731,_1312_,591,32,,15365.1456,,,,,,,,,96.9,47.199999999999996,,,,,,vectorless,,,2.0,3.0,83409841e5a8,uncommitted
r26_sdc_exception_invalidation,J - constraint interaction,yosys,0.58,orig,on,4.0,VIOLATED,-7.3912,,,11.0731,_1312_,591,32,,15365.1456,,,,,,,,,77.60000000000001,37.699999999999996,,,,,,vectorless,,,2.0,3.0,83409841e5a8,uncommitted
r26_sdc_exception_invalidation,J - constraint interaction,yosys,0.58,orig,on,5.2,VIOLATED,-6.1912,,,11.0731,_1312_,591,32,,15365.1456,,,,,,,,,59.7,29.0,,,,,,vectorless,,,1.0,2.0,83409841e5a8,uncommitted
r26_sdc_exception_invalidation,J - constraint interaction,yosys,0.58,retimed,off,1.8,VIOLATED,-14.6734,,,16.1617,_799_,552,32,,11219.04,,,,,,,,,155.0,61.1,,,,,,vectorless,,,1.0,2.0,83409841e5a8,uncommitted
r26_sdc_exception_invalidation,J - constraint interaction,yosys,0.58,retimed,off,2.4,VIOLATED,-14.0734,,,16.1617,_799_,552,32,,11219.04,,,,,,,,,129.0,51.0,,,,,,vectorless,,,1.0,2.0,83409841e5a8,uncommitted
r26_sdc_exception_invalidation,J - constraint interaction,yosys,0.58,retimed,off,3.2,VIOLATED,-13.2734,,,16.1617,_799_,552,32,,11219.04,,,,,,,,,102.0,40.2,,,,,,vectorless,,,1.0,1.0,83409841e5a8,uncommitted
r26_sdc_exception_invalidation,J - constraint interaction,yosys,0.58,retimed,off,4.0,VIOLATED,-12.4734,,,16.1617,_799_,552,32,,11219.04,,,,,,,,,82.3,32.4,,,,,,vectorless,,,1.0,2.0,83409841e5a8,uncommitted
r26_sdc_exception_invalidation,J - constraint interaction,yosys,0.58,retimed,off,5.2,VIOLATED,-11.2734,,,16.1617,_799_,552,32,,11219.04,,,,,,,,,63.3,24.9,,,,,,vectorless,,,1.0,2.0,83409841e5a8,uncommitted
r26_sdc_exception_invalidation,J - constraint interaction,yosys,0.58,retimed,on,4.0,VIOLATED,-5.453,,,9.1434,_1296_,584,32,,16355.808,,,,,,,,,65.10000000000001,30.8,,,,,,vectorless,,,1.0,2.0,83409841e5a8,uncommitted
r27_exception_scope_probe,J - constraint interaction,genus,23.12-s086_1,orig,on,1.64,VIOLATED,-4.217,,,7.213,bq2_reg[15]/D,1680,126,94,79312.50692275,,,,,,,,,439.89099999999996,188.839,94.2163,336.071,9.60366,,,probabilistic,,,118,126.0,ad5a1395a4ae,uncommitted
r27_exception_scope_probe,J - constraint interaction,genus,23.12-s086_1,orig,on,2.05,VIOLATED,-3.372,,,7.228,bq2_reg[14]/D,1863,146,114,89331.98656875,,,,,,,,,386.393,164.688,84.388,293.102,8.902439999999999,,,probabilistic,,,138,147.0,ad5a1395a4ae,uncommitted
r27_exception_scope_probe,J - constraint interaction,genus,23.12-s086_1,orig,on,2.56,VIOLATED,-2.65,,,7.496,bq2_reg[15]/D,1491,88,56,68265.79957525,,,,,,,,,255.07999999999998,114.903,44.4859,206.298,4.296880000000001,,,probabilistic,,,102,110.0,ad5a1395a4ae,uncommitted
r27_exception_scope_probe,J - constraint interaction,genus,23.12-s086_1,orig,on,3.2,VIOLATED,-1.02,,,7.183,bq2_reg[15]/D,1420,95,63,67322.20679375,,,,,,,,,206.165,90.57560000000001,38.8301,163.624,3.71094,,,probabilistic,,,118,126.0,ad5a1395a4ae,uncommitted
r27_exception_scope_probe,J - constraint interaction,genus,23.12-s086_1,orig,on,4.0,MET,0.0,,,7.717,bq2_reg[15]/D,1178,76,44,56514.691961000004,,,,,,,,,140.08100000000002,60.6286,25.0406,112.666,2.375,,,probabilistic,,,61,70.0,ad5a1395a4ae,uncommitted
r27_exception_scope_probe,J - constraint interaction,openroad_syn,,directive,unsupported,1.8,VIOLATED,-17.8631,,,19.285,,657,64,,,,,,,,,,,157.552,57.7731,,,,,,vectorless,,,0,1.0,ad5a1395a4ae,uncommitted
r27_exception_scope_probe,J - constraint interaction,openroad_syn,,directive,unsupported,2.4,VIOLATED,-17.2631,,,19.285,,657,64,,,,,,,,,,,119.062,43.6983,,,,,,vectorless,,,1,2.0,ad5a1395a4ae,uncommitted
r27_exception_scope_probe,J - constraint interaction,openroad_syn,,directive,unsupported,3.2,VIOLATED,-16.4631,,,19.285,,657,64,,,,,,,,,,,89.29639999999999,32.7738,,,,,,vectorless,,,0,1.0,ad5a1395a4ae,uncommitted
r27_exception_scope_probe,J - constraint interaction,openroad_syn,,directive,unsupported,4.0,VIOLATED,-15.6631,,,19.285,,657,64,,,,,,,,,,,71.4371,26.218999999999998,,,,,,vectorless,,,0,1.0,ad5a1395a4ae,uncommitted
r27_exception_scope_probe,J - constraint interaction,openroad_syn,,directive,unsupported,5.2,VIOLATED,-14.4631,,,19.285,,657,64,,,,,,,,,,,54.951600000000006,20.168499999999998,,,,,,vectorless,,,1,2.0,ad5a1395a4ae,uncommitted
r27_exception_scope_probe,J - constraint interaction,openroad_syn,,orig,unsupported,1.8,VIOLATED,-17.8631,,,19.285,,657,64,,,,,,,,,,,157.552,57.7731,,,,,,vectorless,,,0,2.0,ad5a1395a4ae,uncommitted
r27_exception_scope_probe,J - constraint interaction,openroad_syn,,orig,unsupported,2.4,VIOLATED,-17.2631,,,19.285,,657,64,,,,,,,,,,,119.062,43.6983,,,,,,vectorless,,,0,1.0,ad5a1395a4ae,uncommitted
r27_exception_scope_probe,J - constraint interaction,openroad_syn,,orig,unsupported,3.2,VIOLATED,-16.4631,,,19.285,,657,64,,,,,,,,,,,89.29639999999999,32.7738,,,,,,vectorless,,,1,1.0,ad5a1395a4ae,uncommitted
r27_exception_scope_probe,J - constraint interaction,openroad_syn,,orig,unsupported,4.0,VIOLATED,-15.6631,,,19.285,,657,64,,,,,,,,,,,71.4371,26.218999999999998,,,,,,vectorless,,,0,1.0,ad5a1395a4ae,uncommitted
r27_exception_scope_probe,J - constraint interaction,openroad_syn,,orig,unsupported,5.2,VIOLATED,-14.4631,,,19.285,,657,64,,,,,,,,,,,54.951600000000006,20.168499999999998,,,,,,vectorless,,,1,1.0,ad5a1395a4ae,uncommitted
r27_exception_scope_probe,J - constraint interaction,openroad_syn,,retimed,unsupported,1.8,VIOLATED,-18.3273,,,19.7493,,662,64,,,,,,,,,,,156.917,59.6065,,,,,,vectorless,,,0,1.0,ad5a1395a4ae,uncommitted
r27_exception_scope_probe,J - constraint interaction,openroad_syn,,retimed,unsupported,2.4,VIOLATED,-17.7273,,,19.7493,,662,64,,,,,,,,,,,121.688,46.3254,,,,,,vectorless,,,0,1.0,ad5a1395a4ae,uncommitted
r27_exception_scope_probe,J - constraint interaction,openroad_syn,,retimed,unsupported,3.2,VIOLATED,-16.9273,,,19.7493,,662,64,,,,,,,,,,,92.69470000000001,35.3483,,,,,,vectorless,,,1,1.0,ad5a1395a4ae,uncommitted
r27_exception_scope_probe,J - constraint interaction,openroad_syn,,retimed,unsupported,4.0,VIOLATED,-16.1273,,,19.7493,,662,64,,,,,,,,,,,74.15570000000001,28.2786,,,,,,vectorless,,,0,2.0,ad5a1395a4ae,uncommitted
r27_exception_scope_probe,J - constraint interaction,openroad_syn,,retimed,unsupported,5.2,VIOLATED,-14.9273,,,19.7493,,662,64,,,,,,,,,,,57.0429,21.7528,,,,,,vectorless,,,0,1.0,ad5a1395a4ae,uncommitted
r27_exception_scope_probe,J - constraint interaction,vivado,2023.1,directive,on,3.9,VIOLATED,-11.1,-11.1,paths ending at a register (pad delay excluded),,,,,,,,,,,,,,,182.0,,,,,,,vectorless,208,64,31,39.0,,
r27_exception_scope_probe,J - constraint interaction,vivado,2023.1,directive,on,4.8,VIOLATED,-10.182,-10.182,paths ending at a register (pad delay excluded),,,,,,,,,,,,,,,165.0,,,,,,,vectorless,208,64,30,39.0,,
r27_exception_scope_probe,J - constraint interaction,vivado,2023.1,directive,on,6.0,VIOLATED,-9.032,-9.032,paths ending at a register (pad delay excluded),,,,,,,,,,,,,,,150.0,,,,,,,vectorless,208,64,30,37.0,,
r27_exception_scope_probe,J - constraint interaction,vivado,2023.1,directive,on,7.2,VIOLATED,-8.018,-8.018,paths ending at a register (pad delay excluded),,,,,,,,,,,,,,,140.0,,,,,,,vectorless,208,64,33,52.0,,
r27_exception_scope_probe,J - constraint interaction,vivado,2023.1,directive,on,9.0,VIOLATED,-5.968,-5.968,paths ending at a register (pad delay excluded),,,,,,,,,,,,,,,130.0,,,,,,,vectorless,208,64,34,55.0,,
r27_exception_scope_probe,J - constraint interaction,vivado,2023.1,orig,off,3.9,VIOLATED,-11.1,-11.1,paths ending at a register (pad delay excluded),,,,,,,,,,,,,,,182.0,,,,,,,vectorless,208,64,30,40.0,,
r27_exception_scope_probe,J - constraint interaction,vivado,2023.1,orig,off,4.8,VIOLATED,-10.182,-10.182,paths ending at a register (pad delay excluded),,,,,,,,,,,,,,,165.0,,,,,,,vectorless,208,64,32,44.0,,
r27_exception_scope_probe,J - constraint interaction,vivado,2023.1,orig,off,6.0,VIOLATED,-9.032,-9.032,paths ending at a register (pad delay excluded),,,,,,,,,,,,,,,150.0,,,,,,,vectorless,208,64,32,45.0,,
r27_exception_scope_probe,J - constraint interaction,vivado,2023.1,orig,off,7.2,VIOLATED,-8.018,-8.018,paths ending at a register (pad delay excluded),,,,,,,,,,,,,,,140.0,,,,,,,vectorless,208,64,33,41.0,,
r27_exception_scope_probe,J - constraint interaction,vivado,2023.1,orig,off,9.0,VIOLATED,-5.968,-5.968,paths ending at a register (pad delay excluded),,,,,,,,,,,,,,,130.0,,,,,,,vectorless,208,64,33,41.0,,
r27_exception_scope_probe,J - constraint interaction,vivado,2023.1,orig,on,3.9,VIOLATED,-11.1,-11.1,paths ending at a register (pad delay excluded),,,,,,,,,,,,,,,182.0,,,,,,,vectorless,208,64,80,89.0,,
r27_exception_scope_probe,J - constraint interaction,vivado,2023.1,orig,on,4.8,VIOLATED,-10.182,-10.182,paths ending at a register (pad delay excluded),,,,,,,,,,,,,,,165.0,,,,,,,vectorless,208,64,88,96.0,,
r27_exception_scope_probe,J - constraint interaction,vivado,2023.1,orig,on,6.0,VIOLATED,-9.032,-9.032,paths ending at a register (pad delay excluded),,,,,,,,,,,,,,,150.0,,,,,,,vectorless,208,64,47,62.0,,
r27_exception_scope_probe,J - constraint interaction,vivado,2023.1,orig,on,7.2,VIOLATED,-8.018,-8.018,paths ending at a register (pad delay excluded),,,,,,,,,,,,,,,140.0,,,,,,,vectorless,208,64,47,63.0,,
r27_exception_scope_probe,J - constraint interaction,vivado,2023.1,orig,on,9.0,VIOLATED,-5.968,-5.968,paths ending at a register (pad delay excluded),,,,,,,,,,,,,,,130.0,,,,,,,vectorless,208,64,30,41.0,,
r27_exception_scope_probe,J - constraint interaction,vivado,2023.1,retimed,off,3.9,VIOLATED,-10.916,-10.916,paths ending at a register (pad delay excluded),,,,,,,,,,,,,,,182.0,,,,,,,vectorless,208,64,31,39.0,,
r27_exception_scope_probe,J - constraint interaction,vivado,2023.1,retimed,off,4.8,VIOLATED,-10.139,-10.139,paths ending at a register (pad delay excluded),,,,,,,,,,,,,,,165.0,,,,,,,vectorless,208,64,30,39.0,,
r27_exception_scope_probe,J - constraint interaction,vivado,2023.1,retimed,off,6.0,VIOLATED,-8.772,-8.772,paths ending at a register (pad delay excluded),,,,,,,,,,,,,,,151.0,,,,,,,vectorless,208,64,30,44.0,,
r27_exception_scope_probe,J - constraint interaction,vivado,2023.1,retimed,off,7.2,VIOLATED,-7.967,-7.967,paths ending at a register (pad delay excluded),,,,,,,,,,,,,,,140.0,,,,,,,vectorless,208,64,30,52.0,,
r27_exception_scope_probe,J - constraint interaction,vivado,2023.1,retimed,off,9.0,VIOLATED,-5.633,-5.633,paths ending at a register (pad delay excluded),,,,,,,,,,,,,,,130.0,,,,,,,vectorless,208,64,31,39.0,,
r27_exception_scope_probe,J - constraint interaction,yosys,0.58,directive,off,4.0,VIOLATED,-12.196,,,15.8865,_1229_,838,56,,18269.3952,,,,,,,,,81.10000000000001,29.8,,,,,,vectorless,,,1.0,3.0,ad5a1395a4ae,uncommitted
r27_exception_scope_probe,J - constraint interaction,yosys,0.58,directive,on,1.8,VIOLATED,-7.6015,,,9.0889,_2031_,894,56,,24859.6992,,,,,,,,,167.0,75.80000000000001,,,,,,vectorless,,,1.0,2.0,ad5a1395a4ae,uncommitted
r27_exception_scope_probe,J - constraint interaction,yosys,0.58,directive,on,2.4,VIOLATED,-7.0015,,,9.0889,_2031_,894,56,,24859.6992,,,,,,,,,125.0,56.9,,,,,,vectorless,,,1.0,2.0,ad5a1395a4ae,uncommitted
r27_exception_scope_probe,J - constraint interaction,yosys,0.58,directive,on,3.2,VIOLATED,-6.2015,,,9.0889,_2031_,894,56,,24859.6992,,,,,,,,,93.7,42.7,,,,,,vectorless,,,1.0,2.0,ad5a1395a4ae,uncommitted
r27_exception_scope_probe,J - constraint interaction,yosys,0.58,directive,on,4.0,VIOLATED,-5.4015,,,9.0889,_2031_,894,56,,24859.6992,,,,,,,,,75.0,34.1,,,,,,vectorless,,,1.0,2.0,ad5a1395a4ae,uncommitted
r27_exception_scope_probe,J - constraint interaction,yosys,0.58,directive,on,5.2,VIOLATED,-4.2015,,,9.0889,_2031_,894,56,,24859.6992,,,,,,,,,57.7,26.200000000000003,,,,,,vectorless,,,2.0,3.0,ad5a1395a4ae,uncommitted
r27_exception_scope_probe,J - constraint interaction,yosys,0.58,orig,off,1.8,VIOLATED,-14.396,,,15.8865,_1229_,838,56,,18269.3952,,,,,,,,,171.0,63.2,,,,,,vectorless,,,1.0,2.0,ad5a1395a4ae,uncommitted
r27_exception_scope_probe,J - constraint interaction,yosys,0.58,orig,off,2.4,VIOLATED,-13.796,,,15.8865,_1229_,838,56,,18269.3952,,,,,,,,,134.0,49.4,,,,,,vectorless,,,1.0,2.0,ad5a1395a4ae,uncommitted
r27_exception_scope_probe,J - constraint interaction,yosys,0.58,orig,off,3.2,VIOLATED,-12.996,,,15.8865,_1229_,838,56,,18269.3952,,,,,,,,,101.0,37.3,,,,,,vectorless,,,1.0,2.0,ad5a1395a4ae,uncommitted
r27_exception_scope_probe,J - constraint interaction,yosys,0.58,orig,off,4.0,VIOLATED,-12.196,,,15.8865,_1229_,838,56,,18269.3952,,,,,,,,,81.10000000000001,29.8,,,,,,vectorless,,,1.0,2.0,ad5a1395a4ae,uncommitted
r27_exception_scope_probe,J - constraint interaction,yosys,0.58,orig,off,5.2,VIOLATED,-10.996,,,15.8865,_1229_,838,56,,18269.3952,,,,,,,,,62.4,23.0,,,,,,vectorless,,,1.0,2.0,ad5a1395a4ae,uncommitted
r27_exception_scope_probe,J - constraint interaction,yosys,0.58,orig,on,1.8,VIOLATED,-7.6015,,,9.0889,_2031_,894,56,,24859.6992,,,,,,,,,167.0,75.80000000000001,,,,,,vectorless,,,2.0,3.0,ad5a1395a4ae,uncommitted
r27_exception_scope_probe,J - constraint interaction,yosys,0.58,orig,on,2.4,VIOLATED,-7.0015,,,9.0889,_2031_,894,56,,24859.6992,,,,,,,,,125.0,56.9,,,,,,vectorless,,,2.0,3.0,ad5a1395a4ae,uncommitted
r27_exception_scope_probe,J - constraint interaction,yosys,0.58,orig,on,3.2,VIOLATED,-6.2015,,,9.0889,_2031_,894,56,,24859.6992,,,,,,,,,93.7,42.7,,,,,,vectorless,,,2.0,3.0,ad5a1395a4ae,uncommitted
r27_exception_scope_probe,J - constraint interaction,yosys,0.58,orig,on,4.0,VIOLATED,-5.4015,,,9.0889,_2031_,894,56,,24859.6992,,,,,,,,,75.0,34.1,,,,,,vectorless,,,2.0,2.0,ad5a1395a4ae,uncommitted
r27_exception_scope_probe,J - constraint interaction,yosys,0.58,orig,on,5.2,VIOLATED,-4.2015,,,9.0889,_2031_,894,56,,24859.6992,,,,,,,,,57.7,26.200000000000003,,,,,,vectorless,,,1.0,2.0,ad5a1395a4ae,uncommitted
r27_exception_scope_probe,J - constraint interaction,yosys,0.58,retimed,off,1.8,VIOLATED,-15.5952,,,17.1052,_1184_,842,56,,17792.4096,,,,,,,,,167.0,64.9,,,,,,vectorless,,,2.0,2.0,ad5a1395a4ae,uncommitted
r27_exception_scope_probe,J - constraint interaction,yosys,0.58,retimed,off,2.4,VIOLATED,-14.9952,,,17.1052,_1184_,842,56,,17792.4096,,,,,,,,,131.0,51.0,,,,,,vectorless,,,1.0,2.0,ad5a1395a4ae,uncommitted
r27_exception_scope_probe,J - constraint interaction,yosys,0.58,retimed,off,3.2,VIOLATED,-14.1952,,,17.1052,_1184_,842,56,,17792.4096,,,,,,,,,101.0,39.199999999999996,,,,,,vectorless,,,1.0,2.0,ad5a1395a4ae,uncommitted
r27_exception_scope_probe,J - constraint interaction,yosys,0.58,retimed,off,4.0,VIOLATED,-13.3952,,,17.1052,_1184_,842,56,,17792.4096,,,,,,,,,81.4,31.6,,,,,,vectorless,,,1.0,2.0,ad5a1395a4ae,uncommitted
r27_exception_scope_probe,J - constraint interaction,yosys,0.58,retimed,off,5.2,VIOLATED,-12.1952,,,17.1052,_1184_,842,56,,17792.4096,,,,,,,,,62.8,24.400000000000002,,,,,,vectorless,,,1.0,2.0,ad5a1395a4ae,uncommitted
r27_exception_scope_probe,J - constraint interaction,yosys,0.58,retimed,on,4.0,VIOLATED,-5.3167,,,8.9983,_1929_,898,56,,22429.6128,,,,,,,,,68.6,30.8,,,,,,vectorless,,,1.0,2.0,ad5a1395a4ae,uncommitted
r28_congestion_wire_split,H - net delay dominates logic delay,,,orig,,6.0,,,,,,,,,,,,,,,,,,,,,,,,,,,,,,104.0,,
r28_congestion_wire_split,H - net delay dominates logic delay,,,orig,,6.0,,,,,,,,,,,,,,,,,,,,,,,,,,,,,,104.0,,
r28_congestion_wire_split,H - net delay dominates logic delay,,,orig,,6.0,,,,,,,,,,,,,,,,,,,,,,,,,,,,,,131.0,,
r28_congestion_wire_split,H - net delay dominates logic delay,,,orig,,6.0,,,,,,,,,,,,,,,,,,,,,,,,,,,,,,17.0,,
r28_congestion_wire_split,H - net delay dominates logic delay,genus,23.12-s086_1,orig,off,1.0,MET,0.266,,,0.284,mid_q_reg[248]/D,1842,768,0,6726.073511750001,,,,,,,,,7.74152,1.54244,5.8721499999999995,1.03302,0.836352,,,probabilistic,,,6,15.0,b475c9b1824d,uncommitted
r28_congestion_wire_split,H - net delay dominates logic delay,genus,23.12-s086_1,orig,off,1.2,MET,0.571,,,0.18,in_q_reg[46]/D,1848,768,0,6739.976736500001,,,,,,,,,6.46739,1.28531,4.903689999999999,0.866742,0.69696,,,probabilistic,,,6,14.0,b475c9b1824d,uncommitted
r28_congestion_wire_split,H - net delay dominates logic delay,genus,23.12-s086_1,orig,off,1.5,MET,0.766,,,0.284,mid_q_reg[248]/D,1842,768,0,6726.073511750001,,,,,,,,,5.1905600000000005,1.0282900000000001,3.9349600000000002,0.698031,0.5575680000000001,,,probabilistic,,,6,15.0,b475c9b1824d,uncommitted
r28_congestion_wire_split,H - net delay dominates logic delay,genus,23.12-s086_1,orig,off,6.0,MET,0.0,,,5.707,out_q_reg[61]/D,1977,192,0,97380.58970325,,,,,,,,,131.663,50.5961,36.719300000000004,90.9439,4.0,,,probabilistic,,,35,45.0,3472f3b3e00c,uncommitted
r28_congestion_wire_split,H - net delay dominates logic delay,genus,23.12-s086_1,retimed,off,1.2,MET,0.453,,,0.304,mid_q_reg[224]/D,1846,768,0,6788.111139750001,,,,,,,,,6.52374,1.21414,5.06995,0.756831,0.69696,,,probabilistic,,,6,14.0,b475c9b1824d,uncommitted
r28_congestion_wire_split,H - net delay dominates logic delay,genus,23.12-s086_1,retimed,off,1.5,MET,0.695,,,0.367,mid_q_reg[168]/D,1840,768,0,6774.4739150000005,,,,,,,,,5.23343,0.971436,4.0679799999999995,0.6078779999999999,0.5575680000000001,,,probabilistic,,,6,15.0,b475c9b1824d,uncommitted
r28_congestion_wire_split,H - net delay dominates logic delay,genus,23.12-s086_1,retimed,off,6.0,VIOLATED,-0.312,,,6.01,mid_q_reg[4]/D,2939,192,0,139389.9121835,,,,,,,,,194.529,80.70270000000001,41.5277,149.002,4.0,,,probabilistic,,,129,137.0,3472f3b3e00c,uncommitted
r28_congestion_wire_split,H - net delay dominates logic delay,innovus,23.12-s091_1,orig,,1.0,,,,,,,1945,768,0,,31976.45,0.049,56.084,20.44,0.358,0.092,10,0,7.51861323,2.05646936,,,1.254,5.128,1.137,probabilistic,,,60,79.0,,
r28_congestion_wire_split,H - net delay dominates logic delay,innovus,23.12-s091_1,orig,,1.2,,,,,,,1948,768,0,,31606.835,0.089,56.0,11.23,0.577,0.073,10,0,6.28921359,1.71644964,,,1.044,4.28,0.9659,probabilistic,,,57,82.0,,
r28_congestion_wire_split,H - net delay dominates logic delay,innovus,23.12-s091_1,orig,,1.5,,,,,,,1941,768,0,,31971.29,0.032,56.049,9.47,0.879,0.092,10,0,5.04070283,1.36824664,,,0.8301,3.436,0.7743,probabilistic,,,58,76.0,,
r28_congestion_wire_split,H - net delay dominates logic delay,innovus,23.12-s091_1,orig,,1.5,,,,,,,1940,768,0,,32851.04,0.16,56.039,12.5,0.742,0.106,10,0,5.05861269,1.38155051,,,0.8365,3.443,0.7794,probabilistic,,,57,74.0,,
r28_congestion_wire_split,H - net delay dominates logic delay,innovus,23.12-s091_1,orig,,6.0,,,,,,,2151,192,0,,74610.19,-0.002,62.353,0.52,5.884,0.031,5,0,123.28329468,48.52496266,,,12.84,30.78,79.66,probabilistic,,,99,118.0,,
r28_congestion_wire_split,H - net delay dominates logic delay,innovus,23.12-s091_1,orig,,6.0,,,,,,,2194,192,0,,81216.65,0.016,63.337,0.44,5.917,0.026,3,0,125.14928681,51.15633819,,,9.684,31.89,83.57,probabilistic,,,136,156.0,,
r28_congestion_wire_split,H - net delay dominates logic delay,innovus,23.12-s091_1,orig,,6.0,,,,,,,2151,192,0,,74610.19,-0.002,62.353,0.52,5.884,0.031,5,0,123.28329468,48.52496266,,,12.84,30.78,79.66,probabilistic,,,98,120.0,,
r28_congestion_wire_split,H - net delay dominates logic delay,innovus,23.12-s091_1,orig,,6.0,,,,,,,3006,192,0,,82005.605,-17.226,104.42,19.97,21.416,5.344,5,0,837.05774982,614.85446468,,,175.1,87.68,574.2,probabilistic,,,349,368.0,,
r28_congestion_wire_split,H - net delay dominates logic delay,innovus,23.12-s091_1,orig,,6.0,,,,,,,2151,192,0,,74610.19,-0.002,62.353,0.52,5.884,0.031,5,0,123.28329467,48.52496266,,,12.84,30.78,79.66,probabilistic,,,98,126.0,,
r28_congestion_wire_split,H - net delay dominates logic delay,innovus,23.12-s091_1,retimed,,1.2,,,,,,,1983,768,0,,32229.92,0.042,56.33,11.48,0.586,0.076,10,0,6.28958588,1.69539905,,,1.048,4.272,0.9695,probabilistic,,,62,84.0,,
r28_congestion_wire_split,H - net delay dominates logic delay,innovus,23.12-s091_1,retimed,,1.5,,,,,,,1995,768,0,,32679.425,0.386,56.558,8.06,0.582,0.051,10,0,5.04675991,1.35980914,,,0.8422,3.416,0.7885,probabilistic,,,57,75.0,,
r28_congestion_wire_split,H - net delay dominates logic delay,innovus,23.12-s091_1,retimed,,1.5,,,,,,,1984,768,0,,33151.135,0.329,56.459,8.25,0.623,0.056,10,0,5.05103317,1.35773738,,,0.8335,3.428,0.7896,probabilistic,,,58,75.0,,
r28_congestion_wire_split,H - net delay dominates logic delay,innovus,23.12-s091_1,retimed,,6.0,,,,,,,4234,192,0,,125079.01,-22.42,102.094,26.07,25.083,8.847,5,0,1392.1321454,1038.86707622,,,196.0,87.58,1109.0,probabilistic,,,305,324.0,,
