bench,class,tool,tool_version,variant,mode,period_ns,timing_status,postroute_wns_reg2reg,postroute_tns_reg2reg,postroute_violating_reg2reg,num_ffs,num_ffs_pre_syn,num_cells,area_um2,routed_wirelength_um,achieved_density_pct,overflow_route,overflow_route_h_pct,overflow_route_v_pct,path_route_share_pct,path_cell_delay_ns,path_net_delay_ns,congestion_place_max_level,congestion_place_windows,congestion_route_max_level,congestion_route_windows,max_route_layer,place_blockage_frac,power_mw,power_switching_mw,power_register_mw,power_logic_mw,power_clock_mw,power_mode,num_lut,runtime_total_s,wall_seconds,sdc_sha1,git_commit
r01_reset_backward_barrier,A - reset / initial state,,,directive,,0.1284,,,,,,,,,,,,,,,,,,,,,,,,,,,,,,,22.0,,
r01_reset_backward_barrier,A - reset / initial state,,,orig,,0.1284,,,,,,,,,,,,,,,,,,,,,,,,,,,,,,,21.0,,
r01_reset_backward_barrier,A - reset / initial state,,,orig,,0.1284,,,,,,,,,,,,,,,,,,,,,,,,,,,,,,,23.0,,
r01_reset_backward_barrier,A - reset / initial state,,,orig,,8.0,,,,,,,,,,,,,,,,,,,,,,,,,,,,,,,66.0,,
r01_reset_backward_barrier,A - reset / initial state,,,orig,,8.0,,,,,,,,,,,,,,,,,,,,,,,,,,,,,,,11.0,,
r01_reset_backward_barrier,A - reset / initial state,,,retimed,,0.1284,,,,,,,,,,,,,,,,,,,,,,,,,,,,,,,22.0,,
r01_reset_backward_barrier,A - reset / initial state,,,retimed,,8.0,,,,,,,,,,,,,,,,,,,,,,,,,,,,,,,23.0,,
r01_reset_backward_barrier,A - reset / initial state,genus,23.12-s086_1,directive,off,0.1284,VIOLATED,,,,106,64,616,1661.67102475,,,,,,,,,,,,,,,12.1475,4.00569,6.39349,4.85308,0.900903,probabilistic,,43,56.0,6cef38b0bbd0,4f7c7a48
r01_reset_backward_barrier,A - reset / initial state,genus,23.12-s086_1,directive,off,0.1539,VIOLATED,,,,48,32,643,1624.26623375,,,,,,,,,,,,,,,12.324200000000001,5.407900000000001,3.78764,8.1961,0.340435,probabilistic,,47,55.0,6cef38b0bbd0,585535c
r01_reset_backward_barrier,A - reset / initial state,genus,23.12-s086_1,directive,off,0.1576,VIOLATED,,,,112,64,659,1828.8421024999998,,,,,,,,,,,,,,,10.7898,3.61158,5.8138499999999995,4.20049,0.775444,probabilistic,,44,55.0,6cef38b0bbd0,4f7c7a48
r01_reset_backward_barrier,A - reset / initial state,genus,23.12-s086_1,directive,off,0.1608,VIOLATED,,,,49,32,602,1548.680523,,,,,,,,,,,,,,,11.4825,4.99538,3.6642200000000003,7.4841999999999995,0.334104,probabilistic,,46,56.0,6cef38b0bbd0,33c3049
r01_reset_backward_barrier,A - reset / initial state,genus,23.12-s086_1,directive,off,0.1834,VIOLATED,,,,112,64,675,1849.2430024999999,,,,,,,,,,,,,,,9.59208,3.23296,4.953469999999999,3.97226,0.666358,probabilistic,,52,66.0,6cef38b0bbd0,4f7c7a48
r01_reset_backward_barrier,A - reset / initial state,genus,23.12-s086_1,directive,off,0.2199,VIOLATED,,,,54,32,624,1609.5481715,,,,,,,,,,,,,,,8.819600000000001,3.81408,2.85842,5.6926499999999995,0.268522,probabilistic,,39,47.0,6cef38b0bbd0,cc9b1e0
r01_reset_backward_barrier,A - reset / initial state,genus,23.12-s086_1,directive,off,0.3141,VIOLATED,,,,52,32,611,1549.566526,,,,,,,,,,,,,,,5.71432,2.45174,1.89102,3.64264,0.180672,probabilistic,,42,52.0,6cef38b0bbd0,cc9b1e0
r01_reset_backward_barrier,A - reset / initial state,genus,23.12-s086_1,directive,off,0.3153,MET,,,,118,64,444,1420.46953825,,,,,,,,,,,,,,,4.6917800000000005,1.3352,2.90664,1.37682,0.408322,probabilistic,,28,41.0,6cef38b0bbd0,4f7c7a48
r01_reset_backward_barrier,A - reset / initial state,genus,23.12-s086_1,directive,off,0.3438,VIOLATED,,,,,,513,1318.47518225,,,,,,,,,,,,,,,4.77773,1.8519400000000001,1.84545,2.76054,0.171751,probabilistic,,26,34.0,74b0f336603c,uncommitted
r01_reset_backward_barrier,A - reset / initial state,genus,23.12-s086_1,directive,off,0.4487,MET,,,,54,32,329,963.4067445,,,,,,,,,,,,,,,2.6380700000000004,0.896729,1.2678800000000001,1.23913,0.13105899999999998,probabilistic,,18,26.0,6cef38b0bbd0,33c3049
r01_reset_backward_barrier,A - reset / initial state,genus,23.12-s086_1,directive,off,0.6306,MET,,,,75,64,291,983.755971,,,,,,,,,,,,,,,1.6487699999999998,0.46149500000000004,0.9405140000000001,0.578734,0.12952,probabilistic,,16,29.0,6cef38b0bbd0,4f7c7a48
r01_reset_backward_barrier,A - reset / initial state,genus,23.12-s086_1,directive,off,0.6602,MET,,,,,,384,1084.263923,,,,,,,,,,,,,,,2.2135599999999998,0.7483960000000001,1.04338,1.07267,0.0975038,probabilistic,,17,27.0,74b0f336603c,uncommitted
r01_reset_backward_barrier,A - reset / initial state,genus,23.12-s086_1,directive,off,1.031,MET,,,,,,244,701.3774085,,,,,,,,,,,,,,,0.82084,0.299048,0.297701,0.493565,0.0295752,probabilistic,,17,26.0,74b0f336603c,uncommitted
r01_reset_backward_barrier,A - reset / initial state,genus,23.12-s086_1,orig,off,0.1284,VIOLATED,,,,48,64,666,1679.267989,,,,,,,,,,,,,,,15.4883,7.0686,3.48898,11.5922,0.40710300000000005,probabilistic,,76,93.0,6cef38b0bbd0,4f7c7a48
r01_reset_backward_barrier,A - reset / initial state,genus,23.12-s086_1,orig,off,0.1539,VIOLATED,,,,24,32,598,1467.94391525,,,,,,,,,,,,,,,12.0915,5.78995,1.99211,9.93275,0.16668,probabilistic,,44,54.0,6cef38b0bbd0,585535c
r01_reset_backward_barrier,A - reset / initial state,genus,23.12-s086_1,orig,off,0.1608,VIOLATED,,,,24,32,592,1457.5916625,,,,,,,,,,,,,,,11.2613,5.35346,1.9002299999999999,9.20152,0.159527,probabilistic,,57,66.0,6cef38b0bbd0,33c3049
r01_reset_backward_barrier,A - reset / initial state,genus,23.12-s086_1,orig,off,0.1834,VIOLATED,,,,48,64,709,1740.8437895,,,,,,,,,,,,,,,11.3214,5.268529999999999,2.4772499999999997,8.55917,0.28501600000000005,probabilistic,,77,91.0,6cef38b0bbd0,4f7c7a48
r01_reset_backward_barrier,A - reset / initial state,genus,23.12-s086_1,orig,off,0.2199,VIOLATED,,,,24,32,566,1383.90157125,,,,,,,,,,,,,,,7.92966,3.7145300000000003,1.29753,6.50997,0.122156,probabilistic,,47,56.0,6cef38b0bbd0,cc9b1e0
r01_reset_backward_barrier,A - reset / initial state,genus,23.12-s086_1,orig,off,0.3141,VIOLATED,,,,24,32,665,1624.88438925,,,,,,,,,,,,,,,6.33664,3.09414,0.922969,5.32892,0.0847501,probabilistic,,71,80.0,6cef38b0bbd0,cc9b1e0
r01_reset_backward_barrier,A - reset / initial state,genus,23.12-s086_1,orig,off,0.3438,VIOLATED,,,,,,621,1543.02032475,,,,,,,,,,,,,,,6.03268,2.89901,1.00509,4.947349999999999,0.08024429999999999,probabilistic,,52,60.0,74b0f336603c,uncommitted
r01_reset_backward_barrier,A - reset / initial state,genus,23.12-s086_1,orig,off,0.4487,VIOLATED,,,,24,32,654,1595.8091715,,,,,,,,,,,,,,,4.37108,2.13084,0.6503220000000001,3.66197,0.0587876,probabilistic,,73,82.0,6cef38b0bbd0,33c3049
r01_reset_backward_barrier,A - reset / initial state,genus,23.12-s086_1,orig,off,0.6306,VIOLATED,,,,48,64,709,1774.62870575,,,,,,,,,,,,,,,3.37216,1.53842,0.731036,2.55842,0.0827006,probabilistic,,82,95.0,6cef38b0bbd0,4f7c7a48
r01_reset_backward_barrier,A - reset / initial state,genus,23.12-s086_1,orig,off,1.031,MET,,,,,,512,1277.3588875,,,,,,,,,,,,,,,1.54494,0.699809,0.299707,1.21953,0.025702199999999998,probabilistic,,21,30.0,74b0f336603c,uncommitted
r01_reset_backward_barrier,A - reset / initial state,genus,23.12-s086_1,orig,on,0.1284,VIOLATED,,,,106,64,616,1661.67102475,,,,,,,,,,,,,,,12.1475,4.00569,6.39349,4.85308,0.900903,probabilistic,,44,57.0,6cef38b0bbd0,4f7c7a48
r01_reset_backward_barrier,A - reset / initial state,genus,23.12-s086_1,orig,on,0.1539,VIOLATED,,,,48,32,643,1624.26623375,,,,,,,,,,,,,,,12.324200000000001,5.407900000000001,3.78764,8.1961,0.340435,probabilistic,,47,55.0,6cef38b0bbd0,585535c
r01_reset_backward_barrier,A - reset / initial state,genus,23.12-s086_1,orig,on,0.1576,VIOLATED,,,,112,64,659,1828.8421024999998,,,,,,,,,,,,,,,10.7898,3.61158,5.8138499999999995,4.20049,0.775444,probabilistic,,41,52.0,6cef38b0bbd0,4f7c7a48
r01_reset_backward_barrier,A - reset / initial state,genus,23.12-s086_1,orig,on,0.1608,VIOLATED,,,,49,32,602,1548.680523,,,,,,,,,,,,,,,11.4825,4.99538,3.6642200000000003,7.4841999999999995,0.334104,probabilistic,,47,56.0,6cef38b0bbd0,33c3049
r01_reset_backward_barrier,A - reset / initial state,genus,23.12-s086_1,orig,on,0.1834,VIOLATED,,,,112,64,675,1849.2430024999999,,,,,,,,,,,,,,,9.59208,3.23296,4.953469999999999,3.97226,0.666358,probabilistic,,46,61.0,6cef38b0bbd0,4f7c7a48
r01_reset_backward_barrier,A - reset / initial state,genus,23.12-s086_1,orig,on,0.2199,VIOLATED,,,,54,32,624,1609.5481715,,,,,,,,,,,,,,,8.819600000000001,3.81408,2.85842,5.6926499999999995,0.268522,probabilistic,,39,47.0,6cef38b0bbd0,cc9b1e0
r01_reset_backward_barrier,A - reset / initial state,genus,23.12-s086_1,orig,on,0.3141,VIOLATED,,,,52,32,611,1549.566526,,,,,,,,,,,,,,,5.71432,2.45174,1.89102,3.64264,0.180672,probabilistic,,44,52.0,6cef38b0bbd0,cc9b1e0
r01_reset_backward_barrier,A - reset / initial state,genus,23.12-s086_1,orig,on,0.3153,MET,,,,118,64,444,1420.46953825,,,,,,,,,,,,,,,4.6917800000000005,1.3352,2.90664,1.37682,0.408322,probabilistic,,27,39.0,6cef38b0bbd0,4f7c7a48
r01_reset_backward_barrier,A - reset / initial state,genus,23.12-s086_1,orig,on,0.3438,VIOLATED,,,,,,513,1318.47518225,,,,,,,,,,,,,,,4.77773,1.8519400000000001,1.84545,2.76054,0.171751,probabilistic,,26,34.0,74b0f336603c,uncommitted
r01_reset_backward_barrier,A - reset / initial state,genus,23.12-s086_1,orig,on,0.4487,MET,,,,54,32,329,963.4067445,,,,,,,,,,,,,,,2.6380700000000004,0.896729,1.2678800000000001,1.23913,0.13105899999999998,probabilistic,,18,26.0,6cef38b0bbd0,33c3049
r01_reset_backward_barrier,A - reset / initial state,genus,23.12-s086_1,orig,on,0.6306,MET,,,,75,64,291,983.755971,,,,,,,,,,,,,,,1.6487699999999998,0.46149500000000004,0.9405140000000001,0.578734,0.12952,probabilistic,,17,31.0,6cef38b0bbd0,4f7c7a48
r01_reset_backward_barrier,A - reset / initial state,genus,23.12-s086_1,orig,on,0.6602,MET,,,,,,384,1084.263923,,,,,,,,,,,,,,,2.2135599999999998,0.7483960000000001,1.04338,1.07267,0.0975038,probabilistic,,17,27.0,74b0f336603c,uncommitted
r01_reset_backward_barrier,A - reset / initial state,genus,23.12-s086_1,orig,on,1.031,MET,,,,,,244,701.3774085,,,,,,,,,,,,,,,0.82084,0.299048,0.297701,0.493565,0.0295752,probabilistic,,16,25.0,74b0f336603c,uncommitted
r01_reset_backward_barrier,A - reset / initial state,genus,23.12-s086_1,retimed,off,0.1284,VIOLATED,,,,48,64,611,1509.52604325,,,,,,,,,,,,,,,11.993500000000001,5.1834999999999996,3.26975,8.31667,0.40710300000000005,probabilistic,,38,52.0,6cef38b0bbd0,4f7c7a48
r01_reset_backward_barrier,A - reset / initial state,genus,23.12-s086_1,retimed,off,0.1539,VIOLATED,,,,24,32,508,1231.59109,,,,,,,,,,,,,,,8.35866,3.85989,1.66858,6.52026,0.169825,probabilistic,,35,43.0,6cef38b0bbd0,585535c
r01_reset_backward_barrier,A - reset / initial state,genus,23.12-s086_1,retimed,off,0.1608,VIOLATED,,,,24,32,558,1320.9742887500001,,,,,,,,,,,,,,,8.27136,3.86534,1.56331,6.54551,0.16253700000000001,probabilistic,,35,44.0,6cef38b0bbd0,33c3049
r01_reset_backward_barrier,A - reset / initial state,genus,23.12-s086_1,retimed,off,0.1834,VIOLATED,,,,48,64,659,1615.92931475,,,,,,,,,,,,,,,8.84518,3.8864199999999998,2.28672,6.2734499999999995,0.28501600000000005,probabilistic,,52,66.0,6cef38b0bbd0,4f7c7a48
r01_reset_backward_barrier,A - reset / initial state,genus,23.12-s086_1,retimed,off,0.2199,VIOLATED,,,,24,32,542,1331.15934375,,,,,,,,,,,,,,,6.52562,3.03457,1.2083199999999998,5.19735,0.119955,probabilistic,,37,45.0,6cef38b0bbd0,cc9b1e0
r01_reset_backward_barrier,A - reset / initial state,genus,23.12-s086_1,retimed,off,0.3141,VIOLATED,,,,24,32,570,1349.0022275,,,,,,,,,,,,,,,4.3801,2.0421300000000002,0.808466,3.48881,0.08282389999999999,probabilistic,,34,44.0,6cef38b0bbd0,cc9b1e0
r01_reset_backward_barrier,A - reset / initial state,genus,23.12-s086_1,retimed,off,0.3153,VIOLATED,,,,48,64,635,1606.06446675,,,,,,,,,,,,,,,5.3370500000000005,2.31329,1.3610600000000002,3.80943,0.16655199999999998,probabilistic,,51,61.0,6cef38b0bbd0,4f7c7a48
r01_reset_backward_barrier,A - reset / initial state,genus,23.12-s086_1,retimed,off,0.3438,VIOLATED,,,,,,466,1146.3847839999999,,,,,,,,,,,,,,,3.31834,1.46045,0.7882819999999999,2.45334,0.0767248,probabilistic,,29,37.0,74b0f336603c,uncommitted
r01_reset_backward_barrier,A - reset / initial state,genus,23.12-s086_1,retimed,off,0.4487,VIOLATED,,,,24,32,528,1288.4983120000002,,,,,,,,,,,,,,,3.17724,1.47328,0.5710240000000001,2.54824,0.0579786,probabilistic,,23,32.0,6cef38b0bbd0,33c3049
r01_reset_backward_barrier,A - reset / initial state,genus,23.12-s086_1,retimed,off,0.6306,MET,,,,48,64,358,1000.54898525,,,,,,,,,,,,,,,1.59399,0.5515500000000001,0.658495,0.852606,0.0828925,probabilistic,,10,25.0,6cef38b0bbd0,4f7c7a48
r01_reset_backward_barrier,A - reset / initial state,genus,23.12-s086_1,retimed,off,0.72,MET,,,,,,354,944.8432110000001,,,,,,,,,,,,,,,1.37455,0.571199,0.37121000000000004,0.966704,0.0366361,probabilistic,,9,19.0,74b0f336603c,uncommitted
r01_reset_backward_barrier,A - reset / initial state,genus,23.12-s086_1,retimed,off,1.031,MET,,,,,,248,693.0740205,,,,,,,,,,,,,,,0.726181,0.264416,0.24443199999999998,0.456399,0.0253501,probabilistic,,5,15.0,74b0f336603c,uncommitted
r01_reset_backward_barrier,A - reset / initial state,innovus-nangate45,23.12-s091_1,directive,off,0.1539,,-0.16,-3.679,28.0,48,,693,,3798.11,86.222,0,0.0,0.0,0.87,0.228,0.002,,,,,10,0,8.51813206,3.65330312,,,0.0,probabilistic,,94,113.0,,
r01_reset_backward_barrier,A - reset / initial state,innovus-nangate45,23.12-s091_1,directive,off,0.1608,,-0.159,-3.619,28.0,49,,673,,3494.99,88.659,0,0.0,0.0,1.24,0.238,0.003,,,,,10,0,8.19525181,3.48764256,,,0.0,probabilistic,,93,113.0,,
r01_reset_backward_barrier,A - reset / initial state,innovus-nangate45,23.12-s091_1,directive,off,0.1834,,-0.085,-3.279,64.0,112,,763,,4865.63,82.692,0,0.0,0.0,0.8,0.371,0.003,,,,,10,0,9.44528988,3.43575231,,,1.615,probabilistic,,187,22.0,,
r01_reset_backward_barrier,A - reset / initial state,innovus-nangate45,23.12-s091_1,directive,off,0.2199,,-0.101,-2.179,29.0,54,,693,,3620.91,87.319,0,0.0,0.0,1.21,0.245,0.003,,,,,10,0,6.34616169,2.66293845,,,0.0,probabilistic,,97,117.0,,
r01_reset_backward_barrier,A - reset / initial state,innovus-nangate45,23.12-s091_1,directive,off,0.3141,,-0.019,-0.217,16.0,52,,660,,3495.52,87.054,0,0.0,0.0,0.93,0.213,0.002,,,,,10,0,4.11598459,1.75138169,,,0.0,probabilistic,,93,116.0,,
r01_reset_backward_barrier,A - reset / initial state,innovus-nangate45,23.12-s091_1,directive,off,0.4487,,0.002,0.0,0.0,54,,358,,1985.505,72.53,0,0.0,0.0,0.76,0.393,0.003,,,,,10,0,1.50397838,0.44833295,,,0.0,probabilistic,,61,80.0,,
r01_reset_backward_barrier,A - reset / initial state,innovus-nangate45,23.12-s091_1,orig,off,0.1539,,-0.01,-0.052,8.0,24,,672,,3099.14,93.1,0,0.0,0.0,1.43,0.552,0.008,,,,,10,0,14.75803008,7.42719685,,,0.0,probabilistic,,89,110.0,,
r01_reset_backward_barrier,A - reset / initial state,innovus-nangate45,23.12-s091_1,orig,off,0.1608,,-0.004,-0.006,3.0,24,,689,,3286.7,95.724,0,0.0,0.0,0.53,0.565,0.003,,,,,10,0,15.15998939,7.57307236,,,0.0,probabilistic,,85,104.0,,
r01_reset_backward_barrier,A - reset / initial state,innovus-nangate45,23.12-s091_1,orig,off,0.1834,,0.003,0.0,0.0,48,,862,,4694.865,99.319,0,0.0,0.0,0.15,0.678,0.001,,,,,10,0,17.41588517,8.60353496,,,1.966,probabilistic,,5278,24.0,,
r01_reset_backward_barrier,A - reset / initial state,innovus-nangate45,23.12-s091_1,orig,off,0.2199,,0.027,0.0,0.0,24,,660,,3311.59,97.321,0,0.0,0.0,0.17,0.58,0.001,,,,,10,0,10.49746907,5.22848832,,,0.0,probabilistic,,85,104.0,,
r01_reset_backward_barrier,A - reset / initial state,innovus-nangate45,23.12-s091_1,orig,off,0.3141,,0.121,0.0,0.0,24,,715,,3612.1,88.853,0,0.0,0.0,0.74,0.536,0.004,,,,,10,0,7.87084942,3.96179025,,,0.0,probabilistic,,94,116.0,,
r01_reset_backward_barrier,A - reset / initial state,innovus-nangate45,23.12-s091_1,orig,off,0.4487,,0.27,0.0,0.0,24,,700,,3624.05,92.061,0,0.0,0.0,1.57,0.563,0.009,,,,,10,0,5.67772894,2.90774376,,,0.0,probabilistic,,71,90.0,,
r01_reset_backward_barrier,A - reset / initial state,innovus-nangate45,23.12-s091_1,orig,on,0.1539,,-0.16,-3.679,28.0,48,,693,,3798.11,86.222,0,0.0,0.0,0.87,0.228,0.002,,,,,10,0,8.51813206,3.65330312,,,0.0,probabilistic,,93,112.0,,
r01_reset_backward_barrier,A - reset / initial state,innovus-nangate45,23.12-s091_1,orig,on,0.1608,,-0.159,-3.619,28.0,49,,673,,3494.99,88.659,0,0.0,0.0,1.24,0.238,0.003,,,,,10,0,8.19525181,3.48764256,,,0.0,probabilistic,,93,111.0,,
r01_reset_backward_barrier,A - reset / initial state,innovus-nangate45,23.12-s091_1,orig,on,0.1834,,-0.085,-3.279,64.0,112,,763,,4865.63,82.692,0,0.0,0.0,0.8,0.371,0.003,,,,,10,0,9.44528988,3.43575231,,,1.615,probabilistic,,179,21.0,,
r01_reset_backward_barrier,A - reset / initial state,innovus-nangate45,23.12-s091_1,orig,on,0.2199,,-0.101,-2.179,29.0,54,,693,,3620.91,87.319,0,0.0,0.0,1.21,0.245,0.003,,,,,10,0,6.34616169,2.66293845,,,0.0,probabilistic,,98,118.0,,
r01_reset_backward_barrier,A - reset / initial state,innovus-nangate45,23.12-s091_1,orig,on,0.3141,,-0.019,-0.217,16.0,52,,660,,3495.52,87.054,0,0.0,0.0,0.93,0.213,0.002,,,,,10,0,4.11598459,1.75138169,,,0.0,probabilistic,,90,111.0,,
r01_reset_backward_barrier,A - reset / initial state,innovus-nangate45,23.12-s091_1,orig,on,0.4487,,0.002,0.0,0.0,54,,358,,1985.505,72.53,0,0.0,0.0,0.76,0.393,0.003,,,,,10,0,1.50397838,0.44833295,,,0.0,probabilistic,,60,79.0,,
r01_reset_backward_barrier,A - reset / initial state,innovus-nangate45,23.12-s091_1,retimed,off,0.1539,,-0.191,-1.478,8.0,24,,661,,3094.39,99.647,0,0.0,0.0,0.32,0.308,0.001,,,,,10,0,8.98604677,4.23547501,,,1.222,probabilistic,,2677,2702.0,,
r01_reset_backward_barrier,A - reset / initial state,innovus-nangate45,23.12-s091_1,retimed,off,0.1608,,-0.179,-1.389,8.0,24,,705,,3670.84,100.139,0,0.0,0.0,0.0,0.287,0.0,,,,,10,0,8.52622406,4.06149498,,,0.9199,probabilistic,,2167,2186.0,,
r01_reset_backward_barrier,A - reset / initial state,innovus-nangate45,23.12-s091_1,retimed,off,0.1834,,-0.279,-5.306,26.0,48,,835,,4201.765,95.139,0,0.0,0.0,0.65,0.462,0.003,,,,,10,0,9.93164555,4.60485072,,,1.122,probabilistic,,206,23.0,,
r01_reset_backward_barrier,A - reset / initial state,innovus-nangate45,23.12-s091_1,retimed,off,0.2199,,-0.135,-0.951,8.0,24,,666,,3421.275,97.326,0,0.0,0.0,0.0,0.291,0.0,,,,,10,0,6.76232775,3.19098874,,,0.7872,probabilistic,,101,122.0,,
r01_reset_backward_barrier,A - reset / initial state,innovus-nangate45,23.12-s091_1,retimed,off,0.3141,,-0.041,-0.245,8.0,24,,710,,3235.43,97.23,0,0.0,0.0,0.32,0.312,0.001,,,,,10,0,4.59778582,2.15613831,,,0.4992,probabilistic,,110,132.0,,
r01_reset_backward_barrier,A - reset / initial state,innovus-nangate45,23.12-s091_1,retimed,off,0.4487,,0.009,0.0,0.0,24,,620,,3052.47,86.418,0,0.0,0.0,0.0,0.317,0.0,,,,,10,0,2.7671088,1.32290568,,,0.1985,probabilistic,,90,108.0,,
r01_reset_backward_barrier,A - reset / initial state,openroad_syn,,directive,unsupported,0.904,VIOLATED,,,,,,245,,,,,,,,,,,,,,,,0.720554,0.181367,,,,vectorless,,0,1.0,6cef38b0bbd0,uncommitted
r01_reset_backward_barrier,A - reset / initial state,openroad_syn,,directive,unsupported,1.104,VIOLATED,,,,,,245,,,,,,,,,,,,,,,,0.59581,0.14851099999999998,,,,vectorless,,0,1.0,6cef38b0bbd0,uncommitted
r01_reset_backward_barrier,A - reset / initial state,openroad_syn,,directive,unsupported,1.356,VIOLATED,,,,,,245,,,,,,,,,,,,,,,,0.491025,0.12091199999999999,,,,vectorless,,1,1.0,6cef38b0bbd0,uncommitted
r01_reset_backward_barrier,A - reset / initial state,openroad_syn,,directive,unsupported,1.65,VIOLATED,,,,,,245,,,,,,,,,,,,,,,,0.409541,0.0993673,,,,vectorless,,1,1.0,6cef38b0bbd0,uncommitted
r01_reset_backward_barrier,A - reset / initial state,openroad_syn,,directive,unsupported,1.997,VIOLATED,,,,,,245,,,,,,,,,,,,,,,,0.34494,0.0821012,,,,vectorless,,0,0.0,6cef38b0bbd0,uncommitted
r01_reset_backward_barrier,A - reset / initial state,openroad_syn,,directive,unsupported,2.407,MET,,,,,,245,,,,,,,,,,,,,,,,0.29261499999999996,0.0681164,,,,vectorless,,0,0.0,6cef38b0bbd0,uncommitted
r01_reset_backward_barrier,A - reset / initial state,openroad_syn,,orig,unsupported,0.904,VIOLATED,,,,,,245,,,,,,,,,,,,,,,,0.720554,0.181367,,,,vectorless,,0,0.0,6cef38b0bbd0,uncommitted
r01_reset_backward_barrier,A - reset / initial state,openroad_syn,,orig,unsupported,1.05,VIOLATED,,,,,,245,,,,,,,,,,,,,,,,0.624808,0.156149,,,,vectorless,,0,1.0,6cef38b0bbd0,uncommitted
r01_reset_backward_barrier,A - reset / initial state,openroad_syn,,orig,unsupported,1.104,VIOLATED,,,,,,245,,,,,,,,,,,,,,,,0.59581,0.14851099999999998,,,,vectorless,,0,0.0,6cef38b0bbd0,uncommitted
r01_reset_backward_barrier,A - reset / initial state,openroad_syn,,orig,unsupported,1.356,VIOLATED,,,,,,245,,,,,,,,,,,,,,,,0.491025,0.12091199999999999,,,,vectorless,,0,0.0,6cef38b0bbd0,uncommitted
r01_reset_backward_barrier,A - reset / initial state,openroad_syn,,orig,unsupported,1.65,VIOLATED,,,,,,245,,,,,,,,,,,,,,,,0.409541,0.0993673,,,,vectorless,,0,0.0,6cef38b0bbd0,uncommitted
r01_reset_backward_barrier,A - reset / initial state,openroad_syn,,orig,unsupported,1.997,VIOLATED,,,,,,245,,,,,,,,,,,,,,,,0.34494,0.0821012,,,,vectorless,,0,1.0,6cef38b0bbd0,uncommitted
r01_reset_backward_barrier,A - reset / initial state,openroad_syn,,orig,unsupported,2.407,MET,,,,,,245,,,,,,,,,,,,,,,,0.29261499999999996,0.0681164,,,,vectorless,,0,1.0,6cef38b0bbd0,uncommitted
r01_reset_backward_barrier,A - reset / initial state,openroad_syn,,retimed,unsupported,0.904,VIOLATED,,,,,,242,,,,,,,,,,,,,,,,0.606869,0.146656,,,,vectorless,,0,1.0,6cef38b0bbd0,uncommitted
r01_reset_backward_barrier,A - reset / initial state,openroad_syn,,retimed,unsupported,1.104,MET,,,,,,242,,,,,,,,,,,,,,,,0.502282,0.120088,,,,vectorless,,0,1.0,6cef38b0bbd0,uncommitted
r01_reset_backward_barrier,A - reset / initial state,openroad_syn,,retimed,unsupported,1.356,MET,,,,,,242,,,,,,,,,,,,,,,,0.41442999999999997,0.097771,,,,vectorless,,0,1.0,6cef38b0bbd0,uncommitted
r01_reset_backward_barrier,A - reset / initial state,openroad_syn,,retimed,unsupported,1.65,MET,,,,,,242,,,,,,,,,,,,,,,,0.346125,0.08035,,,,vectorless,,1,1.0,6cef38b0bbd0,uncommitted
r01_reset_backward_barrier,A - reset / initial state,openroad_syn,,retimed,unsupported,1.997,MET,,,,,,242,,,,,,,,,,,,,,,,0.29199899999999995,0.0663883,,,,vectorless,,1,1.0,6cef38b0bbd0,uncommitted
r01_reset_backward_barrier,A - reset / initial state,openroad_syn,,retimed,unsupported,2.407,MET,,,,,,242,,,,,,,,,,,,,,,,0.24816,0.055080000000000004,,,,vectorless,,1,1.0,6cef38b0bbd0,uncommitted
r01_reset_backward_barrier,A - reset / initial state,vivado-xc7a100t,2025.2,directive,on,4.0,VIOLATED,,,,,,,,,,,,,,,,,,,,,,136.0,,,,,vectorless,84,309,351.0,,
r01_reset_backward_barrier,A - reset / initial state,vivado-xc7a100t,2025.2,orig,off,4.0,VIOLATED,,,,,,,,,,,,,,,,,,,,,,136.0,,,,,vectorless,84,315,351.0,,
r01_reset_backward_barrier,A - reset / initial state,vivado-xc7a100t,2025.2,orig,on,4.0,VIOLATED,,,,,,,,,,,,,,,,,,,,,,136.0,,,,,vectorless,84,316,353.0,,
r01_reset_backward_barrier,A - reset / initial state,vivado-xc7a100t,2025.2,retimed,off,4.0,VIOLATED,,,,,,,,,,,,,,,,,,,,,,138.0,,,,,vectorless,84,297,337.0,,
r01_reset_backward_barrier,A - reset / initial state,vivado-xcau7p,2025.2,directive,on,4.0,VIOLATED,,,,,,,,,,,,,,,,,,,,,,178.0,,,,,vectorless,113,247,269.0,,
r01_reset_backward_barrier,A - reset / initial state,vivado-xcau7p,2025.2,orig,off,4.0,VIOLATED,,,,,,,,,,,,,,,,,,,,,,178.0,,,,,vectorless,113,256,277.0,,
r01_reset_backward_barrier,A - reset / initial state,vivado-xcau7p,2025.2,orig,on,4.0,VIOLATED,,,,,,,,,,,,,,,,,,,,,,178.0,,,,,vectorless,113,260,281.0,,
r01_reset_backward_barrier,A - reset / initial state,vivado-xcau7p,2025.2,retimed,off,4.0,VIOLATED,,,,,,,,,,,,,,,,,,,,,,178.0,,,,,vectorless,70,276,297.0,,
r01_reset_backward_barrier,A - reset / initial state,vivado2023.1-xc7a100t,2023.1,directive,on,5.2,VIOLATED,,,,,,,,,,,,,,,,,,,,,,125.0,,,,,vectorless,84,29,35.0,,
r01_reset_backward_barrier,A - reset / initial state,vivado2023.1-xc7a100t,2023.1,directive,on,6.4,VIOLATED,,,,,,,,,,,,,,,,,,,,,,119.0,,,,,vectorless,84,29,35.0,,
r01_reset_backward_barrier,A - reset / initial state,vivado2023.1-xc7a100t,2023.1,directive,on,8.0,VIOLATED,,,,,,,,,,,,,,,,,,,,,,113.0,,,,,vectorless,84,28,35.0,,
r01_reset_backward_barrier,A - reset / initial state,vivado2023.1-xc7a100t,2023.1,directive,on,9.6,MET,,,,,,,,,,,,,,,,,,,,,,109.0,,,,,vectorless,84,29,40.0,,
r01_reset_backward_barrier,A - reset / initial state,vivado2023.1-xc7a100t,2023.1,directive,on,12.0,MET,,,,,,,,,,,,,,,,,,,,,,105.0,,,,,vectorless,84,28,39.0,,
r01_reset_backward_barrier,A - reset / initial state,vivado2023.1-xc7a100t,2023.1,orig,off,5.2,VIOLATED,,,,,,,,,,,,,,,,,,,,,,125.0,,,,,vectorless,84,28,35.0,,
r01_reset_backward_barrier,A - reset / initial state,vivado2023.1-xc7a100t,2023.1,orig,off,6.4,VIOLATED,,,,,,,,,,,,,,,,,,,,,,119.0,,,,,vectorless,84,30,42.0,,
r01_reset_backward_barrier,A - reset / initial state,vivado2023.1-xc7a100t,2023.1,orig,off,8.0,VIOLATED,,,,,,,,,,,,,,,,,,,,,,113.0,,,,,vectorless,84,29,39.0,,
r01_reset_backward_barrier,A - reset / initial state,vivado2023.1-xc7a100t,2023.1,orig,off,9.6,MET,,,,,,,,,,,,,,,,,,,,,,109.0,,,,,vectorless,84,30,41.0,,
r01_reset_backward_barrier,A - reset / initial state,vivado2023.1-xc7a100t,2023.1,orig,off,12.0,MET,,,,,,,,,,,,,,,,,,,,,,105.0,,,,,vectorless,84,27,35.0,,
r01_reset_backward_barrier,A - reset / initial state,vivado2023.1-xc7a100t,2023.1,orig,on,5.2,VIOLATED,,,,,,,,,,,,,,,,,,,,,,125.0,,,,,vectorless,84,29,42.0,,
r01_reset_backward_barrier,A - reset / initial state,vivado2023.1-xc7a100t,2023.1,orig,on,6.4,VIOLATED,,,,,,,,,,,,,,,,,,,,,,119.0,,,,,vectorless,84,29,42.0,,
r01_reset_backward_barrier,A - reset / initial state,vivado2023.1-xc7a100t,2023.1,orig,on,8.0,VIOLATED,,,,,,,,,,,,,,,,,,,,,,113.0,,,,,vectorless,84,28,36.0,,
r01_reset_backward_barrier,A - reset / initial state,vivado2023.1-xc7a100t,2023.1,orig,on,9.6,MET,,,,,,,,,,,,,,,,,,,,,,109.0,,,,,vectorless,84,28,36.0,,
r01_reset_backward_barrier,A - reset / initial state,vivado2023.1-xc7a100t,2023.1,orig,on,12.0,MET,,,,,,,,,,,,,,,,,,,,,,105.0,,,,,vectorless,84,27,35.0,,
r01_reset_backward_barrier,A - reset / initial state,vivado2023.1-xc7a100t,2023.1,retimed,off,5.2,VIOLATED,,,,,,,,,,,,,,,,,,,,,,125.0,,,,,vectorless,84,28,36.0,,
r01_reset_backward_barrier,A - reset / initial state,vivado2023.1-xc7a100t,2023.1,retimed,off,6.4,VIOLATED,,,,,,,,,,,,,,,,,,,,,,119.0,,,,,vectorless,84,28,38.0,,
r01_reset_backward_barrier,A - reset / initial state,vivado2023.1-xc7a100t,2023.1,retimed,off,8.0,MET,,,,,,,,,,,,,,,,,,,,,,113.0,,,,,vectorless,84,29,41.0,,
r01_reset_backward_barrier,A - reset / initial state,vivado2023.1-xc7a100t,2023.1,retimed,off,9.6,MET,,,,,,,,,,,,,,,,,,,,,,109.0,,,,,vectorless,84,29,40.0,,
r01_reset_backward_barrier,A - reset / initial state,vivado2023.1-xc7a100t,2023.1,retimed,off,12.0,MET,,,,,,,,,,,,,,,,,,,,,,106.0,,,,,vectorless,84,27,34.0,,
r01_reset_backward_barrier,A - reset / initial state,yosys,0.58,directive,on,0.904,MET,,,,,,327,539.182,,,,,,,,,,,,,,,1.07,0.41300000000000003,,,,vectorless,,1.0,2.0,6cef38b0bbd0,uncommitted
r01_reset_backward_barrier,A - reset / initial state,yosys,0.58,directive,on,1.104,MET,,,,,,327,539.182,,,,,,,,,,,,,,,0.884,0.33799999999999997,,,,vectorless,,1.0,2.0,6cef38b0bbd0,uncommitted
r01_reset_backward_barrier,A - reset / initial state,yosys,0.58,directive,on,1.356,MET,,,,,,327,539.182,,,,,,,,,,,,,,,0.726,0.275,,,,vectorless,,1.0,2.0,6cef38b0bbd0,uncommitted
r01_reset_backward_barrier,A - reset / initial state,yosys,0.58,directive,on,1.65,MET,,,,,,327,539.182,,,,,,,,,,,,,,,0.603,0.22599999999999998,,,,vectorless,,1.0,2.0,6cef38b0bbd0,uncommitted
r01_reset_backward_barrier,A - reset / initial state,yosys,0.58,directive,on,1.997,MET,,,,,,327,539.182,,,,,,,,,,,,,,,0.504,0.187,,,,vectorless,,1.0,2.0,6cef38b0bbd0,uncommitted
r01_reset_backward_barrier,A - reset / initial state,yosys,0.58,directive,on,2.407,MET,,,,,,327,539.182,,,,,,,,,,,,,,,0.424,0.155,,,,vectorless,,1.0,1.0,6cef38b0bbd0,uncommitted
r01_reset_backward_barrier,A - reset / initial state,yosys,0.58,orig,off,0.904,VIOLATED,,,,,,303,344.47,,,,,,,,,,,,,,,0.887,0.27399999999999997,,,,vectorless,,1.0,1.0,6cef38b0bbd0,uncommitted
r01_reset_backward_barrier,A - reset / initial state,yosys,0.58,orig,off,1.104,VIOLATED,,,,,,303,344.47,,,,,,,,,,,,,,,0.732,0.224,,,,vectorless,,1.0,1.0,6cef38b0bbd0,uncommitted
r01_reset_backward_barrier,A - reset / initial state,yosys,0.58,orig,off,1.356,VIOLATED,,,,,,303,344.47,,,,,,,,,,,,,,,0.601,0.183,,,,vectorless,,1.0,1.0,6cef38b0bbd0,uncommitted
r01_reset_backward_barrier,A - reset / initial state,yosys,0.58,orig,off,1.65,VIOLATED,,,,,,303,344.47,,,,,,,,,,,,,,,0.499,0.15,,,,vectorless,,1.0,1.0,6cef38b0bbd0,uncommitted
r01_reset_backward_barrier,A - reset / initial state,yosys,0.58,orig,off,1.997,MET,,,,,,303,344.47,,,,,,,,,,,,,,,0.41800000000000004,0.124,,,,vectorless,,1.0,1.0,6cef38b0bbd0,uncommitted
r01_reset_backward_barrier,A - reset / initial state,yosys,0.58,orig,off,2.407,MET,,,,,,303,344.47,,,,,,,,,,,,,,,0.352,0.103,,,,vectorless,,1.0,1.0,6cef38b0bbd0,uncommitted
r01_reset_backward_barrier,A - reset / initial state,yosys,0.58,orig,on,0.904,MET,,,,,,327,539.182,,,,,,,,,,,,,,,1.07,0.41300000000000003,,,,vectorless,,1.0,2.0,6cef38b0bbd0,uncommitted
r01_reset_backward_barrier,A - reset / initial state,yosys,0.58,orig,on,1.104,MET,,,,,,327,539.182,,,,,,,,,,,,,,,0.884,0.33799999999999997,,,,vectorless,,1.0,2.0,6cef38b0bbd0,uncommitted
r01_reset_backward_barrier,A - reset / initial state,yosys,0.58,orig,on,1.356,MET,,,,,,327,539.182,,,,,,,,,,,,,,,0.726,0.275,,,,vectorless,,1.0,1.0,6cef38b0bbd0,uncommitted
r01_reset_backward_barrier,A - reset / initial state,yosys,0.58,orig,on,1.65,MET,,,,,,327,539.182,,,,,,,,,,,,,,,0.603,0.22599999999999998,,,,vectorless,,1.0,1.0,6cef38b0bbd0,uncommitted
r01_reset_backward_barrier,A - reset / initial state,yosys,0.58,orig,on,1.997,MET,,,,,,327,539.182,,,,,,,,,,,,,,,0.504,0.187,,,,vectorless,,1.0,1.0,6cef38b0bbd0,uncommitted
r01_reset_backward_barrier,A - reset / initial state,yosys,0.58,orig,on,2.407,MET,,,,,,327,539.182,,,,,,,,,,,,,,,0.424,0.155,,,,vectorless,,1.0,1.0,6cef38b0bbd0,uncommitted
r01_reset_backward_barrier,A - reset / initial state,yosys,0.58,retimed,off,0.904,VIOLATED,,,,,,306,347.396,,,,,,,,,,,,,,,0.643,0.187,,,,vectorless,,1.0,2.0,6cef38b0bbd0,uncommitted
r01_reset_backward_barrier,A - reset / initial state,yosys,0.58,retimed,off,1.104,MET,,,,,,306,347.396,,,,,,,,,,,,,,,0.531,0.153,,,,vectorless,,1.0,1.0,6cef38b0bbd0,uncommitted
r01_reset_backward_barrier,A - reset / initial state,yosys,0.58,retimed,off,1.356,MET,,,,,,306,347.396,,,,,,,,,,,,,,,0.437,0.125,,,,vectorless,,1.0,1.0,6cef38b0bbd0,uncommitted
r01_reset_backward_barrier,A - reset / initial state,yosys,0.58,retimed,off,1.65,MET,,,,,,306,347.396,,,,,,,,,,,,,,,0.364,0.103,,,,vectorless,,1.0,1.0,6cef38b0bbd0,uncommitted
r01_reset_backward_barrier,A - reset / initial state,yosys,0.58,retimed,off,1.997,MET,,,,,,306,347.396,,,,,,,,,,,,,,,0.305,0.0847,,,,vectorless,,1.0,2.0,6cef38b0bbd0,uncommitted
r01_reset_backward_barrier,A - reset / initial state,yosys,0.58,retimed,off,2.407,MET,,,,,,306,347.396,,,,,,,,,,,,,,,0.258,0.0703,,,,vectorless,,1.0,2.0,6cef38b0bbd0,uncommitted
r02_reset_no_valid_init,A - reset / initial state,,,orig,,0.1862,,,,,,,,,,,,,,,,,,,,,,,,,,,,,,,21.0,,
r02_reset_no_valid_init,A - reset / initial state,genus,23.12-s086_1,directive,off,0.1496,VIOLATED,,,,55,32,590,1486.293007,,,,,,,,,,,,,,,11.2493,4.641850000000001,4.1661399999999995,6.68194,0.401176,probabilistic,,31,42.0,256538ea7173,585535c
r02_reset_no_valid_init,A - reset / initial state,genus,23.12-s086_1,directive,off,0.16,VIOLATED,,,,110,64,648,1787.5180315000002,,,,,,,,,,,,,,,10.415000000000001,3.56516,5.40998,4.25629,0.7486879999999999,probabilistic,,40,51.0,256538ea7173,4f7c7a48
r02_reset_no_valid_init,A - reset / initial state,genus,23.12-s086_1,directive,off,0.163,VIOLATED,,,,55,32,561,1459.6344589999999,,,,,,,,,,,,,,,10.6964,4.36596,3.86709,6.461139999999999,0.368196,probabilistic,,40,49.0,256538ea7173,33c3049
r02_reset_no_valid_init,A - reset / initial state,genus,23.12-s086_1,directive,off,0.1862,VIOLATED,,,,114,64,756,1999.47409625,,,,,,,,,,,,,,,9.88853,3.49446,4.8605599999999995,4.36124,0.666735,probabilistic,,56,68.0,256538ea7173,4f7c7a48
r02_reset_no_valid_init,A - reset / initial state,genus,23.12-s086_1,directive,off,0.2137,VIOLATED,,,,62,32,656,1702.6700385,,,,,,,,,,,,,,,8.84601,3.6748100000000004,3.0707400000000002,5.45931,0.31594799999999995,probabilistic,,40,49.0,256538ea7173,585535c
r02_reset_no_valid_init,A - reset / initial state,genus,23.12-s086_1,directive,off,0.3053,VIOLATED,,,,62,32,632,1630.245626,,,,,,,,,,,,,,,6.56,2.67583,2.28632,4.05293,0.220757,probabilistic,,84,104.0,256538ea7173,585535c
r02_reset_no_valid_init,A - reset / initial state,genus,23.12-s086_1,directive,off,0.3201,MET,,,,110,64,453,1390.5934929999999,,,,,,,,,,,,,,,4.39037,1.26688,2.64578,1.37036,0.374227,probabilistic,,28,39.0,256538ea7173,4f7c7a48
r02_reset_no_valid_init,A - reset / initial state,genus,23.12-s086_1,directive,off,0.3684,VIOLATED,,,,,,554,1447.36088325,,,,,,,,,,,,,,,4.77323,1.88159,1.85005,2.75107,0.17210599999999998,probabilistic,,30,38.0,ae293f61b199,uncommitted
r02_reset_no_valid_init,A - reset / initial state,genus,23.12-s086_1,directive,off,0.4361,MET,,,,61,32,356,1023.4971295,,,,,,,,,,,,,,,2.86538,0.948561,1.40519,1.30786,0.15232500000000002,probabilistic,,16,26.0,256538ea7173,33c3049
r02_reset_no_valid_init,A - reset / initial state,genus,23.12-s086_1,directive,off,0.6402,MET,,,,68,64,274,924.3310775,,,,,,,,,,,,,,,1.54335,0.43181200000000003,0.873349,0.554333,0.11567,probabilistic,,21,33.0,256538ea7173,4f7c7a48
r02_reset_no_valid_init,A - reset / initial state,genus,23.12-s086_1,directive,off,0.6417,MET,,,,,,415,1187.1438332500002,,,,,,,,,,,,,,,2.59494,0.8678279999999999,1.21328,1.26777,0.11389099999999999,probabilistic,,16,25.0,ae293f61b199,uncommitted
r02_reset_no_valid_init,A - reset / initial state,genus,23.12-s086_1,directive,off,1.046,MET,,,,,,231,689.856315,,,,,,,,,,,,,,,0.797142,0.2813,0.299752,0.468124,0.0292667,probabilistic,,14,23.0,ae293f61b199,uncommitted
r02_reset_no_valid_init,A - reset / initial state,genus,23.12-s086_1,orig,off,0.1496,VIOLATED,,,,24,32,538,1346.3173267500001,,,,,,,,,,,,,,,11.118400000000001,5.255240000000001,2.0213900000000002,8.92231,0.174706,probabilistic,,35,45.0,256538ea7173,585535c
r02_reset_no_valid_init,A - reset / initial state,genus,23.12-s086_1,orig,off,0.163,VIOLATED,,,,24,32,586,1468.46502625,,,,,,,,,,,,,,,11.2151,5.4111899999999995,1.8523299999999998,9.202409999999999,0.16034400000000001,probabilistic,,52,61.0,256538ea7173,33c3049
r02_reset_no_valid_init,A - reset / initial state,genus,23.12-s086_1,orig,off,0.1862,VIOLATED,,,,48,64,662,1680.665254,,,,,,,,,,,,,,,11.184899999999999,5.13513,2.48949,8.415280000000001,0.280081,probabilistic,,74,90.0,256538ea7173,4f7c7a48
r02_reset_no_valid_init,A - reset / initial state,genus,23.12-s086_1,orig,off,0.2137,VIOLATED,,,,24,32,552,1347.54159325,,,,,,,,,,,,,,,7.68822,3.62345,1.2910300000000001,6.27263,0.12456699999999998,probabilistic,,40,48.0,256538ea7173,585535c
r02_reset_no_valid_init,A - reset / initial state,genus,23.12-s086_1,orig,off,0.3053,VIOLATED,,,,24,32,529,1309.8752385,,,,,,,,,,,,,,,5.43353,2.60639,0.9103629999999999,4.435180000000001,0.0879856,probabilistic,,67,87.0,256538ea7173,585535c
r02_reset_no_valid_init,A - reset / initial state,genus,23.12-s086_1,orig,off,0.3684,VIOLATED,,,,,,577,1425.8574555,,,,,,,,,,,,,,,4.7668,2.25058,0.8914310000000001,3.8004800000000003,0.074886,probabilistic,,46,54.0,ae293f61b199,uncommitted
r02_reset_no_valid_init,A - reset / initial state,genus,23.12-s086_1,orig,off,0.4361,VIOLATED,,,,24,32,561,1389.37187075,,,,,,,,,,,,,,,3.8715,1.84914,0.644213,3.1668,0.060486099999999994,probabilistic,,48,58.0,256538ea7173,33c3049
r02_reset_no_valid_init,A - reset / initial state,genus,23.12-s086_1,orig,off,0.6402,VIOLATED,,,,48,64,711,1757.13898975,,,,,,,,,,,,,,,3.3061599999999998,1.47188,0.728293,2.49547,0.0824055,probabilistic,,79,92.0,256538ea7173,4f7c7a48
r02_reset_no_valid_init,A - reset / initial state,genus,23.12-s086_1,orig,off,1.0465,MET,,,,,,431,1105.61038575,,,,,,,,,,,,,,,1.40096,0.619311,0.290819,1.08493,0.0252059,probabilistic,,13,23.0,ae293f61b199,uncommitted
r02_reset_no_valid_init,A - reset / initial state,genus,23.12-s086_1,orig,on,0.1496,VIOLATED,,,,55,32,590,1486.293007,,,,,,,,,,,,,,,11.2493,4.641850000000001,4.1661399999999995,6.68194,0.401176,probabilistic,,32,42.0,256538ea7173,585535c
r02_reset_no_valid_init,A - reset / initial state,genus,23.12-s086_1,orig,on,0.16,VIOLATED,,,,110,64,648,1787.5180315000002,,,,,,,,,,,,,,,10.415000000000001,3.56516,5.40998,4.25629,0.7486879999999999,probabilistic,,41,52.0,256538ea7173,4f7c7a48
r02_reset_no_valid_init,A - reset / initial state,genus,23.12-s086_1,orig,on,0.163,VIOLATED,,,,55,32,561,1459.6344589999999,,,,,,,,,,,,,,,10.6964,4.36596,3.86709,6.461139999999999,0.368196,probabilistic,,40,49.0,256538ea7173,33c3049
r02_reset_no_valid_init,A - reset / initial state,genus,23.12-s086_1,orig,on,0.1862,VIOLATED,,,,114,64,756,1999.47409625,,,,,,,,,,,,,,,9.88853,3.49446,4.8605599999999995,4.36124,0.666735,probabilistic,,53,66.0,256538ea7173,4f7c7a48
r02_reset_no_valid_init,A - reset / initial state,genus,23.12-s086_1,orig,on,0.2137,VIOLATED,,,,62,32,656,1702.6700385,,,,,,,,,,,,,,,8.84601,3.6748100000000004,3.0707400000000002,5.45931,0.31594799999999995,probabilistic,,40,48.0,256538ea7173,585535c
r02_reset_no_valid_init,A - reset / initial state,genus,23.12-s086_1,orig,on,0.3053,VIOLATED,,,,62,32,632,1630.245626,,,,,,,,,,,,,,,6.56,2.67583,2.28632,4.05293,0.220757,probabilistic,,80,101.0,256538ea7173,585535c
r02_reset_no_valid_init,A - reset / initial state,genus,23.12-s086_1,orig,on,0.3201,MET,,,,110,64,453,1390.5934929999999,,,,,,,,,,,,,,,4.39037,1.26688,2.64578,1.37036,0.374227,probabilistic,,24,38.0,256538ea7173,4f7c7a48
r02_reset_no_valid_init,A - reset / initial state,genus,23.12-s086_1,orig,on,0.3684,VIOLATED,,,,,,554,1447.36088325,,,,,,,,,,,,,,,4.77323,1.88159,1.85005,2.75107,0.17210599999999998,probabilistic,,30,38.0,ae293f61b199,uncommitted
r02_reset_no_valid_init,A - reset / initial state,genus,23.12-s086_1,orig,on,0.4361,MET,,,,61,32,356,1023.4971295,,,,,,,,,,,,,,,2.86538,0.948561,1.40519,1.30786,0.15232500000000002,probabilistic,,15,26.0,256538ea7173,33c3049
r02_reset_no_valid_init,A - reset / initial state,genus,23.12-s086_1,orig,on,0.6402,MET,,,,68,64,274,924.3310775,,,,,,,,,,,,,,,1.54335,0.43181200000000003,0.873349,0.554333,0.11567,probabilistic,,18,31.0,256538ea7173,4f7c7a48
r02_reset_no_valid_init,A - reset / initial state,genus,23.12-s086_1,orig,on,0.6417,MET,,,,,,415,1187.1438332500002,,,,,,,,,,,,,,,2.59494,0.8678279999999999,1.21328,1.26777,0.11389099999999999,probabilistic,,17,25.0,ae293f61b199,uncommitted
r02_reset_no_valid_init,A - reset / initial state,genus,23.12-s086_1,orig,on,1.046,MET,,,,,,231,689.856315,,,,,,,,,,,,,,,0.797142,0.2813,0.299752,0.468124,0.0292667,probabilistic,,14,23.0,ae293f61b199,uncommitted
r02_reset_no_valid_init,A - reset / initial state,genus,23.12-s086_1,retimed,off,0.1496,VIOLATED,,,,25,33,543,1312.979414,,,,,,,,,,,,,,,9.07269,4.3450299999999995,1.70933,7.18218,0.18117599999999998,probabilistic,,36,46.0,256538ea7173,585535c
r02_reset_no_valid_init,A - reset / initial state,genus,23.12-s086_1,retimed,off,0.163,VIOLATED,,,,25,33,542,1310.047464,,,,,,,,,,,,,,,8.53949,4.07886,1.57839,6.79482,0.16628199999999999,probabilistic,,40,49.0,256538ea7173,33c3049
r02_reset_no_valid_init,A - reset / initial state,genus,23.12-s086_1,retimed,off,0.1862,VIOLATED,,,,49,65,649,1616.2922435,,,,,,,,,,,,,,,8.340739999999998,3.6734,2.20273,5.85078,0.287229,probabilistic,,55,67.0,256538ea7173,4f7c7a48
r02_reset_no_valid_init,A - reset / initial state,genus,23.12-s086_1,retimed,off,0.2137,VIOLATED,,,,25,33,579,1426.3955234999999,,,,,,,,,,,,,,,7.21425,3.5329900000000003,1.21283,5.87458,0.126832,probabilistic,,49,57.0,256538ea7173,585535c
r02_reset_no_valid_init,A - reset / initial state,genus,23.12-s086_1,retimed,off,0.3053,VIOLATED,,,,25,33,564,1339.26108275,,,,,,,,,,,,,,,4.61113,2.22045,0.8640749999999999,3.6586700000000003,0.0883819,probabilistic,,61,83.0,256538ea7173,585535c
r02_reset_no_valid_init,A - reset / initial state,genus,23.12-s086_1,retimed,off,0.3201,VIOLATED,,,,49,65,656,1642.8309562499999,,,,,,,,,,,,,,,5.308870000000001,2.3889699999999996,1.32478,3.81776,0.16632300000000003,probabilistic,,49,60.0,256538ea7173,4f7c7a48
r02_reset_no_valid_init,A - reset / initial state,genus,23.12-s086_1,retimed,off,0.3684,VIOLATED,,,,,,512,1247.441399,,,,,,,,,,,,,,,3.16123,1.4162000000000001,0.742008,2.3423599999999998,0.0768567,probabilistic,,24,32.0,ae293f61b199,uncommitted
r02_reset_no_valid_init,A - reset / initial state,genus,23.12-s086_1,retimed,off,0.4361,VIOLATED,,,,25,33,568,1372.774108,,,,,,,,,,,,,,,3.32878,1.62069,0.5599459999999999,2.7061300000000004,0.0627058,probabilistic,,33,44.0,256538ea7173,33c3049
r02_reset_no_valid_init,A - reset / initial state,genus,23.12-s086_1,retimed,off,0.6402,MET,,,,49,65,336,966.2012474999999,,,,,,,,,,,,,,,1.49742,0.5212870000000001,0.6337689999999999,0.7801140000000001,0.08353949999999999,probabilistic,,10,25.0,256538ea7173,4f7c7a48
r02_reset_no_valid_init,A - reset / initial state,genus,23.12-s086_1,retimed,off,0.7334,MET,,,,,,396,1023.293693,,,,,,,,,,,,,,,1.3984699999999999,0.5846020000000001,0.35546599999999995,1.00539,0.0376166,probabilistic,,11,20.0,ae293f61b199,uncommitted
r02_reset_no_valid_init,A - reset / initial state,genus,23.12-s086_1,retimed,off,1.046,MET,,,,,,258,719.26375925,,,,,,,,,,,,,,,0.714256,0.262521,0.240379,0.447849,0.0260277,probabilistic,,6,16.0,ae293f61b199,uncommitted
r02_reset_no_valid_init,A - reset / initial state,innovus-nangate45,23.12-s091_1,directive,off,0.1496,,-0.16,-3.656,28.0,55,,677,,3460.58,88.524,0,0.0,0.0,0.98,0.203,0.002,,,,,10,0,8.51443593,3.5589317,,,0.0,probabilistic,,87,106.0,,
r02_reset_no_valid_init,A - reset / initial state,innovus-nangate45,23.12-s091_1,directive,off,0.163,,-0.173,-3.926,30.0,55,,622,,3328.99,85.359,0,0.0,0.0,1.1,0.269,0.003,,,,,10,0,7.83307079,3.2131009,,,0.0,probabilistic,,94,113.0,,
r02_reset_no_valid_init,A - reset / initial state,innovus-nangate45,23.12-s091_1,directive,off,0.1862,,-0.076,-4.118,81.0,114,,812,,4809.805,82.674,0,0.0,0.0,1.11,0.267,0.003,,,,,10,0,9.90351496,3.73396405,,,1.681,probabilistic,,196,19.0,,
r02_reset_no_valid_init,A - reset / initial state,innovus-nangate45,23.12-s091_1,directive,off,0.2137,,-0.102,-1.994,27.0,62,,706,,3884.915,85.72,0,0.0,0.0,0.8,0.247,0.002,,,,,10,0,6.84797331,2.85022709,,,0.0,probabilistic,,95,115.0,,
r02_reset_no_valid_init,A - reset / initial state,innovus-nangate45,23.12-s091_1,directive,off,0.3053,,-0.036,-0.435,23.0,62,,680,,3629.62,84.203,0,0.0,0.0,0.84,0.235,0.002,,,,,10,0,4.62840064,1.90311187,,,0.0,probabilistic,,112,140.0,,
r02_reset_no_valid_init,A - reset / initial state,innovus-nangate45,23.12-s091_1,directive,off,0.4361,,0.0,0.0,0.0,61,,387,,2086.325,73.113,0,0.0,0.0,1.02,0.389,0.004,,,,,10,0,1.69112418,0.48658753,,,0.0,probabilistic,,62,81.0,,
r02_reset_no_valid_init,A - reset / initial state,innovus-nangate45,23.12-s091_1,orig,off,0.1496,,-0.017,-0.095,8.0,24,,628,,3162.49,94.145,0,0.0,0.0,0.86,0.574,0.005,,,,,10,0,14.51843972,7.3509492,,,0.0,probabilistic,,82,103.0,,
r02_reset_no_valid_init,A - reset / initial state,innovus-nangate45,23.12-s091_1,orig,off,0.163,,-0.004,-0.005,2.0,24,,684,,3575.345,96.054,0,0.0,0.0,1.21,0.572,0.007,,,,,10,0,15.48529545,7.91140292,,,0.0,probabilistic,,80,103.0,,
r02_reset_no_valid_init,A - reset / initial state,innovus-nangate45,23.12-s091_1,orig,off,0.2137,,0.039,0.0,0.0,24,,623,,2927.91,91.85,0,0.0,0.0,0.84,0.589,0.005,,,,,10,0,9.7473916,4.89531111,,,0.0,probabilistic,,85,107.0,,
r02_reset_no_valid_init,A - reset / initial state,innovus-nangate45,23.12-s091_1,orig,off,0.3053,,0.131,0.0,0.0,24,,592,,2874.32,89.667,0,0.0,0.0,0.68,0.584,0.004,,,,,10,0,6.85822884,3.39696573,,,0.0,probabilistic,,113,142.0,,
r02_reset_no_valid_init,A - reset / initial state,innovus-nangate45,23.12-s091_1,orig,off,0.4361,,0.255,0.0,0.0,24,,634,,3022.82,92.429,0,0.0,0.0,0.34,0.588,0.002,,,,,10,0,5.21329985,2.61074838,,,0.0,probabilistic,,77,96.0,,
r02_reset_no_valid_init,A - reset / initial state,innovus-nangate45,23.12-s091_1,orig,on,0.1496,,-0.16,-3.656,28.0,55,,677,,3460.58,88.524,0,0.0,0.0,0.98,0.203,0.002,,,,,10,0,8.51443593,3.5589317,,,0.0,probabilistic,,87,106.0,,
r02_reset_no_valid_init,A - reset / initial state,innovus-nangate45,23.12-s091_1,orig,on,0.163,,-0.173,-3.926,30.0,55,,622,,3328.99,85.359,0,0.0,0.0,1.1,0.269,0.003,,,,,10,0,7.83307079,3.2131009,,,0.0,probabilistic,,93,113.0,,
r02_reset_no_valid_init,A - reset / initial state,innovus-nangate45,23.12-s091_1,orig,on,0.1862,,-0.076,-4.118,81.0,114,,812,,4809.805,82.674,0,0.0,0.0,1.11,0.267,0.003,,,,,10,0,9.90351496,3.73396405,,,1.681,probabilistic,,188,22.0,,
r02_reset_no_valid_init,A - reset / initial state,innovus-nangate45,23.12-s091_1,orig,on,0.2137,,-0.102,-1.994,27.0,62,,706,,3884.915,85.72,0,0.0,0.0,0.8,0.247,0.002,,,,,10,0,6.84797331,2.85022709,,,0.0,probabilistic,,94,114.0,,
r02_reset_no_valid_init,A - reset / initial state,innovus-nangate45,23.12-s091_1,orig,on,0.3053,,-0.036,-0.435,23.0,62,,680,,3629.62,84.203,0,0.0,0.0,0.84,0.235,0.002,,,,,10,0,4.62840064,1.90311187,,,0.0,probabilistic,,111,140.0,,
r02_reset_no_valid_init,A - reset / initial state,innovus-nangate45,23.12-s091_1,orig,on,0.4361,,0.0,0.0,0.0,61,,387,,2086.325,73.113,0,0.0,0.0,1.02,0.389,0.004,,,,,10,0,1.69112418,0.48658753,,,0.0,probabilistic,,62,81.0,,
r02_reset_no_valid_init,A - reset / initial state,innovus-nangate45,23.12-s091_1,retimed,off,0.1496,,-0.201,-1.526,8.0,25,,697,,4085.98,99.085,0,0.0,0.0,0.92,0.322,0.003,,,,,10,0,9.54485736,4.56090803,,,1.054,probabilistic,,107,129.0,,
r02_reset_no_valid_init,A - reset / initial state,innovus-nangate45,23.12-s091_1,retimed,off,0.163,,-0.349,-2.689,8.0,25,,664,,3289.585,96.231,0,0.0,0.0,0.35,0.576,0.002,,,,,10,0,8.32924669,3.99401548,,,0.5841,probabilistic,,104,124.0,,
r02_reset_no_valid_init,A - reset / initial state,innovus-nangate45,23.12-s091_1,retimed,off,0.1862,,-0.24,-4.578,24.0,49,,882,,4274.36,101.963,0,0.0,0.0,0.21,0.485,0.001,,,,,10,0,10.40360412,4.61958412,,,1.886,probabilistic,,9063,22.0,,
r02_reset_no_valid_init,A - reset / initial state,innovus-nangate45,23.12-s091_1,retimed,off,0.2137,,-0.188,-1.397,8.0,25,,721,,4060.09,98.366,0,0.0,0.0,0.0,0.339,0.0,,,,,10,0,7.20440682,3.53455463,,,0.5533,probabilistic,,109,131.0,,
r02_reset_no_valid_init,A - reset / initial state,innovus-nangate45,23.12-s091_1,retimed,off,0.3053,,-0.108,-0.759,8.0,25,,702,,3592.34,100.653,0,0.0,0.0,0.31,0.321,0.001,,,,,10,0,5.13125386,2.45665057,,,0.6685,probabilistic,,3438,3466.0,,
r02_reset_no_valid_init,A - reset / initial state,innovus-nangate45,23.12-s091_1,retimed,off,0.4361,,0.009,0.0,0.0,25,,646,,3435.175,83.032,0,0.0,0.0,0.82,0.242,0.002,,,,,10,0,2.86777995,1.36078999,,,0.2762,probabilistic,,86,109.0,,
r02_reset_no_valid_init,A - reset / initial state,openroad_syn,,directive,unsupported,0.918,VIOLATED,,,,,,249,,,,,,,,,,,,,,,,0.684636,0.175596,,,,vectorless,,0,0.0,256538ea7173,uncommitted
r02_reset_no_valid_init,A - reset / initial state,openroad_syn,,directive,unsupported,1.12,VIOLATED,,,,,,249,,,,,,,,,,,,,,,,0.5667989999999999,0.143926,,,,vectorless,,0,1.0,256538ea7173,uncommitted
r02_reset_no_valid_init,A - reset / initial state,openroad_syn,,directive,unsupported,1.376,VIOLATED,,,,,,249,,,,,,,,,,,,,,,,0.467168,0.117149,,,,vectorless,,0,0.0,256538ea7173,uncommitted
r02_reset_no_valid_init,A - reset / initial state,openroad_syn,,directive,unsupported,1.675,VIOLATED,,,,,,249,,,,,,,,,,,,,,,,0.389733,0.0962372,,,,vectorless,,0,0.0,256538ea7173,uncommitted
r02_reset_no_valid_init,A - reset / initial state,openroad_syn,,directive,unsupported,2.027,VIOLATED,,,,,,249,,,,,,,,,,,,,,,,0.328441,0.079525,,,,vectorless,,0,1.0,256538ea7173,uncommitted
r02_reset_no_valid_init,A - reset / initial state,openroad_syn,,directive,unsupported,2.443,MET,,,,,,249,,,,,,,,,,,,,,,,0.278777,0.06598330000000001,,,,vectorless,,0,1.0,256538ea7173,uncommitted
r02_reset_no_valid_init,A - reset / initial state,openroad_syn,,orig,unsupported,0.918,VIOLATED,,,,,,249,,,,,,,,,,,,,,,,0.684636,0.175596,,,,vectorless,,0,1.0,256538ea7173,uncommitted
r02_reset_no_valid_init,A - reset / initial state,openroad_syn,,orig,unsupported,1.12,VIOLATED,,,,,,249,,,,,,,,,,,,,,,,0.5667989999999999,0.143926,,,,vectorless,,0,1.0,256538ea7173,uncommitted
r02_reset_no_valid_init,A - reset / initial state,openroad_syn,,orig,unsupported,1.376,VIOLATED,,,,,,249,,,,,,,,,,,,,,,,0.467168,0.117149,,,,vectorless,,0,1.0,256538ea7173,uncommitted
r02_reset_no_valid_init,A - reset / initial state,openroad_syn,,orig,unsupported,1.675,VIOLATED,,,,,,249,,,,,,,,,,,,,,,,0.389733,0.0962372,,,,vectorless,,0,1.0,256538ea7173,uncommitted
r02_reset_no_valid_init,A - reset / initial state,openroad_syn,,orig,unsupported,2.027,VIOLATED,,,,,,249,,,,,,,,,,,,,,,,0.328441,0.079525,,,,vectorless,,0,1.0,256538ea7173,uncommitted
r02_reset_no_valid_init,A - reset / initial state,openroad_syn,,orig,unsupported,2.443,MET,,,,,,249,,,,,,,,,,,,,,,,0.278777,0.06598330000000001,,,,vectorless,,0,1.0,256538ea7173,uncommitted
r02_reset_no_valid_init,A - reset / initial state,openroad_syn,,retimed,unsupported,0.918,VIOLATED,,,,,,241,,,,,,,,,,,,,,,,0.5672020000000001,0.140275,,,,vectorless,,1,1.0,256538ea7173,uncommitted
r02_reset_no_valid_init,A - reset / initial state,openroad_syn,,retimed,unsupported,1.12,MET,,,,,,241,,,,,,,,,,,,,,,,0.470251,0.11497600000000001,,,,vectorless,,1,1.0,256538ea7173,uncommitted
r02_reset_no_valid_init,A - reset / initial state,openroad_syn,,retimed,unsupported,1.376,MET,,,,,,241,,,,,,,,,,,,,,,,0.388279,0.09358480000000001,,,,vectorless,,0,0.0,256538ea7173,uncommitted
r02_reset_no_valid_init,A - reset / initial state,openroad_syn,,retimed,unsupported,1.675,MET,,,,,,241,,,,,,,,,,,,,,,,0.324584,0.0768793,,,,vectorless,,0,0.0,256538ea7173,uncommitted
r02_reset_no_valid_init,A - reset / initial state,openroad_syn,,retimed,unsupported,2.027,MET,,,,,,241,,,,,,,,,,,,,,,,0.274191,0.0635287,,,,vectorless,,0,0.0,256538ea7173,uncommitted
r02_reset_no_valid_init,A - reset / initial state,openroad_syn,,retimed,unsupported,2.443,MET,,,,,,241,,,,,,,,,,,,,,,,0.233358,0.0527109,,,,vectorless,,0,0.0,256538ea7173,uncommitted
r02_reset_no_valid_init,A - reset / initial state,vivado-xc7a100t,2025.2,directive,on,3.5,VIOLATED,,,,,,,,,,,,,,,,,,,,,,142.0,,,,,vectorless,84,366,498.0,,
r02_reset_no_valid_init,A - reset / initial state,vivado-xc7a100t,2025.2,orig,off,3.5,VIOLATED,,,,,,,,,,,,,,,,,,,,,,142.0,,,,,vectorless,84,308,347.0,,
r02_reset_no_valid_init,A - reset / initial state,vivado-xc7a100t,2025.2,orig,on,3.5,VIOLATED,,,,,,,,,,,,,,,,,,,,,,142.0,,,,,vectorless,84,349,506.0,,
r02_reset_no_valid_init,A - reset / initial state,vivado-xc7a100t,2025.2,retimed,off,3.5,VIOLATED,,,,,,,,,,,,,,,,,,,,,,145.0,,,,,vectorless,84,325,513.0,,
r02_reset_no_valid_init,A - reset / initial state,vivado-xcau7p,2025.2,directive,on,3.5,VIOLATED,,,,,,,,,,,,,,,,,,,,,,184.0,,,,,vectorless,120,275,295.0,,
r02_reset_no_valid_init,A - reset / initial state,vivado-xcau7p,2025.2,orig,off,3.5,VIOLATED,,,,,,,,,,,,,,,,,,,,,,184.0,,,,,vectorless,120,262,284.0,,
r02_reset_no_valid_init,A - reset / initial state,vivado-xcau7p,2025.2,orig,on,3.5,VIOLATED,,,,,,,,,,,,,,,,,,,,,,184.0,,,,,vectorless,120,266,286.0,,
r02_reset_no_valid_init,A - reset / initial state,vivado-xcau7p,2025.2,retimed,off,3.5,VIOLATED,,,,,,,,,,,,,,,,,,,,,,184.0,,,,,vectorless,76,264,312.0,,
r02_reset_no_valid_init,A - reset / initial state,vivado2023.1-xc7a100t,2023.1,directive,on,4.55,VIOLATED,,,,,,,,,,,,,,,,,,,,,,130.0,,,,,vectorless,84,30,41.0,,
r02_reset_no_valid_init,A - reset / initial state,vivado2023.1-xc7a100t,2023.1,directive,on,5.6,VIOLATED,,,,,,,,,,,,,,,,,,,,,,123.0,,,,,vectorless,84,30,41.0,,
r02_reset_no_valid_init,A - reset / initial state,vivado2023.1-xc7a100t,2023.1,directive,on,7.0,VIOLATED,,,,,,,,,,,,,,,,,,,,,,116.0,,,,,vectorless,84,30,42.0,,
r02_reset_no_valid_init,A - reset / initial state,vivado2023.1-xc7a100t,2023.1,directive,on,8.4,MET,,,,,,,,,,,,,,,,,,,,,,112.0,,,,,vectorless,84,28,35.0,,
r02_reset_no_valid_init,A - reset / initial state,vivado2023.1-xc7a100t,2023.1,directive,on,10.5,MET,,,,,,,,,,,,,,,,,,,,,,108.0,,,,,vectorless,84,27,34.0,,
r02_reset_no_valid_init,A - reset / initial state,vivado2023.1-xc7a100t,2023.1,orig,off,4.55,VIOLATED,,,,,,,,,,,,,,,,,,,,,,130.0,,,,,vectorless,84,29,42.0,,
r02_reset_no_valid_init,A - reset / initial state,vivado2023.1-xc7a100t,2023.1,orig,off,5.6,VIOLATED,,,,,,,,,,,,,,,,,,,,,,123.0,,,,,vectorless,84,28,35.0,,
r02_reset_no_valid_init,A - reset / initial state,vivado2023.1-xc7a100t,2023.1,orig,off,7.0,VIOLATED,,,,,,,,,,,,,,,,,,,,,,116.0,,,,,vectorless,84,28,35.0,,
r02_reset_no_valid_init,A - reset / initial state,vivado2023.1-xc7a100t,2023.1,orig,off,8.4,MET,,,,,,,,,,,,,,,,,,,,,,112.0,,,,,vectorless,84,28,35.0,,
r02_reset_no_valid_init,A - reset / initial state,vivado2023.1-xc7a100t,2023.1,orig,off,10.5,MET,,,,,,,,,,,,,,,,,,,,,,108.0,,,,,vectorless,84,27,35.0,,
r02_reset_no_valid_init,A - reset / initial state,vivado2023.1-xc7a100t,2023.1,orig,on,4.55,VIOLATED,,,,,,,,,,,,,,,,,,,,,,130.0,,,,,vectorless,84,28,35.0,,
r02_reset_no_valid_init,A - reset / initial state,vivado2023.1-xc7a100t,2023.1,orig,on,5.6,VIOLATED,,,,,,,,,,,,,,,,,,,,,,123.0,,,,,vectorless,84,28,35.0,,
r02_reset_no_valid_init,A - reset / initial state,vivado2023.1-xc7a100t,2023.1,orig,on,7.0,VIOLATED,,,,,,,,,,,,,,,,,,,,,,116.0,,,,,vectorless,84,29,39.0,,
r02_reset_no_valid_init,A - reset / initial state,vivado2023.1-xc7a100t,2023.1,orig,on,8.4,MET,,,,,,,,,,,,,,,,,,,,,,112.0,,,,,vectorless,84,29,41.0,,
r02_reset_no_valid_init,A - reset / initial state,vivado2023.1-xc7a100t,2023.1,orig,on,10.5,MET,,,,,,,,,,,,,,,,,,,,,,108.0,,,,,vectorless,84,28,41.0,,
r02_reset_no_valid_init,A - reset / initial state,vivado2023.1-xc7a100t,2023.1,retimed,off,4.55,VIOLATED,,,,,,,,,,,,,,,,,,,,,,130.0,,,,,vectorless,84,28,36.0,,
r02_reset_no_valid_init,A - reset / initial state,vivado2023.1-xc7a100t,2023.1,retimed,off,5.6,VIOLATED,,,,,,,,,,,,,,,,,,,,,,123.0,,,,,vectorless,84,28,35.0,,
r02_reset_no_valid_init,A - reset / initial state,vivado2023.1-xc7a100t,2023.1,retimed,off,7.0,VIOLATED,,,,,,,,,,,,,,,,,,,,,,116.0,,,,,vectorless,84,27,35.0,,
r02_reset_no_valid_init,A - reset / initial state,vivado2023.1-xc7a100t,2023.1,retimed,off,8.4,MET,,,,,,,,,,,,,,,,,,,,,,112.0,,,,,vectorless,84,28,36.0,,
r02_reset_no_valid_init,A - reset / initial state,vivado2023.1-xc7a100t,2023.1,retimed,off,10.5,MET,,,,,,,,,,,,,,,,,,,,,,108.0,,,,,vectorless,84,29,38.0,,
r02_reset_no_valid_init,A - reset / initial state,yosys,0.58,directive,on,0.918,MET,,,,,,325,524.286,,,,,,,,,,,,,,,1.06,0.40299999999999997,,,,vectorless,,1.0,1.0,256538ea7173,uncommitted
r02_reset_no_valid_init,A - reset / initial state,yosys,0.58,directive,on,1.12,MET,,,,,,325,524.286,,,,,,,,,,,,,,,0.877,0.33,,,,vectorless,,1.0,1.0,256538ea7173,uncommitted
r02_reset_no_valid_init,A - reset / initial state,yosys,0.58,directive,on,1.376,MET,,,,,,325,524.286,,,,,,,,,,,,,,,0.7200000000000001,0.26899999999999996,,,,vectorless,,0.0,1.0,256538ea7173,uncommitted
r02_reset_no_valid_init,A - reset / initial state,yosys,0.58,directive,on,1.675,MET,,,,,,325,524.286,,,,,,,,,,,,,,,0.597,0.221,,,,vectorless,,1.0,2.0,256538ea7173,uncommitted
r02_reset_no_valid_init,A - reset / initial state,yosys,0.58,directive,on,2.027,MET,,,,,,325,524.286,,,,,,,,,,,,,,,0.5,0.182,,,,vectorless,,1.0,2.0,256538ea7173,uncommitted
r02_reset_no_valid_init,A - reset / initial state,yosys,0.58,directive,on,2.443,MET,,,,,,325,524.286,,,,,,,,,,,,,,,0.421,0.15100000000000002,,,,vectorless,,1.0,2.0,256538ea7173,uncommitted
r02_reset_no_valid_init,A - reset / initial state,yosys,0.58,orig,off,0.918,VIOLATED,,,,,,302,357.504,,,,,,,,,,,,,,,0.876,0.279,,,,vectorless,,1.0,1.0,256538ea7173,uncommitted
r02_reset_no_valid_init,A - reset / initial state,yosys,0.58,orig,off,1.12,VIOLATED,,,,,,302,357.504,,,,,,,,,,,,,,,0.723,0.229,,,,vectorless,,1.0,1.0,256538ea7173,uncommitted
r02_reset_no_valid_init,A - reset / initial state,yosys,0.58,orig,off,1.376,VIOLATED,,,,,,302,357.504,,,,,,,,,,,,,,,0.593,0.186,,,,vectorless,,1.0,1.0,256538ea7173,uncommitted
r02_reset_no_valid_init,A - reset / initial state,yosys,0.58,orig,off,1.675,VIOLATED,,,,,,302,357.504,,,,,,,,,,,,,,,0.49200000000000005,0.153,,,,vectorless,,1.0,1.0,256538ea7173,uncommitted
r02_reset_no_valid_init,A - reset / initial state,yosys,0.58,orig,off,2.027,MET,,,,,,302,357.504,,,,,,,,,,,,,,,0.412,0.126,,,,vectorless,,0.0,1.0,256538ea7173,uncommitted
r02_reset_no_valid_init,A - reset / initial state,yosys,0.58,orig,off,2.443,MET,,,,,,302,357.504,,,,,,,,,,,,,,,0.347,0.10500000000000001,,,,vectorless,,1.0,2.0,256538ea7173,uncommitted
r02_reset_no_valid_init,A - reset / initial state,yosys,0.58,orig,on,0.918,MET,,,,,,325,524.286,,,,,,,,,,,,,,,1.06,0.40299999999999997,,,,vectorless,,1.0,1.0,256538ea7173,uncommitted
r02_reset_no_valid_init,A - reset / initial state,yosys,0.58,orig,on,1.12,MET,,,,,,325,524.286,,,,,,,,,,,,,,,0.877,0.33,,,,vectorless,,1.0,1.0,256538ea7173,uncommitted
r02_reset_no_valid_init,A - reset / initial state,yosys,0.58,orig,on,1.376,MET,,,,,,325,524.286,,,,,,,,,,,,,,,0.7200000000000001,0.26899999999999996,,,,vectorless,,0.0,1.0,256538ea7173,uncommitted
r02_reset_no_valid_init,A - reset / initial state,yosys,0.58,orig,on,1.675,MET,,,,,,325,524.286,,,,,,,,,,,,,,,0.597,0.221,,,,vectorless,,0.0,1.0,256538ea7173,uncommitted
r02_reset_no_valid_init,A - reset / initial state,yosys,0.58,orig,on,2.027,MET,,,,,,325,524.286,,,,,,,,,,,,,,,0.5,0.182,,,,vectorless,,1.0,2.0,256538ea7173,uncommitted
r02_reset_no_valid_init,A - reset / initial state,yosys,0.58,orig,on,2.443,MET,,,,,,325,524.286,,,,,,,,,,,,,,,0.421,0.15100000000000002,,,,vectorless,,1.0,2.0,256538ea7173,uncommitted
r02_reset_no_valid_init,A - reset / initial state,yosys,0.58,retimed,off,0.918,VIOLATED,,,,,,323,358.834,,,,,,,,,,,,,,,0.614,0.18100000000000002,,,,vectorless,,0.0,1.0,256538ea7173,uncommitted
r02_reset_no_valid_init,A - reset / initial state,yosys,0.58,retimed,off,1.12,MET,,,,,,323,358.834,,,,,,,,,,,,,,,0.508,0.148,,,,vectorless,,1.0,2.0,256538ea7173,uncommitted
r02_reset_no_valid_init,A - reset / initial state,yosys,0.58,retimed,off,1.376,MET,,,,,,323,358.834,,,,,,,,,,,,,,,0.41800000000000004,0.12000000000000001,,,,vectorless,,1.0,2.0,256538ea7173,uncommitted
r02_reset_no_valid_init,A - reset / initial state,yosys,0.58,retimed,off,1.675,MET,,,,,,323,358.834,,,,,,,,,,,,,,,0.348,0.09899999999999999,,,,vectorless,,1.0,1.0,256538ea7173,uncommitted
r02_reset_no_valid_init,A - reset / initial state,yosys,0.58,retimed,off,2.027,MET,,,,,,323,358.834,,,,,,,,,,,,,,,0.292,0.0818,,,,vectorless,,1.0,1.0,256538ea7173,uncommitted
r02_reset_no_valid_init,A - reset / initial state,yosys,0.58,retimed,off,2.443,MET,,,,,,323,358.834,,,,,,,,,,,,,,,0.247,0.0678,,,,vectorless,,1.0,1.0,256538ea7173,uncommitted
r03_async_reset_blocker,A - reset / initial state,genus,23.12-s086_1,directive,off,0.1569,VIOLATED,,,,99,64,652,1757.49754825,,,,,,,,,,,,,,,10.6239,3.6972300000000002,5.208810000000001,4.70867,0.706412,probabilistic,,42,54.0,8cda6ae6c04d,4f7c7a48
r03_async_reset_blocker,A - reset / initial state,genus,23.12-s086_1,directive,off,0.159,VIOLATED,,,,51,32,491,1323.8711657499998,,,,,,,,,,,,,,,10.5501,4.22978,3.73142,6.45033,0.368327,probabilistic,,31,39.0,8cda6ae6c04d,585535c
r03_async_reset_blocker,A - reset / initial state,genus,23.12-s086_1,directive,off,0.1705,VIOLATED,,,,48,32,507,1342.6633322500002,,,,,,,,,,,,,,,9.824100000000001,3.9974,3.55587,5.9446200000000005,0.323613,probabilistic,,32,41.0,8cda6ae6c04d,33c3049
r03_async_reset_blocker,A - reset / initial state,genus,23.12-s086_1,directive,off,0.1841,VIOLATED,,,,98,64,719,1908.0599735,,,,,,,,,,,,,,,9.44362,3.39276,4.478529999999999,4.36897,0.596127,probabilistic,,59,76.0,8cda6ae6c04d,4f7c7a48
r03_async_reset_blocker,A - reset / initial state,genus,23.12-s086_1,directive,off,0.2271,VIOLATED,,,,50,32,528,1408.2843505,,,,,,,,,,,,,,,7.54887,3.07143,2.6224600000000002,4.6733199999999995,0.25308200000000003,probabilistic,,35,43.0,8cda6ae6c04d,585535c
r03_async_reset_blocker,A - reset / initial state,genus,23.12-s086_1,directive,off,0.312,VIOLATED,,,,,,440,1170.41359125,,,,,,,,,,,,,,,4.51695,1.69371,1.84802,2.4882,0.180724,probabilistic,,25,33.0,33af01a57846,uncommitted
r03_async_reset_blocker,A - reset / initial state,genus,23.12-s086_1,directive,off,0.3138,MET,,,,103,64,402,1307.239221,,,,,,,,,,,,,,,4.39172,1.23967,2.59606,1.4285700000000001,0.367087,probabilistic,,18,30.0,8cda6ae6c04d,4f7c7a48
r03_async_reset_blocker,A - reset / initial state,genus,23.12-s086_1,directive,off,0.3244,VIOLATED,,,,49,32,575,1514.83289575,,,,,,,,,,,,,,,5.83195,2.44617,1.7838,3.87433,0.173816,probabilistic,,40,48.0,8cda6ae6c04d,585535c
r03_async_reset_blocker,A - reset / initial state,genus,23.12-s086_1,directive,off,0.4634,MET,,,,72,64,303,NA,,,,,,,,,,,,,,,,,,,,probabilistic,,15,33.0,b848f1d6243c,4f7c7a48
r03_async_reset_blocker,A - reset / initial state,genus,23.12-s086_1,directive,off,0.6276,MET,,,,59,64,254,864.437404,,,,,,,,,,,,,,,1.5084899999999999,0.43897400000000003,0.793254,0.609587,0.105653,probabilistic,,18,31.0,8cda6ae6c04d,4f7c7a48
r03_async_reset_blocker,A - reset / initial state,genus,23.12-s086_1,directive,off,0.6819,MET,,,,,,337,971.6190677500001,,,,,,,,,,,,,,,1.8703299999999998,0.613441,0.894994,0.892648,0.0826895,probabilistic,,15,25.0,33af01a57846,uncommitted
r03_async_reset_blocker,A - reset / initial state,genus,23.12-s086_1,directive,off,1.026,MET,,,,,,212,690.1715545,,,,,,,,,,,,,,,0.9287810000000001,0.27726999999999996,0.448456,0.44117100000000004,0.039154,probabilistic,,10,19.0,33af01a57846,uncommitted
r03_async_reset_blocker,A - reset / initial state,genus,23.12-s086_1,orig,off,0.159,VIOLATED,,,,24,32,585,1453.7805535000002,,,,,,,,,,,,,,,11.927200000000001,5.398540000000001,2.4906099999999998,9.26311,0.173509,probabilistic,,47,55.0,8cda6ae6c04d,585535c
r03_async_reset_blocker,A - reset / initial state,genus,23.12-s086_1,orig,off,0.1705,VIOLATED,,,,24,32,563,1393.00587525,,,,,,,,,,,,,,,10.6616,4.91749,2.10713,8.39265,0.16180599999999998,probabilistic,,48,58.0,8cda6ae6c04d,33c3049
r03_async_reset_blocker,A - reset / initial state,genus,23.12-s086_1,orig,off,0.1841,VIOLATED,,,,48,64,622,1622.962771,,,,,,,,,,,,,,,11.3055,5.04723,2.76993,8.2437,0.29181999999999997,probabilistic,,58,75.0,8cda6ae6c04d,4f7c7a48
r03_async_reset_blocker,A - reset / initial state,genus,23.12-s086_1,orig,off,0.2271,VIOLATED,,,,24,32,567,1434.704596,,,,,,,,,,,,,,,8.38038,3.86695,1.5819,6.677,0.12147999999999999,probabilistic,,43,52.0,8cda6ae6c04d,585535c
r03_async_reset_blocker,A - reset / initial state,genus,23.12-s086_1,orig,off,0.312,VIOLATED,,,,,,544,1411.3638019999999,,,,,,,,,,,,,,,6.09818,2.74915,1.32358,4.68617,0.08842309999999999,probabilistic,,35,45.0,33af01a57846,uncommitted
r03_async_reset_blocker,A - reset / initial state,genus,23.12-s086_1,orig,off,0.3244,VIOLATED,,,,24,32,541,1361.0422315,,,,,,,,,,,,,,,5.6541999999999994,2.59475,1.12725,4.44191,0.0850432,probabilistic,,32,41.0,8cda6ae6c04d,585535c
r03_async_reset_blocker,A - reset / initial state,genus,23.12-s086_1,orig,off,0.4634,VIOLATED,,,,48,64,591,NA,,,,,,,,,,,,,,,,,,,,probabilistic,,54,69.0,b848f1d6243c,4f7c7a48
r03_async_reset_blocker,A - reset / initial state,genus,23.12-s086_1,orig,off,0.6276,VIOLATED,,,,48,64,660,1706.14874575,,,,,,,,,,,,,,,3.59368,1.59625,0.852553,2.65552,0.0856023,probabilistic,,84,97.0,8cda6ae6c04d,4f7c7a48
r03_async_reset_blocker,A - reset / initial state,genus,23.12-s086_1,orig,off,1.0259,MET,,,,,,469,1214.5796745,,,,,,,,,,,,,,,1.58309,0.67904,0.376402,1.1798,0.026891500000000002,probabilistic,,17,26.0,33af01a57846,uncommitted
r03_async_reset_blocker,A - reset / initial state,genus,23.12-s086_1,orig,on,0.1569,VIOLATED,,,,99,64,652,1757.49754825,,,,,,,,,,,,,,,10.6239,3.6972300000000002,5.208810000000001,4.70867,0.706412,probabilistic,,35,46.0,8cda6ae6c04d,4f7c7a48
r03_async_reset_blocker,A - reset / initial state,genus,23.12-s086_1,orig,on,0.159,VIOLATED,,,,51,32,491,1323.8711657499998,,,,,,,,,,,,,,,10.5501,4.22978,3.73142,6.45033,0.368327,probabilistic,,31,39.0,8cda6ae6c04d,585535c
r03_async_reset_blocker,A - reset / initial state,genus,23.12-s086_1,orig,on,0.1705,VIOLATED,,,,48,32,507,1342.6633322500002,,,,,,,,,,,,,,,9.824100000000001,3.9974,3.55587,5.9446200000000005,0.323613,probabilistic,,32,41.0,8cda6ae6c04d,33c3049
r03_async_reset_blocker,A - reset / initial state,genus,23.12-s086_1,orig,on,0.1841,VIOLATED,,,,98,64,719,1908.0599735,,,,,,,,,,,,,,,9.44362,3.39276,4.478529999999999,4.36897,0.596127,probabilistic,,71,88.0,8cda6ae6c04d,4f7c7a48
r03_async_reset_blocker,A - reset / initial state,genus,23.12-s086_1,orig,on,0.2271,VIOLATED,,,,50,32,528,1408.2843505,,,,,,,,,,,,,,,7.54887,3.07143,2.6224600000000002,4.6733199999999995,0.25308200000000003,probabilistic,,35,43.0,8cda6ae6c04d,585535c
r03_async_reset_blocker,A - reset / initial state,genus,23.12-s086_1,orig,on,0.312,VIOLATED,,,,,,440,1170.41359125,,,,,,,,,,,,,,,4.51695,1.69371,1.84802,2.4882,0.180724,probabilistic,,25,33.0,33af01a57846,uncommitted
r03_async_reset_blocker,A - reset / initial state,genus,23.12-s086_1,orig,on,0.3138,MET,,,,103,64,402,1307.239221,,,,,,,,,,,,,,,4.39172,1.23967,2.59606,1.4285700000000001,0.367087,probabilistic,,18,29.0,8cda6ae6c04d,4f7c7a48
r03_async_reset_blocker,A - reset / initial state,genus,23.12-s086_1,orig,on,0.3244,VIOLATED,,,,49,32,575,1514.83289575,,,,,,,,,,,,,,,5.83195,2.44617,1.7838,3.87433,0.173816,probabilistic,,39,48.0,8cda6ae6c04d,585535c
r03_async_reset_blocker,A - reset / initial state,genus,23.12-s086_1,orig,on,0.4634,VIOLATED,,,,48,64,591,NA,,,,,,,,,,,,,,,,,,,,probabilistic,,54,70.0,b848f1d6243c,4f7c7a48
r03_async_reset_blocker,A - reset / initial state,genus,23.12-s086_1,orig,on,0.6276,MET,,,,59,64,254,864.437404,,,,,,,,,,,,,,,1.5084899999999999,0.43897400000000003,0.793254,0.609587,0.105653,probabilistic,,13,27.0,8cda6ae6c04d,4f7c7a48
r03_async_reset_blocker,A - reset / initial state,genus,23.12-s086_1,orig,on,0.6819,MET,,,,,,337,971.6190677500001,,,,,,,,,,,,,,,1.8703299999999998,0.613441,0.894994,0.892648,0.0826895,probabilistic,,15,24.0,33af01a57846,uncommitted
r03_async_reset_blocker,A - reset / initial state,genus,23.12-s086_1,orig,on,1.026,MET,,,,,,212,690.1715545,,,,,,,,,,,,,,,0.9287810000000001,0.27726999999999996,0.448456,0.44117100000000004,0.039154,probabilistic,,10,19.0,33af01a57846,uncommitted
r03_async_reset_blocker,A - reset / initial state,genus,23.12-s086_1,retimed,off,0.159,VIOLATED,,,,24,32,468,1145.47792775,,,,,,,,,,,,,,,9.42612,4.373410000000001,1.7876299999999998,7.464980000000001,0.173509,probabilistic,,24,33.0,8cda6ae6c04d,585535c
r03_async_reset_blocker,A - reset / initial state,genus,23.12-s086_1,retimed,off,0.1705,VIOLATED,,,,24,32,499,1224.5651625,,,,,,,,,,,,,,,9.801860000000001,4.61191,1.75596,7.88409,0.16180599999999998,probabilistic,,30,39.0,8cda6ae6c04d,33c3049
r03_async_reset_blocker,A - reset / initial state,genus,23.12-s086_1,retimed,off,0.1841,VIOLATED,,,,48,64,526,1359.46393425,,,,,,,,,,,,,,,9.590110000000001,4.09605,2.6115,6.686789999999999,0.29181999999999997,probabilistic,,36,52.0,8cda6ae6c04d,4f7c7a48
r03_async_reset_blocker,A - reset / initial state,genus,23.12-s086_1,retimed,off,0.2271,VIOLATED,,,,24,32,513,1251.63302,,,,,,,,,,,,,,,7.05707,3.29956,1.40145,5.53414,0.12147999999999999,probabilistic,,33,42.0,8cda6ae6c04d,585535c
r03_async_reset_blocker,A - reset / initial state,genus,23.12-s086_1,retimed,off,0.312,VIOLATED,,,,,,417,1051.14955575,,,,,,,,,,,,,,,4.07091,1.7392,1.04987,2.93262,0.08842309999999999,probabilistic,,25,33.0,33af01a57846,uncommitted
r03_async_reset_blocker,A - reset / initial state,genus,23.12-s086_1,retimed,off,0.3138,VIOLATED,,,,48,64,548,1398.29707925,,,,,,,,,,,,,,,5.74762,2.48988,1.47318,4.10324,0.17120500000000002,probabilistic,,43,54.0,8cda6ae6c04d,4f7c7a48
r03_async_reset_blocker,A - reset / initial state,genus,23.12-s086_1,retimed,off,0.3244,VIOLATED,,,,24,32,509,1243.17242875,,,,,,,,,,,,,,,5.01244,2.38212,0.958295,3.9690999999999996,0.0850432,probabilistic,,37,46.0,8cda6ae6c04d,585535c
r03_async_reset_blocker,A - reset / initial state,genus,23.12-s086_1,retimed,off,0.4634,VIOLATED,,,,48,64,537,NA,,,,,,,,,,,,,,,,,,,,probabilistic,,34,54.0,b848f1d6243c,4f7c7a48
r03_async_reset_blocker,A - reset / initial state,genus,23.12-s086_1,retimed,off,0.6276,MET,,,,48,64,317,922.5592497499999,,,,,,,,,,,,,,,1.80828,0.6387660000000001,0.716052,1.0066199999999998,0.0856023,probabilistic,,11,23.0,8cda6ae6c04d,4f7c7a48
r03_async_reset_blocker,A - reset / initial state,genus,23.12-s086_1,retimed,off,0.7261,MET,,,,,,333,898.85567625,,,,,,,,,,,,,,,1.51762,0.624954,0.43303800000000003,1.0465900000000001,0.037994799999999995,probabilistic,,7,16.0,33af01a57846,uncommitted
r03_async_reset_blocker,A - reset / initial state,genus,23.12-s086_1,retimed,off,1.026,MET,,,,,,219,649.69903325,,,,,,,,,,,,,,,0.816081,0.29187599999999997,0.293914,0.49527800000000005,0.0268889,probabilistic,,5,14.0,33af01a57846,uncommitted
r03_async_reset_blocker,A - reset / initial state,innovus-nangate45,23.12-s091_1,directive,off,0.159,,-0.165,-3.772,28.0,51,,580,,3202.74,91.378,0,0.0,0.0,1.42,0.278,0.004,,,,,10,0,7.69362454,3.138647,,,0.0,probabilistic,,106,126.0,,
r03_async_reset_blocker,A - reset / initial state,innovus-nangate45,23.12-s091_1,directive,off,0.1705,,-0.142,-2.868,27.0,48,,565,,3081.37,89.437,0,0.0,0.0,1.25,0.237,0.003,,,,,10,0,7.13245563,2.96827791,,,0.0,probabilistic,,95,116.0,,
r03_async_reset_blocker,A - reset / initial state,innovus-nangate45,23.12-s091_1,directive,off,0.1841,,-0.071,-3.084,62.0,98,,794,,5127.13,85.594,0,0.0,0.0,2.82,0.207,0.006,,,,,10,0,8.07774624,2.8351578,,,0.0,probabilistic,,184,22.0,,
r03_async_reset_blocker,A - reset / initial state,innovus-nangate45,23.12-s091_1,directive,off,0.2271,,-0.088,-1.329,23.0,50,,595,,3389.94,88.426,0,0.0,0.0,0.41,0.241,0.001,,,,,10,0,5.66095028,2.38466603,,,0.0,probabilistic,,112,135.0,,
r03_async_reset_blocker,A - reset / initial state,innovus-nangate45,23.12-s091_1,directive,off,0.3244,,-0.019,-0.131,12.0,49,,612,,3435.56,86.824,0,0.0,0.0,0.45,0.223,0.001,,,,,10,0,4.06312541,1.69188997,,,0.0,probabilistic,,82,102.0,,
r03_async_reset_blocker,A - reset / initial state,innovus-nangate45,23.12-s091_1,directive,off,0.4634,,0.012,0.0,0.0,51,,348,,2139.79,,0,0.0,0.0,,,,,,,,10,0,,,,,,probabilistic,,59,36.0,,
r03_async_reset_blocker,A - reset / initial state,innovus-nangate45,23.12-s091_1,orig,off,0.159,,0.006,0.0,0.0,24,,677,,3201.075,93.302,0,0.0,0.0,1.59,0.558,0.009,,,,,10,0,14.71397149,7.34547993,,,0.0,probabilistic,,93,116.0,,
r03_async_reset_blocker,A - reset / initial state,innovus-nangate45,23.12-s091_1,orig,off,0.1705,,-0.01,-0.01,1.0,24,,652,,3412.075,92.348,0,0.0,0.0,1.2,0.577,0.007,,,,,10,0,13.47265072,6.79574035,,,0.0,probabilistic,,81,102.0,,
r03_async_reset_blocker,A - reset / initial state,innovus-nangate45,23.12-s091_1,orig,off,0.1841,,-0.007,-0.019,7.0,48,,869,,7135.095,93.969,0,0.0,0.0,0.14,0.7,0.001,,,,,10,0,15.90025087,7.70470419,,,2.226,probabilistic,,250,19.0,,
r03_async_reset_blocker,A - reset / initial state,innovus-nangate45,23.12-s091_1,orig,off,0.2271,,0.044,0.0,0.0,24,,650,,2976.51,93.043,0,0.0,0.0,0.71,0.562,0.004,,,,,10,0,10.79212994,5.32214654,,,0.0,probabilistic,,115,137.0,,
r03_async_reset_blocker,A - reset / initial state,innovus-nangate45,23.12-s091_1,orig,off,0.3244,,0.139,0.0,0.0,24,,629,,3167.47,93.953,0,0.0,0.0,0.68,0.581,0.004,,,,,10,0,7.2201488,3.58800674,,,0.0,probabilistic,,83,101.0,,
r03_async_reset_blocker,A - reset / initial state,innovus-nangate45,23.12-s091_1,orig,off,0.4634,,0.274,0.0,0.0,24,,659,,3381.14,93.634,0,0.0,0.0,0.35,0.575,0.002,,,,,10,0,5.59787147,2.81715984,,,0.0,probabilistic,,69,86.0,,
r03_async_reset_blocker,A - reset / initial state,innovus-nangate45,23.12-s091_1,orig,on,0.159,,-0.165,-3.772,28.0,51,,580,,3202.74,91.378,0,0.0,0.0,1.42,0.278,0.004,,,,,10,0,7.69362454,3.138647,,,0.0,probabilistic,,105,125.0,,
r03_async_reset_blocker,A - reset / initial state,innovus-nangate45,23.12-s091_1,orig,on,0.1705,,-0.142,-2.868,27.0,48,,565,,3081.37,89.437,0,0.0,0.0,1.25,0.237,0.003,,,,,10,0,7.13245563,2.96827791,,,0.0,probabilistic,,96,118.0,,
r03_async_reset_blocker,A - reset / initial state,innovus-nangate45,23.12-s091_1,orig,on,0.1841,,-0.071,-3.084,62.0,98,,794,,5127.13,85.594,0,0.0,0.0,2.82,0.207,0.006,,,,,10,0,8.07774624,2.8351578,,,0.0,probabilistic,,172,23.0,,
r03_async_reset_blocker,A - reset / initial state,innovus-nangate45,23.12-s091_1,orig,on,0.2271,,-0.088,-1.329,23.0,50,,595,,3389.94,88.426,0,0.0,0.0,0.41,0.241,0.001,,,,,10,0,5.66095028,2.38466603,,,0.0,probabilistic,,117,140.0,,
r03_async_reset_blocker,A - reset / initial state,innovus-nangate45,23.12-s091_1,orig,on,0.3244,,-0.019,-0.131,12.0,49,,612,,3435.56,86.824,0,0.0,0.0,0.45,0.223,0.001,,,,,10,0,4.06312541,1.69188997,,,0.0,probabilistic,,82,103.0,,
r03_async_reset_blocker,A - reset / initial state,innovus-nangate45,23.12-s091_1,orig,on,0.4634,,0.012,0.0,0.0,51,,348,,2139.79,73.388,0,0.0,0.0,0.0,0.342,0.0,,,,,10,0,1.49431361,0.47702798,,,0.0,probabilistic,,60,78.0,,
r03_async_reset_blocker,A - reset / initial state,innovus-nangate45,23.12-s091_1,retimed,off,0.159,,-0.179,-1.357,8.0,24,,614,,3003.975,100.121,0,0.0,0.0,0.0,0.288,0.0,,,,,10,0,8.26035845,3.83536633,,,1.028,probabilistic,,1122,1144.0,,
r03_async_reset_blocker,A - reset / initial state,innovus-nangate45,23.12-s091_1,retimed,off,0.1705,,-0.302,-2.285,8.0,24,,638,,3058.905,97.295,0,0.0,0.0,0.37,0.541,0.002,,,,,10,0,8.0673674,3.83925711,,,0.8778,probabilistic,,105,124.0,,
r03_async_reset_blocker,A - reset / initial state,innovus-nangate45,23.12-s091_1,retimed,off,0.1841,,-0.283,-6.744,30.0,48,,699,,3864.005,96.414,0,0.0,0.0,0.57,0.524,0.003,,,,,10,0,8.31113344,3.78150844,,,1.012,probabilistic,,201,21.0,,
r03_async_reset_blocker,A - reset / initial state,innovus-nangate45,23.12-s091_1,retimed,off,0.2271,,-0.141,-1.051,8.0,24,,643,,3571.73,98.76,0,0.0,0.0,0.0,0.269,0.0,,,,,10,0,6.052558,2.83872542,,,0.8186,probabilistic,,141,160.0,,
r03_async_reset_blocker,A - reset / initial state,innovus-nangate45,23.12-s091_1,retimed,off,0.3244,,-0.049,-0.283,8.0,24,,655,,3242.065,97.647,0,0.0,0.0,0.33,0.302,0.001,,,,,10,0,4.20629008,1.97019503,,,0.4834,probabilistic,,96,118.0,,
r03_async_reset_blocker,A - reset / initial state,innovus-nangate45,23.12-s091_1,retimed,off,0.4634,,0.001,0.0,0.0,24,,602,,3137.305,,0,0.0,0.0,,,,,,,,10,0,,,,,,probabilistic,,97,24.0,,
r03_async_reset_blocker,A - reset / initial state,openroad_syn,,directive,unsupported,0.9,VIOLATED,,,,,,229,,,,,,,,,,,,,,,,0.862443,0.185616,,,,vectorless,,0,1.0,8cda6ae6c04d,uncommitted
r03_async_reset_blocker,A - reset / initial state,openroad_syn,,directive,unsupported,1.098,VIOLATED,,,,,,229,,,,,,,,,,,,,,,,0.712079,0.152144,,,,vectorless,,0,1.0,8cda6ae6c04d,uncommitted
r03_async_reset_blocker,A - reset / initial state,openroad_syn,,directive,unsupported,1.349,VIOLATED,,,,,,229,,,,,,,,,,,,,,,,0.58491,0.123836,,,,vectorless,,0,1.0,8cda6ae6c04d,uncommitted
r03_async_reset_blocker,A - reset / initial state,openroad_syn,,directive,unsupported,1.642,VIOLATED,,,,,,229,,,,,,,,,,,,,,,,0.485993,0.101738,,,,vectorless,,1,1.0,8cda6ae6c04d,uncommitted
r03_async_reset_blocker,A - reset / initial state,openroad_syn,,directive,unsupported,1.987,VIOLATED,,,,,,229,,,,,,,,,,,,,,,,0.407814,0.0840736,,,,vectorless,,0,1.0,8cda6ae6c04d,uncommitted
r03_async_reset_blocker,A - reset / initial state,openroad_syn,,directive,unsupported,2.395,MET,,,,,,229,,,,,,,,,,,,,,,,0.34442799999999996,0.0697512,,,,vectorless,,0,1.0,8cda6ae6c04d,uncommitted
r03_async_reset_blocker,A - reset / initial state,openroad_syn,,orig,unsupported,0.9,VIOLATED,,,,,,229,,,,,,,,,,,,,,,,0.862443,0.185616,,,,vectorless,,1,1.0,8cda6ae6c04d,uncommitted
r03_async_reset_blocker,A - reset / initial state,openroad_syn,,orig,unsupported,1.098,VIOLATED,,,,,,229,,,,,,,,,,,,,,,,0.712079,0.152144,,,,vectorless,,0,1.0,8cda6ae6c04d,uncommitted
r03_async_reset_blocker,A - reset / initial state,openroad_syn,,orig,unsupported,1.349,VIOLATED,,,,,,229,,,,,,,,,,,,,,,,0.58491,0.123836,,,,vectorless,,0,1.0,8cda6ae6c04d,uncommitted
r03_async_reset_blocker,A - reset / initial state,openroad_syn,,orig,unsupported,1.642,VIOLATED,,,,,,229,,,,,,,,,,,,,,,,0.485993,0.101738,,,,vectorless,,0,1.0,8cda6ae6c04d,uncommitted
r03_async_reset_blocker,A - reset / initial state,openroad_syn,,orig,unsupported,1.987,VIOLATED,,,,,,229,,,,,,,,,,,,,,,,0.407814,0.0840736,,,,vectorless,,0,1.0,8cda6ae6c04d,uncommitted
r03_async_reset_blocker,A - reset / initial state,openroad_syn,,orig,unsupported,2.395,MET,,,,,,229,,,,,,,,,,,,,,,,0.34442799999999996,0.0697512,,,,vectorless,,0,0.0,8cda6ae6c04d,uncommitted
r03_async_reset_blocker,A - reset / initial state,openroad_syn,,retimed,unsupported,0.9,VIOLATED,,,,,,219,,,,,,,,,,,,,,,,0.796597,0.194443,,,,vectorless,,0,1.0,8cda6ae6c04d,uncommitted
r03_async_reset_blocker,A - reset / initial state,openroad_syn,,retimed,unsupported,1.098,MET,,,,,,219,,,,,,,,,,,,,,,,0.657528,0.159379,,,,vectorless,,0,1.0,8cda6ae6c04d,uncommitted
r03_async_reset_blocker,A - reset / initial state,openroad_syn,,retimed,unsupported,1.349,MET,,,,,,219,,,,,,,,,,,,,,,,0.5399120000000001,0.129725,,,,vectorless,,0,0.0,8cda6ae6c04d,uncommitted
r03_async_reset_blocker,A - reset / initial state,openroad_syn,,retimed,unsupported,1.642,MET,,,,,,219,,,,,,,,,,,,,,,,0.448373,0.106577,,,,vectorless,,0,1.0,8cda6ae6c04d,uncommitted
r03_async_reset_blocker,A - reset / initial state,openroad_syn,,retimed,unsupported,1.987,MET,,,,,,219,,,,,,,,,,,,,,,,0.375888,0.0880719,,,,vectorless,,0,1.0,8cda6ae6c04d,uncommitted
r03_async_reset_blocker,A - reset / initial state,openroad_syn,,retimed,unsupported,2.395,MET,,,,,,219,,,,,,,,,,,,,,,,0.317118,0.0730684,,,,vectorless,,0,1.0,8cda6ae6c04d,uncommitted
r03_async_reset_blocker,A - reset / initial state,vivado-xc7a100t,2025.2,directive,on,3.5,VIOLATED,,,,,,,,,,,,,,,,,,,,,,142.0,,,,,vectorless,84,310,349.0,,
r03_async_reset_blocker,A - reset / initial state,vivado-xc7a100t,2025.2,orig,off,3.5,VIOLATED,,,,,,,,,,,,,,,,,,,,,,142.0,,,,,vectorless,84,333,431.0,,
r03_async_reset_blocker,A - reset / initial state,vivado-xc7a100t,2025.2,orig,on,3.5,VIOLATED,,,,,,,,,,,,,,,,,,,,,,142.0,,,,,vectorless,84,315,383.0,,
r03_async_reset_blocker,A - reset / initial state,vivado-xc7a100t,2025.2,retimed,off,3.5,VIOLATED,,,,,,,,,,,,,,,,,,,,,,144.0,,,,,vectorless,84,312,380.0,,
r03_async_reset_blocker,A - reset / initial state,vivado-xcau7p,2025.2,directive,on,3.5,VIOLATED,,,,,,,,,,,,,,,,,,,,,,183.0,,,,,vectorless,113,250,273.0,,
r03_async_reset_blocker,A - reset / initial state,vivado-xcau7p,2025.2,orig,off,3.5,VIOLATED,,,,,,,,,,,,,,,,,,,,,,183.0,,,,,vectorless,113,261,281.0,,
r03_async_reset_blocker,A - reset / initial state,vivado-xcau7p,2025.2,orig,on,3.5,VIOLATED,,,,,,,,,,,,,,,,,,,,,,183.0,,,,,vectorless,113,240,264.0,,
r03_async_reset_blocker,A - reset / initial state,vivado-xcau7p,2025.2,retimed,off,3.5,VIOLATED,,,,,,,,,,,,,,,,,,,,,,183.0,,,,,vectorless,70,246,268.0,,
r03_async_reset_blocker,A - reset / initial state,vivado2023.1-xc7a100t,2023.1,directive,on,4.55,VIOLATED,,,,,,,,,,,,,,,,,,,,,,130.0,,,,,vectorless,84,34,42.0,,
r03_async_reset_blocker,A - reset / initial state,vivado2023.1-xc7a100t,2023.1,directive,on,5.6,VIOLATED,,,,,,,,,,,,,,,,,,,,,,123.0,,,,,vectorless,84,35,42.0,,
r03_async_reset_blocker,A - reset / initial state,vivado2023.1-xc7a100t,2023.1,directive,on,7.0,VIOLATED,,,,,,,,,,,,,,,,,,,,,,116.0,,,,,vectorless,84,35,43.0,,
r03_async_reset_blocker,A - reset / initial state,vivado2023.1-xc7a100t,2023.1,directive,on,8.4,MET,,,,,,,,,,,,,,,,,,,,,,112.0,,,,,vectorless,84,29,43.0,,
r03_async_reset_blocker,A - reset / initial state,vivado2023.1-xc7a100t,2023.1,directive,on,10.5,MET,,,,,,,,,,,,,,,,,,,,,,108.0,,,,,vectorless,84,29,43.0,,
r03_async_reset_blocker,A - reset / initial state,vivado2023.1-xc7a100t,2023.1,orig,off,4.55,VIOLATED,,,,,,,,,,,,,,,,,,,,,,130.0,,,,,vectorless,84,28,36.0,,
r03_async_reset_blocker,A - reset / initial state,vivado2023.1-xc7a100t,2023.1,orig,off,5.6,VIOLATED,,,,,,,,,,,,,,,,,,,,,,123.0,,,,,vectorless,84,30,38.0,,
r03_async_reset_blocker,A - reset / initial state,vivado2023.1-xc7a100t,2023.1,orig,off,7.0,VIOLATED,,,,,,,,,,,,,,,,,,,,,,116.0,,,,,vectorless,84,29,39.0,,
r03_async_reset_blocker,A - reset / initial state,vivado2023.1-xc7a100t,2023.1,orig,off,8.4,MET,,,,,,,,,,,,,,,,,,,,,,112.0,,,,,vectorless,84,29,41.0,,
r03_async_reset_blocker,A - reset / initial state,vivado2023.1-xc7a100t,2023.1,orig,off,10.5,MET,,,,,,,,,,,,,,,,,,,,,,108.0,,,,,vectorless,84,29,42.0,,
r03_async_reset_blocker,A - reset / initial state,vivado2023.1-xc7a100t,2023.1,orig,on,4.55,VIOLATED,,,,,,,,,,,,,,,,,,,,,,130.0,,,,,vectorless,84,29,45.0,,
r03_async_reset_blocker,A - reset / initial state,vivado2023.1-xc7a100t,2023.1,orig,on,5.6,VIOLATED,,,,,,,,,,,,,,,,,,,,,,123.0,,,,,vectorless,84,30,45.0,,
r03_async_reset_blocker,A - reset / initial state,vivado2023.1-xc7a100t,2023.1,orig,on,7.0,VIOLATED,,,,,,,,,,,,,,,,,,,,,,116.0,,,,,vectorless,84,29,36.0,,
r03_async_reset_blocker,A - reset / initial state,vivado2023.1-xc7a100t,2023.1,orig,on,8.4,MET,,,,,,,,,,,,,,,,,,,,,,112.0,,,,,vectorless,84,28,36.0,,
r03_async_reset_blocker,A - reset / initial state,vivado2023.1-xc7a100t,2023.1,orig,on,10.5,MET,,,,,,,,,,,,,,,,,,,,,,108.0,,,,,vectorless,84,28,36.0,,
r03_async_reset_blocker,A - reset / initial state,vivado2023.1-xc7a100t,2023.1,retimed,off,4.55,VIOLATED,,,,,,,,,,,,,,,,,,,,,,130.0,,,,,vectorless,84,28,42.0,,
r03_async_reset_blocker,A - reset / initial state,vivado2023.1-xc7a100t,2023.1,retimed,off,5.6,VIOLATED,,,,,,,,,,,,,,,,,,,,,,123.0,,,,,vectorless,84,28,42.0,,
r03_async_reset_blocker,A - reset / initial state,vivado2023.1-xc7a100t,2023.1,retimed,off,7.0,MET,,,,,,,,,,,,,,,,,,,,,,117.0,,,,,vectorless,84,28,43.0,,
r03_async_reset_blocker,A - reset / initial state,vivado2023.1-xc7a100t,2023.1,retimed,off,8.4,MET,,,,,,,,,,,,,,,,,,,,,,112.0,,,,,vectorless,84,29,44.0,,
r03_async_reset_blocker,A - reset / initial state,vivado2023.1-xc7a100t,2023.1,retimed,off,10.5,MET,,,,,,,,,,,,,,,,,,,,,,108.0,,,,,vectorless,84,34,41.0,,
r03_async_reset_blocker,A - reset / initial state,yosys,0.58,directive,on,0.9,MET,,,,,,303,520.562,,,,,,,,,,,,,,,1.1900000000000002,0.415,,,,vectorless,,1.0,1.0,8cda6ae6c04d,uncommitted
r03_async_reset_blocker,A - reset / initial state,yosys,0.58,directive,on,1.098,MET,,,,,,303,520.562,,,,,,,,,,,,,,,0.9790000000000001,0.34,,,,vectorless,,1.0,1.0,8cda6ae6c04d,uncommitted
r03_async_reset_blocker,A - reset / initial state,yosys,0.58,directive,on,1.349,MET,,,,,,303,520.562,,,,,,,,,,,,,,,0.8019999999999999,0.277,,,,vectorless,,0.0,1.0,8cda6ae6c04d,uncommitted
r03_async_reset_blocker,A - reset / initial state,yosys,0.58,directive,on,1.642,MET,,,,,,303,520.562,,,,,,,,,,,,,,,0.664,0.22699999999999998,,,,vectorless,,0.0,1.0,8cda6ae6c04d,uncommitted
r03_async_reset_blocker,A - reset / initial state,yosys,0.58,directive,on,1.987,MET,,,,,,303,520.562,,,,,,,,,,,,,,,0.555,0.188,,,,vectorless,,1.0,2.0,8cda6ae6c04d,uncommitted
r03_async_reset_blocker,A - reset / initial state,yosys,0.58,directive,on,2.395,MET,,,,,,303,520.562,,,,,,,,,,,,,,,0.46599999999999997,0.156,,,,vectorless,,1.0,1.0,8cda6ae6c04d,uncommitted
r03_async_reset_blocker,A - reset / initial state,yosys,0.58,orig,off,0.9,VIOLATED,,,,,,303,347.662,,,,,,,,,,,,,,,0.9810000000000001,0.262,,,,vectorless,,1.0,1.0,8cda6ae6c04d,uncommitted
r03_async_reset_blocker,A - reset / initial state,yosys,0.58,orig,off,1.098,VIOLATED,,,,,,303,347.662,,,,,,,,,,,,,,,0.809,0.215,,,,vectorless,,1.0,1.0,8cda6ae6c04d,uncommitted
r03_async_reset_blocker,A - reset / initial state,yosys,0.58,orig,off,1.349,VIOLATED,,,,,,303,347.662,,,,,,,,,,,,,,,0.662,0.175,,,,vectorless,,1.0,1.0,8cda6ae6c04d,uncommitted
r03_async_reset_blocker,A - reset / initial state,yosys,0.58,orig,off,1.642,VIOLATED,,,,,,303,347.662,,,,,,,,,,,,,,,0.549,0.14400000000000002,,,,vectorless,,1.0,1.0,8cda6ae6c04d,uncommitted
r03_async_reset_blocker,A - reset / initial state,yosys,0.58,orig,off,1.987,MET,,,,,,303,347.662,,,,,,,,,,,,,,,0.458,0.11900000000000001,,,,vectorless,,0.0,1.0,8cda6ae6c04d,uncommitted
r03_async_reset_blocker,A - reset / initial state,yosys,0.58,orig,off,2.395,MET,,,,,,303,347.662,,,,,,,,,,,,,,,0.38499999999999995,0.0984,,,,vectorless,,0.0,1.0,8cda6ae6c04d,uncommitted
r03_async_reset_blocker,A - reset / initial state,yosys,0.58,orig,on,0.9,MET,,,,,,303,520.562,,,,,,,,,,,,,,,1.1900000000000002,0.415,,,,vectorless,,1.0,1.0,8cda6ae6c04d,uncommitted
r03_async_reset_blocker,A - reset / initial state,yosys,0.58,orig,on,1.098,MET,,,,,,303,520.562,,,,,,,,,,,,,,,0.9790000000000001,0.34,,,,vectorless,,1.0,1.0,8cda6ae6c04d,uncommitted
r03_async_reset_blocker,A - reset / initial state,yosys,0.58,orig,on,1.349,MET,,,,,,303,520.562,,,,,,,,,,,,,,,0.8019999999999999,0.277,,,,vectorless,,0.0,1.0,8cda6ae6c04d,uncommitted
r03_async_reset_blocker,A - reset / initial state,yosys,0.58,orig,on,1.642,MET,,,,,,303,520.562,,,,,,,,,,,,,,,0.664,0.22699999999999998,,,,vectorless,,0.0,1.0,8cda6ae6c04d,uncommitted
r03_async_reset_blocker,A - reset / initial state,yosys,0.58,orig,on,1.987,MET,,,,,,303,520.562,,,,,,,,,,,,,,,0.555,0.188,,,,vectorless,,0.0,1.0,8cda6ae6c04d,uncommitted
r03_async_reset_blocker,A - reset / initial state,yosys,0.58,orig,on,2.395,MET,,,,,,303,520.562,,,,,,,,,,,,,,,0.46599999999999997,0.156,,,,vectorless,,1.0,2.0,8cda6ae6c04d,uncommitted
r03_async_reset_blocker,A - reset / initial state,yosys,0.58,retimed,off,0.9,VIOLATED,,,,,,306,352.45,,,,,,,,,,,,,,,1.0399999999999998,0.313,,,,vectorless,,0.0,1.0,8cda6ae6c04d,uncommitted
r03_async_reset_blocker,A - reset / initial state,yosys,0.58,retimed,off,1.098,MET,,,,,,306,352.45,,,,,,,,,,,,,,,0.858,0.257,,,,vectorless,,1.0,2.0,8cda6ae6c04d,uncommitted
r03_async_reset_blocker,A - reset / initial state,yosys,0.58,retimed,off,1.349,MET,,,,,,306,352.45,,,,,,,,,,,,,,,0.7020000000000001,0.20900000000000002,,,,vectorless,,1.0,2.0,8cda6ae6c04d,uncommitted
r03_async_reset_blocker,A - reset / initial state,yosys,0.58,retimed,off,1.642,MET,,,,,,306,352.45,,,,,,,,,,,,,,,0.5810000000000001,0.17200000000000001,,,,vectorless,,1.0,2.0,8cda6ae6c04d,uncommitted
r03_async_reset_blocker,A - reset / initial state,yosys,0.58,retimed,off,1.987,MET,,,,,,306,352.45,,,,,,,,,,,,,,,0.484,0.14200000000000002,,,,vectorless,,1.0,1.0,8cda6ae6c04d,uncommitted
r03_async_reset_blocker,A - reset / initial state,yosys,0.58,retimed,off,2.395,MET,,,,,,306,352.45,,,,,,,,,,,,,,,0.406,0.118,,,,vectorless,,1.0,1.0,8cda6ae6c04d,uncommitted
r04_init_only_no_reset,A - reset / initial state,genus,23.12-s086_1,directive,off,0.126,VIOLATED,,,,50,32,549,1453.1930392499999,,,,,,,,,,,,,,,14.054499999999999,5.86146,4.66778,8.952679999999999,0.434064,probabilistic,,68,84.0,c7162bb84e25,33c3049
r04_init_only_no_reset,A - reset / initial state,genus,23.12-s086_1,directive,off,0.1546,VIOLATED,,,,92,64,566,1529.3668915,,,,,,,,,,,,,,,9.986089999999999,3.4163599999999996,4.948799999999999,4.38768,0.6496120000000001,probabilistic,,32,44.0,c7162bb84e25,4f7c7a48
r04_init_only_no_reset,A - reset / initial state,genus,23.12-s086_1,directive,off,0.156,VIOLATED,,,,51,32,524,1376.899355,,,,,,,,,,,,,,,11.0177,4.496,3.81901,6.84267,0.35601900000000003,probabilistic,,37,46.0,c7162bb84e25,585535c
r04_init_only_no_reset,A - reset / initial state,genus,23.12-s086_1,directive,off,0.1771,VIOLATED,,,,88,64,565,1537.55657475,,,,,,,,,,,,,,,8.5054,2.9381500000000003,4.28361,3.6793,0.542484,probabilistic,,38,52.0,c7162bb84e25,4f7c7a48
r04_init_only_no_reset,A - reset / initial state,genus,23.12-s086_1,directive,off,0.18,VIOLATED,,,,51,32,526,1406.21668425,,,,,,,,,,,,,,,9.71715,3.8654800000000002,3.32751,6.080419999999999,0.309222,probabilistic,,83,107.0,c7162bb84e25,33c3049
r04_init_only_no_reset,A - reset / initial state,genus,23.12-s086_1,directive,off,0.2229,VIOLATED,,,,48,32,569,1478.7142840000001,,,,,,,,,,,,,,,8.27857,3.47276,2.59166,5.45186,0.235052,probabilistic,,47,56.0,c7162bb84e25,585535c
r04_init_only_no_reset,A - reset / initial state,genus,23.12-s086_1,directive,off,0.3093,MET,,,,88,64,374,1143.538281,,,,,,,,,,,,,,,3.9252999999999996,1.1578300000000001,2.2464,1.36828,0.310618,probabilistic,,17,29.0,c7162bb84e25,4f7c7a48
r04_init_only_no_reset,A - reset / initial state,genus,23.12-s086_1,directive,off,0.3185,VIOLATED,,,,51,32,586,1517.663098,,,,,,,,,,,,,,,5.58116,2.28945,1.86593,3.54085,0.174377,probabilistic,,51,60.0,c7162bb84e25,585535c
r04_init_only_no_reset,A - reset / initial state,genus,23.12-s086_1,directive,off,0.3498,VIOLATED,,,,,,461,1198.00752825,,,,,,,,,,,,,,,4.49968,1.7822,1.6695900000000001,2.67823,0.151855,probabilistic,,23,31.0,8864e7c8ad06,uncommitted
r04_init_only_no_reset,A - reset / initial state,genus,23.12-s086_1,directive,off,0.455,MET,,,,74,64,273,NA,,,,,,,,,,,,,,,,,,,,probabilistic,,15,30.0,e2862f223c25,4f7c7a48
r04_init_only_no_reset,A - reset / initial state,genus,23.12-s086_1,directive,off,0.6186,MET,,,,48,64,253,780.621669,,,,,,,,,,,,,,,1.60943,0.5232249999999999,0.783256,0.741474,0.0846961,probabilistic,,14,26.0,c7162bb84e25,4f7c7a48
r04_init_only_no_reset,A - reset / initial state,genus,23.12-s086_1,directive,off,0.6695,MET,,,,,,340,960.0139585,,,,,,,,,,,,,,,1.86866,0.617729,0.866936,0.918582,0.08313670000000001,probabilistic,,15,25.0,8864e7c8ad06,uncommitted
r04_init_only_no_reset,A - reset / initial state,genus,23.12-s086_1,directive,off,1.011,MET,,,,,,222,684.12876325,,,,,,,,,,,,,,,0.9508719999999999,0.29302100000000003,0.44787899999999997,0.464095,0.0388971,probabilistic,,11,19.0,8864e7c8ad06,uncommitted
r04_init_only_no_reset,A - reset / initial state,genus,23.12-s086_1,orig,off,0.126,VIOLATED,,,,24,32,597,1475.0754875,,,,,,,,,,,,,,,15.5666,7.45177,2.74382,12.6076,0.215111,probabilistic,,99,119.0,c7162bb84e25,33c3049
r04_init_only_no_reset,A - reset / initial state,genus,23.12-s086_1,orig,off,0.156,VIOLATED,,,,24,32,613,1513.7335497499998,,,,,,,,,,,,,,,12.1902,5.75495,2.1709,9.8471,0.17219199999999998,probabilistic,,54,64.0,c7162bb84e25,585535c
r04_init_only_no_reset,A - reset / initial state,genus,23.12-s086_1,orig,off,0.1771,VIOLATED,,,,48,64,557,1420.7252125,,,,,,,,,,,,,,,10.444500000000001,4.55791,2.79867,7.35065,0.295155,probabilistic,,51,64.0,c7162bb84e25,4f7c7a48
r04_init_only_no_reset,A - reset / initial state,genus,23.12-s086_1,orig,off,0.18,VIOLATED,,,,24,32,576,1448.0758485,,,,,,,,,,,,,,,10.586699999999999,4.987,1.90034,8.53715,0.149233,probabilistic,,81,97.0,c7162bb84e25,33c3049
r04_init_only_no_reset,A - reset / initial state,genus,23.12-s086_1,orig,off,0.2229,VIOLATED,,,,24,32,580,1412.02739,,,,,,,,,,,,,,,8.42798,3.95504,1.52556,6.78299,0.119426,probabilistic,,40,48.0,c7162bb84e25,585535c
r04_init_only_no_reset,A - reset / initial state,genus,23.12-s086_1,orig,off,0.3185,VIOLATED,,,,24,32,588,1450.8249215,,,,,,,,,,,,,,,5.9497,2.72518,1.09684,4.77042,0.0824396,probabilistic,,46,55.0,c7162bb84e25,585535c
r04_init_only_no_reset,A - reset / initial state,genus,23.12-s086_1,orig,off,0.3498,VIOLATED,,,,,,577,1457.34633975,,,,,,,,,,,,,,,5.594069999999999,2.5396300000000003,1.16,4.3552,0.07886789999999999,probabilistic,,46,55.0,8864e7c8ad06,uncommitted
r04_init_only_no_reset,A - reset / initial state,genus,23.12-s086_1,orig,off,0.455,VIOLATED,,,,48,64,607,NA,,,,,,,,,,,,,,,,,,,,probabilistic,,52,70.0,e2862f223c25,4f7c7a48
r04_init_only_no_reset,A - reset / initial state,genus,23.12-s086_1,orig,off,0.6186,VIOLATED,,,,48,64,533,1405.851823,,,,,,,,,,,,,,,3.00633,1.3028499999999998,0.8102400000000001,2.11158,0.0845005,probabilistic,,87,98.0,c7162bb84e25,4f7c7a48
r04_init_only_no_reset,A - reset / initial state,genus,23.12-s086_1,orig,off,1.0115,MET,,,,,,506,1265.2988329999998,,,,,,,,,,,,,,,1.73189,0.763312,0.37858400000000003,1.32723,0.0260781,probabilistic,,20,28.0,8864e7c8ad06,uncommitted
r04_init_only_no_reset,A - reset / initial state,genus,23.12-s086_1,orig,on,0.126,VIOLATED,,,,50,32,549,1453.1930392499999,,,,,,,,,,,,,,,14.054499999999999,5.86146,4.66778,8.952679999999999,0.434064,probabilistic,,64,83.0,c7162bb84e25,33c3049
r04_init_only_no_reset,A - reset / initial state,genus,23.12-s086_1,orig,on,0.1546,VIOLATED,,,,92,64,566,1529.3668915,,,,,,,,,,,,,,,9.986089999999999,3.4163599999999996,4.948799999999999,4.38768,0.6496120000000001,probabilistic,,35,48.0,c7162bb84e25,4f7c7a48
r04_init_only_no_reset,A - reset / initial state,genus,23.12-s086_1,orig,on,0.156,VIOLATED,,,,51,32,524,1376.899355,,,,,,,,,,,,,,,11.0177,4.496,3.81901,6.84267,0.35601900000000003,probabilistic,,37,45.0,c7162bb84e25,585535c
r04_init_only_no_reset,A - reset / initial state,genus,23.12-s086_1,orig,on,0.1771,VIOLATED,,,,88,64,565,1537.55657475,,,,,,,,,,,,,,,8.5054,2.9381500000000003,4.28361,3.6793,0.542484,probabilistic,,44,57.0,c7162bb84e25,4f7c7a48
r04_init_only_no_reset,A - reset / initial state,genus,23.12-s086_1,orig,on,0.18,VIOLATED,,,,51,32,526,1406.21668425,,,,,,,,,,,,,,,9.71715,3.8654800000000002,3.32751,6.080419999999999,0.309222,probabilistic,,67,83.0,c7162bb84e25,33c3049
r04_init_only_no_reset,A - reset / initial state,genus,23.12-s086_1,orig,on,0.2229,VIOLATED,,,,48,32,569,1478.7142840000001,,,,,,,,,,,,,,,8.27857,3.47276,2.59166,5.45186,0.235052,probabilistic,,47,56.0,c7162bb84e25,585535c
r04_init_only_no_reset,A - reset / initial state,genus,23.12-s086_1,orig,on,0.3093,MET,,,,88,64,374,1143.538281,,,,,,,,,,,,,,,3.9252999999999996,1.1578300000000001,2.2464,1.36828,0.310618,probabilistic,,17,28.0,c7162bb84e25,4f7c7a48
r04_init_only_no_reset,A - reset / initial state,genus,23.12-s086_1,orig,on,0.3185,VIOLATED,,,,51,32,586,1517.663098,,,,,,,,,,,,,,,5.58116,2.28945,1.86593,3.54085,0.174377,probabilistic,,51,61.0,c7162bb84e25,585535c
r04_init_only_no_reset,A - reset / initial state,genus,23.12-s086_1,orig,on,0.3498,VIOLATED,,,,,,461,1198.00752825,,,,,,,,,,,,,,,4.49968,1.7822,1.6695900000000001,2.67823,0.151855,probabilistic,,23,33.0,8864e7c8ad06,uncommitted
r04_init_only_no_reset,A - reset / initial state,genus,23.12-s086_1,orig,on,0.455,VIOLATED,,,,48,64,607,NA,,,,,,,,,,,,,,,,,,,,probabilistic,,52,68.0,e2862f223c25,4f7c7a48
r04_init_only_no_reset,A - reset / initial state,genus,23.12-s086_1,orig,on,0.6186,MET,,,,48,64,253,780.621669,,,,,,,,,,,,,,,1.60943,0.5232249999999999,0.783256,0.741474,0.0846961,probabilistic,,13,24.0,c7162bb84e25,4f7c7a48
r04_init_only_no_reset,A - reset / initial state,genus,23.12-s086_1,orig,on,0.6695,MET,,,,,,340,960.0139585,,,,,,,,,,,,,,,1.86866,0.617729,0.866936,0.918582,0.08313670000000001,probabilistic,,15,25.0,8864e7c8ad06,uncommitted
r04_init_only_no_reset,A - reset / initial state,genus,23.12-s086_1,orig,on,1.011,MET,,,,,,222,684.12876325,,,,,,,,,,,,,,,0.9508719999999999,0.29302100000000003,0.44787899999999997,0.464095,0.0388971,probabilistic,,11,19.0,8864e7c8ad06,uncommitted
r04_init_only_no_reset,A - reset / initial state,genus,23.12-s086_1,retimed,off,0.126,VIOLATED,,,,24,32,489,1170.19337625,,,,,,,,,,,,,,,12.5291,6.03282,2.38739,9.93331,0.20838900000000002,probabilistic,,43,59.0,c7162bb84e25,33c3049
r04_init_only_no_reset,A - reset / initial state,genus,23.12-s086_1,retimed,off,0.156,VIOLATED,,,,24,32,501,1231.22019025,,,,,,,,,,,,,,,11.2783,5.45019,1.8633899999999999,9.246580000000002,0.168314,probabilistic,,41,50.0,c7162bb84e25,585535c
r04_init_only_no_reset,A - reset / initial state,genus,23.12-s086_1,retimed,off,0.1771,VIOLATED,,,,48,64,520,1329.6897250000002,,,,,,,,,,,,,,,9.91856,4.35659,2.60102,7.02102,0.296522,probabilistic,,44,61.0,c7162bb84e25,4f7c7a48
r04_init_only_no_reset,A - reset / initial state,genus,23.12-s086_1,retimed,off,0.18,VIOLATED,,,,24,32,461,1137.2102100000002,,,,,,,,,,,,,,,8.71312,4.11646,1.60283,6.96375,0.146544,probabilistic,,46,64.0,c7162bb84e25,33c3049
r04_init_only_no_reset,A - reset / initial state,genus,23.12-s086_1,retimed,off,0.2229,VIOLATED,,,,24,32,453,1144.34567975,,,,,,,,,,,,,,,6.963620000000001,3.26198,1.31547,5.5309,0.117254,probabilistic,,31,41.0,c7162bb84e25,585535c
r04_init_only_no_reset,A - reset / initial state,genus,23.12-s086_1,retimed,off,0.3093,VIOLATED,,,,48,64,561,1439.2690815,,,,,,,,,,,,,,,6.21757,2.81388,1.51622,4.53117,0.170175,probabilistic,,43,54.0,c7162bb84e25,4f7c7a48
r04_init_only_no_reset,A - reset / initial state,genus,23.12-s086_1,retimed,off,0.3185,VIOLATED,,,,24,32,462,1150.6842505,,,,,,,,,,,,,,,4.8147,2.20608,0.899432,3.8332100000000002,0.0820597,probabilistic,,30,39.0,c7162bb84e25,585535c
r04_init_only_no_reset,A - reset / initial state,genus,23.12-s086_1,retimed,off,0.3498,VIOLATED,,,,,,423,1037.20191425,,,,,,,,,,,,,,,3.44793,1.4929299999999999,0.937571,2.43219,0.0781761,probabilistic,,26,36.0,8864e7c8ad06,uncommitted
r04_init_only_no_reset,A - reset / initial state,genus,23.12-s086_1,retimed,off,0.455,VIOLATED,,,,48,64,475,NA,,,,,,,,,,,,,,,,,,,,probabilistic,,33,49.0,e2862f223c25,4f7c7a48
r04_init_only_no_reset,A - reset / initial state,genus,23.12-s086_1,retimed,off,0.6186,MET,,,,48,64,272,828.076592,,,,,,,,,,,,,,,1.67197,0.587229,0.6887650000000001,0.8987080000000001,0.0845005,probabilistic,,10,21.0,c7162bb84e25,4f7c7a48
r04_init_only_no_reset,A - reset / initial state,genus,23.12-s086_1,retimed,off,0.7261,MET,,,,,,334,876.6194330000001,,,,,,,,,,,,,,,1.46269,0.6058119999999999,0.40245,1.02391,0.0363283,probabilistic,,8,17.0,8864e7c8ad06,uncommitted
r04_init_only_no_reset,A - reset / initial state,genus,23.12-s086_1,retimed,off,1.011,MET,,,,,,230,646.960997,,,,,,,,,,,,,,,0.802862,0.288898,0.285714,0.491177,0.0259713,probabilistic,,5,14.0,8864e7c8ad06,uncommitted
r04_init_only_no_reset,A - reset / initial state,innovus-nangate45,23.12-s091_1,directive,off,0.126,,-0.194,-4.042,26.0,50,,632,,3181.25,88.365,0,0.0,0.0,0.79,0.251,0.002,,,,,10,0,10.36945492,4.31474583,,,0.0,probabilistic,,175,202.0,,
r04_init_only_no_reset,A - reset / initial state,innovus-nangate45,23.12-s091_1,directive,off,0.156,,-0.156,-3.004,24.0,51,,614,,3207.065,90.406,0,0.0,0.0,1.23,0.24,0.003,,,,,10,0,8.1342612,3.34231499,,,0.0,probabilistic,,84,102.0,,
r04_init_only_no_reset,A - reset / initial state,innovus-nangate45,23.12-s091_1,directive,off,0.1771,,-0.074,-2.12,53.0,88,,615,,3654.425,79.278,0,0.0,0.0,0.53,0.375,0.002,,,,,10,0,8.24080661,3.04553201,,,1.584,probabilistic,,167,24.0,,
r04_init_only_no_reset,A - reset / initial state,innovus-nangate45,23.12-s091_1,directive,off,0.18,,-0.137,-2.681,27.0,51,,629,,3085.545,92.574,0,0.0,0.0,0.76,0.262,0.002,,,,,10,0,7.78817084,3.21559107,,,0.0,probabilistic,,195,228.0,,
r04_init_only_no_reset,A - reset / initial state,innovus-nangate45,23.12-s091_1,directive,off,0.2229,,-0.089,-1.421,22.0,48,,623,,3261.135,86.599,0,0.0,0.0,1.9,0.258,0.005,,,,,10,0,5.98544336,2.53654948,,,0.0,probabilistic,,83,106.0,,
r04_init_only_no_reset,A - reset / initial state,innovus-nangate45,23.12-s091_1,directive,off,0.3185,,-0.01,-0.038,7.0,51,,648,,3206.33,85.614,0,0.0,0.0,0.77,0.257,0.002,,,,,10,0,4.09329991,1.67470619,,,0.0,probabilistic,,79,99.0,,
r04_init_only_no_reset,A - reset / initial state,innovus-nangate45,23.12-s091_1,directive,off,0.455,,0.008,0.0,0.0,49,,324,,1844.105,,0,0.0,0.0,,,,,,,,10,0,,,,,,probabilistic,,97,37.0,,
r04_init_only_no_reset,A - reset / initial state,innovus-nangate45,23.12-s091_1,orig,off,0.126,,-0.023,-0.174,8.0,24,,696,,3151.69,90.607,0,0.0,0.0,0.36,0.557,0.002,,,,,10,0,19.15517289,9.63581676,,,0.0,probabilistic,,159,189.0,,
r04_init_only_no_reset,A - reset / initial state,innovus-nangate45,23.12-s091_1,orig,off,0.156,,0.002,0.0,0.0,24,,713,,3467.79,93.274,0,0.0,0.0,0.71,0.556,0.004,,,,,10,0,16.04541794,8.11560557,,,0.0,probabilistic,,77,100.0,,
r04_init_only_no_reset,A - reset / initial state,innovus-nangate45,23.12-s091_1,orig,off,0.1771,,-0.237,-4.39,20.0,48,,756,,3508.745,103.896,0,0.0,0.0,0.52,0.761,0.004,,,,,10,0,18.07118709,7.9130645,,,4.22,probabilistic,,3736,26.0,,
r04_init_only_no_reset,A - reset / initial state,innovus-nangate45,23.12-s091_1,orig,off,0.18,,0.013,0.0,0.0,24,,626,,3265.365,91.971,0,0.0,0.0,0.89,0.558,0.005,,,,,10,0,13.30098759,6.76945709,,,0.0,probabilistic,,163,191.0,,
r04_init_only_no_reset,A - reset / initial state,innovus-nangate45,23.12-s091_1,orig,off,0.2229,,0.046,0.0,0.0,24,,659,,2877.775,94.04,0,0.0,0.0,0.53,0.56,0.003,,,,,10,0,11.0063402,5.5238578,,,0.0,probabilistic,,81,101.0,,
r04_init_only_no_reset,A - reset / initial state,innovus-nangate45,23.12-s091_1,orig,off,0.3185,,0.142,0.0,0.0,24,,656,,3421.345,94.075,0,0.0,0.0,1.06,0.56,0.006,,,,,10,0,7.90961964,3.88722409,,,0.0,probabilistic,,83,101.0,,
r04_init_only_no_reset,A - reset / initial state,innovus-nangate45,23.12-s091_1,orig,off,0.455,,0.255,0.0,0.0,24,,670,,3269.105,96.398,0,0.0,0.0,1.06,0.56,0.006,,,,,10,0,5.69674371,2.86759619,,,0.0,probabilistic,,131,161.0,,
r04_init_only_no_reset,A - reset / initial state,innovus-nangate45,23.12-s091_1,orig,on,0.126,,-0.194,-4.042,26.0,50,,632,,3181.25,88.365,0,0.0,0.0,0.79,0.251,0.002,,,,,10,0,10.36945492,4.31474583,,,0.0,probabilistic,,170,200.0,,
r04_init_only_no_reset,A - reset / initial state,innovus-nangate45,23.12-s091_1,orig,on,0.156,,-0.156,-3.004,24.0,51,,614,,3207.065,90.406,0,0.0,0.0,1.23,0.24,0.003,,,,,10,0,8.1342612,3.34231499,,,0.0,probabilistic,,82,100.0,,
r04_init_only_no_reset,A - reset / initial state,innovus-nangate45,23.12-s091_1,orig,on,0.1771,,-0.074,-2.12,53.0,88,,615,,3654.425,79.278,0,0.0,0.0,0.53,0.375,0.002,,,,,10,0,8.24080661,3.04553201,,,1.584,probabilistic,,175,19.0,,
r04_init_only_no_reset,A - reset / initial state,innovus-nangate45,23.12-s091_1,orig,on,0.18,,-0.137,-2.681,27.0,51,,629,,3085.545,92.574,0,0.0,0.0,0.76,0.262,0.002,,,,,10,0,7.78817084,3.21559107,,,0.0,probabilistic,,195,227.0,,
r04_init_only_no_reset,A - reset / initial state,innovus-nangate45,23.12-s091_1,orig,on,0.2229,,-0.089,-1.421,22.0,48,,623,,3261.135,86.599,0,0.0,0.0,1.9,0.258,0.005,,,,,10,0,5.98544336,2.53654948,,,0.0,probabilistic,,82,103.0,,
r04_init_only_no_reset,A - reset / initial state,innovus-nangate45,23.12-s091_1,orig,on,0.3185,,-0.01,-0.038,7.0,51,,648,,3206.33,85.614,0,0.0,0.0,0.77,0.257,0.002,,,,,10,0,4.09329991,1.67470619,,,0.0,probabilistic,,80,99.0,,
r04_init_only_no_reset,A - reset / initial state,innovus-nangate45,23.12-s091_1,orig,on,0.455,,0.008,0.0,0.0,49,,324,,1844.105,73.902,0,0.0,0.0,0.31,0.323,0.001,,,,,10,0,1.46132035,0.44659898,,,0.0,probabilistic,,102,132.0,,
r04_init_only_no_reset,A - reset / initial state,innovus-nangate45,23.12-s091_1,retimed,off,0.126,,-0.228,-1.724,8.0,24,,639,,3213.56,98.804,0,0.0,0.0,0.0,0.268,0.0,,,,,10,0,10.46010868,4.91802267,,,1.456,probabilistic,,196,228.0,,
r04_init_only_no_reset,A - reset / initial state,innovus-nangate45,23.12-s091_1,retimed,off,0.156,,-0.21,-1.596,8.0,24,,673,,4149.605,98.652,0,0.0,0.0,0.37,0.272,0.001,,,,,10,0,8.96092327,4.28919577,,,1.019,probabilistic,,110,131.0,,
r04_init_only_no_reset,A - reset / initial state,innovus-nangate45,23.12-s091_1,retimed,off,0.1771,,-0.274,-6.285,28.0,48,,693,,3712.895,97.076,0,0.0,0.0,0.38,0.523,0.002,,,,,10,0,8.93127983,4.00746516,,,1.067,probabilistic,,213,22.0,,
r04_init_only_no_reset,A - reset / initial state,innovus-nangate45,23.12-s091_1,retimed,off,0.18,,-0.186,-1.378,8.0,24,,602,,3425.615,98.488,0,0.0,0.0,0.0,0.287,0.0,,,,,10,0,7.7422485,3.62860812,,,1.267,probabilistic,,224,260.0,,
r04_init_only_no_reset,A - reset / initial state,innovus-nangate45,23.12-s091_1,retimed,off,0.2229,,-0.256,-1.965,8.0,24,,556,,3065.41,96.082,0,0.0,0.0,0.55,0.538,0.003,,,,,10,0,5.73501669,2.68929837,,,0.5388,probabilistic,,98,117.0,,
r04_init_only_no_reset,A - reset / initial state,innovus-nangate45,23.12-s091_1,retimed,off,0.3185,,-0.065,-0.431,8.0,24,,590,,3224.255,98.878,0,0.0,0.0,0.65,0.305,0.002,,,,,10,0,4.21503828,1.95398224,,,0.4286,probabilistic,,92,110.0,,
r04_init_only_no_reset,A - reset / initial state,innovus-nangate45,23.12-s091_1,retimed,off,0.455,,-0.016,-0.06,6.0,24,,605,,3415.855,,0,0.0,0.0,,,,,,,,10,0,,,,,,probabilistic,,159,24.0,,
r04_init_only_no_reset,A - reset / initial state,openroad_syn,,directive,unsupported,0.887,VIOLATED,,,,,,229,,,,,,,,,,,,,,,,0.8738710000000001,0.188366,,,,vectorless,,0,1.0,c7162bb84e25,uncommitted
r04_init_only_no_reset,A - reset / initial state,openroad_syn,,directive,unsupported,1.083,VIOLATED,,,,,,229,,,,,,,,,,,,,,,,0.721608,0.15427600000000002,,,,vectorless,,0,0.0,c7162bb84e25,uncommitted
r04_init_only_no_reset,A - reset / initial state,openroad_syn,,directive,unsupported,1.33,VIOLATED,,,,,,229,,,,,,,,,,,,,,,,0.593638,0.12562399999999999,,,,vectorless,,0,1.0,c7162bb84e25,uncommitted
r04_init_only_no_reset,A - reset / initial state,openroad_syn,,directive,unsupported,1.619,VIOLATED,,,,,,229,,,,,,,,,,,,,,,,0.493718,0.1032,,,,vectorless,,1,1.0,c7162bb84e25,uncommitted
r04_init_only_no_reset,A - reset / initial state,openroad_syn,,directive,unsupported,1.959,VIOLATED,,,,,,229,,,,,,,,,,,,,,,,0.414838,0.0852887,,,,vectorless,,0,0.0,c7162bb84e25,uncommitted
r04_init_only_no_reset,A - reset / initial state,openroad_syn,,directive,unsupported,2.361,MET,,,,,,229,,,,,,,,,,,,,,,,0.350885,0.07076679999999999,,,,vectorless,,0,0.0,c7162bb84e25,uncommitted
r04_init_only_no_reset,A - reset / initial state,openroad_syn,,orig,unsupported,0.887,VIOLATED,,,,,,229,,,,,,,,,,,,,,,,0.8738710000000001,0.188366,,,,vectorless,,1,1.0,c7162bb84e25,uncommitted
r04_init_only_no_reset,A - reset / initial state,openroad_syn,,orig,unsupported,1.083,VIOLATED,,,,,,229,,,,,,,,,,,,,,,,0.721608,0.15427600000000002,,,,vectorless,,1,1.0,c7162bb84e25,uncommitted
r04_init_only_no_reset,A - reset / initial state,openroad_syn,,orig,unsupported,1.33,VIOLATED,,,,,,229,,,,,,,,,,,,,,,,0.593638,0.12562399999999999,,,,vectorless,,0,1.0,c7162bb84e25,uncommitted
r04_init_only_no_reset,A - reset / initial state,openroad_syn,,orig,unsupported,1.619,VIOLATED,,,,,,229,,,,,,,,,,,,,,,,0.493718,0.1032,,,,vectorless,,0,1.0,c7162bb84e25,uncommitted
r04_init_only_no_reset,A - reset / initial state,openroad_syn,,orig,unsupported,1.959,VIOLATED,,,,,,229,,,,,,,,,,,,,,,,0.414838,0.0852887,,,,vectorless,,0,1.0,c7162bb84e25,uncommitted
r04_init_only_no_reset,A - reset / initial state,openroad_syn,,orig,unsupported,2.361,MET,,,,,,229,,,,,,,,,,,,,,,,0.350885,0.07076679999999999,,,,vectorless,,0,0.0,c7162bb84e25,uncommitted
r04_init_only_no_reset,A - reset / initial state,openroad_syn,,retimed,unsupported,0.887,VIOLATED,,,,,,219,,,,,,,,,,,,,,,,0.804631,0.197548,,,,vectorless,,0,1.0,c7162bb84e25,uncommitted
r04_init_only_no_reset,A - reset / initial state,openroad_syn,,retimed,unsupported,1.083,MET,,,,,,219,,,,,,,,,,,,,,,,0.6641499999999999,0.161796,,,,vectorless,,0,1.0,c7162bb84e25,uncommitted
r04_init_only_no_reset,A - reset / initial state,openroad_syn,,retimed,unsupported,1.33,MET,,,,,,219,,,,,,,,,,,,,,,,0.5460830000000001,0.131748,,,,vectorless,,1,1.0,c7162bb84e25,uncommitted
r04_init_only_no_reset,A - reset / initial state,openroad_syn,,retimed,unsupported,1.619,MET,,,,,,219,,,,,,,,,,,,,,,,0.45387,0.10822999999999999,,,,vectorless,,0,0.0,c7162bb84e25,uncommitted
r04_init_only_no_reset,A - reset / initial state,openroad_syn,,retimed,unsupported,1.959,MET,,,,,,219,,,,,,,,,,,,,,,,0.38097400000000003,0.0894462,,,,vectorless,,0,1.0,c7162bb84e25,uncommitted
r04_init_only_no_reset,A - reset / initial state,openroad_syn,,retimed,unsupported,2.361,MET,,,,,,219,,,,,,,,,,,,,,,,0.321872,0.0742164,,,,vectorless,,0,1.0,c7162bb84e25,uncommitted
r04_init_only_no_reset,A - reset / initial state,vivado-xc7a100t,2025.2,directive,on,3.5,VIOLATED,,,,,,,,,,,,,,,,,,,,,,141.0,,,,,vectorless,83,323,356.0,,
r04_init_only_no_reset,A - reset / initial state,vivado-xc7a100t,2025.2,orig,off,3.5,VIOLATED,,,,,,,,,,,,,,,,,,,,,,141.0,,,,,vectorless,83,329,357.0,,
r04_init_only_no_reset,A - reset / initial state,vivado-xc7a100t,2025.2,orig,on,3.5,VIOLATED,,,,,,,,,,,,,,,,,,,,,,141.0,,,,,vectorless,83,329,362.0,,
r04_init_only_no_reset,A - reset / initial state,vivado-xc7a100t,2025.2,retimed,off,3.5,VIOLATED,,,,,,,,,,,,,,,,,,,,,,155.0,,,,,vectorless,83,296,331.0,,
r04_init_only_no_reset,A - reset / initial state,vivado-xcau7p,2025.2,directive,on,3.5,VIOLATED,,,,,,,,,,,,,,,,,,,,,,184.0,,,,,vectorless,113,251,269.0,,
r04_init_only_no_reset,A - reset / initial state,vivado-xcau7p,2025.2,orig,off,3.5,VIOLATED,,,,,,,,,,,,,,,,,,,,,,184.0,,,,,vectorless,113,253,270.0,,
r04_init_only_no_reset,A - reset / initial state,vivado-xcau7p,2025.2,orig,on,3.5,VIOLATED,,,,,,,,,,,,,,,,,,,,,,184.0,,,,,vectorless,113,253,271.0,,
r04_init_only_no_reset,A - reset / initial state,vivado-xcau7p,2025.2,retimed,off,3.5,VIOLATED,,,,,,,,,,,,,,,,,,,,,,183.0,,,,,vectorless,70,223,241.0,,
r04_init_only_no_reset,A - reset / initial state,vivado2023.1-xc7a100t,2023.1,directive,on,4.55,VIOLATED,,,,,,,,,,,,,,,,,,,,,,130.0,,,,,vectorless,83,29,39.0,,
r04_init_only_no_reset,A - reset / initial state,vivado2023.1-xc7a100t,2023.1,directive,on,5.6,VIOLATED,,,,,,,,,,,,,,,,,,,,,,122.0,,,,,vectorless,83,28,39.0,,
r04_init_only_no_reset,A - reset / initial state,vivado2023.1-xc7a100t,2023.1,directive,on,7.0,VIOLATED,,,,,,,,,,,,,,,,,,,,,,116.0,,,,,vectorless,83,29,40.0,,
r04_init_only_no_reset,A - reset / initial state,vivado2023.1-xc7a100t,2023.1,directive,on,8.4,MET,,,,,,,,,,,,,,,,,,,,,,112.0,,,,,vectorless,83,28,36.0,,
r04_init_only_no_reset,A - reset / initial state,vivado2023.1-xc7a100t,2023.1,directive,on,10.5,MET,,,,,,,,,,,,,,,,,,,,,,107.0,,,,,vectorless,83,28,35.0,,
r04_init_only_no_reset,A - reset / initial state,vivado2023.1-xc7a100t,2023.1,orig,off,4.55,VIOLATED,,,,,,,,,,,,,,,,,,,,,,130.0,,,,,vectorless,83,30,41.0,,
r04_init_only_no_reset,A - reset / initial state,vivado2023.1-xc7a100t,2023.1,orig,off,5.6,VIOLATED,,,,,,,,,,,,,,,,,,,,,,122.0,,,,,vectorless,83,70,85.0,,
r04_init_only_no_reset,A - reset / initial state,vivado2023.1-xc7a100t,2023.1,orig,off,7.0,VIOLATED,,,,,,,,,,,,,,,,,,,,,,116.0,,,,,vectorless,83,60,83.0,,
r04_init_only_no_reset,A - reset / initial state,vivado2023.1-xc7a100t,2023.1,orig,off,8.4,MET,,,,,,,,,,,,,,,,,,,,,,112.0,,,,,vectorless,83,78,86.0,,
r04_init_only_no_reset,A - reset / initial state,vivado2023.1-xc7a100t,2023.1,orig,off,10.5,MET,,,,,,,,,,,,,,,,,,,,,,107.0,,,,,vectorless,83,77,85.0,,
r04_init_only_no_reset,A - reset / initial state,vivado2023.1-xc7a100t,2023.1,orig,on,4.55,VIOLATED,,,,,,,,,,,,,,,,,,,,,,130.0,,,,,vectorless,83,28,35.0,,
r04_init_only_no_reset,A - reset / initial state,vivado2023.1-xc7a100t,2023.1,orig,on,5.6,VIOLATED,,,,,,,,,,,,,,,,,,,,,,122.0,,,,,vectorless,83,27,35.0,,
r04_init_only_no_reset,A - reset / initial state,vivado2023.1-xc7a100t,2023.1,orig,on,7.0,VIOLATED,,,,,,,,,,,,,,,,,,,,,,116.0,,,,,vectorless,83,29,39.0,,
r04_init_only_no_reset,A - reset / initial state,vivado2023.1-xc7a100t,2023.1,orig,on,8.4,MET,,,,,,,,,,,,,,,,,,,,,,112.0,,,,,vectorless,83,30,41.0,,
r04_init_only_no_reset,A - reset / initial state,vivado2023.1-xc7a100t,2023.1,orig,on,10.5,MET,,,,,,,,,,,,,,,,,,,,,,107.0,,,,,vectorless,83,29,41.0,,
r04_init_only_no_reset,A - reset / initial state,vivado2023.1-xc7a100t,2023.1,retimed,off,4.55,VIOLATED,,,,,,,,,,,,,,,,,,,,,,130.0,,,,,vectorless,83,27,35.0,,
r04_init_only_no_reset,A - reset / initial state,vivado2023.1-xc7a100t,2023.1,retimed,off,5.6,VIOLATED,,,,,,,,,,,,,,,,,,,,,,123.0,,,,,vectorless,83,27,35.0,,
r04_init_only_no_reset,A - reset / initial state,vivado2023.1-xc7a100t,2023.1,retimed,off,7.0,VIOLATED,,,,,,,,,,,,,,,,,,,,,,116.0,,,,,vectorless,83,28,34.0,,
r04_init_only_no_reset,A - reset / initial state,vivado2023.1-xc7a100t,2023.1,retimed,off,8.4,MET,,,,,,,,,,,,,,,,,,,,,,112.0,,,,,vectorless,83,29,35.0,,
r04_init_only_no_reset,A - reset / initial state,vivado2023.1-xc7a100t,2023.1,retimed,off,10.5,MET,,,,,,,,,,,,,,,,,,,,,,108.0,,,,,vectorless,83,28,38.0,,
r04_init_only_no_reset,A - reset / initial state,yosys,0.58,directive,on,0.887,MET,,,,,,303,501.41,,,,,,,,,,,,,,,1.21,0.421,,,,vectorless,,2.0,2.0,c7162bb84e25,uncommitted
r04_init_only_no_reset,A - reset / initial state,yosys,0.58,directive,on,1.083,MET,,,,,,303,501.41,,,,,,,,,,,,,,,0.995,0.34400000000000003,,,,vectorless,,1.0,1.0,c7162bb84e25,uncommitted
r04_init_only_no_reset,A - reset / initial state,yosys,0.58,directive,on,1.33,MET,,,,,,303,501.41,,,,,,,,,,,,,,,0.816,0.27999999999999997,,,,vectorless,,1.0,2.0,c7162bb84e25,uncommitted
r04_init_only_no_reset,A - reset / initial state,yosys,0.58,directive,on,1.619,MET,,,,,,303,501.41,,,,,,,,,,,,,,,0.6759999999999999,0.23,,,,vectorless,,1.0,1.0,c7162bb84e25,uncommitted
r04_init_only_no_reset,A - reset / initial state,yosys,0.58,directive,on,1.959,MET,,,,,,303,501.41,,,,,,,,,,,,,,,0.565,0.19,,,,vectorless,,1.0,1.0,c7162bb84e25,uncommitted
r04_init_only_no_reset,A - reset / initial state,yosys,0.58,directive,on,2.361,MET,,,,,,303,501.41,,,,,,,,,,,,,,,0.475,0.158,,,,vectorless,,1.0,2.0,c7162bb84e25,uncommitted
r04_init_only_no_reset,A - reset / initial state,yosys,0.58,orig,off,0.887,VIOLATED,,,,,,303,328.51,,,,,,,,,,,,,,,1.0,0.266,,,,vectorless,,0.0,1.0,c7162bb84e25,uncommitted
r04_init_only_no_reset,A - reset / initial state,yosys,0.58,orig,off,1.083,VIOLATED,,,,,,303,328.51,,,,,,,,,,,,,,,0.825,0.217,,,,vectorless,,0.0,1.0,c7162bb84e25,uncommitted
r04_init_only_no_reset,A - reset / initial state,yosys,0.58,orig,off,1.33,VIOLATED,,,,,,303,328.51,,,,,,,,,,,,,,,0.6759999999999999,0.177,,,,vectorless,,1.0,2.0,c7162bb84e25,uncommitted
r04_init_only_no_reset,A - reset / initial state,yosys,0.58,orig,off,1.619,VIOLATED,,,,,,303,328.51,,,,,,,,,,,,,,,0.5599999999999999,0.145,,,,vectorless,,1.0,1.0,c7162bb84e25,uncommitted
r04_init_only_no_reset,A - reset / initial state,yosys,0.58,orig,off,1.959,MET,,,,,,303,328.51,,,,,,,,,,,,,,,0.46900000000000003,0.12000000000000001,,,,vectorless,,1.0,1.0,c7162bb84e25,uncommitted
r04_init_only_no_reset,A - reset / initial state,yosys,0.58,orig,off,2.361,MET,,,,,,303,328.51,,,,,,,,,,,,,,,0.39399999999999996,0.0997,,,,vectorless,,1.0,1.0,c7162bb84e25,uncommitted
r04_init_only_no_reset,A - reset / initial state,yosys,0.58,orig,on,0.887,MET,,,,,,303,501.41,,,,,,,,,,,,,,,1.21,0.421,,,,vectorless,,1.0,2.0,c7162bb84e25,uncommitted
r04_init_only_no_reset,A - reset / initial state,yosys,0.58,orig,on,1.083,MET,,,,,,303,501.41,,,,,,,,,,,,,,,0.995,0.34400000000000003,,,,vectorless,,1.0,1.0,c7162bb84e25,uncommitted
r04_init_only_no_reset,A - reset / initial state,yosys,0.58,orig,on,1.33,MET,,,,,,303,501.41,,,,,,,,,,,,,,,0.816,0.27999999999999997,,,,vectorless,,0.0,1.0,c7162bb84e25,uncommitted
r04_init_only_no_reset,A - reset / initial state,yosys,0.58,orig,on,1.619,MET,,,,,,303,501.41,,,,,,,,,,,,,,,0.6759999999999999,0.23,,,,vectorless,,1.0,2.0,c7162bb84e25,uncommitted
r04_init_only_no_reset,A - reset / initial state,yosys,0.58,orig,on,1.959,MET,,,,,,303,501.41,,,,,,,,,,,,,,,0.565,0.19,,,,vectorless,,1.0,2.0,c7162bb84e25,uncommitted
r04_init_only_no_reset,A - reset / initial state,yosys,0.58,orig,on,2.361,MET,,,,,,303,501.41,,,,,,,,,,,,,,,0.475,0.158,,,,vectorless,,1.0,1.0,c7162bb84e25,uncommitted
r04_init_only_no_reset,A - reset / initial state,yosys,0.58,retimed,off,0.887,VIOLATED,,,,,,306,333.298,,,,,,,,,,,,,,,1.06,0.318,,,,vectorless,,1.0,1.0,c7162bb84e25,uncommitted
r04_init_only_no_reset,A - reset / initial state,yosys,0.58,retimed,off,1.083,MET,,,,,,306,333.298,,,,,,,,,,,,,,,0.8720000000000001,0.261,,,,vectorless,,1.0,1.0,c7162bb84e25,uncommitted
r04_init_only_no_reset,A - reset / initial state,yosys,0.58,retimed,off,1.33,MET,,,,,,306,333.298,,,,,,,,,,,,,,,0.714,0.212,,,,vectorless,,1.0,1.0,c7162bb84e25,uncommitted
r04_init_only_no_reset,A - reset / initial state,yosys,0.58,retimed,off,1.619,MET,,,,,,306,333.298,,,,,,,,,,,,,,,0.5910000000000001,0.174,,,,vectorless,,0.0,1.0,c7162bb84e25,uncommitted
r04_init_only_no_reset,A - reset / initial state,yosys,0.58,retimed,off,1.959,MET,,,,,,306,333.298,,,,,,,,,,,,,,,0.49299999999999994,0.14400000000000002,,,,vectorless,,1.0,1.0,c7162bb84e25,uncommitted
r04_init_only_no_reset,A - reset / initial state,yosys,0.58,retimed,off,2.361,MET,,,,,,306,333.298,,,,,,,,,,,,,,,0.414,0.12000000000000001,,,,vectorless,,1.0,1.0,c7162bb84e25,uncommitted
r05_fsm_high_fanout,"B/H - FSM fanout, register duplication",genus,23.12-s086_1,directive,off,0.0696,VIOLATED,,,,,,834,2458.3962629999996,,,,,,,,,,,,,,,22.058999999999997,5.8326899999999995,14.49,5.71771,1.8513,probabilistic,,23,31.0,503e0be84ef1,uncommitted
r05_fsm_high_fanout,"B/H - FSM fanout, register duplication",genus,23.12-s086_1,directive,off,0.147,VIOLATED,,,,276,138,1139,3360.4185405,,,,,,,,,,,,,,,18.7666,4.78701,12.8361,3.8834199999999996,2.04712,probabilistic,,44,58.0,82c537b739da,4f7c7a48
r05_fsm_high_fanout,"B/H - FSM fanout, register duplication",genus,23.12-s086_1,directive,off,0.1698,VIOLATED,,,,295,138,1259,3611.1295662499997,,,,,,,,,,,,,,,17.435599999999997,4.54108,11.8721,3.66791,1.8955199999999999,probabilistic,,35,47.0,82c537b739da,4f7c7a48
r05_fsm_high_fanout,"B/H - FSM fanout, register duplication",genus,23.12-s086_1,directive,off,0.1849,VIOLATED,,,,166,70,955,2610.0691635,,,,,,,,,,,,,,,11.0962,3.3021499999999997,6.63667,3.47992,0.979649,probabilistic,,23,33.0,82c537b739da,585535c
r05_fsm_high_fanout,"B/H - FSM fanout, register duplication",genus,23.12-s086_1,directive,off,0.2641,MET,,,,164,70,657,2123.240279,,,,,,,,,,,,,,,6.959199999999999,1.85623,4.58463,1.69466,0.679909,probabilistic,,26,41.0,82c537b739da,585535c
r05_fsm_high_fanout,"B/H - FSM fanout, register duplication",genus,23.12-s086_1,directive,off,0.3396,MET,,,,192,138,730,2337.0401954999998,,,,,,,,,,,,,,,5.9194,1.44099,4.02135,1.27987,0.618183,probabilistic,,17,29.0,82c537b739da,4f7c7a48
r05_fsm_high_fanout,"B/H - FSM fanout, register duplication",genus,23.12-s086_1,directive,off,0.3773,MET,,,,106,70,451,1514.9020885,,,,,,,,,,,,,,,3.2824400000000002,0.8805729999999999,2.16967,0.8052159999999999,0.30755099999999996,probabilistic,,9,18.0,82c537b739da,585535c
r05_fsm_high_fanout,"B/H - FSM fanout, register duplication",genus,23.12-s086_1,directive,off,0.6242,MET,,,,,,599,2022.68585175,,,,,,,,,,,,,,,3.21483,0.687901,2.3600600000000003,0.55139,0.303372,probabilistic,,9,19.0,503e0be84ef1,uncommitted
r05_fsm_high_fanout,"B/H - FSM fanout, register duplication",genus,23.12-s086_1,directive,off,0.628,MET,,,,,,594,2007.7304992499999,,,,,,,,,,,,,,,3.18573,0.712507,2.29266,0.592309,0.300766,probabilistic,,8,17.0,503e0be84ef1,uncommitted
r05_fsm_high_fanout,"B/H - FSM fanout, register duplication",genus,23.12-s086_1,orig,off,0.0696,VIOLATED,,,,,,702,1846.92765625,,,,,,,,,,,,,,,13.0596,4.31869,6.255990000000001,6.01469,0.7889200000000001,probabilistic,,13,23.0,503e0be84ef1,uncommitted
r05_fsm_high_fanout,"B/H - FSM fanout, register duplication",genus,23.12-s086_1,orig,off,0.147,VIOLATED,,,,138,138,938,2548.93262675,,,,,,,,,,,,,,,12.6304,3.86403,6.8455699999999995,4.76254,1.02233,probabilistic,,34,46.0,82c537b739da,4f7c7a48
r05_fsm_high_fanout,"B/H - FSM fanout, register duplication",genus,23.12-s086_1,orig,off,0.15,VIOLATED,,,,,,725,1895.763036,,,,,,,,,,,,,,,9.139019999999999,3.13956,4.13694,4.47613,0.525947,probabilistic,,13,22.0,4a47aea389aa,uncommitted
r05_fsm_high_fanout,"B/H - FSM fanout, register duplication",genus,23.12-s086_1,orig,off,0.1849,VIOLATED,,,,70,70,810,2099.034071,,,,,,,,,,,,,,,7.67968,2.82669,2.99483,4.27257,0.412277,probabilistic,,26,35.0,82c537b739da,585535c
r05_fsm_high_fanout,"B/H - FSM fanout, register duplication",genus,23.12-s086_1,orig,off,0.2641,VIOLATED,,,,70,70,895,2248.5769149999996,,,,,,,,,,,,,,,5.7817,2.1731,2.15321,3.34077,0.287724,probabilistic,,38,54.0,82c537b739da,585535c
r05_fsm_high_fanout,"B/H - FSM fanout, register duplication",genus,23.12-s086_1,orig,off,0.3396,VIOLATED,,,,138,138,904,2515.6280355,,,,,,,,,,,,,,,5.45323,1.57258,2.9841300000000004,2.02514,0.443952,probabilistic,,26,39.0,82c537b739da,4f7c7a48
r05_fsm_high_fanout,"B/H - FSM fanout, register duplication",genus,23.12-s086_1,orig,off,0.3773,MET,,,,70,70,561,1537.0912372500002,,,,,,,,,,,,,,,3.08933,0.9826889999999999,1.48241,1.4048800000000001,0.202041,probabilistic,,6,14.0,82c537b739da,585535c
r05_fsm_high_fanout,"B/H - FSM fanout, register duplication",genus,23.12-s086_1,orig,off,0.5552,MET,,,,,,510,1499.0234555,,,,,,,,,,,,,,,2.18689,0.671237,1.1038000000000001,0.945784,0.137302,probabilistic,,7,15.0,503e0be84ef1,uncommitted
r05_fsm_high_fanout,"B/H - FSM fanout, register duplication",genus,23.12-s086_1,orig,off,0.628,MET,,,,,,402,1279.60749175,,,,,,,,,,,,,,,1.71106,0.4940530000000001,0.962086,0.62759,0.121385,probabilistic,,4,13.0,503e0be84ef1,uncommitted
r05_fsm_high_fanout,"B/H - FSM fanout, register duplication",genus,23.12-s086_1,orig,on,0.0696,VIOLATED,,,,,,755,2326.9176807500003,,,,,,,,,,,,,,,21.188,5.5268,14.1326,5.240469999999999,1.815,probabilistic,,22,32.0,503e0be84ef1,uncommitted
r05_fsm_high_fanout,"B/H - FSM fanout, register duplication",genus,23.12-s086_1,orig,on,0.147,VIOLATED,,,,267,138,1117,3311.2173190000003,,,,,,,,,,,,,,,18.629099999999998,4.82846,12.4718,4.17188,1.98539,probabilistic,,42,58.0,82c537b739da,4f7c7a48
r05_fsm_high_fanout,"B/H - FSM fanout, register duplication",genus,23.12-s086_1,orig,on,0.1698,VIOLATED,,,,247,138,1121,3206.28574625,,,,,,,,,,,,,,,14.8438,4.0103,9.73807,3.51948,1.58625,probabilistic,,36,50.0,82c537b739da,4f7c7a48
r05_fsm_high_fanout,"B/H - FSM fanout, register duplication",genus,23.12-s086_1,orig,on,0.1849,VIOLATED,,,,163,70,931,2599.8581649999996,,,,,,,,,,,,,,,11.3986,3.4630799999999997,6.48622,3.9510500000000004,0.961325,probabilistic,,29,39.0,82c537b739da,585535c
r05_fsm_high_fanout,"B/H - FSM fanout, register duplication",genus,23.12-s086_1,orig,on,0.2641,MET,,,,142,70,612,1974.767565,,,,,,,,,,,,,,,6.2003900000000005,1.69431,3.9983299999999997,1.6147,0.587361,probabilistic,,24,40.0,82c537b739da,585535c
r05_fsm_high_fanout,"B/H - FSM fanout, register duplication",genus,23.12-s086_1,orig,on,0.3396,MET,,,,169,138,621,2104.6161475,,,,,,,,,,,,,,,5.399229999999999,1.3194700000000001,3.77605,1.0787399999999998,0.544429,probabilistic,,16,28.0,82c537b739da,4f7c7a48
r05_fsm_high_fanout,"B/H - FSM fanout, register duplication",genus,23.12-s086_1,orig,on,0.3773,MET,,,,96,70,435,1447.15705675,,,,,,,,,,,,,,,3.08153,0.857371,1.9765300000000001,0.825987,0.279009,probabilistic,,8,18.0,82c537b739da,585535c
r05_fsm_high_fanout,"B/H - FSM fanout, register duplication",genus,23.12-s086_1,orig,on,0.6283,MET,,,,,,517,1843.10494425,,,,,,,,,,,,,,,2.87382,0.6510549999999999,2.09239,0.517013,0.264417,probabilistic,,8,18.0,503e0be84ef1,uncommitted
r05_fsm_high_fanout,"B/H - FSM fanout, register duplication",genus,23.12-s086_1,retimed,off,0.0696,VIOLATED,,,,,,874,2395.1864065,,,,,,,,,,,,,,,18.593,5.48867,10.5969,6.68203,1.31406,probabilistic,,16,25.0,503e0be84ef1,uncommitted
r05_fsm_high_fanout,"B/H - FSM fanout, register duplication",genus,23.12-s086_1,retimed,off,0.147,VIOLATED,,,,186,186,1075,3093.64239925,,,,,,,,,,,,,,,15.836599999999999,4.60734,9.36875,5.08008,1.3878,probabilistic,,33,47.0,82c537b739da,4f7c7a48
r05_fsm_high_fanout,"B/H - FSM fanout, register duplication",genus,23.12-s086_1,retimed,off,0.1849,VIOLATED,,,,118,118,955,2543.946125,,,,,,,,,,,,,,,10.2281,3.39001,4.9948500000000005,4.54024,0.693018,probabilistic,,24,32.0,82c537b739da,585535c
r05_fsm_high_fanout,"B/H - FSM fanout, register duplication",genus,23.12-s086_1,retimed,off,0.2641,VIOLATED,,,,118,118,978,2604.0098234999996,,,,,,,,,,,,,,,7.60265,2.46881,3.74005,3.38245,0.480151,probabilistic,,44,60.0,82c537b739da,585535c
r05_fsm_high_fanout,"B/H - FSM fanout, register duplication",genus,23.12-s086_1,retimed,off,0.3396,VIOLATED,,,,186,186,1073,3052.13634425,,,,,,,,,,,,,,,6.95888,1.8894,4.1761,2.19132,0.591461,probabilistic,,30,43.0,82c537b739da,4f7c7a48
r05_fsm_high_fanout,"B/H - FSM fanout, register duplication",genus,23.12-s086_1,retimed,off,0.3773,MET,,,,118,118,722,2125.87692075,,,,,,,,,,,,,,,4.49607,1.3291600000000001,2.42055,1.73493,0.34058299999999997,probabilistic,,6,17.0,82c537b739da,585535c
r05_fsm_high_fanout,"B/H - FSM fanout, register duplication",genus,23.12-s086_1,retimed,off,0.5727,MET,,,,,,606,1884.1901132500002,,,,,,,,,,,,,,,2.94656,0.773761,1.8297700000000001,0.891559,0.225224,probabilistic,,6,14.0,503e0be84ef1,uncommitted
r05_fsm_high_fanout,"B/H - FSM fanout, register duplication",genus,23.12-s086_1,retimed,off,0.628,MET,,,,,,561,1835.9352572500002,,,,,,,,,,,,,,,2.59586,0.6774020000000001,1.6970500000000002,0.694182,0.204621,probabilistic,,5,14.0,503e0be84ef1,uncommitted
r05_fsm_high_fanout,"B/H - FSM fanout, register duplication",innovus-nangate45,23.12-s091_1,directive,off,0.147,,-0.086,-9.461,235.0,276,,1356,,13183.77,80.849,0,0.0,0.0,0.65,0.306,0.002,,,,,10,0,24.72018655,8.64020899,,,5.517,probabilistic,,203,21.0,,
r05_fsm_high_fanout,"B/H - FSM fanout, register duplication",innovus-nangate45,23.12-s091_1,directive,off,0.1849,,-0.032,-1.071,78.0,166,,1108,,11330.335,86.675,1,0.08,0.0,0.32,0.315,0.001,,,,,10,0,15.09301588,5.7385371,,,3.354,probabilistic,,174,198.0,,
r05_fsm_high_fanout,"B/H - FSM fanout, register duplication",innovus-nangate45,23.12-s091_1,directive,off,0.2641,,-0.0,-0.0,1.0,164,,822,,9935.115,80.47,0,0.0,0.0,1.53,0.258,0.004,,,,,10,0,8.08768954,2.94949816,,,1.483,probabilistic,,75,100.0,,
r05_fsm_high_fanout,"B/H - FSM fanout, register duplication",innovus-nangate45,23.12-s091_1,directive,off,0.3773,,0.008,0.0,0.0,106,,448,,6881.22,70.043,0,0.0,0.0,0.58,0.341,0.002,,,,,10,0,3.30240576,1.17083232,,,0.6235,probabilistic,,71,96.0,,
r05_fsm_high_fanout,"B/H - FSM fanout, register duplication",innovus-nangate45,23.12-s091_1,directive,off,0.628,,,,,,,603,,8112.94,60.855,0,0.0,0.0,0.9,0.33,0.003,,,,,10,0,3.03261561,0.99800733,,,0.4535,probabilistic,,80,102.0,,
r05_fsm_high_fanout,"B/H - FSM fanout, register duplication",innovus-nangate45,23.12-s091_1,orig,off,0.147,,-0.194,-5.857,66.0,138,,1280,,11610.505,95.06,0,0.0,0.0,0.0,0.445,0.0,,,,,10,0,21.06786159,8.48408161,,,4.333,probabilistic,,208,18.0,,
r05_fsm_high_fanout,"B/H - FSM fanout, register duplication",innovus-nangate45,23.12-s091_1,orig,off,0.1849,,-0.18,-6.281,54.0,70,,1046,,9332.335,95.007,0,0.0,0.0,0.42,0.475,0.002,,,,,10,0,12.18849886,5.52972266,,,1.629,probabilistic,,191,211.0,,
r05_fsm_high_fanout,"B/H - FSM fanout, register duplication",innovus-nangate45,23.12-s091_1,orig,off,0.2641,,-0.099,-4.253,49.0,70,,1075,,9819.385,97.902,0,0.0,0.0,1.14,0.433,0.005,,,,,10,0,9.04026264,4.13349781,,,0.8783,probabilistic,,135,156.0,,
r05_fsm_high_fanout,"B/H - FSM fanout, register duplication",innovus-nangate45,23.12-s091_1,orig,off,0.3773,,0.0,0.0,0.0,70,,673,,5961.3,82.88,0,0.0,0.0,1.52,0.325,0.005,,,,,10,0,3.32856906,1.32698338,,,0.0,probabilistic,,114,135.0,,
r05_fsm_high_fanout,"B/H - FSM fanout, register duplication",innovus-nangate45,23.12-s091_1,orig,off,0.628,,,,,,,403,,4715.57,60.014,0,0.0,0.0,1.44,0.48,0.007,,,,,10,0,1.39342666,0.46960432,,,0.0,probabilistic,,72,97.0,,
r05_fsm_high_fanout,"B/H - FSM fanout, register duplication",innovus-nangate45,23.12-s091_1,orig,on,0.147,,-0.086,-10.382,244.0,267,,1312,,13226.885,80.291,0,0.0,0.0,0.69,0.287,0.002,,,,,10,0,24.46460072,8.53987932,,,5.793,probabilistic,,214,18.0,,
r05_fsm_high_fanout,"B/H - FSM fanout, register duplication",innovus-nangate45,23.12-s091_1,orig,on,0.1849,,-0.035,-1.209,72.0,163,,1120,,11380.025,84.565,1,0.06,0.0,0.59,0.335,0.002,,,,,10,0,14.38402296,5.56436735,,,2.762,probabilistic,,173,200.0,,
r05_fsm_high_fanout,"B/H - FSM fanout, register duplication",innovus-nangate45,23.12-s091_1,orig,on,0.2641,,0.002,0.0,0.0,142,,803,,9128.3,80.722,0,0.0,0.0,0.78,0.253,0.002,,,,,10,0,7.28443575,2.64758568,,,1.272,probabilistic,,82,108.0,,
r05_fsm_high_fanout,"B/H - FSM fanout, register duplication",innovus-nangate45,23.12-s091_1,orig,on,0.3773,,0.012,0.0,0.0,96,,441,,6517.275,69.995,0,0.0,0.0,1.9,0.309,0.006,,,,,10,0,2.52394812,0.73894836,,,0.0,probabilistic,,69,91.0,,
r05_fsm_high_fanout,"B/H - FSM fanout, register duplication",innovus-nangate45,23.12-s091_1,orig,on,0.6283,,,,,,,581,,7789.545,62.401,0,0.0,0.0,0.61,0.324,0.002,,,,,10,0,2.73251132,0.92070138,,,0.3999,probabilistic,,78,100.0,,
r05_fsm_high_fanout,"B/H - FSM fanout, register duplication",innovus-nangate45,23.12-s091_1,retimed,off,0.147,,-0.118,-9.057,125.0,186,,1458,,12850.3,92.668,0,0.0,0.0,0.77,0.258,0.002,,,,,10,0,23.84560925,9.77373209,,,4.287,probabilistic,,275,18.0,,
r05_fsm_high_fanout,"B/H - FSM fanout, register duplication",innovus-nangate45,23.12-s091_1,retimed,off,0.1849,,-0.18,-8.421,89.0,118,,1221,,11018.89,95.094,0,0.0,0.0,0.67,0.442,0.003,,,,,10,0,15.25653667,6.54660887,,,2.438,probabilistic,,199,220.0,,
r05_fsm_high_fanout,"B/H - FSM fanout, register duplication",innovus-nangate45,23.12-s091_1,retimed,off,0.2641,,-0.073,-1.812,55.0,118,,1242,,11132.2,87.225,0,0.0,0.0,1.66,0.414,0.007,,,,,10,0,11.00524722,4.50053794,,,2.605,probabilistic,,131,152.0,,
r05_fsm_high_fanout,"B/H - FSM fanout, register duplication",innovus-nangate45,23.12-s091_1,retimed,off,0.3773,,-0.0,0.0,1.0,118,,985,,9453.85,85.089,0,0.0,0.0,0.8,0.371,0.003,,,,,10,0,5.67658978,2.29402447,,,0.8735,probabilistic,,130,150.0,,
r05_fsm_high_fanout,"B/H - FSM fanout, register duplication",innovus-nangate45,23.12-s091_1,retimed,off,0.628,,,,,,,576,,7324.025,61.068,0,0.0,0.0,2.82,0.172,0.005,,,,,10,0,2.46206774,0.91656077,,,0.3181,probabilistic,,67,93.0,,
r05_fsm_high_fanout,"B/H - FSM fanout, register duplication",openroad_syn,,directive,unsupported,0.487,VIOLATED,,,,,,2980,,,,,,,,,,,,,,,,4.143,1.28959,,,,vectorless,,1,2.0,82c537b739da,uncommitted
r05_fsm_high_fanout,"B/H - FSM fanout, register duplication",openroad_syn,,directive,unsupported,0.594,VIOLATED,,,,,,2980,,,,,,,,,,,,,,,,3.41587,1.05729,,,,vectorless,,1,2.0,82c537b739da,uncommitted
r05_fsm_high_fanout,"B/H - FSM fanout, register duplication",openroad_syn,,directive,unsupported,0.73,VIOLATED,,,,,,2980,,,,,,,,,,,,,,,,2.7992999999999997,0.8603200000000001,,,,vectorless,,1,2.0,82c537b739da,uncommitted
r05_fsm_high_fanout,"B/H - FSM fanout, register duplication",openroad_syn,,directive,unsupported,0.889,VIOLATED,,,,,,2980,,,,,,,,,,,,,,,,2.31878,0.706446,,,,vectorless,,2,2.0,82c537b739da,uncommitted
r05_fsm_high_fanout,"B/H - FSM fanout, register duplication",openroad_syn,,directive,unsupported,1.075,VIOLATED,,,,,,2980,,,,,,,,,,,,,,,,1.93848,0.584213,,,,vectorless,,1,2.0,82c537b739da,uncommitted
r05_fsm_high_fanout,"B/H - FSM fanout, register duplication",openroad_syn,,directive,unsupported,1.296,MET,,,,,,2980,,,,,,,,,,,,,,,,1.62853,0.48459399999999997,,,,vectorless,,1,2.0,82c537b739da,uncommitted
r05_fsm_high_fanout,"B/H - FSM fanout, register duplication",openroad_syn,,orig,unsupported,0.487,VIOLATED,,,,,,2980,,,,,,,,,,,,,,,,4.143,1.28959,,,,vectorless,,1,2.0,82c537b739da,uncommitted
r05_fsm_high_fanout,"B/H - FSM fanout, register duplication",openroad_syn,,orig,unsupported,0.594,VIOLATED,,,,,,2980,,,,,,,,,,,,,,,,3.41587,1.05729,,,,vectorless,,1,2.0,82c537b739da,uncommitted
r05_fsm_high_fanout,"B/H - FSM fanout, register duplication",openroad_syn,,orig,unsupported,0.73,VIOLATED,,,,,,2980,,,,,,,,,,,,,,,,2.7992999999999997,0.8603200000000001,,,,vectorless,,1,3.0,82c537b739da,uncommitted
r05_fsm_high_fanout,"B/H - FSM fanout, register duplication",openroad_syn,,orig,unsupported,0.889,VIOLATED,,,,,,2980,,,,,,,,,,,,,,,,2.31878,0.706446,,,,vectorless,,1,3.0,82c537b739da,uncommitted
r05_fsm_high_fanout,"B/H - FSM fanout, register duplication",openroad_syn,,orig,unsupported,1.075,VIOLATED,,,,,,2980,,,,,,,,,,,,,,,,1.93848,0.584213,,,,vectorless,,1,2.0,82c537b739da,uncommitted
r05_fsm_high_fanout,"B/H - FSM fanout, register duplication",openroad_syn,,orig,unsupported,1.296,MET,,,,,,2980,,,,,,,,,,,,,,,,1.62853,0.48459399999999997,,,,vectorless,,2,2.0,82c537b739da,uncommitted
r05_fsm_high_fanout,"B/H - FSM fanout, register duplication",openroad_syn,,retimed,unsupported,0.487,VIOLATED,,,,,,6236,,,,,,,,,,,,,,,,8.10731,2.5870699999999998,,,,vectorless,,2,4.0,82c537b739da,uncommitted
r05_fsm_high_fanout,"B/H - FSM fanout, register duplication",openroad_syn,,retimed,unsupported,0.594,VIOLATED,,,,,,6236,,,,,,,,,,,,,,,,6.68548,2.12106,,,,vectorless,,2,4.0,82c537b739da,uncommitted
r05_fsm_high_fanout,"B/H - FSM fanout, register duplication",openroad_syn,,retimed,unsupported,0.73,VIOLATED,,,,,,6236,,,,,,,,,,,,,,,,5.47979,1.7259,,,,vectorless,,2,4.0,82c537b739da,uncommitted
r05_fsm_high_fanout,"B/H - FSM fanout, register duplication",openroad_syn,,retimed,unsupported,0.889,VIOLATED,,,,,,6236,,,,,,,,,,,,,,,,4.54003,1.41723,,,,vectorless,,2,4.0,82c537b739da,uncommitted
r05_fsm_high_fanout,"B/H - FSM fanout, register duplication",openroad_syn,,retimed,unsupported,1.075,VIOLATED,,,,,,6236,,,,,,,,,,,,,,,,3.7959899999999998,1.17201,,,,vectorless,,3,4.0,82c537b739da,uncommitted
r05_fsm_high_fanout,"B/H - FSM fanout, register duplication",openroad_syn,,retimed,unsupported,1.296,VIOLATED,,,,,,6236,,,,,,,,,,,,,,,,3.18958,0.972155,,,,vectorless,,3,4.0,82c537b739da,uncommitted
r05_fsm_high_fanout,"B/H - FSM fanout, register duplication",vivado-xc7a100t,2025.2,directive,on,5.0,VIOLATED,,,,,,,,,,,,,,,,,,,,,,168.0,,,,,vectorless,192,325,360.0,,
r05_fsm_high_fanout,"B/H - FSM fanout, register duplication",vivado-xc7a100t,2025.2,orig,off,5.0,VIOLATED,,,,,,,,,,,,,,,,,,,,,,168.0,,,,,vectorless,187,341,378.0,,
r05_fsm_high_fanout,"B/H - FSM fanout, register duplication",vivado-xc7a100t,2025.2,orig,on,5.0,VIOLATED,,,,,,,,,,,,,,,,,,,,,,168.0,,,,,vectorless,187,327,362.0,,
r05_fsm_high_fanout,"B/H - FSM fanout, register duplication",vivado-xc7a100t,2025.2,retimed,off,5.0,VIOLATED,,,,,,,,,,,,,,,,,,,,,,176.0,,,,,vectorless,217,331,363.0,,
r05_fsm_high_fanout,"B/H - FSM fanout, register duplication",vivado-xcau7p,2025.2,directive,on,5.0,MET,,,,,,,,,,,,,,,,,,,,,,241.0,,,,,vectorless,191,250,268.0,,
r05_fsm_high_fanout,"B/H - FSM fanout, register duplication",vivado-xcau7p,2025.2,orig,off,5.0,MET,,,,,,,,,,,,,,,,,,,,,,240.0,,,,,vectorless,186,239,255.0,,
r05_fsm_high_fanout,"B/H - FSM fanout, register duplication",vivado-xcau7p,2025.2,orig,on,5.0,MET,,,,,,,,,,,,,,,,,,,,,,240.0,,,,,vectorless,186,240,259.0,,
r05_fsm_high_fanout,"B/H - FSM fanout, register duplication",vivado-xcau7p,2025.2,retimed,off,5.0,MET,,,,,,,,,,,,,,,,,,,,,,250.0,,,,,vectorless,216,235,252.0,,
r05_fsm_high_fanout,"B/H - FSM fanout, register duplication",vivado2023.1-xc7a100t,2023.1,directive,on,6.5,VIOLATED,,,,,,,,,,,,,,,,,,,,,,134.0,,,,,vectorless,192,30,38.0,,
r05_fsm_high_fanout,"B/H - FSM fanout, register duplication",vivado2023.1-xc7a100t,2023.1,directive,on,8.0,MET,,,,,,,,,,,,,,,,,,,,,,126.0,,,,,vectorless,192,30,40.0,,
r05_fsm_high_fanout,"B/H - FSM fanout, register duplication",vivado2023.1-xc7a100t,2023.1,directive,on,10.0,MET,,,,,,,,,,,,,,,,,,,,,,119.0,,,,,vectorless,192,30,40.0,,
r05_fsm_high_fanout,"B/H - FSM fanout, register duplication",vivado2023.1-xc7a100t,2023.1,directive,on,12.0,MET,,,,,,,,,,,,,,,,,,,,,,114.0,,,,,vectorless,192,37,98.0,,
r05_fsm_high_fanout,"B/H - FSM fanout, register duplication",vivado2023.1-xc7a100t,2023.1,directive,on,15.0,MET,,,,,,,,,,,,,,,,,,,,,,109.0,,,,,vectorless,192,37,100.0,,
r05_fsm_high_fanout,"B/H - FSM fanout, register duplication",vivado2023.1-xc7a100t,2023.1,orig,off,6.5,VIOLATED,,,,,,,,,,,,,,,,,,,,,,133.0,,,,,vectorless,187,29,37.0,,
r05_fsm_high_fanout,"B/H - FSM fanout, register duplication",vivado2023.1-xc7a100t,2023.1,orig,off,8.0,MET,,,,,,,,,,,,,,,,,,,,,,125.0,,,,,vectorless,187,32,44.0,,
r05_fsm_high_fanout,"B/H - FSM fanout, register duplication",vivado2023.1-xc7a100t,2023.1,orig,off,10.0,MET,,,,,,,,,,,,,,,,,,,,,,118.0,,,,,vectorless,187,32,46.0,,
r05_fsm_high_fanout,"B/H - FSM fanout, register duplication",vivado2023.1-xc7a100t,2023.1,orig,off,12.0,MET,,,,,,,,,,,,,,,,,,,,,,113.0,,,,,vectorless,187,31,45.0,,
r05_fsm_high_fanout,"B/H - FSM fanout, register duplication",vivado2023.1-xc7a100t,2023.1,orig,off,15.0,MET,,,,,,,,,,,,,,,,,,,,,,109.0,,,,,vectorless,187,31,46.0,,
r05_fsm_high_fanout,"B/H - FSM fanout, register duplication",vivado2023.1-xc7a100t,2023.1,orig,on,6.5,VIOLATED,,,,,,,,,,,,,,,,,,,,,,133.0,,,,,vectorless,187,39,102.0,,
r05_fsm_high_fanout,"B/H - FSM fanout, register duplication",vivado2023.1-xc7a100t,2023.1,orig,on,8.0,MET,,,,,,,,,,,,,,,,,,,,,,125.0,,,,,vectorless,187,39,102.0,,
r05_fsm_high_fanout,"B/H - FSM fanout, register duplication",vivado2023.1-xc7a100t,2023.1,orig,on,10.0,MET,,,,,,,,,,,,,,,,,,,,,,118.0,,,,,vectorless,187,28,36.0,,
r05_fsm_high_fanout,"B/H - FSM fanout, register duplication",vivado2023.1-xc7a100t,2023.1,orig,on,12.0,MET,,,,,,,,,,,,,,,,,,,,,,113.0,,,,,vectorless,187,28,35.0,,
r05_fsm_high_fanout,"B/H - FSM fanout, register duplication",vivado2023.1-xc7a100t,2023.1,orig,on,15.0,MET,,,,,,,,,,,,,,,,,,,,,,109.0,,,,,vectorless,187,27,35.0,,
r05_fsm_high_fanout,"B/H - FSM fanout, register duplication",vivado2023.1-xc7a100t,2023.1,retimed,off,6.5,VIOLATED,,,,,,,,,,,,,,,,,,,,,,138.0,,,,,vectorless,217,29,37.0,,
r05_fsm_high_fanout,"B/H - FSM fanout, register duplication",vivado2023.1-xc7a100t,2023.1,retimed,off,8.0,MET,,,,,,,,,,,,,,,,,,,,,,129.0,,,,,vectorless,217,28,36.0,,
r05_fsm_high_fanout,"B/H - FSM fanout, register duplication",vivado2023.1-xc7a100t,2023.1,retimed,off,10.0,MET,,,,,,,,,,,,,,,,,,,,,,122.0,,,,,vectorless,217,29,37.0,,
r05_fsm_high_fanout,"B/H - FSM fanout, register duplication",vivado2023.1-xc7a100t,2023.1,retimed,off,12.0,MET,,,,,,,,,,,,,,,,,,,,,,116.0,,,,,vectorless,217,28,37.0,,
r05_fsm_high_fanout,"B/H - FSM fanout, register duplication",vivado2023.1-xc7a100t,2023.1,retimed,off,15.0,MET,,,,,,,,,,,,,,,,,,,,,,111.0,,,,,vectorless,217,28,35.0,,
r05_fsm_high_fanout,"B/H - FSM fanout, register duplication",yosys,0.58,directive,on,0.487,VIOLATED,,,,,,874,1048.04,,,,,,,,,,,,,,,1.9200000000000002,0.483,,,,vectorless,,2.0,2.0,82c537b739da,uncommitted
r05_fsm_high_fanout,"B/H - FSM fanout, register duplication",yosys,0.58,directive,on,0.594,MET,,,,,,874,1048.04,,,,,,,,,,,,,,,1.58,0.39599999999999996,,,,vectorless,,1.0,2.0,82c537b739da,uncommitted
r05_fsm_high_fanout,"B/H - FSM fanout, register duplication",yosys,0.58,directive,on,0.73,MET,,,,,,874,1048.04,,,,,,,,,,,,,,,1.3,0.323,,,,vectorless,,2.0,2.0,82c537b739da,uncommitted
r05_fsm_high_fanout,"B/H - FSM fanout, register duplication",yosys,0.58,directive,on,0.889,MET,,,,,,874,1048.04,,,,,,,,,,,,,,,1.08,0.265,,,,vectorless,,1.0,2.0,82c537b739da,uncommitted
r05_fsm_high_fanout,"B/H - FSM fanout, register duplication",yosys,0.58,directive,on,1.075,MET,,,,,,874,1048.04,,,,,,,,,,,,,,,0.903,0.219,,,,vectorless,,2.0,2.0,82c537b739da,uncommitted
r05_fsm_high_fanout,"B/H - FSM fanout, register duplication",yosys,0.58,directive,on,1.296,MET,,,,,,874,1048.04,,,,,,,,,,,,,,,0.761,0.182,,,,vectorless,,2.0,3.0,82c537b739da,uncommitted
r05_fsm_high_fanout,"B/H - FSM fanout, register duplication",yosys,0.58,orig,off,0.487,VIOLATED,,,,,,804,810.502,,,,,,,,,,,,,,,1.72,0.36200000000000004,,,,vectorless,,1.0,2.0,82c537b739da,uncommitted
r05_fsm_high_fanout,"B/H - FSM fanout, register duplication",yosys,0.58,orig,off,0.594,VIOLATED,,,,,,804,810.502,,,,,,,,,,,,,,,1.41,0.297,,,,vectorless,,2.0,3.0,82c537b739da,uncommitted
r05_fsm_high_fanout,"B/H - FSM fanout, register duplication",yosys,0.58,orig,off,0.73,MET,,,,,,804,810.502,,,,,,,,,,,,,,,1.16,0.241,,,,vectorless,,2.0,2.0,82c537b739da,uncommitted
r05_fsm_high_fanout,"B/H - FSM fanout, register duplication",yosys,0.58,orig,off,0.889,MET,,,,,,804,810.502,,,,,,,,,,,,,,,0.9610000000000001,0.19799999999999998,,,,vectorless,,1.0,2.0,82c537b739da,uncommitted
r05_fsm_high_fanout,"B/H - FSM fanout, register duplication",yosys,0.58,orig,off,1.075,MET,,,,,,804,810.502,,,,,,,,,,,,,,,0.805,0.164,,,,vectorless,,2.0,2.0,82c537b739da,uncommitted
r05_fsm_high_fanout,"B/H - FSM fanout, register duplication",yosys,0.58,orig,off,1.296,MET,,,,,,804,810.502,,,,,,,,,,,,,,,0.678,0.136,,,,vectorless,,1.0,2.0,82c537b739da,uncommitted
r05_fsm_high_fanout,"B/H - FSM fanout, register duplication",yosys,0.58,orig,on,0.487,VIOLATED,,,,,,874,1048.04,,,,,,,,,,,,,,,1.9200000000000002,0.483,,,,vectorless,,1.0,2.0,82c537b739da,uncommitted
r05_fsm_high_fanout,"B/H - FSM fanout, register duplication",yosys,0.58,orig,on,0.594,MET,,,,,,874,1048.04,,,,,,,,,,,,,,,1.58,0.39599999999999996,,,,vectorless,,2.0,2.0,82c537b739da,uncommitted
r05_fsm_high_fanout,"B/H - FSM fanout, register duplication",yosys,0.58,orig,on,0.73,MET,,,,,,874,1048.04,,,,,,,,,,,,,,,1.3,0.323,,,,vectorless,,1.0,2.0,82c537b739da,uncommitted
r05_fsm_high_fanout,"B/H - FSM fanout, register duplication",yosys,0.58,orig,on,0.889,MET,,,,,,874,1048.04,,,,,,,,,,,,,,,1.08,0.265,,,,vectorless,,2.0,3.0,82c537b739da,uncommitted
r05_fsm_high_fanout,"B/H - FSM fanout, register duplication",yosys,0.58,orig,on,1.075,MET,,,,,,874,1048.04,,,,,,,,,,,,,,,0.903,0.219,,,,vectorless,,2.0,2.0,82c537b739da,uncommitted
r05_fsm_high_fanout,"B/H - FSM fanout, register duplication",yosys,0.58,orig,on,1.296,MET,,,,,,874,1048.04,,,,,,,,,,,,,,,0.761,0.182,,,,vectorless,,1.0,2.0,82c537b739da,uncommitted
r05_fsm_high_fanout,"B/H - FSM fanout, register duplication",yosys,0.58,retimed,off,0.487,VIOLATED,,,,,,804,810.502,,,,,,,,,,,,,,,1.72,0.36200000000000004,,,,vectorless,,2.0,3.0,82c537b739da,uncommitted
r05_fsm_high_fanout,"B/H - FSM fanout, register duplication",yosys,0.58,retimed,off,0.594,VIOLATED,,,,,,804,810.502,,,,,,,,,,,,,,,1.41,0.297,,,,vectorless,,2.0,3.0,82c537b739da,uncommitted
r05_fsm_high_fanout,"B/H - FSM fanout, register duplication",yosys,0.58,retimed,off,0.73,MET,,,,,,804,810.502,,,,,,,,,,,,,,,1.16,0.241,,,,vectorless,,2.0,2.0,82c537b739da,uncommitted
r05_fsm_high_fanout,"B/H - FSM fanout, register duplication",yosys,0.58,retimed,off,0.889,MET,,,,,,804,810.502,,,,,,,,,,,,,,,0.9610000000000001,0.19799999999999998,,,,vectorless,,1.0,2.0,82c537b739da,uncommitted
r05_fsm_high_fanout,"B/H - FSM fanout, register duplication",yosys,0.58,retimed,off,1.075,MET,,,,,,804,810.502,,,,,,,,,,,,,,,0.805,0.164,,,,vectorless,,2.0,3.0,82c537b739da,uncommitted
r05_fsm_high_fanout,"B/H - FSM fanout, register duplication",yosys,0.58,retimed,off,1.296,MET,,,,,,804,810.502,,,,,,,,,,,,,,,0.678,0.136,,,,vectorless,,2.0,3.0,82c537b739da,uncommitted
r06_fsm_high_fanin,B - FSM fanin,genus,23.12-s086_1,directive,off,0.1798,VIOLATED,,,,75,70,1915,4793.91962325,,,,,,,,,,,,,,,30.203899999999997,14.340200000000001,5.43425,24.312,0.45762,probabilistic,,90,100.0,5d557b781c6f,585535c
r06_fsm_high_fanin,B - FSM fanin,genus,23.12-s086_1,directive,off,0.2569,VIOLATED,,,,67,70,2176,5157.51835325,,,,,,,,,,,,,,,21.2589,10.3558,3.41895,17.5536,0.286368,probabilistic,,160,169.0,5d557b781c6f,585535c
r06_fsm_high_fanin,B - FSM fanin,genus,23.12-s086_1,directive,off,0.2841,VIOLATED,,,,131,140,2304,5700.968939750001,,,,,,,,,,,,,,,15.3578,6.84159,3.88854,10.964500000000001,0.5046989999999999,probabilistic,,114,126.0,5d557b781c6f,4f7c7a48
r06_fsm_high_fanin,B - FSM fanin,genus,23.12-s086_1,directive,off,0.367,VIOLATED,,,,62,70,2473,5754.6920395,,,,,,,,,,,,,,,15.708400000000001,7.84092,2.22996,13.2935,0.184962,probabilistic,,126,137.0,5d557b781c6f,585535c
r06_fsm_high_fanin,B - FSM fanin,genus,23.12-s086_1,directive,off,0.3724,VIOLATED,,,,134,140,2377,5852.820609750001,,,,,,,,,,,,,,,12.770800000000001,5.76226,3.03066,9.346359999999999,0.393802,probabilistic,,118,136.0,5d557b781c6f,4f7c7a48
r06_fsm_high_fanin,B - FSM fanin,genus,23.12-s086_1,directive,off,0.489,VIOLATED,,,,,,2775,6667.54528375,,,,,,,,,,,,,,,14.0152,6.42927,3.03988,10.6628,0.312521,probabilistic,,115,125.0,2b0f190d4c1a,uncommitted
r06_fsm_high_fanin,B - FSM fanin,genus,23.12-s086_1,directive,off,0.5243,VIOLATED,,,,91,70,2121,5292.34051975,,,,,,,,,,,,,,,11.839799999999999,5.60788,2.1890400000000003,9.460329999999999,0.190397,probabilistic,,154,171.0,5d557b781c6f,585535c
r06_fsm_high_fanin,B - FSM fanin,genus,23.12-s086_1,directive,off,0.5682,MET,,,,171,140,1951,5247.8602125,,,,,,,,,,,,,,,8.43042,3.5078,2.53929,5.56234,0.32880000000000004,probabilistic,,76,89.0,5d557b781c6f,4f7c7a48
r06_fsm_high_fanin,B - FSM fanin,genus,23.12-s086_1,directive,off,0.7715,VIOLATED,,,,,,2299,5618.462411,,,,,,,,,,,,,,,7.03488,3.13091,1.60506,5.2755,0.154328,probabilistic,,85,94.0,2b0f190d4c1a,uncommitted
r06_fsm_high_fanin,B - FSM fanin,genus,23.12-s086_1,directive,off,0.8018,MET,,,,,,1655,4351.05586675,,,,,,,,,,,,,,,5.66192,2.3298,1.5645,3.93987,0.157551,probabilistic,,45,55.0,2b0f190d4c1a,uncommitted
r06_fsm_high_fanin,B - FSM fanin,genus,23.12-s086_1,directive,off,1.09,MET,,,,,,815,2708.07696575,,,,,,,,,,,,,,,2.45726,0.897352,0.7740950000000001,1.6054599999999999,0.07770640000000001,probabilistic,,33,42.0,2b0f190d4c1a,uncommitted
r06_fsm_high_fanin,B - FSM fanin,genus,23.12-s086_1,orig,off,0.1798,VIOLATED,,,,70,70,2731,6307.68485575,,,,,,,,,,,,,,,33.235,17.459200000000003,3.0506499999999996,29.7611,0.423298,probabilistic,,108,116.0,5d557b781c6f,585535c
r06_fsm_high_fanin,B - FSM fanin,genus,23.12-s086_1,orig,off,0.2569,VIOLATED,,,,70,70,2781,6375.810696250001,,,,,,,,,,,,,,,22.5763,11.7783,2.1195,20.160999999999998,0.295788,probabilistic,,123,132.0,5d557b781c6f,585535c
r06_fsm_high_fanin,B - FSM fanin,genus,23.12-s086_1,orig,off,0.367,VIOLATED,,,,70,70,2763,6447.60594425,,,,,,,,,,,,,,,16.9995,8.90546,1.5273,15.2652,0.20705199999999999,probabilistic,,115,125.0,5d557b781c6f,585535c
r06_fsm_high_fanin,B - FSM fanin,genus,23.12-s086_1,orig,off,0.3724,VIOLATED,,,,140,140,3081,7436.0024095,,,,,,,,,,,,,,,14.0151,6.574199999999999,2.7816400000000003,10.8241,0.409399,probabilistic,,181,195.0,5d557b781c6f,4f7c7a48
r06_fsm_high_fanin,B - FSM fanin,genus,23.12-s086_1,orig,off,0.489,VIOLATED,,,,,,2912,6777.67130075,,,,,,,,,,,,,,,13.077399999999999,6.77378,1.2403,11.6798,0.157374,probabilistic,,118,127.0,2b0f190d4c1a,uncommitted
r06_fsm_high_fanin,B - FSM fanin,genus,23.12-s086_1,orig,off,0.5243,VIOLATED,,,,70,70,2836,6579.6383045,,,,,,,,,,,,,,,11.686,6.11116,1.06024,10.4808,0.14493199999999998,probabilistic,,185,201.0,5d557b781c6f,585535c
r06_fsm_high_fanin,B - FSM fanin,genus,23.12-s086_1,orig,off,0.5682,VIOLATED,,,,140,140,2937,7093.72984825,,,,,,,,,,,,,,,8.90123,4.10762,1.851,6.7823400000000005,0.267895,probabilistic,,156,169.0,5d557b781c6f,4f7c7a48
r06_fsm_high_fanin,B - FSM fanin,genus,23.12-s086_1,orig,off,0.9291,MET,,,,,,2529,5913.58236925,,,,,,,,,,,,,,,6.3595500000000005,3.20936,0.66611,5.61061,0.0828285,probabilistic,,68,76.0,2b0f190d4c1a,uncommitted
r06_fsm_high_fanin,B - FSM fanin,genus,23.12-s086_1,orig,off,1.09,MET,,,,,,1412,3742.42573725,,,,,,,,,,,,,,,3.28942,1.4454500000000001,0.620697,2.59857,0.0701578,probabilistic,,31,40.0,2b0f190d4c1a,uncommitted
r06_fsm_high_fanin,B - FSM fanin,genus,23.12-s086_1,orig,on,0.1798,VIOLATED,,,,75,70,1915,4793.91962325,,,,,,,,,,,,,,,30.203899999999997,14.340200000000001,5.43425,24.312,0.45762,probabilistic,,90,101.0,5d557b781c6f,585535c
r06_fsm_high_fanin,B - FSM fanin,genus,23.12-s086_1,orig,on,0.2569,VIOLATED,,,,67,70,2176,5157.51835325,,,,,,,,,,,,,,,21.2589,10.3558,3.41895,17.5536,0.286368,probabilistic,,161,171.0,5d557b781c6f,585535c
r06_fsm_high_fanin,B - FSM fanin,genus,23.12-s086_1,orig,on,0.2841,VIOLATED,,,,131,140,2304,5700.968939750001,,,,,,,,,,,,,,,15.3578,6.84159,3.88854,10.964500000000001,0.5046989999999999,probabilistic,,115,126.0,5d557b781c6f,4f7c7a48
r06_fsm_high_fanin,B - FSM fanin,genus,23.12-s086_1,orig,on,0.367,VIOLATED,,,,62,70,2473,5754.6920395,,,,,,,,,,,,,,,15.708400000000001,7.84092,2.22996,13.2935,0.184962,probabilistic,,108,118.0,5d557b781c6f,585535c
r06_fsm_high_fanin,B - FSM fanin,genus,23.12-s086_1,orig,on,0.3724,VIOLATED,,,,134,140,2377,5852.820609750001,,,,,,,,,,,,,,,12.770800000000001,5.76226,3.03066,9.346359999999999,0.393802,probabilistic,,129,145.0,5d557b781c6f,4f7c7a48
r06_fsm_high_fanin,B - FSM fanin,genus,23.12-s086_1,orig,on,0.489,VIOLATED,,,,,,2775,6667.54528375,,,,,,,,,,,,,,,14.0152,6.42927,3.03988,10.6628,0.312521,probabilistic,,114,123.0,2b0f190d4c1a,uncommitted
r06_fsm_high_fanin,B - FSM fanin,genus,23.12-s086_1,orig,on,0.5243,VIOLATED,,,,91,70,2121,5292.34051975,,,,,,,,,,,,,,,11.839799999999999,5.60788,2.1890400000000003,9.460329999999999,0.190397,probabilistic,,159,176.0,5d557b781c6f,585535c
r06_fsm_high_fanin,B - FSM fanin,genus,23.12-s086_1,orig,on,0.5682,MET,,,,171,140,1951,5247.8602125,,,,,,,,,,,,,,,8.43042,3.5078,2.53929,5.56234,0.32880000000000004,probabilistic,,75,87.0,5d557b781c6f,4f7c7a48
r06_fsm_high_fanin,B - FSM fanin,genus,23.12-s086_1,orig,on,0.7715,VIOLATED,,,,,,2299,5618.462411,,,,,,,,,,,,,,,7.03488,3.13091,1.60506,5.2755,0.154328,probabilistic,,85,95.0,2b0f190d4c1a,uncommitted
r06_fsm_high_fanin,B - FSM fanin,genus,23.12-s086_1,orig,on,0.8018,MET,,,,,,1655,4351.05586675,,,,,,,,,,,,,,,5.66192,2.3298,1.5645,3.93987,0.157551,probabilistic,,45,55.0,2b0f190d4c1a,uncommitted
r06_fsm_high_fanin,B - FSM fanin,genus,23.12-s086_1,orig,on,1.09,MET,,,,,,815,2708.07696575,,,,,,,,,,,,,,,2.45726,0.897352,0.7740950000000001,1.6054599999999999,0.07770640000000001,probabilistic,,33,42.0,2b0f190d4c1a,uncommitted
r06_fsm_high_fanin,B - FSM fanin,genus,23.12-s086_1,retimed,off,0.1798,VIOLATED,,,,10,10,2440,5476.5105085,,,,,,,,,,,,,,,31.0384,17.1324,0.5943590000000001,30.3822,0.0619132,probabilistic,,92,101.0,5d557b781c6f,585535c
r06_fsm_high_fanin,B - FSM fanin,genus,23.12-s086_1,retimed,off,0.2569,VIOLATED,,,,10,10,2547,5703.9954,,,,,,,,,,,,,,,23.842599999999997,13.2213,0.461063,23.3382,0.043331999999999996,probabilistic,,148,158.0,5d557b781c6f,585535c
r06_fsm_high_fanin,B - FSM fanin,genus,23.12-s086_1,retimed,off,0.367,VIOLATED,,,,10,10,2439,5496.888681,,,,,,,,,,,,,,,15.739800000000002,8.69833,0.300533,15.409,0.030332400000000002,probabilistic,,102,111.0,5d557b781c6f,585535c
r06_fsm_high_fanin,B - FSM fanin,genus,23.12-s086_1,retimed,off,0.3724,VIOLATED,,,,80,80,2910,6812.97004775,,,,,,,,,,,,,,,17.6153,9.129119999999999,1.6502999999999999,15.731100000000001,0.233942,probabilistic,,169,188.0,5d557b781c6f,4f7c7a48
r06_fsm_high_fanin,B - FSM fanin,genus,23.12-s086_1,retimed,off,0.489,VIOLATED,,,,,,2560,5853.2343995,,,,,,,,,,,,,,,13.4193,7.40548,0.24430699999999997,13.152199999999999,0.022764799999999998,probabilistic,,95,104.0,2b0f190d4c1a,uncommitted
r06_fsm_high_fanin,B - FSM fanin,genus,23.12-s086_1,retimed,off,0.5243,VIOLATED,,,,10,10,2574,5794.904327,,,,,,,,,,,,,,,11.781099999999999,6.5302,0.225654,11.5342,0.0212321,probabilistic,,150,167.0,5d557b781c6f,585535c
r06_fsm_high_fanin,B - FSM fanin,genus,23.12-s086_1,retimed,off,0.5682,VIOLATED,,,,80,80,2823,6611.164703,,,,,,,,,,,,,,,11.2818,5.86369,1.0982800000000001,10.030199999999999,0.153326,probabilistic,,134,147.0,5d557b781c6f,4f7c7a48
r06_fsm_high_fanin,B - FSM fanin,genus,23.12-s086_1,retimed,off,1.0897,MET,,,,,,2107,4843.29678775,,,,,,,,,,,,,,,4.83796,2.58407,0.106326,4.721419999999999,0.0102157,probabilistic,,46,55.0,2b0f190d4c1a,uncommitted
r06_fsm_high_fanin,B - FSM fanin,innovus-nangate45,23.12-s091_1,directive,off,0.1798,,-0.329,-2.961,10.0,75,,2306,,15949.045,95.567,0,0.0,0.0,9.13,0.398,0.04,,,,,10,0,32.98665815,16.61060358,,,1.426,probabilistic,,166,191.0,,
r06_fsm_high_fanin,B - FSM fanin,innovus-nangate45,23.12-s091_1,directive,off,0.2569,,-0.288,-1.966,7.0,67,,2437,,16311.83,90.719,0,0.0,0.0,1.19,0.499,0.006,,,,,10,0,21.33718871,10.7110429,,,0.0,probabilistic,,287,318.0,,
r06_fsm_high_fanin,B - FSM fanin,innovus-nangate45,23.12-s091_1,directive,off,0.367,,-0.164,-0.966,6.0,62,,2624,,17263.915,89.632,0,0.0,0.0,5.46,0.381,0.022,,,,,10,0,17.12589311,8.84670843,,,0.0,probabilistic,,219,251.0,,
r06_fsm_high_fanin,B - FSM fanin,innovus-nangate45,23.12-s091_1,directive,off,0.3724,,-0.141,-8.671,85.0,134,,2856,,19380.015,94.117,0,0.0,0.0,1.96,0.351,0.007,,,,,10,0,19.44184482,9.57346097,,,1.533,probabilistic,,363,22.0,,
r06_fsm_high_fanin,B - FSM fanin,innovus-nangate45,23.12-s091_1,directive,off,0.5243,,0.001,0.0,0.0,91,,2438,,16778.395,87.574,0,0.0,0.0,1.67,0.413,0.007,,,,,10,0,11.82616843,5.96108244,,,0.4934,probabilistic,,220,248.0,,
r06_fsm_high_fanin,B - FSM fanin,innovus-nangate45,23.12-s091_1,directive,off,1.09,,,,,,,835,,9003.705,55.347,0,0.0,0.0,0.64,0.625,0.004,,,,,10,0,1.99770182,0.79801805,,,0.0,probabilistic,,77,99.0,,
r06_fsm_high_fanin,B - FSM fanin,innovus-nangate45,23.12-s091_1,orig,off,0.1798,,-0.614,-3.64,6.0,,,3204,,20263.21,99.044,0,0.0,0.0,0.84,0.941,0.008,,,,,10,0,73.10041292,39.8829219,,,1.731,probabilistic,,4356,4378.0,,
r06_fsm_high_fanin,B - FSM fanin,innovus-nangate45,23.12-s091_1,orig,off,0.2569,,-0.593,-3.491,6.0,70,,3132,,21646.415,97.145,0,0.0,0.0,1.25,0.948,0.012,,,,,10,0,48.12825661,26.09001544,,,1.012,probabilistic,,359,390.0,,
r06_fsm_high_fanin,B - FSM fanin,innovus-nangate45,23.12-s091_1,orig,off,0.367,,-0.323,-1.603,6.0,70,,3161,,22415.155,97.594,0,0.0,0.0,0.76,0.917,0.007,,,,,10,0,37.16906999,20.12269539,,,1.429,probabilistic,,281,312.0,,
r06_fsm_high_fanin,B - FSM fanin,innovus-nangate45,23.12-s091_1,orig,off,0.3724,,-0.125,-1.111,11.0,140,,3423,,24415.41,96.547,0,0.0,0.0,0.55,0.907,0.005,,,,,10,0,41.93196334,22.1220958,,,1.595,probabilistic,,396,21.0,,
r06_fsm_high_fanin,B - FSM fanin,innovus-nangate45,23.12-s091_1,orig,off,0.5243,,-0.191,-0.994,6.0,70,,3258,,23043.16,98.28,0,0.0,0.0,0.98,0.913,0.009,,,,,10,0,25.82768336,13.9652438,,,0.8471,probabilistic,,307,337.0,,
r06_fsm_high_fanin,B - FSM fanin,innovus-nangate45,23.12-s091_1,orig,off,1.09,,,,,,,1613,,12188.72,57.046,0,0.0,0.0,0.21,0.955,0.002,,,,,10,0,4.51825677,2.29532361,,,0.0,probabilistic,,92,121.0,,
r06_fsm_high_fanin,B - FSM fanin,innovus-nangate45,23.12-s091_1,orig,on,0.1798,,-0.329,-2.961,10.0,75,,2306,,15949.045,95.567,0,0.0,0.0,9.13,0.398,0.04,,,,,10,0,32.98665815,16.61060358,,,1.426,probabilistic,,165,190.0,,
r06_fsm_high_fanin,B - FSM fanin,innovus-nangate45,23.12-s091_1,orig,on,0.2569,,-0.288,-1.966,7.0,67,,2437,,16311.83,90.719,0,0.0,0.0,1.19,0.499,0.006,,,,,10,0,21.33718871,10.7110429,,,0.0,probabilistic,,289,318.0,,
r06_fsm_high_fanin,B - FSM fanin,innovus-nangate45,23.12-s091_1,orig,on,0.367,,-0.164,-0.966,6.0,62,,2624,,17263.915,89.632,0,0.0,0.0,5.46,0.381,0.022,,,,,10,0,17.12589311,8.84670843,,,0.0,probabilistic,,219,249.0,,
r06_fsm_high_fanin,B - FSM fanin,innovus-nangate45,23.12-s091_1,orig,on,0.3724,,-0.141,-8.671,85.0,134,,2856,,19380.015,94.117,0,0.0,0.0,1.96,0.351,0.007,,,,,10,0,19.44184482,9.57346097,,,1.533,probabilistic,,362,23.0,,
r06_fsm_high_fanin,B - FSM fanin,innovus-nangate45,23.12-s091_1,orig,on,0.5243,,0.001,0.0,0.0,91,,2438,,16778.395,87.574,0,0.0,0.0,1.67,0.413,0.007,,,,,10,0,11.82616843,5.96108244,,,0.4934,probabilistic,,224,254.0,,
r06_fsm_high_fanin,B - FSM fanin,innovus-nangate45,23.12-s091_1,orig,on,1.09,,,,,,,835,,9003.705,55.347,0,0.0,0.0,0.64,0.625,0.004,,,,,10,0,1.99770182,0.79801805,,,0.0,probabilistic,,77,99.0,,
r06_fsm_high_fanin,B - FSM fanin,innovus-nangate45,23.12-s091_1,retimed,off,0.1798,,-0.009,-0.017,3.0,10,,2644,,16743.335,94.985,0,0.0,0.0,0.9,0.664,0.006,,,,,10,0,54.62994162,29.52063806,,,0.0,probabilistic,,96,116.0,,
r06_fsm_high_fanin,B - FSM fanin,innovus-nangate45,23.12-s091_1,retimed,off,0.2569,,0.027,0.0,0.0,10,,2688,,16619.78,93.154,0,0.0,0.0,0.47,0.631,0.003,,,,,10,0,40.98206066,22.2300455,,,0.0,probabilistic,,215,245.0,,
r06_fsm_high_fanin,B - FSM fanin,innovus-nangate45,23.12-s091_1,retimed,off,0.367,,0.104,0.0,0.0,10,,2699,,16677.375,95.234,2,0.07,0.0,1.41,0.629,0.009,,,,,10,0,28.40100335,15.39414303,,,0.0,probabilistic,,163,193.0,,
r06_fsm_high_fanin,B - FSM fanin,innovus-nangate45,23.12-s091_1,retimed,off,0.3724,,-0.119,-0.776,8.0,80,,3204,,21679.97,95.871,0,0.0,0.0,0.78,0.894,0.007,,,,,10,0,37.63871716,20.20116131,,,1.011,probabilistic,,391,23.0,,
r06_fsm_high_fanin,B - FSM fanin,innovus-nangate45,23.12-s091_1,retimed,off,0.5243,,0.183,0.0,0.0,10,,2706,,17157.91,92.653,0,0.0,0.0,0.94,0.629,0.006,,,,,10,0,20.56056846,11.14081797,,,0.0,probabilistic,,151,180.0,,
r06_fsm_high_fanin,B - FSM fanin,innovus-nangate45,23.12-s091_1,retimed,off,1.0897,,,,,,,2499,,16183.33,78.921,0,0.0,0.0,0.76,0.652,0.005,,,,,10,0,9.25553393,5.02804832,,,0.0,probabilistic,,105,130.0,,
r06_fsm_high_fanin,B - FSM fanin,openroad_syn,,directive,unsupported,0.814,VIOLATED,,,,,,1366,,,,,,,,,,,,,,,,62.854099999999995,29.5527,,,,vectorless,,2,2.0,5d557b781c6f,uncommitted
r06_fsm_high_fanin,B - FSM fanin,openroad_syn,,directive,unsupported,0.994,VIOLATED,,,,,,1366,,,,,,,,,,,,,,,,57.2926,26.9451,,,,vectorless,,2,2.0,5d557b781c6f,uncommitted
r06_fsm_high_fanin,B - FSM fanin,openroad_syn,,directive,unsupported,1.222,VIOLATED,,,,,,1366,,,,,,,,,,,,,,,,51.7361,24.3308,,,,vectorless,,1,2.0,5d557b781c6f,uncommitted
r06_fsm_high_fanin,B - FSM fanin,openroad_syn,,directive,unsupported,1.487,VIOLATED,,,,,,1366,,,,,,,,,,,,,,,,47.106,22.1571,,,,vectorless,,1,3.0,5d557b781c6f,uncommitted
r06_fsm_high_fanin,B - FSM fanin,openroad_syn,,directive,unsupported,1.799,VIOLATED,,,,,,1366,,,,,,,,,,,,,,,,42.848,20.1615,,,,vectorless,,1,2.0,5d557b781c6f,uncommitted
r06_fsm_high_fanin,B - FSM fanin,openroad_syn,,directive,unsupported,2.169,VIOLATED,,,,,,1366,,,,,,,,,,,,,,,,39.1965,18.454,,,,vectorless,,1,2.0,5d557b781c6f,uncommitted
r06_fsm_high_fanin,B - FSM fanin,openroad_syn,,orig,unsupported,0.814,VIOLATED,,,,,,1366,,,,,,,,,,,,,,,,62.854099999999995,29.5527,,,,vectorless,,2,2.0,5d557b781c6f,uncommitted
r06_fsm_high_fanin,B - FSM fanin,openroad_syn,,orig,unsupported,0.994,VIOLATED,,,,,,1366,,,,,,,,,,,,,,,,57.2926,26.9451,,,,vectorless,,2,2.0,5d557b781c6f,uncommitted
r06_fsm_high_fanin,B - FSM fanin,openroad_syn,,orig,unsupported,1.222,VIOLATED,,,,,,1366,,,,,,,,,,,,,,,,51.7361,24.3308,,,,vectorless,,2,2.0,5d557b781c6f,uncommitted
r06_fsm_high_fanin,B - FSM fanin,openroad_syn,,orig,unsupported,1.487,VIOLATED,,,,,,1366,,,,,,,,,,,,,,,,47.106,22.1571,,,,vectorless,,2,2.0,5d557b781c6f,uncommitted
r06_fsm_high_fanin,B - FSM fanin,openroad_syn,,orig,unsupported,1.799,VIOLATED,,,,,,1366,,,,,,,,,,,,,,,,42.848,20.1615,,,,vectorless,,2,2.0,5d557b781c6f,uncommitted
r06_fsm_high_fanin,B - FSM fanin,openroad_syn,,orig,unsupported,2.169,VIOLATED,,,,,,1366,,,,,,,,,,,,,,,,39.1965,18.454,,,,vectorless,,1,3.0,5d557b781c6f,uncommitted
r06_fsm_high_fanin,B - FSM fanin,openroad_syn,,retimed,unsupported,0.814,VIOLATED,,,,,,1260,,,,,,,,,,,,,,,,100.748,47.8064,,,,vectorless,,1,3.0,5d557b781c6f,uncommitted
r06_fsm_high_fanin,B - FSM fanin,openroad_syn,,retimed,unsupported,0.994,VIOLATED,,,,,,1260,,,,,,,,,,,,,,,,94.5501,44.7725,,,,vectorless,,2,2.0,5d557b781c6f,uncommitted
r06_fsm_high_fanin,B - FSM fanin,openroad_syn,,retimed,unsupported,1.222,VIOLATED,,,,,,1260,,,,,,,,,,,,,,,,88.8208,41.976600000000005,,,,vectorless,,2,2.0,5d557b781c6f,uncommitted
r06_fsm_high_fanin,B - FSM fanin,openroad_syn,,retimed,unsupported,1.487,VIOLATED,,,,,,1260,,,,,,,,,,,,,,,,83.27,39.292699999999996,,,,vectorless,,2,2.0,5d557b781c6f,uncommitted
r06_fsm_high_fanin,B - FSM fanin,openroad_syn,,retimed,unsupported,1.799,VIOLATED,,,,,,1260,,,,,,,,,,,,,,,,78.03359999999999,36.7541,,,,vectorless,,1,3.0,5d557b781c6f,uncommitted
r06_fsm_high_fanin,B - FSM fanin,openroad_syn,,retimed,unsupported,2.169,VIOLATED,,,,,,1260,,,,,,,,,,,,,,,,73.36030000000001,34.4941,,,,vectorless,,2,2.0,5d557b781c6f,uncommitted
r06_fsm_high_fanin,B - FSM fanin,vivado-xc7a100t,2025.2,directive,on,4.0,VIOLATED,,,,,,,,,,,,,,,,,,,,,,179.0,,,,,vectorless,237,380,413.0,,
r06_fsm_high_fanin,B - FSM fanin,vivado-xc7a100t,2025.2,orig,off,4.0,VIOLATED,,,,,,,,,,,,,,,,,,,,,,179.0,,,,,vectorless,237,389,420.0,,
r06_fsm_high_fanin,B - FSM fanin,vivado-xc7a100t,2025.2,orig,on,4.0,VIOLATED,,,,,,,,,,,,,,,,,,,,,,179.0,,,,,vectorless,237,366,398.0,,
r06_fsm_high_fanin,B - FSM fanin,vivado-xc7a100t,2025.2,retimed,off,4.0,VIOLATED,,,,,,,,,,,,,,,,,,,,,,116.0,,,,,vectorless,244,379,411.0,,
r06_fsm_high_fanin,B - FSM fanin,vivado-xcau7p,2025.2,directive,on,4.0,VIOLATED,,,,,,,,,,,,,,,,,,,,,,155.0,,,,,vectorless,235,252,269.0,,
r06_fsm_high_fanin,B - FSM fanin,vivado-xcau7p,2025.2,orig,off,4.0,VIOLATED,,,,,,,,,,,,,,,,,,,,,,155.0,,,,,vectorless,235,263,283.0,,
r06_fsm_high_fanin,B - FSM fanin,vivado-xcau7p,2025.2,orig,on,4.0,VIOLATED,,,,,,,,,,,,,,,,,,,,,,155.0,,,,,vectorless,235,267,285.0,,
r06_fsm_high_fanin,B - FSM fanin,vivado-xcau7p,2025.2,retimed,off,4.0,VIOLATED,,,,,,,,,,,,,,,,,,,,,,155.0,,,,,vectorless,245,250,264.0,,
r06_fsm_high_fanin,B - FSM fanin,vivado2023.1-xc7a100t,2023.1,directive,on,5.2,VIOLATED,,,,,,,,,,,,,,,,,,,,,,106.0,,,,,vectorless,237,33,41.0,,
r06_fsm_high_fanin,B - FSM fanin,vivado2023.1-xc7a100t,2023.1,directive,on,6.4,VIOLATED,,,,,,,,,,,,,,,,,,,,,,103.0,,,,,vectorless,237,34,41.0,,
r06_fsm_high_fanin,B - FSM fanin,vivado2023.1-xc7a100t,2023.1,directive,on,8.0,VIOLATED,,,,,,,,,,,,,,,,,,,,,,101.0,,,,,vectorless,237,32,42.0,,
r06_fsm_high_fanin,B - FSM fanin,vivado2023.1-xc7a100t,2023.1,directive,on,9.6,VIOLATED,,,,,,,,,,,,,,,,,,,,,,100.0,,,,,vectorless,239,34,42.0,,
r06_fsm_high_fanin,B - FSM fanin,vivado2023.1-xc7a100t,2023.1,directive,on,12.0,MET,,,,,,,,,,,,,,,,,,,,,,98.0,,,,,vectorless,234,31,39.0,,
r06_fsm_high_fanin,B - FSM fanin,vivado2023.1-xc7a100t,2023.1,orig,off,5.2,VIOLATED,,,,,,,,,,,,,,,,,,,,,,106.0,,,,,vectorless,237,33,42.0,,
r06_fsm_high_fanin,B - FSM fanin,vivado2023.1-xc7a100t,2023.1,orig,off,6.4,VIOLATED,,,,,,,,,,,,,,,,,,,,,,103.0,,,,,vectorless,237,34,43.0,,
r06_fsm_high_fanin,B - FSM fanin,vivado2023.1-xc7a100t,2023.1,orig,off,8.0,VIOLATED,,,,,,,,,,,,,,,,,,,,,,101.0,,,,,vectorless,237,32,40.0,,
r06_fsm_high_fanin,B - FSM fanin,vivado2023.1-xc7a100t,2023.1,orig,off,9.6,VIOLATED,,,,,,,,,,,,,,,,,,,,,,100.0,,,,,vectorless,239,34,44.0,,
r06_fsm_high_fanin,B - FSM fanin,vivado2023.1-xc7a100t,2023.1,orig,off,12.0,MET,,,,,,,,,,,,,,,,,,,,,,98.0,,,,,vectorless,234,30,41.0,,
r06_fsm_high_fanin,B - FSM fanin,vivado2023.1-xc7a100t,2023.1,orig,on,5.2,VIOLATED,,,,,,,,,,,,,,,,,,,,,,106.0,,,,,vectorless,237,35,44.0,,
r06_fsm_high_fanin,B - FSM fanin,vivado2023.1-xc7a100t,2023.1,orig,on,6.4,VIOLATED,,,,,,,,,,,,,,,,,,,,,,103.0,,,,,vectorless,237,36,45.0,,
r06_fsm_high_fanin,B - FSM fanin,vivado2023.1-xc7a100t,2023.1,orig,on,8.0,VIOLATED,,,,,,,,,,,,,,,,,,,,,,101.0,,,,,vectorless,237,32,40.0,,
r06_fsm_high_fanin,B - FSM fanin,vivado2023.1-xc7a100t,2023.1,orig,on,9.6,VIOLATED,,,,,,,,,,,,,,,,,,,,,,100.0,,,,,vectorless,239,33,41.0,,
r06_fsm_high_fanin,B - FSM fanin,vivado2023.1-xc7a100t,2023.1,orig,on,12.0,MET,,,,,,,,,,,,,,,,,,,,,,98.0,,,,,vectorless,234,30,38.0,,
r06_fsm_high_fanin,B - FSM fanin,vivado2023.1-xc7a100t,2023.1,retimed,off,5.2,VIOLATED,,,,,,,,,,,,,,,,,,,,,,105.0,,,,,vectorless,244,34,41.0,,
r06_fsm_high_fanin,B - FSM fanin,vivado2023.1-xc7a100t,2023.1,retimed,off,6.4,VIOLATED,,,,,,,,,,,,,,,,,,,,,,103.0,,,,,vectorless,244,32,40.0,,
r06_fsm_high_fanin,B - FSM fanin,vivado2023.1-xc7a100t,2023.1,retimed,off,8.0,VIOLATED,,,,,,,,,,,,,,,,,,,,,,100.0,,,,,vectorless,244,78,86.0,,
r06_fsm_high_fanin,B - FSM fanin,vivado2023.1-xc7a100t,2023.1,retimed,off,9.6,MET,,,,,,,,,,,,,,,,,,,,,,99.0,,,,,vectorless,235,83,94.0,,
r06_fsm_high_fanin,B - FSM fanin,vivado2023.1-xc7a100t,2023.1,retimed,off,12.0,MET,,,,,,,,,,,,,,,,,,,,,,97.0,,,,,vectorless,235,28,36.0,,
r06_fsm_high_fanin,B - FSM fanin,yosys,0.58,directive,on,0.814,VIOLATED,,,,,,1161,2466.618,,,,,,,,,,,,,,,13.799999999999999,7.029999999999999,,,,vectorless,,2.0,3.0,5d557b781c6f,uncommitted
r06_fsm_high_fanin,B - FSM fanin,yosys,0.58,directive,on,0.994,VIOLATED,,,,,,1161,2466.618,,,,,,,,,,,,,,,11.299999999999999,5.760000000000001,,,,vectorless,,2.0,3.0,5d557b781c6f,uncommitted
r06_fsm_high_fanin,B - FSM fanin,yosys,0.58,directive,on,1.222,MET,,,,,,1161,2466.618,,,,,,,,,,,,,,,9.24,4.6899999999999995,,,,vectorless,,2.0,3.0,5d557b781c6f,uncommitted
r06_fsm_high_fanin,B - FSM fanin,yosys,0.58,directive,on,1.487,MET,,,,,,1161,2466.618,,,,,,,,,,,,,,,7.609999999999999,3.85,,,,vectorless,,2.0,3.0,5d557b781c6f,uncommitted
r06_fsm_high_fanin,B - FSM fanin,yosys,0.58,directive,on,1.799,MET,,,,,,1161,2466.618,,,,,,,,,,,,,,,6.31,3.18,,,,vectorless,,2.0,3.0,5d557b781c6f,uncommitted
r06_fsm_high_fanin,B - FSM fanin,yosys,0.58,directive,on,2.169,MET,,,,,,1161,2466.618,,,,,,,,,,,,,,,5.26,2.64,,,,vectorless,,2.0,3.0,5d557b781c6f,uncommitted
r06_fsm_high_fanin,B - FSM fanin,yosys,0.58,orig,off,0.814,VIOLATED,,,,,,1091,1446.508,,,,,,,,,,,,,,,22.8,10.0,,,,vectorless,,1.0,2.0,5d557b781c6f,uncommitted
r06_fsm_high_fanin,B - FSM fanin,yosys,0.58,orig,off,0.994,VIOLATED,,,,,,1091,1446.508,,,,,,,,,,,,,,,20.2,8.88,,,,vectorless,,1.0,2.0,5d557b781c6f,uncommitted
r06_fsm_high_fanin,B - FSM fanin,yosys,0.58,orig,off,1.222,VIOLATED,,,,,,1091,1446.508,,,,,,,,,,,,,,,17.5,7.6899999999999995,,,,vectorless,,1.0,2.0,5d557b781c6f,uncommitted
r06_fsm_high_fanin,B - FSM fanin,yosys,0.58,orig,off,1.487,VIOLATED,,,,,,1091,1446.508,,,,,,,,,,,,,,,15.0,6.590000000000001,,,,vectorless,,2.0,3.0,5d557b781c6f,uncommitted
r06_fsm_high_fanin,B - FSM fanin,yosys,0.58,orig,off,1.799,MET,,,,,,1091,1446.508,,,,,,,,,,,,,,,12.8,5.62,,,,vectorless,,2.0,3.0,5d557b781c6f,uncommitted
r06_fsm_high_fanin,B - FSM fanin,yosys,0.58,orig,off,2.169,MET,,,,,,1091,1446.508,,,,,,,,,,,,,,,10.9,4.78,,,,vectorless,,2.0,2.0,5d557b781c6f,uncommitted
r06_fsm_high_fanin,B - FSM fanin,yosys,0.58,orig,on,0.814,VIOLATED,,,,,,1161,2466.618,,,,,,,,,,,,,,,13.799999999999999,7.029999999999999,,,,vectorless,,2.0,3.0,5d557b781c6f,uncommitted
r06_fsm_high_fanin,B - FSM fanin,yosys,0.58,orig,on,0.994,VIOLATED,,,,,,1161,2466.618,,,,,,,,,,,,,,,11.299999999999999,5.760000000000001,,,,vectorless,,2.0,3.0,5d557b781c6f,uncommitted
r06_fsm_high_fanin,B - FSM fanin,yosys,0.58,orig,on,1.222,MET,,,,,,1161,2466.618,,,,,,,,,,,,,,,9.24,4.6899999999999995,,,,vectorless,,2.0,3.0,5d557b781c6f,uncommitted
r06_fsm_high_fanin,B - FSM fanin,yosys,0.58,orig,on,1.487,MET,,,,,,1161,2466.618,,,,,,,,,,,,,,,7.609999999999999,3.85,,,,vectorless,,2.0,3.0,5d557b781c6f,uncommitted
r06_fsm_high_fanin,B - FSM fanin,yosys,0.58,orig,on,1.799,MET,,,,,,1161,2466.618,,,,,,,,,,,,,,,6.31,3.18,,,,vectorless,,1.0,2.0,5d557b781c6f,uncommitted
r06_fsm_high_fanin,B - FSM fanin,yosys,0.58,orig,on,2.169,MET,,,,,,1161,2466.618,,,,,,,,,,,,,,,5.26,2.64,,,,vectorless,,2.0,2.0,5d557b781c6f,uncommitted
r06_fsm_high_fanin,B - FSM fanin,yosys,0.58,retimed,off,0.814,VIOLATED,,,,,,1027,1071.98,,,,,,,,,,,,,,,25.2,11.2,,,,vectorless,,1.0,2.0,5d557b781c6f,uncommitted
r06_fsm_high_fanin,B - FSM fanin,yosys,0.58,retimed,off,0.994,VIOLATED,,,,,,1027,1071.98,,,,,,,,,,,,,,,22.5,9.950000000000001,,,,vectorless,,1.0,2.0,5d557b781c6f,uncommitted
r06_fsm_high_fanin,B - FSM fanin,yosys,0.58,retimed,off,1.222,VIOLATED,,,,,,1027,1071.98,,,,,,,,,,,,,,,20.0,8.83,,,,vectorless,,2.0,2.0,5d557b781c6f,uncommitted
r06_fsm_high_fanin,B - FSM fanin,yosys,0.58,retimed,off,1.487,VIOLATED,,,,,,1027,1071.98,,,,,,,,,,,,,,,17.6,7.79,,,,vectorless,,1.0,2.0,5d557b781c6f,uncommitted
r06_fsm_high_fanin,B - FSM fanin,yosys,0.58,retimed,off,1.799,MET,,,,,,1027,1071.98,,,,,,,,,,,,,,,15.5,6.8100000000000005,,,,vectorless,,1.0,2.0,5d557b781c6f,uncommitted
r06_fsm_high_fanin,B - FSM fanin,yosys,0.58,retimed,off,2.169,MET,,,,,,1027,1071.98,,,,,,,,,,,,,,,13.5,5.92,,,,vectorless,,1.0,2.0,5d557b781c6f,uncommitted
r08_fsm_output_decode,B - FSM output decode,genus,23.12-s086_1,directive,off,0.2415,VIOLATED,,,,,,705,1752.2165165000001,,,,,,,,,,,,,,,8.78106,4.11745,1.89651,6.66209,0.22246000000000002,probabilistic,,51,60.0,d708f0576931,bdf1989
r08_fsm_output_decode,B - FSM output decode,genus,23.12-s086_1,directive,off,0.245,VIOLATED,,,,98,74,772,2037.7584889999998,,,,,,,,,,,,,,,8.235050000000001,3.18329,3.2674499999999997,4.53151,0.436094,probabilistic,,53,68.0,d708f0576931,4f7c7a48
r08_fsm_output_decode,B - FSM output decode,genus,23.12-s086_1,directive,off,0.2673,VIOLATED,,,,101,74,764,2065.76167625,,,,,,,,,,,,,,,7.67576,3.02266,3.09384,4.16998,0.41193399999999997,probabilistic,,68,78.0,d708f0576931,4f7c7a48
r08_fsm_output_decode,B - FSM output decode,genus,23.12-s086_1,directive,off,0.345,VIOLATED,,,,,,641,1627.34553775,,,,,,,,,,,,,,,5.536359999999999,2.5394699999999997,1.32998,4.050660000000001,0.155722,probabilistic,,50,59.0,d708f0576931,bdf1989
r08_fsm_output_decode,B - FSM output decode,genus,23.12-s086_1,directive,off,0.4482,VIOLATED,,,,,,632,1586.4466337499998,,,,,,,,,,,,,,,4.4829099999999995,1.89229,1.34643,3.0069,0.12958499999999998,probabilistic,,37,48.0,9447ffbc0d68,uncommitted
r08_fsm_output_decode,B - FSM output decode,genus,23.12-s086_1,directive,off,0.4928,MET,,,,,,498,1335.9016177499998,,,,,,,,,,,,,,,3.28868,1.39517,0.9127109999999999,2.27382,0.102143,probabilistic,,22,30.0,d708f0576931,bdf1989
r08_fsm_output_decode,B - FSM output decode,genus,23.12-s086_1,directive,off,0.5346,MET,,,,85,74,395,1225.5546095,,,,,,,,,,,,,,,2.33149,0.705328,1.27793,0.879731,0.17382699999999998,probabilistic,,33,44.0,d708f0576931,4f7c7a48
r08_fsm_output_decode,B - FSM output decode,genus,23.12-s086_1,directive,off,0.7251,MET,,,,,,474,1265.6191285,,,,,,,,,,,,,,,2.2445,0.858476,0.824448,1.34045,0.0795987,probabilistic,,20,29.0,9447ffbc0d68,uncommitted
r08_fsm_output_decode,B - FSM output decode,genus,23.12-s086_1,directive,off,0.874,MET,,,,,,364,1000.49468925,,,,,,,,,,,,,,,1.38154,0.503387,0.548517,0.7790269999999999,0.0539931,probabilistic,,19,28.0,9447ffbc0d68,uncommitted
r08_fsm_output_decode,B - FSM output decode,genus,23.12-s086_1,orig,off,0.2415,VIOLATED,,,,,,734,1758.9803432499998,,,,,,,,,,,,,,,9.12067,4.387440000000001,1.4413099999999999,7.50801,0.171354,probabilistic,,63,71.0,d708f0576931,bdf1989
r08_fsm_output_decode,B - FSM output decode,genus,23.12-s086_1,orig,off,0.245,VIOLATED,,,,74,74,684,1843.3456314999999,,,,,,,,,,,,,,,8.27268,3.39032,2.55492,5.38686,0.33089799999999997,probabilistic,,63,77.0,d708f0576931,4f7c7a48
r08_fsm_output_decode,B - FSM output decode,genus,23.12-s086_1,orig,off,0.345,VIOLATED,,,,,,710,1756.7711530000001,,,,,,,,,,,,,,,6.288209999999999,2.99836,1.01271,5.15625,0.119246,probabilistic,,59,67.0,d708f0576931,bdf1989
r08_fsm_output_decode,B - FSM output decode,genus,23.12-s086_1,orig,off,0.4482,VIOLATED,,,,,,653,1613.7587130000002,,,,,,,,,,,,,,,4.45052,2.05305,0.885203,3.47029,0.095029,probabilistic,,63,71.0,9447ffbc0d68,uncommitted
r08_fsm_output_decode,B - FSM output decode,genus,23.12-s086_1,orig,off,0.4928,VIOLATED,,,,,,708,1761.9972309999998,,,,,,,,,,,,,,,4.57659,2.22595,0.7186319999999999,3.77276,0.08520090000000001,probabilistic,,68,78.0,d708f0576931,bdf1989
r08_fsm_output_decode,B - FSM output decode,genus,23.12-s086_1,orig,off,0.5346,VIOLATED,,,,74,74,747,1967.0024285,,,,,,,,,,,,,,,3.98923,1.6347200000000002,1.2069999999999999,2.63149,0.15074099999999999,probabilistic,,77,88.0,d708f0576931,4f7c7a48
r08_fsm_output_decode,B - FSM output decode,genus,23.12-s086_1,orig,off,0.8745,MET,,,,,,538,1378.642739,,,,,,,,,,,,,,,2.03754,0.8989309999999999,0.434261,1.5554,0.047874200000000006,probabilistic,,21,29.0,9447ffbc0d68,uncommitted
r08_fsm_output_decode,B - FSM output decode,genus,23.12-s086_1,orig,on,0.2415,VIOLATED,,,,,,705,1752.2165165000001,,,,,,,,,,,,,,,8.78106,4.11745,1.89651,6.66209,0.22246000000000002,probabilistic,,52,60.0,d708f0576931,bdf1989
r08_fsm_output_decode,B - FSM output decode,genus,23.12-s086_1,orig,on,0.245,VIOLATED,,,,98,74,772,2037.7584889999998,,,,,,,,,,,,,,,8.235050000000001,3.18329,3.2674499999999997,4.53151,0.436094,probabilistic,,61,74.0,d708f0576931,4f7c7a48
r08_fsm_output_decode,B - FSM output decode,genus,23.12-s086_1,orig,on,0.2673,VIOLATED,,,,101,74,764,2065.76167625,,,,,,,,,,,,,,,7.67576,3.02266,3.09384,4.16998,0.41193399999999997,probabilistic,,75,88.0,d708f0576931,4f7c7a48
r08_fsm_output_decode,B - FSM output decode,genus,23.12-s086_1,orig,on,0.345,VIOLATED,,,,,,641,1627.34553775,,,,,,,,,,,,,,,5.536359999999999,2.5394699999999997,1.32998,4.050660000000001,0.155722,probabilistic,,50,60.0,d708f0576931,bdf1989
r08_fsm_output_decode,B - FSM output decode,genus,23.12-s086_1,orig,on,0.4482,VIOLATED,,,,,,632,1586.4466337499998,,,,,,,,,,,,,,,4.4829099999999995,1.89229,1.34643,3.0069,0.12958499999999998,probabilistic,,38,47.0,9447ffbc0d68,uncommitted
r08_fsm_output_decode,B - FSM output decode,genus,23.12-s086_1,orig,on,0.4928,MET,,,,,,498,1335.9016177499998,,,,,,,,,,,,,,,3.28868,1.39517,0.9127109999999999,2.27382,0.102143,probabilistic,,22,30.0,d708f0576931,bdf1989
r08_fsm_output_decode,B - FSM output decode,genus,23.12-s086_1,orig,on,0.5346,MET,,,,85,74,395,1225.5546095,,,,,,,,,,,,,,,2.33149,0.705328,1.27793,0.879731,0.17382699999999998,probabilistic,,25,38.0,d708f0576931,4f7c7a48
r08_fsm_output_decode,B - FSM output decode,genus,23.12-s086_1,orig,on,0.7251,MET,,,,,,474,1265.6191285,,,,,,,,,,,,,,,2.2445,0.858476,0.824448,1.34045,0.0795987,probabilistic,,20,30.0,9447ffbc0d68,uncommitted
r08_fsm_output_decode,B - FSM output decode,genus,23.12-s086_1,orig,on,0.874,MET,,,,,,364,1000.49468925,,,,,,,,,,,,,,,1.38154,0.503387,0.548517,0.7790269999999999,0.0539931,probabilistic,,18,28.0,9447ffbc0d68,uncommitted
r08_fsm_output_decode,B - FSM output decode,genus,23.12-s086_1,retimed,off,0.2415,VIOLATED,,,,,,637,1547.75905975,,,,,,,,,,,,,,,7.10335,3.3488900000000004,1.4656,5.4669,0.170853,probabilistic,,33,41.0,d708f0576931,bdf1989
r08_fsm_output_decode,B - FSM output decode,genus,23.12-s086_1,retimed,off,0.245,VIOLATED,,,,74,74,749,1965.07125825,,,,,,,,,,,,,,,8.06893,3.2973299999999997,2.5983199999999997,5.14267,0.32793500000000003,probabilistic,,78,92.0,d708f0576931,4f7c7a48
r08_fsm_output_decode,B - FSM output decode,genus,23.12-s086_1,retimed,off,0.2673,VIOLATED,,,,74,74,721,1865.80250475,,,,,,,,,,,,,,,6.97248,2.79615,2.30479,4.367120000000001,0.300576,probabilistic,,47,60.0,d708f0576931,4f7c7a48
r08_fsm_output_decode,B - FSM output decode,genus,23.12-s086_1,retimed,off,0.345,VIOLATED,,,,,,677,1675.3473359999998,,,,,,,,,,,,,,,5.230720000000001,2.47315,0.97055,4.14023,0.119948,probabilistic,,44,52.0,d708f0576931,bdf1989
r08_fsm_output_decode,B - FSM output decode,genus,23.12-s086_1,retimed,off,0.4482,VIOLATED,,,,,,523,1317.5378905,,,,,,,,,,,,,,,3.38487,1.48522,0.839111,2.45342,0.0923293,probabilistic,,35,43.0,9447ffbc0d68,uncommitted
r08_fsm_output_decode,B - FSM output decode,genus,23.12-s086_1,retimed,off,0.4928,VIOLATED,,,,,,574,1440.0781777500001,,,,,,,,,,,,,,,3.38408,1.58241,0.694481,2.60562,0.0839732,probabilistic,,37,47.0,d708f0576931,bdf1989
r08_fsm_output_decode,B - FSM output decode,genus,23.12-s086_1,retimed,off,0.5346,MET,,,,74,74,491,1354.2882845,,,,,,,,,,,,,,,2.46909,0.841978,1.13087,1.18748,0.15074099999999999,probabilistic,,12,25.0,d708f0576931,4f7c7a48
r08_fsm_output_decode,B - FSM output decode,genus,23.12-s086_1,retimed,off,0.8446,MET,,,,,,417,1090.88250775,,,,,,,,,,,,,,,1.4557699999999998,0.593548,0.421813,0.9849570000000001,0.048996000000000005,probabilistic,,10,18.0,9447ffbc0d68,uncommitted
r08_fsm_output_decode,B - FSM output decode,genus,23.12-s086_1,retimed,off,0.874,MET,,,,,,379,1020.9984975,,,,,,,,,,,,,,,1.26169,0.4931789999999999,0.407311,0.807032,0.0473478,probabilistic,,8,17.0,9447ffbc0d68,uncommitted
r08_fsm_output_decode,B - FSM output decode,innovus-nangate45,23.12-s091_1,directive,off,0.2415,,-0.099,-1.189,24.0,,,844,,4890.875,95.089,0,0.0,0.0,0.39,0.76,0.003,,,,,10,0,9.23275885,3.94997312,,,2.366,probabilistic,,102,122.0,,
r08_fsm_output_decode,B - FSM output decode,innovus-nangate45,23.12-s091_1,directive,off,0.245,,-0.113,-3.941,60.0,98,,892,,5767.7,86.72,0,0.0,0.0,0.62,0.479,0.003,,,,,10,0,8.45603893,3.53046141,,,1.376,probabilistic,,200,24.0,,
r08_fsm_output_decode,B - FSM output decode,innovus-nangate45,23.12-s091_1,directive,off,0.345,,-0.066,-0.645,17.0,,,758,,4452.1,95.426,0,0.0,0.0,0.7,0.571,0.004,,,,,10,0,5.30275788,2.40741849,,,0.7204,probabilistic,,100,119.0,,
r08_fsm_output_decode,B - FSM output decode,innovus-nangate45,23.12-s091_1,directive,off,0.4928,,0.002,0.0,0.0,,,582,,3248.72,84.508,0,0.0,0.0,0.99,0.399,0.004,,,,,10,0,2.46053206,1.03784376,,,0.0,probabilistic,,80,99.0,,
r08_fsm_output_decode,B - FSM output decode,innovus-nangate45,23.12-s091_1,directive,off,0.874,,,,,,,378,,2458.21,56.213,0,0.0,0.0,0.27,0.729,0.002,,,,,10,0,0.89560575,0.32737751,,,0.0,probabilistic,,74,99.0,,
r08_fsm_output_decode,B - FSM output decode,innovus-nangate45,23.12-s091_1,orig,off,0.2415,,-0.462,-7.283,17.0,,,844,,4948.33,96.635,0,0.0,0.0,0.73,0.82,0.006,,,,,10,0,14.72004245,7.61934072,,,0.9032,probabilistic,,132,152.0,,
r08_fsm_output_decode,B - FSM output decode,innovus-nangate45,23.12-s091_1,orig,off,0.245,,-0.452,-4.017,21.0,74,,939,,5722.64,97.901,0,0.0,0.0,0.37,0.803,0.003,,,,,10,0,15.37297144,7.28844064,,,2.249,probabilistic,,241,26.0,,
r08_fsm_output_decode,B - FSM output decode,innovus-nangate45,23.12-s091_1,orig,off,0.345,,0.009,0.0,0.0,,,926,,5340.87,98.352,0,0.0,0.0,0.27,0.744,0.002,,,,,10,0,10.74436289,5.1406819,,,2.14,probabilistic,,136,157.0,,
r08_fsm_output_decode,B - FSM output decode,innovus-nangate45,23.12-s091_1,orig,off,0.4928,,-0.201,-2.781,16.0,,,856,,5287.805,96.939,0,0.0,0.0,0.72,0.824,0.006,,,,,10,0,7.40287987,3.75729799,,,0.8236,probabilistic,,120,139.0,,
r08_fsm_output_decode,B - FSM output decode,innovus-nangate45,23.12-s091_1,orig,off,0.8745,,,,,,,631,,3608.04,68.923,0,0.0,0.0,0.41,0.721,0.003,,,,,10,0,2.62296876,1.32631469,,,0.0,probabilistic,,112,134.0,,
r08_fsm_output_decode,B - FSM output decode,innovus-nangate45,23.12-s091_1,orig,on,0.2415,,-0.099,-1.189,24.0,,,844,,4890.875,95.089,0,0.0,0.0,0.39,0.76,0.003,,,,,10,0,9.23275885,3.94997312,,,2.366,probabilistic,,101,120.0,,
r08_fsm_output_decode,B - FSM output decode,innovus-nangate45,23.12-s091_1,orig,on,0.245,,-0.113,-3.941,60.0,98,,892,,5767.7,86.72,0,0.0,0.0,0.62,0.479,0.003,,,,,10,0,8.45603893,3.53046141,,,1.376,probabilistic,,209,28.0,,
r08_fsm_output_decode,B - FSM output decode,innovus-nangate45,23.12-s091_1,orig,on,0.345,,-0.066,-0.645,17.0,,,758,,4452.1,95.426,0,0.0,0.0,0.7,0.571,0.004,,,,,10,0,5.30275788,2.40741849,,,0.7204,probabilistic,,100,118.0,,
r08_fsm_output_decode,B - FSM output decode,innovus-nangate45,23.12-s091_1,orig,on,0.4928,,0.002,0.0,0.0,,,582,,3248.72,84.508,0,0.0,0.0,0.99,0.399,0.004,,,,,10,0,2.46053206,1.03784376,,,0.0,probabilistic,,79,98.0,,
r08_fsm_output_decode,B - FSM output decode,innovus-nangate45,23.12-s091_1,orig,on,0.874,,,,,,,378,,2458.21,56.213,0,0.0,0.0,0.27,0.729,0.002,,,,,10,0,0.89560575,0.32737751,,,0.0,probabilistic,,69,89.0,,
r08_fsm_output_decode,B - FSM output decode,innovus-nangate45,23.12-s091_1,retimed,off,0.2415,,-0.144,-2.096,16.0,,,757,,4280.575,96.639,0,0.0,0.0,0.15,0.661,0.001,,,,,10,0,7.31621748,3.49007499,,,0.8287,probabilistic,,106,124.0,,
r08_fsm_output_decode,B - FSM output decode,innovus-nangate45,23.12-s091_1,retimed,off,0.245,,-0.209,-5.991,32.0,74,,813,,5094.505,84.792,0,0.0,0.0,1.45,0.407,0.006,,,,,10,0,7.40664708,3.1756253,,,0.0,probabilistic,,214,22.0,,
r08_fsm_output_decode,B - FSM output decode,innovus-nangate45,23.12-s091_1,retimed,off,0.345,,-0.037,-0.369,14.0,,,801,,4281.78,94.618,0,0.0,0.0,0.15,0.683,0.001,,,,,10,0,5.51989428,2.61919622,,,0.6224,probabilistic,,102,121.0,,
r08_fsm_output_decode,B - FSM output decode,innovus-nangate45,23.12-s091_1,retimed,off,0.4928,,0.009,0.0,0.0,,,637,,3554.83,89.497,0,0.0,0.0,1.2,0.41,0.005,,,,,10,0,2.73403475,1.26614745,,,0.0,probabilistic,,77,98.0,,
r08_fsm_output_decode,B - FSM output decode,innovus-nangate45,23.12-s091_1,retimed,off,0.874,,,,,,,397,,2078.02,55.655,0,0.0,0.0,0.42,0.47,0.002,,,,,10,0,0.8394235,0.31330289,,,0.0,probabilistic,,73,98.0,,
r08_fsm_output_decode,B - FSM output decode,openroad_syn,,directive,unsupported,0.766,VIOLATED,,,,,,280,,,,,,,,,,,,,,,,0.892949,0.23793299999999998,,,,vectorless,,0,1.0,d708f0576931,uncommitted
r08_fsm_output_decode,B - FSM output decode,openroad_syn,,directive,unsupported,0.936,VIOLATED,,,,,,280,,,,,,,,,,,,,,,,0.736632,0.194719,,,,vectorless,,0,1.0,d708f0576931,uncommitted
r08_fsm_output_decode,B - FSM output decode,openroad_syn,,directive,unsupported,1.149,VIOLATED,,,,,,280,,,,,,,,,,,,,,,,0.606608,0.158622,,,,vectorless,,1,1.0,d708f0576931,uncommitted
r08_fsm_output_decode,B - FSM output decode,openroad_syn,,directive,unsupported,1.399,VIOLATED,,,,,,280,,,,,,,,,,,,,,,,0.504505,0.130276,,,,vectorless,,1,1.0,d708f0576931,uncommitted
r08_fsm_output_decode,B - FSM output decode,openroad_syn,,directive,unsupported,1.693,VIOLATED,,,,,,280,,,,,,,,,,,,,,,,0.42346,0.107653,,,,vectorless,,0,1.0,d708f0576931,uncommitted
r08_fsm_output_decode,B - FSM output decode,openroad_syn,,directive,unsupported,2.04,VIOLATED,,,,,,280,,,,,,,,,,,,,,,,0.358401,0.0893414,,,,vectorless,,0,1.0,d708f0576931,uncommitted
r08_fsm_output_decode,B - FSM output decode,openroad_syn,,orig,unsupported,0.766,VIOLATED,,,,,,280,,,,,,,,,,,,,,,,0.892949,0.23793299999999998,,,,vectorless,,0,1.0,d708f0576931,uncommitted
r08_fsm_output_decode,B - FSM output decode,openroad_syn,,orig,unsupported,0.936,VIOLATED,,,,,,280,,,,,,,,,,,,,,,,0.736632,0.194719,,,,vectorless,,0,1.0,d708f0576931,uncommitted
r08_fsm_output_decode,B - FSM output decode,openroad_syn,,orig,unsupported,1.149,VIOLATED,,,,,,280,,,,,,,,,,,,,,,,0.606608,0.158622,,,,vectorless,,0,1.0,d708f0576931,uncommitted
r08_fsm_output_decode,B - FSM output decode,openroad_syn,,orig,unsupported,1.399,VIOLATED,,,,,,280,,,,,,,,,,,,,,,,0.504505,0.130276,,,,vectorless,,0,1.0,d708f0576931,uncommitted
r08_fsm_output_decode,B - FSM output decode,openroad_syn,,orig,unsupported,1.693,VIOLATED,,,,,,280,,,,,,,,,,,,,,,,0.42346,0.107653,,,,vectorless,,1,1.0,d708f0576931,uncommitted
r08_fsm_output_decode,B - FSM output decode,openroad_syn,,orig,unsupported,2.04,VIOLATED,,,,,,280,,,,,,,,,,,,,,,,0.358401,0.0893414,,,,vectorless,,0,2.0,d708f0576931,uncommitted
r08_fsm_output_decode,B - FSM output decode,openroad_syn,,retimed,unsupported,0.766,VIOLATED,,,,,,271,,,,,,,,,,,,,,,,0.6781670000000001,0.164451,,,,vectorless,,1,1.0,d708f0576931,uncommitted
r08_fsm_output_decode,B - FSM output decode,openroad_syn,,retimed,unsupported,0.936,VIOLATED,,,,,,271,,,,,,,,,,,,,,,,0.5603980000000001,0.134583,,,,vectorless,,0,1.0,d708f0576931,uncommitted
r08_fsm_output_decode,B - FSM output decode,openroad_syn,,retimed,unsupported,1.149,VIOLATED,,,,,,271,,,,,,,,,,,,,,,,0.46248300000000003,0.109634,,,,vectorless,,1,1.0,d708f0576931,uncommitted
r08_fsm_output_decode,B - FSM output decode,openroad_syn,,retimed,unsupported,1.399,MET,,,,,,271,,,,,,,,,,,,,,,,0.385594,0.0900426,,,,vectorless,,0,0.0,d708f0576931,uncommitted
r08_fsm_output_decode,B - FSM output decode,openroad_syn,,retimed,unsupported,1.693,MET,,,,,,271,,,,,,,,,,,,,,,,0.324602,0.0744062,,,,vectorless,,0,1.0,d708f0576931,uncommitted
r08_fsm_output_decode,B - FSM output decode,openroad_syn,,retimed,unsupported,2.04,MET,,,,,,271,,,,,,,,,,,,,,,,0.275685,0.0617499,,,,vectorless,,0,1.0,d708f0576931,uncommitted
r08_fsm_output_decode,B - FSM output decode,vivado-xc7a100t,2025.2,directive,on,4.0,VIOLATED,,,,,,,,,,,,,,,,,,,,,,157.0,,,,,vectorless,80,299,330.0,,
r08_fsm_output_decode,B - FSM output decode,vivado-xc7a100t,2025.2,orig,off,4.0,VIOLATED,,,,,,,,,,,,,,,,,,,,,,157.0,,,,,vectorless,80,299,327.0,,
r08_fsm_output_decode,B - FSM output decode,vivado-xc7a100t,2025.2,orig,on,4.0,VIOLATED,,,,,,,,,,,,,,,,,,,,,,157.0,,,,,vectorless,80,328,358.0,,
r08_fsm_output_decode,B - FSM output decode,vivado-xc7a100t,2025.2,retimed,off,4.0,VIOLATED,,,,,,,,,,,,,,,,,,,,,,157.0,,,,,vectorless,80,319,352.0,,
r08_fsm_output_decode,B - FSM output decode,vivado-xcau7p,2025.2,directive,on,4.0,VIOLATED,,,,,,,,,,,,,,,,,,,,,,171.0,,,,,vectorless,106,182,197.0,,
r08_fsm_output_decode,B - FSM output decode,vivado-xcau7p,2025.2,orig,off,4.0,VIOLATED,,,,,,,,,,,,,,,,,,,,,,171.0,,,,,vectorless,106,165,183.0,,
r08_fsm_output_decode,B - FSM output decode,vivado-xcau7p,2025.2,orig,on,4.0,VIOLATED,,,,,,,,,,,,,,,,,,,,,,171.0,,,,,vectorless,106,155,170.0,,
r08_fsm_output_decode,B - FSM output decode,vivado-xcau7p,2025.2,retimed,off,4.0,MET,,,,,,,,,,,,,,,,,,,,,,175.0,,,,,vectorless,98,219,234.0,,
r08_fsm_output_decode,B - FSM output decode,vivado2023.1-xc7a100t,2023.1,directive,on,5.2,VIOLATED,,,,,,,,,,,,,,,,,,,,,,125.0,,,,,vectorless,80,29,40.0,,
r08_fsm_output_decode,B - FSM output decode,vivado2023.1-xc7a100t,2023.1,directive,on,6.4,VIOLATED,,,,,,,,,,,,,,,,,,,,,,118.0,,,,,vectorless,80,29,41.0,,
r08_fsm_output_decode,B - FSM output decode,vivado2023.1-xc7a100t,2023.1,directive,on,8.0,VIOLATED,,,,,,,,,,,,,,,,,,,,,,113.0,,,,,vectorless,80,29,41.0,,
r08_fsm_output_decode,B - FSM output decode,vivado2023.1-xc7a100t,2023.1,directive,on,9.6,VIOLATED,,,,,,,,,,,,,,,,,,,,,,109.0,,,,,vectorless,80,29,41.0,,
r08_fsm_output_decode,B - FSM output decode,vivado2023.1-xc7a100t,2023.1,directive,on,12.0,MET,,,,,,,,,,,,,,,,,,,,,,106.0,,,,,vectorless,80,27,39.0,,
r08_fsm_output_decode,B - FSM output decode,vivado2023.1-xc7a100t,2023.1,orig,off,5.2,VIOLATED,,,,,,,,,,,,,,,,,,,,,,125.0,,,,,vectorless,80,29,37.0,,
r08_fsm_output_decode,B - FSM output decode,vivado2023.1-xc7a100t,2023.1,orig,off,6.4,VIOLATED,,,,,,,,,,,,,,,,,,,,,,118.0,,,,,vectorless,80,29,38.0,,
r08_fsm_output_decode,B - FSM output decode,vivado2023.1-xc7a100t,2023.1,orig,off,8.0,VIOLATED,,,,,,,,,,,,,,,,,,,,,,113.0,,,,,vectorless,80,29,39.0,,
r08_fsm_output_decode,B - FSM output decode,vivado2023.1-xc7a100t,2023.1,orig,off,9.6,VIOLATED,,,,,,,,,,,,,,,,,,,,,,109.0,,,,,vectorless,80,30,41.0,,
r08_fsm_output_decode,B - FSM output decode,vivado2023.1-xc7a100t,2023.1,orig,off,12.0,MET,,,,,,,,,,,,,,,,,,,,,,106.0,,,,,vectorless,80,29,41.0,,
r08_fsm_output_decode,B - FSM output decode,vivado2023.1-xc7a100t,2023.1,orig,on,5.2,VIOLATED,,,,,,,,,,,,,,,,,,,,,,125.0,,,,,vectorless,80,30,38.0,,
r08_fsm_output_decode,B - FSM output decode,vivado2023.1-xc7a100t,2023.1,orig,on,6.4,VIOLATED,,,,,,,,,,,,,,,,,,,,,,118.0,,,,,vectorless,80,30,39.0,,
r08_fsm_output_decode,B - FSM output decode,vivado2023.1-xc7a100t,2023.1,orig,on,8.0,VIOLATED,,,,,,,,,,,,,,,,,,,,,,113.0,,,,,vectorless,80,30,40.0,,
r08_fsm_output_decode,B - FSM output decode,vivado2023.1-xc7a100t,2023.1,orig,on,9.6,VIOLATED,,,,,,,,,,,,,,,,,,,,,,109.0,,,,,vectorless,80,30,38.0,,
r08_fsm_output_decode,B - FSM output decode,vivado2023.1-xc7a100t,2023.1,orig,on,12.0,MET,,,,,,,,,,,,,,,,,,,,,,106.0,,,,,vectorless,80,27,35.0,,
r08_fsm_output_decode,B - FSM output decode,vivado2023.1-xc7a100t,2023.1,retimed,off,5.2,VIOLATED,,,,,,,,,,,,,,,,,,,,,,125.0,,,,,vectorless,80,33,47.0,,
r08_fsm_output_decode,B - FSM output decode,vivado2023.1-xc7a100t,2023.1,retimed,off,6.4,VIOLATED,,,,,,,,,,,,,,,,,,,,,,119.0,,,,,vectorless,80,32,46.0,,
r08_fsm_output_decode,B - FSM output decode,vivado2023.1-xc7a100t,2023.1,retimed,off,8.0,MET,,,,,,,,,,,,,,,,,,,,,,113.0,,,,,vectorless,80,29,37.0,,
r08_fsm_output_decode,B - FSM output decode,vivado2023.1-xc7a100t,2023.1,retimed,off,9.6,MET,,,,,,,,,,,,,,,,,,,,,,109.0,,,,,vectorless,80,30,37.0,,
r08_fsm_output_decode,B - FSM output decode,vivado2023.1-xc7a100t,2023.1,retimed,off,12.0,MET,,,,,,,,,,,,,,,,,,,,,,106.0,,,,,vectorless,80,30,37.0,,
r08_fsm_output_decode,B - FSM output decode,yosys,0.58,directive,on,0.766,VIOLATED,,,,,,380,667.128,,,,,,,,,,,,,,,1.81,0.719,,,,vectorless,,1.0,2.0,d708f0576931,uncommitted
r08_fsm_output_decode,B - FSM output decode,yosys,0.58,directive,on,0.936,MET,,,,,,380,667.128,,,,,,,,,,,,,,,1.49,0.588,,,,vectorless,,1.0,2.0,d708f0576931,uncommitted
r08_fsm_output_decode,B - FSM output decode,yosys,0.58,directive,on,1.149,MET,,,,,,380,667.128,,,,,,,,,,,,,,,1.22,0.479,,,,vectorless,,1.0,2.0,d708f0576931,uncommitted
r08_fsm_output_decode,B - FSM output decode,yosys,0.58,directive,on,1.399,MET,,,,,,380,667.128,,,,,,,,,,,,,,,1.01,0.393,,,,vectorless,,1.0,1.0,d708f0576931,uncommitted
r08_fsm_output_decode,B - FSM output decode,yosys,0.58,directive,on,1.693,MET,,,,,,380,667.128,,,,,,,,,,,,,,,0.842,0.325,,,,vectorless,,1.0,1.0,d708f0576931,uncommitted
r08_fsm_output_decode,B - FSM output decode,yosys,0.58,directive,on,2.04,MET,,,,,,380,667.128,,,,,,,,,,,,,,,0.708,0.27,,,,vectorless,,0.0,1.0,d708f0576931,uncommitted
r08_fsm_output_decode,B - FSM output decode,yosys,0.58,orig,off,0.766,VIOLATED,,,,,,342,439.698,,,,,,,,,,,,,,,1.3,0.404,,,,vectorless,,1.0,1.0,d708f0576931,uncommitted
r08_fsm_output_decode,B - FSM output decode,yosys,0.58,orig,off,0.936,VIOLATED,,,,,,342,439.698,,,,,,,,,,,,,,,1.07,0.331,,,,vectorless,,1.0,2.0,d708f0576931,uncommitted
r08_fsm_output_decode,B - FSM output decode,yosys,0.58,orig,off,1.149,VIOLATED,,,,,,342,439.698,,,,,,,,,,,,,,,0.877,0.26899999999999996,,,,vectorless,,1.0,1.0,d708f0576931,uncommitted
r08_fsm_output_decode,B - FSM output decode,yosys,0.58,orig,off,1.399,VIOLATED,,,,,,342,439.698,,,,,,,,,,,,,,,0.727,0.221,,,,vectorless,,1.0,1.0,d708f0576931,uncommitted
r08_fsm_output_decode,B - FSM output decode,yosys,0.58,orig,off,1.693,MET,,,,,,342,439.698,,,,,,,,,,,,,,,0.608,0.183,,,,vectorless,,0.0,1.0,d708f0576931,uncommitted
r08_fsm_output_decode,B - FSM output decode,yosys,0.58,orig,off,2.04,MET,,,,,,342,439.698,,,,,,,,,,,,,,,0.5109999999999999,0.152,,,,vectorless,,1.0,2.0,d708f0576931,uncommitted
r08_fsm_output_decode,B - FSM output decode,yosys,0.58,orig,on,0.766,VIOLATED,,,,,,380,667.128,,,,,,,,,,,,,,,1.81,0.719,,,,vectorless,,1.0,1.0,d708f0576931,uncommitted
r08_fsm_output_decode,B - FSM output decode,yosys,0.58,orig,on,0.936,MET,,,,,,380,667.128,,,,,,,,,,,,,,,1.49,0.588,,,,vectorless,,1.0,2.0,d708f0576931,uncommitted
r08_fsm_output_decode,B - FSM output decode,yosys,0.58,orig,on,1.149,MET,,,,,,380,667.128,,,,,,,,,,,,,,,1.22,0.479,,,,vectorless,,1.0,1.0,d708f0576931,uncommitted
r08_fsm_output_decode,B - FSM output decode,yosys,0.58,orig,on,1.399,MET,,,,,,380,667.128,,,,,,,,,,,,,,,1.01,0.393,,,,vectorless,,1.0,1.0,d708f0576931,uncommitted
r08_fsm_output_decode,B - FSM output decode,yosys,0.58,orig,on,1.693,MET,,,,,,380,667.128,,,,,,,,,,,,,,,0.842,0.325,,,,vectorless,,1.0,1.0,d708f0576931,uncommitted
r08_fsm_output_decode,B - FSM output decode,yosys,0.58,orig,on,2.04,MET,,,,,,380,667.128,,,,,,,,,,,,,,,0.708,0.27,,,,vectorless,,0.0,1.0,d708f0576931,uncommitted
r08_fsm_output_decode,B - FSM output decode,yosys,0.58,retimed,off,0.766,VIOLATED,,,,,,343,438.634,,,,,,,,,,,,,,,0.898,0.243,,,,vectorless,,0.0,1.0,d708f0576931,uncommitted
r08_fsm_output_decode,B - FSM output decode,yosys,0.58,retimed,off,0.936,VIOLATED,,,,,,343,438.634,,,,,,,,,,,,,,,0.741,0.199,,,,vectorless,,1.0,1.0,d708f0576931,uncommitted
r08_fsm_output_decode,B - FSM output decode,yosys,0.58,retimed,off,1.149,MET,,,,,,343,438.634,,,,,,,,,,,,,,,0.609,0.162,,,,vectorless,,1.0,1.0,d708f0576931,uncommitted
r08_fsm_output_decode,B - FSM output decode,yosys,0.58,retimed,off,1.399,MET,,,,,,343,438.634,,,,,,,,,,,,,,,0.506,0.133,,,,vectorless,,1.0,1.0,d708f0576931,uncommitted
r08_fsm_output_decode,B - FSM output decode,yosys,0.58,retimed,off,1.693,MET,,,,,,343,438.634,,,,,,,,,,,,,,,0.425,0.11,,,,vectorless,,1.0,1.0,d708f0576931,uncommitted
r08_fsm_output_decode,B - FSM output decode,yosys,0.58,retimed,off,2.04,MET,,,,,,343,438.634,,,,,,,,,,,,,,,0.359,0.09119999999999999,,,,vectorless,,0.0,1.0,d708f0576931,uncommitted
r09_unbalanced_mult_pipe,C - classical unbalanced pipeline,genus,23.12-s086_1,directive,off,0.1533,VIOLATED,,,,535,192,3372,9154.77232725,,,,,,,,,,,,,,,62.0997,21.3662,30.138499999999997,28.1583,3.80286,probabilistic,,112,122.0,c0bc40e94e5d,4f7c7a48
r09_unbalanced_mult_pipe,C - classical unbalanced pipeline,genus,23.12-s086_1,directive,off,0.203,VIOLATED,,,,526,192,3144,8884.150515500001,,,,,,,,,,,,,,,46.7021,15.9482,22.8142,21.0625,2.82532,probabilistic,,99,114.0,c0bc40e94e5d,4f7c7a48
r09_unbalanced_mult_pipe,C - classical unbalanced pipeline,genus,23.12-s086_1,directive,off,0.2979,VIOLATED,,,,262,96,3311,8216.44858375,,,,,,,,,,,,,,,29.6539,12.3766,9.17114,19.5246,0.958171,probabilistic,,185,203.0,c0bc40e94e5d,33c3049
r09_unbalanced_mult_pipe,C - classical unbalanced pipeline,genus,23.12-s086_1,directive,off,0.3066,MET,,,,570,192,2543,7840.321444,,,,,,,,,,,,,,,28.694,8.76136,15.646299999999998,11.0184,2.0293,probabilistic,,72,83.0,c0bc40e94e5d,4f7c7a48
r09_unbalanced_mult_pipe,C - classical unbalanced pipeline,genus,23.12-s086_1,directive,off,0.3456,VIOLATED,,,,,,2934,7598.5304402500005,,,,,,,,,,,,,,,24.663999999999998,9.05536,9.798,13.8457,1.02024,probabilistic,,66,76.0,bb27cbe038b8,uncommitted
r09_unbalanced_mult_pipe,C - classical unbalanced pipeline,genus,23.12-s086_1,directive,off,0.4256,MET,,,,255,96,1694,5111.707578,,,,,,,,,,,,,,,13.8507,4.76551,5.96331,7.2343399999999995,0.653047,probabilistic,,52,68.0,c0bc40e94e5d,33c3049
r09_unbalanced_mult_pipe,C - classical unbalanced pipeline,genus,23.12-s086_1,directive,off,0.6132,MET,,,,435,192,1544,5532.86585425,,,,,,,,,,,,,,,9.84272,2.68956,5.8699900000000005,3.2,0.7727269999999999,probabilistic,,41,53.0,c0bc40e94e5d,4f7c7a48
r09_unbalanced_mult_pipe,C - classical unbalanced pipeline,genus,23.12-s086_1,directive,off,0.6262,MET,,,,,,1805,5394.151858499999,,,,,,,,,,,,,,,10.6699,3.52511,4.85603,5.29528,0.5186270000000001,probabilistic,,33,41.0,bb27cbe038b8,uncommitted
r09_unbalanced_mult_pipe,C - classical unbalanced pipeline,genus,23.12-s086_1,directive,off,1.002,MET,,,,,,1126,3707.7733317499997,,,,,,,,,,,,,,,4.16162,1.39374,1.66541,2.33102,0.165198,probabilistic,,29,37.0,bb27cbe038b8,uncommitted
r09_unbalanced_mult_pipe,C - classical unbalanced pipeline,genus,23.12-s086_1,orig,off,0.203,VIOLATED,,,,192,192,3776,9058.470218499999,,,,,,,,,,,,,,,36.7948,16.778399999999998,8.007290000000001,27.753400000000003,1.03416,probabilistic,,163,177.0,c0bc40e94e5d,4f7c7a48
r09_unbalanced_mult_pipe,C - classical unbalanced pipeline,genus,23.12-s086_1,orig,off,0.2979,VIOLATED,,,,96,96,3622,8353.056097249999,,,,,,,,,,,,,,,28.7435,14.347900000000001,3.50622,24.881500000000003,0.355811,probabilistic,,215,230.0,c0bc40e94e5d,33c3049
r09_unbalanced_mult_pipe,C - classical unbalanced pipeline,genus,23.12-s086_1,orig,off,0.3456,VIOLATED,,,,,,3526,8264.110737250001,,,,,,,,,,,,,,,25.005599999999998,12.3116,3.31098,21.387900000000002,0.306701,probabilistic,,142,150.0,bb27cbe038b8,uncommitted
r09_unbalanced_mult_pipe,C - classical unbalanced pipeline,genus,23.12-s086_1,orig,off,0.4256,VIOLATED,,,,96,96,3590,8372.325494749999,,,,,,,,,,,,,,,20.3676,10.206700000000001,2.3743000000000003,17.7454,0.24791400000000002,probabilistic,,206,222.0,c0bc40e94e5d,33c3049
r09_unbalanced_mult_pipe,C - classical unbalanced pipeline,genus,23.12-s086_1,orig,off,0.6132,VIOLATED,,,,192,192,3629,8781.63437725,,,,,,,,,,,,,,,12.436499999999999,5.6805900000000005,2.68115,9.412780000000001,0.342557,probabilistic,,140,152.0,c0bc40e94e5d,4f7c7a48
r09_unbalanced_mult_pipe,C - classical unbalanced pipeline,genus,23.12-s086_1,orig,off,1.0022,MET,,,,,,3132,7192.7810615,,,,,,,,,,,,,,,7.12609,3.41044,1.05458,5.96672,0.104797,probabilistic,,69,78.0,bb27cbe038b8,uncommitted
r09_unbalanced_mult_pipe,C - classical unbalanced pipeline,genus,23.12-s086_1,orig,on,0.1533,VIOLATED,,,,535,192,3372,9154.77232725,,,,,,,,,,,,,,,62.0997,21.3662,30.138499999999997,28.1583,3.80286,probabilistic,,104,116.0,c0bc40e94e5d,4f7c7a48
r09_unbalanced_mult_pipe,C - classical unbalanced pipeline,genus,23.12-s086_1,orig,on,0.203,VIOLATED,,,,526,192,3144,8884.150515500001,,,,,,,,,,,,,,,46.7021,15.9482,22.8142,21.0625,2.82532,probabilistic,,105,120.0,c0bc40e94e5d,4f7c7a48
r09_unbalanced_mult_pipe,C - classical unbalanced pipeline,genus,23.12-s086_1,orig,on,0.2979,VIOLATED,,,,262,96,3311,8216.44858375,,,,,,,,,,,,,,,29.6539,12.3766,9.17114,19.5246,0.958171,probabilistic,,174,197.0,c0bc40e94e5d,33c3049
r09_unbalanced_mult_pipe,C - classical unbalanced pipeline,genus,23.12-s086_1,orig,on,0.3066,MET,,,,570,192,2543,7840.321444,,,,,,,,,,,,,,,28.694,8.76136,15.646299999999998,11.0184,2.0293,probabilistic,,70,83.0,c0bc40e94e5d,4f7c7a48
r09_unbalanced_mult_pipe,C - classical unbalanced pipeline,genus,23.12-s086_1,orig,on,0.3456,VIOLATED,,,,,,2934,7598.5304402500005,,,,,,,,,,,,,,,24.663999999999998,9.05536,9.798,13.8457,1.02024,probabilistic,,66,74.0,bb27cbe038b8,uncommitted
r09_unbalanced_mult_pipe,C - classical unbalanced pipeline,genus,23.12-s086_1,orig,on,0.4256,MET,,,,255,96,1694,5111.707578,,,,,,,,,,,,,,,13.8507,4.76551,5.96331,7.2343399999999995,0.653047,probabilistic,,54,68.0,c0bc40e94e5d,33c3049
r09_unbalanced_mult_pipe,C - classical unbalanced pipeline,genus,23.12-s086_1,orig,on,0.6132,MET,,,,435,192,1544,5532.86585425,,,,,,,,,,,,,,,9.84272,2.68956,5.8699900000000005,3.2,0.7727269999999999,probabilistic,,42,54.0,c0bc40e94e5d,4f7c7a48
r09_unbalanced_mult_pipe,C - classical unbalanced pipeline,genus,23.12-s086_1,orig,on,0.6262,MET,,,,,,1805,5394.151858499999,,,,,,,,,,,,,,,10.6699,3.52511,4.85603,5.29528,0.5186270000000001,probabilistic,,33,42.0,bb27cbe038b8,uncommitted
r09_unbalanced_mult_pipe,C - classical unbalanced pipeline,genus,23.12-s086_1,orig,on,1.002,MET,,,,,,1126,3707.7733317499997,,,,,,,,,,,,,,,4.16162,1.39374,1.66541,2.33102,0.165198,probabilistic,,29,38.0,bb27cbe038b8,uncommitted
r09_unbalanced_mult_pipe,C - classical unbalanced pipeline,genus,23.12-s086_1,retimed,off,0.203,VIOLATED,,,,208,208,4277,10073.843626,,,,,,,,,,,,,,,22.177100000000003,8.74528,8.291939999999999,12.767000000000001,1.11821,probabilistic,,201,216.0,c0bc40e94e5d,4f7c7a48
r09_unbalanced_mult_pipe,C - classical unbalanced pipeline,genus,23.12-s086_1,retimed,off,0.2979,VIOLATED,,,,112,112,4033,9404.46931175,,,,,,,,,,,,,,,29.7965,14.5671,3.9784699999999997,25.4037,0.4143,probabilistic,,223,239.0,c0bc40e94e5d,33c3049
r09_unbalanced_mult_pipe,C - classical unbalanced pipeline,genus,23.12-s086_1,retimed,off,0.3066,VIOLATED,,,,208,208,4201,10028.9724235,,,,,,,,,,,,,,,14.5304,5.73705,5.33019,8.45431,0.74589,probabilistic,,211,223.0,c0bc40e94e5d,4f7c7a48
r09_unbalanced_mult_pipe,C - classical unbalanced pipeline,genus,23.12-s086_1,retimed,off,0.3456,VIOLATED,,,,,,3858,8963.6769045,,,,,,,,,,,,,,,24.558400000000002,11.7178,3.9589600000000003,20.240299999999998,0.35921899999999996,probabilistic,,108,116.0,bb27cbe038b8,uncommitted
r09_unbalanced_mult_pipe,C - classical unbalanced pipeline,genus,23.12-s086_1,retimed,off,0.4256,VIOLATED,,,,112,112,3991,9173.1499895,,,,,,,,,,,,,,,20.3814,9.989559999999999,2.69526,17.3953,0.290844,probabilistic,,168,184.0,c0bc40e94e5d,33c3049
r09_unbalanced_mult_pipe,C - classical unbalanced pipeline,genus,23.12-s086_1,retimed,off,0.6132,MET,,,,208,208,3774,9004.250436999999,,,,,,,,,,,,,,,6.85417,2.59217,2.66445,3.82033,0.36939299999999997,probabilistic,,76,88.0,c0bc40e94e5d,4f7c7a48
r09_unbalanced_mult_pipe,C - classical unbalanced pipeline,genus,23.12-s086_1,retimed,off,0.9085,MET,,,,,,3422,7883.9842205,,,,,,,,,,,,,,,7.916110000000001,3.65233,1.36318,6.41787,0.135051,probabilistic,,58,67.0,bb27cbe038b8,uncommitted
r09_unbalanced_mult_pipe,C - classical unbalanced pipeline,genus,23.12-s086_1,retimed,off,1.002,MET,,,,,,2082,5368.81982575,,,,,,,,,,,,,,,5.29589,2.1190800000000003,1.2147,3.9592300000000002,0.121966,probabilistic,,14,22.0,bb27cbe038b8,uncommitted
r09_unbalanced_mult_pipe,C - classical unbalanced pipeline,innovus-nangate45,23.12-s091_1,directive,off,0.203,,-0.109,-14.36,264.0,526,,3878,,31200.775,85.759,0,0.0,0.0,8.51,0.215,0.02,,,,,10,0,45.82728534,18.301923,,,7.195,probabilistic,,368,21.0,,
r09_unbalanced_mult_pipe,C - classical unbalanced pipeline,innovus-nangate45,23.12-s091_1,directive,off,0.2979,,-0.038,-0.621,42.0,262,,3612,,25203.785,84.31,0,0.0,0.0,4.39,0.218,0.01,,,,,10,0,26.91486504,12.13015541,,,2.739,probabilistic,,313,346.0,,
r09_unbalanced_mult_pipe,C - classical unbalanced pipeline,innovus-nangate45,23.12-s091_1,directive,off,0.4256,,0.003,0.0,0.0,255,,2346,,18178.89,80.036,0,0.0,0.0,3.42,0.282,0.01,,,,,10,0,12.027538,4.95191987,,,1.319,probabilistic,,151,179.0,,
r09_unbalanced_mult_pipe,C - classical unbalanced pipeline,innovus-nangate45,23.12-s091_1,orig,off,0.203,,-0.494,-16.928,64.0,192,,4348,,30663.9,94.084,0,0.0,0.0,1.61,0.792,0.013,,,,,10,0,64.87239672,33.30370015,,,3.383,probabilistic,,479,19.0,,
r09_unbalanced_mult_pipe,C - classical unbalanced pipeline,innovus-nangate45,23.12-s091_1,orig,off,0.2979,,-0.083,-1.768,28.0,96,,3838,,25530.295,93.281,0,0.0,0.0,1.23,0.562,0.007,,,,,10,0,37.57636458,19.470067,,,0.0,probabilistic,,320,348.0,,
r09_unbalanced_mult_pipe,C - classical unbalanced pipeline,innovus-nangate45,23.12-s091_1,orig,off,0.4256,,0.007,0.0,0.0,96,,3711,,25682.99,91.414,0,0.0,0.0,2.22,0.572,0.013,,,,,10,0,25.68665778,13.32193497,,,0.0,probabilistic,,217,248.0,,
r09_unbalanced_mult_pipe,C - classical unbalanced pipeline,innovus-nangate45,23.12-s091_1,orig,on,0.203,,-0.109,-14.36,264.0,526,,3878,,31200.775,85.759,0,0.0,0.0,8.51,0.215,0.02,,,,,10,0,45.82728534,18.301923,,,7.195,probabilistic,,371,22.0,,
r09_unbalanced_mult_pipe,C - classical unbalanced pipeline,innovus-nangate45,23.12-s091_1,orig,on,0.2979,,-0.038,-0.621,42.0,262,,3612,,25203.785,84.31,0,0.0,0.0,4.39,0.218,0.01,,,,,10,0,26.91486504,12.13015541,,,2.739,probabilistic,,312,345.0,,
r09_unbalanced_mult_pipe,C - classical unbalanced pipeline,innovus-nangate45,23.12-s091_1,orig,on,0.4256,,0.003,0.0,0.0,255,,2346,,18178.89,80.036,0,0.0,0.0,3.42,0.282,0.01,,,,,10,0,12.027538,4.95191987,,,1.319,probabilistic,,145,176.0,,
r09_unbalanced_mult_pipe,C - classical unbalanced pipeline,innovus-nangate45,23.12-s091_1,retimed,off,0.203,,-0.409,-21.069,80.0,208,,4860,,32343.76,94.041,0,0.0,0.0,1.51,0.719,0.011,,,,,10,0,59.77884108,30.46214486,,,3.15,probabilistic,,521,21.0,,
r09_unbalanced_mult_pipe,C - classical unbalanced pipeline,innovus-nangate45,23.12-s091_1,retimed,off,0.2979,,-0.084,-1.61,28.0,112,,4411,,26291.37,91.863,0,0.0,0.0,1.49,0.464,0.007,,,,,10,0,35.60411838,18.12506301,,,1.55,probabilistic,,380,418.0,,
r09_unbalanced_mult_pipe,C - classical unbalanced pipeline,innovus-nangate45,23.12-s091_1,retimed,off,0.4256,,0.0,0.0,0.0,112,,4292,,24947.785,92.813,0,0.0,0.0,1.47,0.47,0.007,,,,,10,0,24.83692323,12.78478712,,,0.6142,probabilistic,,266,292.0,,
r09_unbalanced_mult_pipe,C - classical unbalanced pipeline,openroad_syn,,directive,unsupported,0.879,VIOLATED,,,,,,1688,,,,,,,,,,,,,,,,7.36643,2.90939,,,,vectorless,,1,1.0,c0bc40e94e5d,uncommitted
r09_unbalanced_mult_pipe,C - classical unbalanced pipeline,openroad_syn,,directive,unsupported,1.073,VIOLATED,,,,,,1688,,,,,,,,,,,,,,,,6.0564599999999995,2.38337,,,,vectorless,,1,2.0,c0bc40e94e5d,uncommitted
r09_unbalanced_mult_pipe,C - classical unbalanced pipeline,openroad_syn,,directive,unsupported,1.318,VIOLATED,,,,,,1688,,,,,,,,,,,,,,,,4.95314,1.94033,,,,vectorless,,2,2.0,c0bc40e94e5d,uncommitted
r09_unbalanced_mult_pipe,C - classical unbalanced pipeline,openroad_syn,,directive,unsupported,1.605,VIOLATED,,,,,,1688,,,,,,,,,,,,,,,,4.08957,1.59337,,,,vectorless,,2,2.0,c0bc40e94e5d,uncommitted
r09_unbalanced_mult_pipe,C - classical unbalanced pipeline,openroad_syn,,directive,unsupported,1.942,VIOLATED,,,,,,1688,,,,,,,,,,,,,,,,3.40392,1.31686,,,,vectorless,,1,2.0,c0bc40e94e5d,uncommitted
r09_unbalanced_mult_pipe,C - classical unbalanced pipeline,openroad_syn,,directive,unsupported,2.34,MET,,,,,,1688,,,,,,,,,,,,,,,,2.84849,1.09289,,,,vectorless,,2,2.0,c0bc40e94e5d,uncommitted
r09_unbalanced_mult_pipe,C - classical unbalanced pipeline,openroad_syn,,orig,unsupported,0.879,VIOLATED,,,,,,1688,,,,,,,,,,,,,,,,7.36643,2.90939,,,,vectorless,,1,2.0,c0bc40e94e5d,uncommitted
r09_unbalanced_mult_pipe,C - classical unbalanced pipeline,openroad_syn,,orig,unsupported,1.073,VIOLATED,,,,,,1688,,,,,,,,,,,,,,,,6.0564599999999995,2.38337,,,,vectorless,,2,2.0,c0bc40e94e5d,uncommitted
r09_unbalanced_mult_pipe,C - classical unbalanced pipeline,openroad_syn,,orig,unsupported,1.318,VIOLATED,,,,,,1688,,,,,,,,,,,,,,,,4.95314,1.94033,,,,vectorless,,1,2.0,c0bc40e94e5d,uncommitted
r09_unbalanced_mult_pipe,C - classical unbalanced pipeline,openroad_syn,,orig,unsupported,1.605,VIOLATED,,,,,,1688,,,,,,,,,,,,,,,,4.08957,1.59337,,,,vectorless,,1,2.0,c0bc40e94e5d,uncommitted
r09_unbalanced_mult_pipe,C - classical unbalanced pipeline,openroad_syn,,orig,unsupported,1.942,VIOLATED,,,,,,1688,,,,,,,,,,,,,,,,3.40392,1.31686,,,,vectorless,,1,2.0,c0bc40e94e5d,uncommitted
r09_unbalanced_mult_pipe,C - classical unbalanced pipeline,openroad_syn,,orig,unsupported,2.34,MET,,,,,,1688,,,,,,,,,,,,,,,,2.84849,1.09289,,,,vectorless,,1,2.0,c0bc40e94e5d,uncommitted
r09_unbalanced_mult_pipe,C - classical unbalanced pipeline,openroad_syn,,retimed,unsupported,0.879,VIOLATED,,,,,,1729,,,,,,,,,,,,,,,,5.58959,2.04544,,,,vectorless,,1,2.0,c0bc40e94e5d,uncommitted
r09_unbalanced_mult_pipe,C - classical unbalanced pipeline,openroad_syn,,retimed,unsupported,1.073,VIOLATED,,,,,,1729,,,,,,,,,,,,,,,,4.6037099999999995,1.67563,,,,vectorless,,1,3.0,c0bc40e94e5d,uncommitted
r09_unbalanced_mult_pipe,C - classical unbalanced pipeline,openroad_syn,,retimed,unsupported,1.318,VIOLATED,,,,,,1729,,,,,,,,,,,,,,,,3.77334,1.36414,,,,vectorless,,1,2.0,c0bc40e94e5d,uncommitted
r09_unbalanced_mult_pipe,C - classical unbalanced pipeline,openroad_syn,,retimed,unsupported,1.605,VIOLATED,,,,,,1729,,,,,,,,,,,,,,,,3.1236200000000003,1.12022,,,,vectorless,,2,2.0,c0bc40e94e5d,uncommitted
r09_unbalanced_mult_pipe,C - classical unbalanced pipeline,openroad_syn,,retimed,unsupported,1.942,MET,,,,,,1729,,,,,,,,,,,,,,,,2.60888,0.925818,,,,vectorless,,1,2.0,c0bc40e94e5d,uncommitted
r09_unbalanced_mult_pipe,C - classical unbalanced pipeline,openroad_syn,,retimed,unsupported,2.34,MET,,,,,,1729,,,,,,,,,,,,,,,,2.19192,0.76835,,,,vectorless,,1,2.0,c0bc40e94e5d,uncommitted
r09_unbalanced_mult_pipe,C - classical unbalanced pipeline,vivado-xc7a100t,2025.2,directive,on,4.0,VIOLATED,,,,,,,,,,,,,,,,,,,,,,242.0,,,,,vectorless,17,290,321.0,,
r09_unbalanced_mult_pipe,C - classical unbalanced pipeline,vivado-xc7a100t,2025.2,orig,off,4.0,VIOLATED,,,,,,,,,,,,,,,,,,,,,,242.0,,,,,vectorless,17,301,333.0,,
r09_unbalanced_mult_pipe,C - classical unbalanced pipeline,vivado-xc7a100t,2025.2,orig,on,4.0,VIOLATED,,,,,,,,,,,,,,,,,,,,,,242.0,,,,,vectorless,17,272,304.0,,
r09_unbalanced_mult_pipe,C - classical unbalanced pipeline,vivado-xc7a100t,2025.2,retimed,off,4.0,VIOLATED,,,,,,,,,,,,,,,,,,,,,,231.0,,,,,vectorless,17,300,334.0,,
r09_unbalanced_mult_pipe,C - classical unbalanced pipeline,vivado-xcau7p,2025.2,directive,on,4.0,MET,,,,,,,,,,,,,,,,,,,,,,282.0,,,,,vectorless,16,174,190.0,,
r09_unbalanced_mult_pipe,C - classical unbalanced pipeline,vivado-xcau7p,2025.2,orig,off,4.0,MET,,,,,,,,,,,,,,,,,,,,,,282.0,,,,,vectorless,16,167,182.0,,
r09_unbalanced_mult_pipe,C - classical unbalanced pipeline,vivado-xcau7p,2025.2,orig,on,4.0,MET,,,,,,,,,,,,,,,,,,,,,,282.0,,,,,vectorless,16,167,184.0,,
r09_unbalanced_mult_pipe,C - classical unbalanced pipeline,vivado-xcau7p,2025.2,retimed,off,4.0,MET,,,,,,,,,,,,,,,,,,,,,,262.0,,,,,vectorless,16,161,179.0,,
r09_unbalanced_mult_pipe,C - classical unbalanced pipeline,vivado2023.1-xc7a100t,2023.1,directive,on,5.2,VIOLATED,,,,,,,,,,,,,,,,,,,,,,155.0,,,,,vectorless,17,32,43.0,,
r09_unbalanced_mult_pipe,C - classical unbalanced pipeline,vivado2023.1-xc7a100t,2023.1,directive,on,6.4,VIOLATED,,,,,,,,,,,,,,,,,,,,,,143.0,,,,,vectorless,17,28,37.0,,
r09_unbalanced_mult_pipe,C - classical unbalanced pipeline,vivado2023.1-xc7a100t,2023.1,directive,on,8.0,MET,,,,,,,,,,,,,,,,,,,,,,133.0,,,,,vectorless,17,29,47.0,,
r09_unbalanced_mult_pipe,C - classical unbalanced pipeline,vivado2023.1-xc7a100t,2023.1,directive,on,9.6,MET,,,,,,,,,,,,,,,,,,,,,,126.0,,,,,vectorless,17,29,43.0,,
r09_unbalanced_mult_pipe,C - classical unbalanced pipeline,vivado2023.1-xc7a100t,2023.1,directive,on,12.0,MET,,,,,,,,,,,,,,,,,,,,,,118.0,,,,,vectorless,17,28,43.0,,
r09_unbalanced_mult_pipe,C - classical unbalanced pipeline,vivado2023.1-xc7a100t,2023.1,orig,off,9.6,MET,,,,,,,,,,,,,,,,,,,,,,126.0,,,,,vectorless,17,31,43.0,,
r09_unbalanced_mult_pipe,C - classical unbalanced pipeline,vivado2023.1-xc7a100t,2023.1,orig,off,12.0,MET,,,,,,,,,,,,,,,,,,,,,,118.0,,,,,vectorless,17,30,44.0,,
r09_unbalanced_mult_pipe,C - classical unbalanced pipeline,vivado2023.1-xc7a100t,2023.1,orig,on,5.2,VIOLATED,,,,,,,,,,,,,,,,,,,,,,155.0,,,,,vectorless,17,28,67.0,,
r09_unbalanced_mult_pipe,C - classical unbalanced pipeline,vivado2023.1-xc7a100t,2023.1,orig,on,6.4,VIOLATED,,,,,,,,,,,,,,,,,,,,,,143.0,,,,,vectorless,17,43,89.0,,
r09_unbalanced_mult_pipe,C - classical unbalanced pipeline,vivado2023.1-xc7a100t,2023.1,orig,on,8.0,MET,,,,,,,,,,,,,,,,,,,,,,133.0,,,,,vectorless,17,43,92.0,,
r09_unbalanced_mult_pipe,C - classical unbalanced pipeline,vivado2023.1-xc7a100t,2023.1,orig,on,9.6,MET,,,,,,,,,,,,,,,,,,,,,,126.0,,,,,vectorless,17,43,90.0,,
r09_unbalanced_mult_pipe,C - classical unbalanced pipeline,vivado2023.1-xc7a100t,2023.1,retimed,off,5.2,VIOLATED,,,,,,,,,,,,,,,,,,,,,,158.0,,,,,vectorless,17,29,42.0,,
r09_unbalanced_mult_pipe,C - classical unbalanced pipeline,vivado2023.1-xc7a100t,2023.1,retimed,off,6.4,VIOLATED,,,,,,,,,,,,,,,,,,,,,,145.0,,,,,vectorless,17,30,42.0,,
r09_unbalanced_mult_pipe,C - classical unbalanced pipeline,vivado2023.1-xc7a100t,2023.1,retimed,off,8.0,VIOLATED,,,,,,,,,,,,,,,,,,,,,,134.0,,,,,vectorless,17,33,47.0,,
r09_unbalanced_mult_pipe,C - classical unbalanced pipeline,vivado2023.1-xc7a100t,2023.1,retimed,off,9.6,MET,,,,,,,,,,,,,,,,,,,,,,127.0,,,,,vectorless,17,31,43.0,,
r09_unbalanced_mult_pipe,C - classical unbalanced pipeline,vivado2023.1-xc7a100t,2023.1,retimed,off,12.0,MET,,,,,,,,,,,,,,,,,,,,,,120.0,,,,,vectorless,17,31,42.0,,
r09_unbalanced_mult_pipe,C - classical unbalanced pipeline,yosys,0.58,directive,on,0.879,VIOLATED,,,,,,2007,3652.978,,,,,,,,,,,,,,,9.719999999999999,4.460000000000001,,,,vectorless,,2.0,3.0,c0bc40e94e5d,uncommitted
r09_unbalanced_mult_pipe,C - classical unbalanced pipeline,yosys,0.58,directive,on,1.073,MET,,,,,,2007,3652.978,,,,,,,,,,,,,,,7.99,3.65,,,,vectorless,,1.0,2.0,c0bc40e94e5d,uncommitted
r09_unbalanced_mult_pipe,C - classical unbalanced pipeline,yosys,0.58,directive,on,1.318,MET,,,,,,2007,3652.978,,,,,,,,,,,,,,,6.54,2.97,,,,vectorless,,2.0,3.0,c0bc40e94e5d,uncommitted
r09_unbalanced_mult_pipe,C - classical unbalanced pipeline,yosys,0.58,directive,on,1.605,MET,,,,,,2007,3652.978,,,,,,,,,,,,,,,5.4,2.44,,,,vectorless,,1.0,2.0,c0bc40e94e5d,uncommitted
r09_unbalanced_mult_pipe,C - classical unbalanced pipeline,yosys,0.58,directive,on,1.942,MET,,,,,,2007,3652.978,,,,,,,,,,,,,,,4.5,2.02,,,,vectorless,,1.0,2.0,c0bc40e94e5d,uncommitted
r09_unbalanced_mult_pipe,C - classical unbalanced pipeline,yosys,0.58,directive,on,2.34,MET,,,,,,2007,3652.978,,,,,,,,,,,,,,,3.76,1.6700000000000002,,,,vectorless,,2.0,2.0,c0bc40e94e5d,uncommitted
r09_unbalanced_mult_pipe,C - classical unbalanced pipeline,yosys,0.58,orig,off,0.879,VIOLATED,,,,,,1911,2321.116,,,,,,,,,,,,,,,9.41,3.59,,,,vectorless,,1.0,1.0,c0bc40e94e5d,uncommitted
r09_unbalanced_mult_pipe,C - classical unbalanced pipeline,yosys,0.58,orig,off,1.073,VIOLATED,,,,,,1911,2321.116,,,,,,,,,,,,,,,7.7299999999999995,2.94,,,,vectorless,,1.0,1.0,c0bc40e94e5d,uncommitted
r09_unbalanced_mult_pipe,C - classical unbalanced pipeline,yosys,0.58,orig,off,1.318,VIOLATED,,,,,,1911,2321.116,,,,,,,,,,,,,,,6.32,2.4,,,,vectorless,,1.0,2.0,c0bc40e94e5d,uncommitted
r09_unbalanced_mult_pipe,C - classical unbalanced pipeline,yosys,0.58,orig,off,1.605,VIOLATED,,,,,,1911,2321.116,,,,,,,,,,,,,,,5.21,1.97,,,,vectorless,,1.0,1.0,c0bc40e94e5d,uncommitted
r09_unbalanced_mult_pipe,C - classical unbalanced pipeline,yosys,0.58,orig,off,1.942,VIOLATED,,,,,,1911,2321.116,,,,,,,,,,,,,,,4.33,1.63,,,,vectorless,,1.0,1.0,c0bc40e94e5d,uncommitted
r09_unbalanced_mult_pipe,C - classical unbalanced pipeline,yosys,0.58,orig,off,2.34,MET,,,,,,1911,2321.116,,,,,,,,,,,,,,,3.62,1.35,,,,vectorless,,1.0,1.0,c0bc40e94e5d,uncommitted
r09_unbalanced_mult_pipe,C - classical unbalanced pipeline,yosys,0.58,orig,on,0.879,VIOLATED,,,,,,2007,3652.978,,,,,,,,,,,,,,,9.719999999999999,4.460000000000001,,,,vectorless,,1.0,2.0,c0bc40e94e5d,uncommitted
r09_unbalanced_mult_pipe,C - classical unbalanced pipeline,yosys,0.58,orig,on,1.073,MET,,,,,,2007,3652.978,,,,,,,,,,,,,,,7.99,3.65,,,,vectorless,,2.0,2.0,c0bc40e94e5d,uncommitted
r09_unbalanced_mult_pipe,C - classical unbalanced pipeline,yosys,0.58,orig,on,1.318,MET,,,,,,2007,3652.978,,,,,,,,,,,,,,,6.54,2.97,,,,vectorless,,1.0,2.0,c0bc40e94e5d,uncommitted
r09_unbalanced_mult_pipe,C - classical unbalanced pipeline,yosys,0.58,orig,on,1.605,MET,,,,,,2007,3652.978,,,,,,,,,,,,,,,5.4,2.44,,,,vectorless,,1.0,2.0,c0bc40e94e5d,uncommitted
r09_unbalanced_mult_pipe,C - classical unbalanced pipeline,yosys,0.58,orig,on,1.942,MET,,,,,,2007,3652.978,,,,,,,,,,,,,,,4.5,2.02,,,,vectorless,,2.0,2.0,c0bc40e94e5d,uncommitted
r09_unbalanced_mult_pipe,C - classical unbalanced pipeline,yosys,0.58,orig,on,2.34,MET,,,,,,2007,3652.978,,,,,,,,,,,,,,,3.76,1.6700000000000002,,,,vectorless,,1.0,2.0,c0bc40e94e5d,uncommitted
r09_unbalanced_mult_pipe,C - classical unbalanced pipeline,yosys,0.58,retimed,off,0.879,VIOLATED,,,,,,1906,2388.946,,,,,,,,,,,,,,,6.24,2.17,,,,vectorless,,1.0,2.0,c0bc40e94e5d,uncommitted
r09_unbalanced_mult_pipe,C - classical unbalanced pipeline,yosys,0.58,retimed,off,1.073,VIOLATED,,,,,,1906,2388.946,,,,,,,,,,,,,,,5.14,1.7799999999999998,,,,vectorless,,1.0,2.0,c0bc40e94e5d,uncommitted
r09_unbalanced_mult_pipe,C - classical unbalanced pipeline,yosys,0.58,retimed,off,1.318,VIOLATED,,,,,,1906,2388.946,,,,,,,,,,,,,,,4.21,1.45,,,,vectorless,,1.0,2.0,c0bc40e94e5d,uncommitted
r09_unbalanced_mult_pipe,C - classical unbalanced pipeline,yosys,0.58,retimed,off,1.605,MET,,,,,,1906,2388.946,,,,,,,,,,,,,,,3.48,1.1900000000000002,,,,vectorless,,2.0,2.0,c0bc40e94e5d,uncommitted
r09_unbalanced_mult_pipe,C - classical unbalanced pipeline,yosys,0.58,retimed,off,1.942,MET,,,,,,1906,2388.946,,,,,,,,,,,,,,,2.9099999999999997,0.9810000000000001,,,,vectorless,,2.0,2.0,c0bc40e94e5d,uncommitted
r09_unbalanced_mult_pipe,C - classical unbalanced pipeline,yosys,0.58,retimed,off,2.34,MET,,,,,,1906,2388.946,,,,,,,,,,,,,,,2.44,0.815,,,,vectorless,,2.0,2.0,c0bc40e94e5d,uncommitted
r10_long_carry_chain,C - classical unbalanced pipeline,,,directive,,4.0,,,,,,,,,,,,,,,,,,,,,,,,,,,,,,,96.0,,
r10_long_carry_chain,C - classical unbalanced pipeline,,,orig,,4.0,,,,,,,,,,,,,,,,,,,,,,,,,,,,,,,95.0,,
r10_long_carry_chain,C - classical unbalanced pipeline,,,orig,,4.0,,,,,,,,,,,,,,,,,,,,,,,,,,,,,,,86.0,,
r10_long_carry_chain,C - classical unbalanced pipeline,,,retimed,,4.0,,,,,,,,,,,,,,,,,,,,,,,,,,,,,,,90.0,,
r10_long_carry_chain,C - classical unbalanced pipeline,genus,23.12-s086_1,directive,off,0.1001,VIOLATED,,,,165,64,1730,4408.39730925,,,,,,,,,,,,,,,48.7572,19.215,19.0587,27.904700000000002,1.79385,probabilistic,,81,101.0,51b0e201e718,33c3049
r10_long_carry_chain,C - classical unbalanced pipeline,genus,23.12-s086_1,directive,off,0.1291,VIOLATED,,,,655,436,2860,8280.656329500001,,,,,,,,,,,,,,,59.751,16.702499999999997,38.2165,15.9775,5.557,probabilistic,,85,98.0,51b0e201e718,4f7c7a48
r10_long_carry_chain,C - classical unbalanced pipeline,genus,23.12-s086_1,directive,off,0.143,VIOLATED,,,,142,64,1686,4202.02542975,,,,,,,,,,,,,,,32.3397,12.9342,11.897599999999999,19.3607,1.08138,probabilistic,,67,84.0,51b0e201e718,33c3049
r10_long_carry_chain,C - classical unbalanced pipeline,genus,23.12-s086_1,directive,off,0.1673,VIOLATED,,,,638,436,2825,8121.2727335,,,,,,,,,,,,,,,45.9386,13.092400000000001,28.779200000000003,12.9906,4.16882,probabilistic,,77,92.0,51b0e201e718,4f7c7a48
r10_long_carry_chain,C - classical unbalanced pipeline,genus,23.12-s086_1,directive,off,0.2436,VIOLATED,,,,,,1428,3846.8714635,,,,,,,,,,,,,,,18.9217,6.47079,9.21744,8.860800000000001,0.843424,probabilistic,,34,42.0,b3eeb05b9aa0,uncommitted
r10_long_carry_chain,C - classical unbalanced pipeline,genus,23.12-s086_1,directive,off,0.2583,MET,,,,655,436,1706,6412.357056999999,,,,,,,,,,,,,,,26.6607,6.41541,19.0153,4.84405,2.80132,probabilistic,,36,46.0,51b0e201e718,4f7c7a48
r10_long_carry_chain,C - classical unbalanced pipeline,genus,23.12-s086_1,directive,off,0.4179,MET,,,,98,64,772,2301.995204,,,,,,,,,,,,,,,5.760870000000001,1.95648,2.44355,3.06194,0.25537699999999997,probabilistic,,24,39.0,51b0e201e718,33c3049
r10_long_carry_chain,C - classical unbalanced pipeline,genus,23.12-s086_1,directive,off,0.5166,MET,,,,466,436,1282,4970.981867,,,,,,,,,,,,,,,11.0808,2.8045,7.375719999999999,2.70405,1.00107,probabilistic,,32,44.0,51b0e201e718,4f7c7a48
r10_long_carry_chain,C - classical unbalanced pipeline,genus,23.12-s086_1,directive,off,0.6149,MET,,,,,,902,2725.746857,,,,,,,,,,,,,,,4.62435,1.61056,2.02014,2.3661,0.23810399999999998,probabilistic,,15,23.0,b3eeb05b9aa0,uncommitted
r10_long_carry_chain,C - classical unbalanced pipeline,genus,23.12-s086_1,directive,off,0.845,MET,,,,,,594,2133.713006,,,,,,,,,,,,,,,2.83332,0.838173,1.37152,1.30429,0.157515,probabilistic,,12,22.0,b3eeb05b9aa0,uncommitted
r10_long_carry_chain,C - classical unbalanced pipeline,genus,23.12-s086_1,orig,off,0.1001,VIOLATED,,,,64,64,1844,4538.00820525,,,,,,,,,,,,,,,46.6134,22.645,6.66003,39.2438,0.7095600000000001,probabilistic,,125,146.0,51b0e201e718,33c3049
r10_long_carry_chain,C - classical unbalanced pipeline,genus,23.12-s086_1,orig,off,0.143,VIOLATED,,,,64,64,1756,4285.6558700000005,,,,,,,,,,,,,,,29.6495,14.3701,4.519760000000001,24.6339,0.495846,probabilistic,,94,112.0,51b0e201e718,33c3049
r10_long_carry_chain,C - classical unbalanced pipeline,genus,23.12-s086_1,orig,off,0.1673,VIOLATED,,,,426,436,2675,7392.1101685,,,,,,,,,,,,,,,37.8748,12.508099999999999,19.8945,15.2074,2.7729500000000002,probabilistic,,114,133.0,51b0e201e718,4f7c7a48
r10_long_carry_chain,C - classical unbalanced pipeline,genus,23.12-s086_1,orig,off,0.2436,VIOLATED,,,,,,1599,3790.2362439999997,,,,,,,,,,,,,,,16.0338,7.395320000000001,3.01396,12.7268,0.29306200000000004,probabilistic,,38,46.0,b3eeb05b9aa0,uncommitted
r10_long_carry_chain,C - classical unbalanced pipeline,genus,23.12-s086_1,orig,off,0.2583,VIOLATED,,,,426,436,2645,7379.80993425,,,,,,,,,,,,,,,24.755599999999998,8.19576,12.9622,9.995510000000001,1.7979,probabilistic,,100,111.0,51b0e201e718,4f7c7a48
r10_long_carry_chain,C - classical unbalanced pipeline,genus,23.12-s086_1,orig,off,0.4179,VIOLATED,,,,64,64,1779,4362.98481675,,,,,,,,,,,,,,,10.716800000000001,5.14145,1.57609,8.97161,0.169093,probabilistic,,87,103.0,51b0e201e718,33c3049
r10_long_carry_chain,C - classical unbalanced pipeline,genus,23.12-s086_1,orig,off,0.5166,MET,,,,426,436,2532,7118.19580225,,,,,,,,,,,,,,,10.5959,3.01367,6.3661200000000004,3.33179,0.8980140000000001,probabilistic,,49,62.0,51b0e201e718,4f7c7a48
r10_long_carry_chain,C - classical unbalanced pipeline,genus,23.12-s086_1,orig,off,0.8446,MET,,,,,,1281,3207.202894,,,,,,,,,,,,,,,4.163,1.77685,0.842492,3.23742,0.0830926,probabilistic,,15,25.0,b3eeb05b9aa0,uncommitted
r10_long_carry_chain,C - classical unbalanced pipeline,genus,23.12-s086_1,orig,on,0.1001,VIOLATED,,,,165,64,1730,4408.39730925,,,,,,,,,,,,,,,48.7572,19.215,19.0587,27.904700000000002,1.79385,probabilistic,,94,115.0,51b0e201e718,33c3049
r10_long_carry_chain,C - classical unbalanced pipeline,genus,23.12-s086_1,orig,on,0.1291,VIOLATED,,,,655,436,2860,8280.656329500001,,,,,,,,,,,,,,,59.751,16.702499999999997,38.2165,15.9775,5.557,probabilistic,,82,93.0,51b0e201e718,4f7c7a48
r10_long_carry_chain,C - classical unbalanced pipeline,genus,23.12-s086_1,orig,on,0.143,VIOLATED,,,,142,64,1686,4202.02542975,,,,,,,,,,,,,,,32.3397,12.9342,11.897599999999999,19.3607,1.08138,probabilistic,,59,74.0,51b0e201e718,33c3049
r10_long_carry_chain,C - classical unbalanced pipeline,genus,23.12-s086_1,orig,on,0.1673,VIOLATED,,,,638,436,2825,8121.2727335,,,,,,,,,,,,,,,45.9386,13.092400000000001,28.779200000000003,12.9906,4.16882,probabilistic,,82,100.0,51b0e201e718,4f7c7a48
r10_long_carry_chain,C - classical unbalanced pipeline,genus,23.12-s086_1,orig,on,0.2436,VIOLATED,,,,,,1428,3846.8714635,,,,,,,,,,,,,,,18.9217,6.47079,9.21744,8.860800000000001,0.843424,probabilistic,,34,43.0,b3eeb05b9aa0,uncommitted
r10_long_carry_chain,C - classical unbalanced pipeline,genus,23.12-s086_1,orig,on,0.2583,MET,,,,655,436,1706,6412.357056999999,,,,,,,,,,,,,,,26.6607,6.41541,19.0153,4.84405,2.80132,probabilistic,,33,44.0,51b0e201e718,4f7c7a48
r10_long_carry_chain,C - classical unbalanced pipeline,genus,23.12-s086_1,orig,on,0.4179,MET,,,,98,64,772,2301.995204,,,,,,,,,,,,,,,5.760870000000001,1.95648,2.44355,3.06194,0.25537699999999997,probabilistic,,23,38.0,51b0e201e718,33c3049
r10_long_carry_chain,C - classical unbalanced pipeline,genus,23.12-s086_1,orig,on,0.5166,MET,,,,466,436,1282,4970.981867,,,,,,,,,,,,,,,11.0808,2.8045,7.375719999999999,2.70405,1.00107,probabilistic,,28,40.0,51b0e201e718,4f7c7a48
r10_long_carry_chain,C - classical unbalanced pipeline,genus,23.12-s086_1,orig,on,0.6149,MET,,,,,,902,2725.746857,,,,,,,,,,,,,,,4.62435,1.61056,2.02014,2.3661,0.23810399999999998,probabilistic,,15,23.0,b3eeb05b9aa0,uncommitted
r10_long_carry_chain,C - classical unbalanced pipeline,genus,23.12-s086_1,orig,on,0.845,MET,,,,,,594,2133.713006,,,,,,,,,,,,,,,2.83332,0.838173,1.37152,1.30429,0.157515,probabilistic,,12,22.0,b3eeb05b9aa0,uncommitted
r10_long_carry_chain,C - classical unbalanced pipeline,genus,23.12-s086_1,retimed,off,0.1001,VIOLATED,,,,96,96,2008,4870.5864165,,,,,,,,,,,,,,,44.611,20.6282,8.94377,34.6083,1.0589,probabilistic,,115,137.0,51b0e201e718,33c3049
r10_long_carry_chain,C - classical unbalanced pipeline,genus,23.12-s086_1,retimed,off,0.143,VIOLATED,,,,96,96,1976,4759.4436989999995,,,,,,,,,,,,,,,29.8832,13.4668,6.239330000000001,22.9018,0.742077,probabilistic,,100,117.0,51b0e201e718,33c3049
r10_long_carry_chain,C - classical unbalanced pipeline,genus,23.12-s086_1,retimed,off,0.1673,VIOLATED,,,,458,468,2982,8050.4993155,,,,,,,,,,,,,,,39.177,12.5235,21.1164,15.0663,2.9942599999999997,probabilistic,,130,147.0,51b0e201e718,4f7c7a48
r10_long_carry_chain,C - classical unbalanced pipeline,genus,23.12-s086_1,retimed,off,0.2436,VIOLATED,,,,,,1806,4355.8999515,,,,,,,,,,,,,,,16.793300000000002,7.35832,4.0868199999999995,12.2704,0.43611700000000003,probabilistic,,48,58.0,b3eeb05b9aa0,uncommitted
r10_long_carry_chain,C - classical unbalanced pipeline,genus,23.12-s086_1,retimed,off,0.2583,VIOLATED,,,,458,468,2841,7875.259223249999,,,,,,,,,,,,,,,25.4092,8.01703,13.823500000000001,9.6472,1.93844,probabilistic,,89,101.0,51b0e201e718,4f7c7a48
r10_long_carry_chain,C - classical unbalanced pipeline,genus,23.12-s086_1,retimed,off,0.4179,VIOLATED,,,,96,96,1983,4798.833446250001,,,,,,,,,,,,,,,10.588999999999999,4.819249999999999,2.0756,8.26065,0.252771,probabilistic,,119,134.0,51b0e201e718,33c3049
r10_long_carry_chain,C - classical unbalanced pipeline,genus,23.12-s086_1,retimed,off,0.5166,MET,,,,458,468,2372,6813.9044145,,,,,,,,,,,,,,,10.6234,2.79669,6.721839999999999,2.93587,0.9657049999999999,probabilistic,,26,37.0,51b0e201e718,4f7c7a48
r10_long_carry_chain,C - classical unbalanced pipeline,genus,23.12-s086_1,retimed,off,0.7952,MET,,,,,,1412,3566.366081,,,,,,,,,,,,,,,4.58404,1.84829,1.26088,3.19077,0.132382,probabilistic,,18,28.0,b3eeb05b9aa0,uncommitted
r10_long_carry_chain,C - classical unbalanced pipeline,genus,23.12-s086_1,retimed,off,0.845,MET,,,,,,1160,2978.9613885,,,,,,,,,,,,,,,3.62147,1.35128,1.15357,2.34417,0.123721,probabilistic,,10,20.0,b3eeb05b9aa0,uncommitted
r10_long_carry_chain,C - classical unbalanced pipeline,innovus-nangate45,23.12-s091_1,directive,off,0.1001,,-0.129,-6.935,87.0,165,,1855,,12684.855,80.884,2,0.07,0.0,1.08,0.275,0.003,,,,,10,0,38.39218844,15.89925137,,,4.667,probabilistic,,200,232.0,,
r10_long_carry_chain,C - classical unbalanced pipeline,innovus-nangate45,23.12-s091_1,directive,off,0.143,,-0.106,-3.966,67.0,142,,1802,,11699.08,82.609,1,0.04,0.0,1.37,0.288,0.004,,,,,10,0,25.44245319,10.81791085,,,2.378,probabilistic,,162,191.0,,
r10_long_carry_chain,C - classical unbalanced pipeline,innovus-nangate45,23.12-s091_1,directive,off,0.1673,,-0.103,-28.583,488.0,638,,3304,,24265.4,80.961,0,0.0,0.0,12.3,0.271,0.038,,,,,10,0,51.1010652,18.10698853,,,10.28,probabilistic,,295,21.0,,
r10_long_carry_chain,C - classical unbalanced pipeline,innovus-nangate45,23.12-s091_1,directive,off,0.4179,,0.013,0.0,0.0,98,,965,,8118.075,74.883,8,0.45,0.06,0.0,0.292,0.0,,,,,10,0,4.05210207,1.40439437,,,0.0,probabilistic,,100,125.0,,
r10_long_carry_chain,C - classical unbalanced pipeline,innovus-nangate45,23.12-s091_1,orig,off,0.1001,,-0.033,-0.865,32.0,64,,2021,,11700.675,91.807,0,0.0,0.0,0.57,0.347,0.002,,,,,10,0,57.98823859,28.7325696,,,0.0,probabilistic,,178,204.0,,
r10_long_carry_chain,C - classical unbalanced pipeline,innovus-nangate45,23.12-s091_1,orig,off,0.143,,0.0,0.0,0.0,64,,1833,,11003.69,86.786,0,0.0,0.0,1.12,0.354,0.004,,,,,10,0,33.91410585,16.68452784,,,0.0,probabilistic,,143,172.0,,
r10_long_carry_chain,C - classical unbalanced pipeline,innovus-nangate45,23.12-s091_1,orig,off,0.1673,,-0.334,-32.456,275.0,426,,3203,,23001.825,87.604,0,0.0,0.0,0.83,0.601,0.005,,,,,10,0,60.39737516,25.78894373,,,9.283,probabilistic,,360,20.0,,
r10_long_carry_chain,C - classical unbalanced pipeline,innovus-nangate45,23.12-s091_1,orig,off,0.4179,,0.259,0.0,0.0,64,,1872,,11196.97,87.267,1,0.04,0.0,1.1,0.36,0.004,,,,,10,0,12.2205069,5.95425529,,,0.0,probabilistic,,142,172.0,,
r10_long_carry_chain,C - classical unbalanced pipeline,innovus-nangate45,23.12-s091_1,orig,on,0.1001,,-0.129,-6.935,87.0,165,,1855,,12684.855,80.884,2,0.07,0.0,1.08,0.275,0.003,,,,,10,0,38.39218844,15.89925137,,,4.667,probabilistic,,193,222.0,,
r10_long_carry_chain,C - classical unbalanced pipeline,innovus-nangate45,23.12-s091_1,orig,on,0.143,,-0.106,-3.966,67.0,142,,1802,,11699.08,82.609,1,0.04,0.0,1.37,0.288,0.004,,,,,10,0,25.44245319,10.81791085,,,2.378,probabilistic,,166,195.0,,
r10_long_carry_chain,C - classical unbalanced pipeline,innovus-nangate45,23.12-s091_1,orig,on,0.1673,,-0.103,-28.583,488.0,638,,3304,,24265.4,80.961,0,0.0,0.0,12.3,0.271,0.038,,,,,10,0,51.1010652,18.10698853,,,10.28,probabilistic,,301,19.0,,
r10_long_carry_chain,C - classical unbalanced pipeline,innovus-nangate45,23.12-s091_1,orig,on,0.4179,,0.013,0.0,0.0,98,,965,,8118.075,74.883,8,0.45,0.06,0.0,0.292,0.0,,,,,10,0,4.05210207,1.40439437,,,0.0,probabilistic,,103,126.0,,
r10_long_carry_chain,C - classical unbalanced pipeline,innovus-nangate45,23.12-s091_1,retimed,off,0.1001,,-0.248,-7.025,32.0,96,,2204,,14698.555,88.252,1,0.04,0.0,0.92,0.322,0.003,,,,,10,0,51.83604139,25.46393332,,,3.342,probabilistic,,236,264.0,,
r10_long_carry_chain,C - classical unbalanced pipeline,innovus-nangate45,23.12-s091_1,retimed,off,0.143,,-0.201,-5.522,32.0,96,,2211,,14095.57,90.885,3,0.08,0.04,1.2,0.328,0.004,,,,,10,0,35.51336748,17.20001753,,,2.159,probabilistic,,196,230.0,,
r10_long_carry_chain,C - classical unbalanced pipeline,innovus-nangate45,23.12-s091_1,retimed,off,0.1673,,-0.289,-33.08,291.0,458,,3587,,24685.97,86.914,0,0.0,0.0,0.72,0.551,0.004,,,,,10,0,58.87832914,24.40354616,,,10.44,probabilistic,,365,20.0,,
r10_long_carry_chain,C - classical unbalanced pipeline,innovus-nangate45,23.12-s091_1,retimed,off,0.4179,,0.004,0.0,0.0,96,,2078,,13018.625,83.621,1,0.04,0.0,0.91,0.328,0.003,,,,,10,0,11.06317258,5.17395907,,,0.0,probabilistic,,149,183.0,,
r10_long_carry_chain,C - classical unbalanced pipeline,openroad_syn,,directive,unsupported,0.74,VIOLATED,,,,,,790,,,,,,,,,,,,,,,,3.1265899999999998,1.0306499999999998,,,,vectorless,,1,1.0,51b0e201e718,uncommitted
r10_long_carry_chain,C - classical unbalanced pipeline,openroad_syn,,directive,unsupported,0.904,VIOLATED,,,,,,790,,,,,,,,,,,,,,,,2.5712,0.843674,,,,vectorless,,1,1.0,51b0e201e718,uncommitted
r10_long_carry_chain,C - classical unbalanced pipeline,openroad_syn,,directive,unsupported,1.111,VIOLATED,,,,,,790,,,,,,,,,,,,,,,,2.10597,0.6864819999999999,,,,vectorless,,0,1.0,51b0e201e718,uncommitted
r10_long_carry_chain,C - classical unbalanced pipeline,openroad_syn,,directive,unsupported,1.352,VIOLATED,,,,,,790,,,,,,,,,,,,,,,,1.7438,0.564113,,,,vectorless,,1,1.0,51b0e201e718,uncommitted
r10_long_carry_chain,C - classical unbalanced pipeline,openroad_syn,,directive,unsupported,1.636,VIOLATED,,,,,,790,,,,,,,,,,,,,,,,1.45453,0.466186,,,,vectorless,,1,1.0,51b0e201e718,uncommitted
r10_long_carry_chain,C - classical unbalanced pipeline,openroad_syn,,directive,unsupported,1.972,VIOLATED,,,,,,790,,,,,,,,,,,,,,,,1.2214,0.386755,,,,vectorless,,1,1.0,51b0e201e718,uncommitted
r10_long_carry_chain,C - classical unbalanced pipeline,openroad_syn,,orig,unsupported,0.74,VIOLATED,,,,,,790,,,,,,,,,,,,,,,,3.1265899999999998,1.0306499999999998,,,,vectorless,,0,1.0,51b0e201e718,uncommitted
r10_long_carry_chain,C - classical unbalanced pipeline,openroad_syn,,orig,unsupported,0.904,VIOLATED,,,,,,790,,,,,,,,,,,,,,,,2.5712,0.843674,,,,vectorless,,0,2.0,51b0e201e718,uncommitted
r10_long_carry_chain,C - classical unbalanced pipeline,openroad_syn,,orig,unsupported,1.111,VIOLATED,,,,,,790,,,,,,,,,,,,,,,,2.10597,0.6864819999999999,,,,vectorless,,0,1.0,51b0e201e718,uncommitted
r10_long_carry_chain,C - classical unbalanced pipeline,openroad_syn,,orig,unsupported,1.352,VIOLATED,,,,,,790,,,,,,,,,,,,,,,,1.7438,0.564113,,,,vectorless,,1,1.0,51b0e201e718,uncommitted
r10_long_carry_chain,C - classical unbalanced pipeline,openroad_syn,,orig,unsupported,1.636,VIOLATED,,,,,,790,,,,,,,,,,,,,,,,1.45453,0.466186,,,,vectorless,,1,2.0,51b0e201e718,uncommitted
r10_long_carry_chain,C - classical unbalanced pipeline,openroad_syn,,orig,unsupported,1.972,VIOLATED,,,,,,790,,,,,,,,,,,,,,,,1.2214,0.386755,,,,vectorless,,0,1.0,51b0e201e718,uncommitted
r10_long_carry_chain,C - classical unbalanced pipeline,openroad_syn,,retimed,unsupported,0.74,VIOLATED,,,,,,882,,,,,,,,,,,,,,,,2.5261799999999996,0.72167,,,,vectorless,,1,1.0,51b0e201e718,uncommitted
r10_long_carry_chain,C - classical unbalanced pipeline,openroad_syn,,retimed,unsupported,0.904,VIOLATED,,,,,,882,,,,,,,,,,,,,,,,2.08263,0.5907479999999999,,,,vectorless,,1,1.0,51b0e201e718,uncommitted
r10_long_carry_chain,C - classical unbalanced pipeline,openroad_syn,,retimed,unsupported,1.111,VIOLATED,,,,,,882,,,,,,,,,,,,,,,,1.7117600000000002,0.480681,,,,vectorless,,1,1.0,51b0e201e718,uncommitted
r10_long_carry_chain,C - classical unbalanced pipeline,openroad_syn,,retimed,unsupported,1.352,VIOLATED,,,,,,882,,,,,,,,,,,,,,,,1.42306,0.394997,,,,vectorless,,1,2.0,51b0e201e718,uncommitted
r10_long_carry_chain,C - classical unbalanced pipeline,openroad_syn,,retimed,unsupported,1.636,VIOLATED,,,,,,882,,,,,,,,,,,,,,,,1.19269,0.32642800000000005,,,,vectorless,,1,1.0,51b0e201e718,uncommitted
r10_long_carry_chain,C - classical unbalanced pipeline,openroad_syn,,retimed,unsupported,1.972,MET,,,,,,882,,,,,,,,,,,,,,,,1.00763,0.270809,,,,vectorless,,1,1.0,51b0e201e718,uncommitted
r10_long_carry_chain,C - classical unbalanced pipeline,vivado-xc7a100t,2025.2,directive,on,4.0,VIOLATED,,,,,,,,,,,,,,,,,,,,,,250.0,,,,,vectorless,140,327,360.0,,
r10_long_carry_chain,C - classical unbalanced pipeline,vivado-xc7a100t,2025.2,orig,off,4.0,VIOLATED,,,,,,,,,,,,,,,,,,,,,,250.0,,,,,vectorless,140,277,310.0,,
r10_long_carry_chain,C - classical unbalanced pipeline,vivado-xc7a100t,2025.2,orig,on,4.0,VIOLATED,,,,,,,,,,,,,,,,,,,,,,250.0,,,,,vectorless,140,292,327.0,,
r10_long_carry_chain,C - classical unbalanced pipeline,vivado-xc7a100t,2025.2,retimed,off,4.0,VIOLATED,,,,,,,,,,,,,,,,,,,,,,315.0,,,,,vectorless,142,319,354.0,,
r10_long_carry_chain,C - classical unbalanced pipeline,vivado2023.1-xc7a100t,2023.1,directive,on,5.2,VIOLATED,,,,,,,,,,,,,,,,,,,,,,162.0,,,,,vectorless,140,59,80.0,,
r10_long_carry_chain,C - classical unbalanced pipeline,vivado2023.1-xc7a100t,2023.1,directive,on,6.4,VIOLATED,,,,,,,,,,,,,,,,,,,,,,149.0,,,,,vectorless,140,32,42.0,,
r10_long_carry_chain,C - classical unbalanced pipeline,vivado2023.1-xc7a100t,2023.1,directive,on,8.0,MET,,,,,,,,,,,,,,,,,,,,,,137.0,,,,,vectorless,140,30,38.0,,
r10_long_carry_chain,C - classical unbalanced pipeline,vivado2023.1-xc7a100t,2023.1,directive,on,9.6,MET,,,,,,,,,,,,,,,,,,,,,,129.0,,,,,vectorless,140,30,42.0,,
r10_long_carry_chain,C - classical unbalanced pipeline,vivado2023.1-xc7a100t,2023.1,directive,on,12.0,MET,,,,,,,,,,,,,,,,,,,,,,122.0,,,,,vectorless,140,28,40.0,,
r10_long_carry_chain,C - classical unbalanced pipeline,vivado2023.1-xc7a100t,2023.1,orig,off,5.2,VIOLATED,,,,,,,,,,,,,,,,,,,,,,162.0,,,,,vectorless,140,30,38.0,,
r10_long_carry_chain,C - classical unbalanced pipeline,vivado2023.1-xc7a100t,2023.1,orig,off,6.4,VIOLATED,,,,,,,,,,,,,,,,,,,,,,149.0,,,,,vectorless,140,29,37.0,,
r10_long_carry_chain,C - classical unbalanced pipeline,vivado2023.1-xc7a100t,2023.1,orig,off,8.0,MET,,,,,,,,,,,,,,,,,,,,,,137.0,,,,,vectorless,140,28,36.0,,
r10_long_carry_chain,C - classical unbalanced pipeline,vivado2023.1-xc7a100t,2023.1,orig,off,9.6,MET,,,,,,,,,,,,,,,,,,,,,,129.0,,,,,vectorless,140,30,39.0,,
r10_long_carry_chain,C - classical unbalanced pipeline,vivado2023.1-xc7a100t,2023.1,orig,off,12.0,MET,,,,,,,,,,,,,,,,,,,,,,122.0,,,,,vectorless,140,27,38.0,,
r10_long_carry_chain,C - classical unbalanced pipeline,vivado2023.1-xc7a100t,2023.1,orig,on,5.2,VIOLATED,,,,,,,,,,,,,,,,,,,,,,162.0,,,,,vectorless,140,32,39.0,,
r10_long_carry_chain,C - classical unbalanced pipeline,vivado2023.1-xc7a100t,2023.1,orig,on,6.4,VIOLATED,,,,,,,,,,,,,,,,,,,,,,149.0,,,,,vectorless,140,28,35.0,,
r10_long_carry_chain,C - classical unbalanced pipeline,vivado2023.1-xc7a100t,2023.1,orig,on,8.0,MET,,,,,,,,,,,,,,,,,,,,,,137.0,,,,,vectorless,140,28,38.0,,
r10_long_carry_chain,C - classical unbalanced pipeline,vivado2023.1-xc7a100t,2023.1,orig,on,9.6,MET,,,,,,,,,,,,,,,,,,,,,,129.0,,,,,vectorless,140,29,40.0,,
r10_long_carry_chain,C - classical unbalanced pipeline,vivado2023.1-xc7a100t,2023.1,orig,on,12.0,MET,,,,,,,,,,,,,,,,,,,,,,122.0,,,,,vectorless,140,26,35.0,,
r10_long_carry_chain,C - classical unbalanced pipeline,vivado2023.1-xc7a100t,2023.1,retimed,off,5.2,VIOLATED,,,,,,,,,,,,,,,,,,,,,,167.0,,,,,vectorless,142,33,52.0,,
r10_long_carry_chain,C - classical unbalanced pipeline,vivado2023.1-xc7a100t,2023.1,retimed,off,6.4,VIOLATED,,,,,,,,,,,,,,,,,,,,,,152.0,,,,,vectorless,142,32,58.0,,
r10_long_carry_chain,C - classical unbalanced pipeline,vivado2023.1-xc7a100t,2023.1,retimed,off,8.0,MET,,,,,,,,,,,,,,,,,,,,,,140.0,,,,,vectorless,142,62,71.0,,
r10_long_carry_chain,C - classical unbalanced pipeline,vivado2023.1-xc7a100t,2023.1,retimed,off,9.6,MET,,,,,,,,,,,,,,,,,,,,,,132.0,,,,,vectorless,142,58,78.0,,
r10_long_carry_chain,C - classical unbalanced pipeline,vivado2023.1-xc7a100t,2023.1,retimed,off,12.0,MET,,,,,,,,,,,,,,,,,,,,,,124.0,,,,,vectorless,142,57,70.0,,
r10_long_carry_chain,C - classical unbalanced pipeline,yosys,0.58,directive,on,0.74,MET,,,,,,827,1612.758,,,,,,,,,,,,,,,3.8600000000000003,1.5,,,,vectorless,,1.0,2.0,51b0e201e718,uncommitted
r10_long_carry_chain,C - classical unbalanced pipeline,yosys,0.58,directive,on,0.904,MET,,,,,,827,1612.758,,,,,,,,,,,,,,,3.17,1.22,,,,vectorless,,1.0,2.0,51b0e201e718,uncommitted
r10_long_carry_chain,C - classical unbalanced pipeline,yosys,0.58,directive,on,1.111,MET,,,,,,827,1612.758,,,,,,,,,,,,,,,2.6,0.9959999999999999,,,,vectorless,,1.0,2.0,51b0e201e718,uncommitted
r10_long_carry_chain,C - classical unbalanced pipeline,yosys,0.58,directive,on,1.352,MET,,,,,,827,1612.758,,,,,,,,,,,,,,,2.15,0.8180000000000001,,,,vectorless,,1.0,2.0,51b0e201e718,uncommitted
r10_long_carry_chain,C - classical unbalanced pipeline,yosys,0.58,directive,on,1.636,MET,,,,,,827,1612.758,,,,,,,,,,,,,,,1.79,0.6759999999999999,,,,vectorless,,2.0,2.0,51b0e201e718,uncommitted
r10_long_carry_chain,C - classical unbalanced pipeline,yosys,0.58,directive,on,1.972,MET,,,,,,827,1612.758,,,,,,,,,,,,,,,1.5,0.5609999999999999,,,,vectorless,,2.0,2.0,51b0e201e718,uncommitted
r10_long_carry_chain,C - classical unbalanced pipeline,yosys,0.58,orig,off,0.74,VIOLATED,,,,,,763,1032.346,,,,,,,,,,,,,,,3.32,1.0399999999999998,,,,vectorless,,1.0,2.0,51b0e201e718,uncommitted
r10_long_carry_chain,C - classical unbalanced pipeline,yosys,0.58,orig,off,0.904,VIOLATED,,,,,,763,1032.346,,,,,,,,,,,,,,,2.73,0.851,,,,vectorless,,1.0,2.0,51b0e201e718,uncommitted
r10_long_carry_chain,C - classical unbalanced pipeline,yosys,0.58,orig,off,1.111,VIOLATED,,,,,,763,1032.346,,,,,,,,,,,,,,,2.2399999999999998,0.6920000000000001,,,,vectorless,,0.0,1.0,51b0e201e718,uncommitted
r10_long_carry_chain,C - classical unbalanced pipeline,yosys,0.58,orig,off,1.352,VIOLATED,,,,,,763,1032.346,,,,,,,,,,,,,,,1.85,0.569,,,,vectorless,,1.0,2.0,51b0e201e718,uncommitted
r10_long_carry_chain,C - classical unbalanced pipeline,yosys,0.58,orig,off,1.636,MET,,,,,,763,1032.346,,,,,,,,,,,,,,,1.5399999999999998,0.47,,,,vectorless,,1.0,2.0,51b0e201e718,uncommitted
r10_long_carry_chain,C - classical unbalanced pipeline,yosys,0.58,orig,off,1.972,MET,,,,,,763,1032.346,,,,,,,,,,,,,,,1.2899999999999998,0.39,,,,vectorless,,1.0,1.0,51b0e201e718,uncommitted
r10_long_carry_chain,C - classical unbalanced pipeline,yosys,0.58,orig,on,0.74,MET,,,,,,827,1612.758,,,,,,,,,,,,,,,3.8600000000000003,1.5,,,,vectorless,,1.0,1.0,51b0e201e718,uncommitted
r10_long_carry_chain,C - classical unbalanced pipeline,yosys,0.58,orig,on,0.904,MET,,,,,,827,1612.758,,,,,,,,,,,,,,,3.17,1.22,,,,vectorless,,1.0,2.0,51b0e201e718,uncommitted
r10_long_carry_chain,C - classical unbalanced pipeline,yosys,0.58,orig,on,1.111,MET,,,,,,827,1612.758,,,,,,,,,,,,,,,2.6,0.9959999999999999,,,,vectorless,,1.0,2.0,51b0e201e718,uncommitted
r10_long_carry_chain,C - classical unbalanced pipeline,yosys,0.58,orig,on,1.352,MET,,,,,,827,1612.758,,,,,,,,,,,,,,,2.15,0.8180000000000001,,,,vectorless,,1.0,2.0,51b0e201e718,uncommitted
r10_long_carry_chain,C - classical unbalanced pipeline,yosys,0.58,orig,on,1.636,MET,,,,,,827,1612.758,,,,,,,,,,,,,,,1.79,0.6759999999999999,,,,vectorless,,1.0,2.0,51b0e201e718,uncommitted
r10_long_carry_chain,C - classical unbalanced pipeline,yosys,0.58,orig,on,1.972,MET,,,,,,827,1612.758,,,,,,,,,,,,,,,1.5,0.5609999999999999,,,,vectorless,,1.0,2.0,51b0e201e718,uncommitted
r10_long_carry_chain,C - classical unbalanced pipeline,yosys,0.58,retimed,off,0.74,VIOLATED,,,,,,854,1219.078,,,,,,,,,,,,,,,3.02,0.803,,,,vectorless,,1.0,2.0,51b0e201e718,uncommitted
r10_long_carry_chain,C - classical unbalanced pipeline,yosys,0.58,retimed,off,0.904,VIOLATED,,,,,,854,1219.078,,,,,,,,,,,,,,,2.49,0.657,,,,vectorless,,1.0,1.0,51b0e201e718,uncommitted
r10_long_carry_chain,C - classical unbalanced pipeline,yosys,0.58,retimed,off,1.111,VIOLATED,,,,,,854,1219.078,,,,,,,,,,,,,,,2.04,0.535,,,,vectorless,,1.0,2.0,51b0e201e718,uncommitted
r10_long_carry_chain,C - classical unbalanced pipeline,yosys,0.58,retimed,off,1.352,VIOLATED,,,,,,854,1219.078,,,,,,,,,,,,,,,1.6900000000000002,0.44,,,,vectorless,,1.0,2.0,51b0e201e718,uncommitted
r10_long_carry_chain,C - classical unbalanced pipeline,yosys,0.58,retimed,off,1.636,VIOLATED,,,,,,854,1219.078,,,,,,,,,,,,,,,1.42,0.363,,,,vectorless,,1.0,2.0,51b0e201e718,uncommitted
r10_long_carry_chain,C - classical unbalanced pipeline,yosys,0.58,retimed,off,1.972,MET,,,,,,854,1219.078,,,,,,,,,,,,,,,1.1900000000000002,0.301,,,,vectorless,,0.0,1.0,51b0e201e718,uncommitted
r11_deep_retime_distance,C - retiming distance / effort limit,genus,23.12-s086_1,directive,off,0.1106,VIOLATED,,,,186,96,5609,13023.570621750001,,,,,,,,,,,,,,,217.691,112.581,24.866300000000003,190.993,1.83141,probabilistic,,550,572.0,37b5dafb6b8e,33c3049
r11_deep_retime_distance,C - retiming distance / effort limit,genus,23.12-s086_1,directive,off,0.158,VIOLATED,,,,169,96,5480,12649.86980275,,,,,,,,,,,,,,,146.317,76.18220000000001,16.034,129.11800000000002,1.16482,probabilistic,,571,597.0,37b5dafb6b8e,33c3049
r11_deep_retime_distance,C - retiming distance / effort limit,genus,23.12-s086_1,directive,off,0.5201,VIOLATED,,,,268,160,5824,13857.005708749999,,,,,,,,,,,,,,,50.7856,25.698900000000002,7.40213,42.822399999999995,0.561146,probabilistic,,371,384.0,37b5dafb6b8e,4f7c7a48
r11_deep_retime_distance,C - retiming distance / effort limit,genus,23.12-s086_1,directive,off,0.5913,VIOLATED,,,,286,160,5590,13473.5852045,,,,,,,,,,,,,,,44.229499999999994,21.9753,6.8208899999999995,36.8821,0.526523,probabilistic,,434,14.0,37b5dafb6b8e,4f7c7a48
r11_deep_retime_distance,C - retiming distance / effort limit,genus,23.12-s086_1,directive,off,0.8365,VIOLATED,,,,140,96,5845,13517.942491000002,,,,,,,,,,,,,,,30.4813,16.078100000000003,2.63092,27.6683,0.182115,probabilistic,,550,571.0,37b5dafb6b8e,33c3049
r11_deep_retime_distance,C - retiming distance / effort limit,genus,23.12-s086_1,directive,off,1.0344,VIOLATED,,,,,,5523,13064.52239425,,,,,,,,,,,,,,,23.878400000000003,12.2203,2.77552,20.916,0.18692799999999998,probabilistic,,341,350.0,c3f91a20fac7,uncommitted
r11_deep_retime_distance,C - retiming distance / effort limit,genus,23.12-s086_1,directive,off,1.1826,MET,,,,208,160,3203,7842.863512,,,,,,,,,,,,,,,11.1737,5.08499,2.5868,8.39533,0.191537,probabilistic,,216,227.0,37b5dafb6b8e,4f7c7a48
r11_deep_retime_distance,C - retiming distance / effort limit,genus,23.12-s086_1,directive,off,1.2308,MET,,,,,,5104,12056.67882675,,,,,,,,,,,,,,,18.5724,9.3793,2.25991,16.1621,0.150414,probabilistic,,194,203.0,c3f91a20fac7,uncommitted
r11_deep_retime_distance,C - retiming distance / effort limit,genus,23.12-s086_1,directive,off,2.0688,MET,,,,,,3292,7517.84929425,,,,,,,,,,,,,,,6.0214300000000005,3.01817,0.719005,5.250839999999999,0.0515864,probabilistic,,660,668.0,c3f91a20fac7,uncommitted
r11_deep_retime_distance,C - retiming distance / effort limit,genus,23.12-s086_1,directive,off,2.3652,MET,,,,163,160,2679,6505.398987250001,,,,,,,,,,,,,,,4.680400000000001,2.11902,0.9846550000000001,3.62065,0.0751006,probabilistic,,777,790.0,37b5dafb6b8e,4f7c7a48
r11_deep_retime_distance,C - retiming distance / effort limit,genus,23.12-s086_1,orig,off,0.1106,VIOLATED,,,,96,96,5947,13660.126230000002,,,,,,,,,,,,,,,234.066,127.43199999999999,8.48472,224.625,0.956184,probabilistic,,604,624.0,37b5dafb6b8e,33c3049
r11_deep_retime_distance,C - retiming distance / effort limit,genus,23.12-s086_1,orig,off,0.158,VIOLATED,,,,96,96,5947,13814.1016725,,,,,,,,,,,,,,,168.712,92.2264,5.824,162.225,0.6624369999999999,probabilistic,,698,720.0,37b5dafb6b8e,33c3049
r11_deep_retime_distance,C - retiming distance / effort limit,genus,23.12-s086_1,orig,off,0.5201,VIOLATED,,,,160,160,6116,14388.783321750001,,,,,,,,,,,,,,,52.0479,27.777099999999997,2.7088300000000003,49.002700000000004,0.336408,probabilistic,,440,457.0,37b5dafb6b8e,4f7c7a48
r11_deep_retime_distance,C - retiming distance / effort limit,genus,23.12-s086_1,orig,off,0.8365,VIOLATED,,,,96,96,5920,13756.60408025,,,,,,,,,,,,,,,31.780700000000003,17.1952,1.17902,30.474899999999998,0.126714,probabilistic,,680,701.0,37b5dafb6b8e,33c3049
r11_deep_retime_distance,C - retiming distance / effort limit,genus,23.12-s086_1,orig,off,2.0688,VIOLATED,,,,,,6070,14061.35606,,,,,,,,,,,,,,,13.238700000000001,7.08856,0.535428,12.6518,0.0514695,probabilistic,,400,409.0,c3f91a20fac7,uncommitted
r11_deep_retime_distance,C - retiming distance / effort limit,genus,23.12-s086_1,orig,off,2.3652,VIOLATED,,,,160,160,6383,15091.75967575,,,,,,,,,,,,,,,12.4466,6.52215,0.727301,11.644699999999998,0.074589,probabilistic,,618,632.0,37b5dafb6b8e,4f7c7a48
r11_deep_retime_distance,C - retiming distance / effort limit,genus,23.12-s086_1,orig,off,3.8666,MET,,,,,,5381,12500.4136535,,,,,,,,,,,,,,,6.2156,3.24763,0.27071700000000004,5.9177800000000005,0.027100299999999997,probabilistic,,208,217.0,c3f91a20fac7,uncommitted
r11_deep_retime_distance,C - retiming distance / effort limit,genus,23.12-s086_1,orig,on,0.1106,VIOLATED,,,,186,96,5609,13023.570621750001,,,,,,,,,,,,,,,217.691,112.581,24.866300000000003,190.993,1.83141,probabilistic,,529,550.0,37b5dafb6b8e,33c3049
r11_deep_retime_distance,C - retiming distance / effort limit,genus,23.12-s086_1,orig,on,0.158,VIOLATED,,,,169,96,5480,12649.86980275,,,,,,,,,,,,,,,146.317,76.18220000000001,16.034,129.11800000000002,1.16482,probabilistic,,566,590.0,37b5dafb6b8e,33c3049
r11_deep_retime_distance,C - retiming distance / effort limit,genus,23.12-s086_1,orig,on,0.5201,VIOLATED,,,,268,160,5824,13857.005708749999,,,,,,,,,,,,,,,50.7856,25.698900000000002,7.40213,42.822399999999995,0.561146,probabilistic,,370,384.0,37b5dafb6b8e,4f7c7a48
r11_deep_retime_distance,C - retiming distance / effort limit,genus,23.12-s086_1,orig,on,0.5913,VIOLATED,,,,286,160,5590,13473.5852045,,,,,,,,,,,,,,,44.229499999999994,21.9753,6.8208899999999995,36.8821,0.526523,probabilistic,,435,448.0,37b5dafb6b8e,4f7c7a48
r11_deep_retime_distance,C - retiming distance / effort limit,genus,23.12-s086_1,orig,on,0.8365,VIOLATED,,,,140,96,5845,13517.942491000002,,,,,,,,,,,,,,,30.4813,16.078100000000003,2.63092,27.6683,0.182115,probabilistic,,560,582.0,37b5dafb6b8e,33c3049
r11_deep_retime_distance,C - retiming distance / effort limit,genus,23.12-s086_1,orig,on,1.0344,VIOLATED,,,,,,5523,13064.52239425,,,,,,,,,,,,,,,23.878400000000003,12.2203,2.77552,20.916,0.18692799999999998,probabilistic,,341,351.0,c3f91a20fac7,uncommitted
r11_deep_retime_distance,C - retiming distance / effort limit,genus,23.12-s086_1,orig,on,1.1826,MET,,,,208,160,3203,7842.863512,,,,,,,,,,,,,,,11.1737,5.08499,2.5868,8.39533,0.191537,probabilistic,,213,227.0,37b5dafb6b8e,4f7c7a48
r11_deep_retime_distance,C - retiming distance / effort limit,genus,23.12-s086_1,orig,on,1.2308,MET,,,,,,5104,12056.67882675,,,,,,,,,,,,,,,18.5724,9.3793,2.25991,16.1621,0.150414,probabilistic,,194,203.0,c3f91a20fac7,uncommitted
r11_deep_retime_distance,C - retiming distance / effort limit,genus,23.12-s086_1,orig,on,2.0688,MET,,,,,,3292,7517.84929425,,,,,,,,,,,,,,,6.0214300000000005,3.01817,0.719005,5.250839999999999,0.0515864,probabilistic,,661,671.0,c3f91a20fac7,uncommitted
r11_deep_retime_distance,C - retiming distance / effort limit,genus,23.12-s086_1,orig,on,2.3652,MET,,,,163,160,2679,6505.398987250001,,,,,,,,,,,,,,,4.680400000000001,2.11902,0.9846550000000001,3.62065,0.0751006,probabilistic,,819,831.0,37b5dafb6b8e,4f7c7a48
r11_deep_retime_distance,C - retiming distance / effort limit,genus,23.12-s086_1,retimed,off,0.1106,VIOLATED,,,,96,96,5642,12862.010228,,,,,,,,,,,,,,,206.829,110.692,11.865499999999999,194.018,0.9452440000000001,probabilistic,,479,500.0,37b5dafb6b8e,33c3049
r11_deep_retime_distance,C - retiming distance / effort limit,genus,23.12-s086_1,retimed,off,0.158,VIOLATED,,,,96,96,5462,12550.92681125,,,,,,,,,,,,,,,140.39399999999998,75.8271,8.50334,131.229,0.661671,probabilistic,,433,458.0,37b5dafb6b8e,33c3049
r11_deep_retime_distance,C - retiming distance / effort limit,genus,23.12-s086_1,retimed,off,0.5201,VIOLATED,,,,160,160,5949,13794.88983775,,,,,,,,,,,,,,,46.6143,24.5332,3.70354,42.575799999999994,0.335013,probabilistic,,336,350.0,37b5dafb6b8e,4f7c7a48
r11_deep_retime_distance,C - retiming distance / effort limit,genus,23.12-s086_1,retimed,off,0.5913,VIOLATED,,,,160,160,5771,13506.56488175,,,,,,,,,,,,,,,40.321000000000005,21.091700000000003,3.37295,36.653400000000005,0.294673,probabilistic,,380,394.0,37b5dafb6b8e,4f7c7a48
r11_deep_retime_distance,C - retiming distance / effort limit,genus,23.12-s086_1,retimed,off,0.8365,VIOLATED,,,,96,96,5502,12596.02254175,,,,,,,,,,,,,,,26.3059,14.0236,1.5963500000000002,24.5845,0.124978,probabilistic,,450,470.0,37b5dafb6b8e,33c3049
r11_deep_retime_distance,C - retiming distance / effort limit,genus,23.12-s086_1,retimed,off,1.0344,VIOLATED,,,,,,4807,10966.7594915,,,,,,,,,,,,,,,18.241899999999998,9.520249999999999,1.36802,16.770799999999998,0.103173,probabilistic,,203,214.0,c3f91a20fac7,uncommitted
r11_deep_retime_distance,C - retiming distance / effort limit,genus,23.12-s086_1,retimed,off,1.1826,MET,,,,160,160,4408,10360.4437885,,,,,,,,,,,,,,,15.1729,7.52755,1.5957000000000001,13.4299,0.147336,probabilistic,,157,169.0,37b5dafb6b8e,4f7c7a48
r11_deep_retime_distance,C - retiming distance / effort limit,genus,23.12-s086_1,retimed,off,1.3905,MET,,,,,,4368,9979.076384,,,,,,,,,,,,,,,11.8722,6.13815,0.9748,10.8215,0.0758806,probabilistic,,113,122.0,c3f91a20fac7,uncommitted
r11_deep_retime_distance,C - retiming distance / effort limit,genus,23.12-s086_1,retimed,off,2.0688,MET,,,,,,2527,6073.71954425,,,,,,,,,,,,,,,4.76136,2.23976,0.6236780000000001,4.08709,0.0505921,probabilistic,,53,62.0,c3f91a20fac7,uncommitted
r11_deep_retime_distance,C - retiming distance / effort limit,genus,23.12-s086_1,retimed,off,2.3652,MET,,,,160,160,2312,5885.5297147500005,,,,,,,,,,,,,,,4.03933,1.7181600000000001,0.832243,3.13342,0.0736682,probabilistic,,78,90.0,37b5dafb6b8e,4f7c7a48
r11_deep_retime_distance,C - retiming distance / effort limit,genus,23.12-s086_1,retimed,off,3.867,MET,,,,,,1725,4623.9939592499995,,,,,,,,,,,,,,,1.98563,0.8122020000000001,0.32720699999999997,1.63139,0.0270349,probabilistic,,47,58.0,c3f91a20fac7,uncommitted
r11_deep_retime_distance,C - retiming distance / effort limit,innovus-nangate45,23.12-s091_1,directive,off,0.1106,,-0.842,-90.18,127.0,186,,6553,,35439.285,97.757,2,0.04,0.0,0.89,1.109,0.01,,,,,10,0,296.69049871,155.76633825,,,6.603,probabilistic,,541,574.0,,
r11_deep_retime_distance,C - retiming distance / effort limit,innovus-nangate45,23.12-s091_1,directive,off,0.158,,-0.706,-70.334,119.0,169,,6496,,35442.61,98.822,0,0.0,0.0,0.48,1.456,0.007,,,,,10,0,200.95984134,105.32363137,,,9.656,probabilistic,,760,792.0,,
r11_deep_retime_distance,C - retiming distance / effort limit,innovus-nangate45,23.12-s091_1,directive,off,0.5201,,-0.242,-31.896,173.0,268,,6611,,35873.39,91.61,1,0.02,0.0,0.72,0.828,0.006,,,,,10,0,40.04251512,20.26686837,,,1.487,probabilistic,,369,17.0,,
r11_deep_retime_distance,C - retiming distance / effort limit,innovus-nangate45,23.12-s091_1,directive,off,0.8365,,-0.17,-4.072,71.0,140,,6829,,34952.895,95.391,0,0.0,0.0,0.33,1.203,0.004,,,,,10,0,38.94150872,20.52872772,,,0.6504,probabilistic,,568,599.0,,
r11_deep_retime_distance,C - retiming distance / effort limit,innovus-nangate45,23.12-s091_1,orig,off,0.1106,,-0.031,-1.082,64.0,96,,6732,,37335.87,98.56,0,0.0,0.0,0.91,3.369,0.031,,,,,10,0,650.69398998,354.31338496,,,0.0,probabilistic,,452,481.0,,
r11_deep_retime_distance,C - retiming distance / effort limit,innovus-nangate45,23.12-s091_1,orig,off,0.158,,0.008,0.0,0.0,96,,6736,,34964.47,96.699,1,0.02,0.0,0.9,3.319,0.03,,,,,10,0,455.35413449,249.17284248,,,0.0,probabilistic,,589,624.0,,
r11_deep_retime_distance,C - retiming distance / effort limit,innovus-nangate45,23.12-s091_1,orig,off,0.5201,,-2.951,-88.432,44.0,160,,7208,,40698.55,98.434,2,0.04,0.0,1.02,3.495,0.036,,,,,10,0,145.78511119,80.12193877,,,1.201,probabilistic,,596,17.0,,
r11_deep_retime_distance,C - retiming distance / effort limit,innovus-nangate45,23.12-s091_1,orig,off,0.8365,,0.661,0.0,0.0,96,,6564,,35079.975,95.248,2,0.03,0.0,0.84,3.312,0.028,,,,,10,0,84.62259741,46.25532535,,,0.0,probabilistic,,459,499.0,,
r11_deep_retime_distance,C - retiming distance / effort limit,innovus-nangate45,23.12-s091_1,orig,on,0.1106,,-0.842,-90.18,127.0,186,,6553,,35439.285,97.757,2,0.04,0.0,0.89,1.109,0.01,,,,,10,0,296.69049871,155.76633825,,,6.603,probabilistic,,538,569.0,,
r11_deep_retime_distance,C - retiming distance / effort limit,innovus-nangate45,23.12-s091_1,orig,on,0.158,,-0.706,-70.334,119.0,169,,6496,,35442.61,98.822,0,0.0,0.0,0.48,1.456,0.007,,,,,10,0,200.95984133,105.32363137,,,9.656,probabilistic,,753,786.0,,
r11_deep_retime_distance,C - retiming distance / effort limit,innovus-nangate45,23.12-s091_1,orig,on,0.5201,,-0.242,-31.896,173.0,268,,6611,,35873.39,91.61,1,0.02,0.0,0.72,0.828,0.006,,,,,10,0,40.04251511,20.26686837,,,1.487,probabilistic,,369,15.0,,
r11_deep_retime_distance,C - retiming distance / effort limit,innovus-nangate45,23.12-s091_1,orig,on,0.8365,,-0.17,-4.072,71.0,140,,6829,,34952.895,95.391,0,0.0,0.0,0.33,1.203,0.004,,,,,10,0,38.94150872,20.52872772,,,0.6504,probabilistic,,582,613.0,,
r11_deep_retime_distance,C - retiming distance / effort limit,innovus-nangate45,23.12-s091_1,retimed,off,0.1106,,-0.866,-51.893,64.0,96,,6331,,31739.765,93.517,0,0.0,0.0,0.89,1.116,0.01,,,,,10,0,257.31402306,137.33698608,,,3.727,probabilistic,,574,605.0,,
r11_deep_retime_distance,C - retiming distance / effort limit,innovus-nangate45,23.12-s091_1,retimed,off,0.158,,-0.752,-42.05,64.0,96,,6233,,32618.51,94.399,1,0.02,0.0,0.56,1.432,0.008,,,,,10,0,175.3187069,93.99815565,,,5.619,probabilistic,,688,726.0,,
r11_deep_retime_distance,C - retiming distance / effort limit,innovus-nangate45,23.12-s091_1,retimed,off,0.5201,,-0.511,-54.756,127.0,160,,6872,,43272.52,94.263,0,0.0,0.0,0.78,1.018,0.008,,,,,10,0,60.82268925,32.8008914,,,0.9433,probabilistic,,514,16.0,,
r11_deep_retime_distance,C - retiming distance / effort limit,innovus-nangate45,23.12-s091_1,retimed,off,0.8365,,-0.003,-0.003,1.0,96,,6193,,32807.335,91.525,2,0.03,0.0,0.86,1.499,0.013,,,,,10,0,31.94356864,17.22509892,,,0.5116,probabilistic,,586,615.0,,
r11_deep_retime_distance,C - retiming distance / effort limit,openroad_syn,,directive,unsupported,3.39,VIOLATED,,,,,,2523,,,,,,,,,,,,,,,,181.975,92.0225,,,,vectorless,,3,3.0,37b5dafb6b8e,uncommitted
r11_deep_retime_distance,C - retiming distance / effort limit,openroad_syn,,directive,unsupported,4.139,VIOLATED,,,,,,2523,,,,,,,,,,,,,,,,172.24800000000002,86.96610000000001,,,,vectorless,,2,4.0,37b5dafb6b8e,uncommitted
r11_deep_retime_distance,C - retiming distance / effort limit,openroad_syn,,directive,unsupported,5.085,VIOLATED,,,,,,2523,,,,,,,,,,,,,,,,162.672,81.9841,,,,vectorless,,3,3.0,37b5dafb6b8e,uncommitted
r11_deep_retime_distance,C - retiming distance / effort limit,openroad_syn,,directive,unsupported,6.189,VIOLATED,,,,,,2523,,,,,,,,,,,,,,,,153.20700000000002,77.0646,,,,vectorless,,2,4.0,37b5dafb6b8e,uncommitted
r11_deep_retime_distance,C - retiming distance / effort limit,openroad_syn,,directive,unsupported,7.49,VIOLATED,,,,,,2523,,,,,,,,,,,,,,,,142.733,71.6198,,,,vectorless,,4,5.0,37b5dafb6b8e,uncommitted
r11_deep_retime_distance,C - retiming distance / effort limit,openroad_syn,,directive,unsupported,9.027,VIOLATED,,,,,,2523,,,,,,,,,,,,,,,,132.792,66.4515,,,,vectorless,,3,4.0,37b5dafb6b8e,uncommitted
r11_deep_retime_distance,C - retiming distance / effort limit,openroad_syn,,orig,unsupported,3.39,VIOLATED,,,,,,2523,,,,,,,,,,,,,,,,181.975,92.0225,,,,vectorless,,3,4.0,37b5dafb6b8e,uncommitted
r11_deep_retime_distance,C - retiming distance / effort limit,openroad_syn,,orig,unsupported,4.139,VIOLATED,,,,,,2523,,,,,,,,,,,,,,,,172.24800000000002,86.96610000000001,,,,vectorless,,3,5.0,37b5dafb6b8e,uncommitted
r11_deep_retime_distance,C - retiming distance / effort limit,openroad_syn,,orig,unsupported,5.085,VIOLATED,,,,,,2523,,,,,,,,,,,,,,,,162.672,81.9841,,,,vectorless,,3,4.0,37b5dafb6b8e,uncommitted
r11_deep_retime_distance,C - retiming distance / effort limit,openroad_syn,,orig,unsupported,6.189,VIOLATED,,,,,,2523,,,,,,,,,,,,,,,,153.20700000000002,77.0646,,,,vectorless,,3,4.0,37b5dafb6b8e,uncommitted
r11_deep_retime_distance,C - retiming distance / effort limit,openroad_syn,,orig,unsupported,7.49,VIOLATED,,,,,,2523,,,,,,,,,,,,,,,,142.733,71.6198,,,,vectorless,,3,4.0,37b5dafb6b8e,uncommitted
r11_deep_retime_distance,C - retiming distance / effort limit,openroad_syn,,orig,unsupported,9.027,VIOLATED,,,,,,2523,,,,,,,,,,,,,,,,132.792,66.4515,,,,vectorless,,3,5.0,37b5dafb6b8e,uncommitted
r11_deep_retime_distance,C - retiming distance / effort limit,openroad_syn,,retimed,unsupported,3.39,VIOLATED,,,,,,2082,,,,,,,,,,,,,,,,6.85342,3.01925,,,,vectorless,,2,3.0,37b5dafb6b8e,uncommitted
r11_deep_retime_distance,C - retiming distance / effort limit,openroad_syn,,retimed,unsupported,4.139,MET,,,,,,2082,,,,,,,,,,,,,,,,5.64315,2.4728800000000004,,,,vectorless,,2,3.0,37b5dafb6b8e,uncommitted
r11_deep_retime_distance,C - retiming distance / effort limit,openroad_syn,,retimed,unsupported,5.085,MET,,,,,,2082,,,,,,,,,,,,,,,,4.62409,2.01283,,,,vectorless,,2,3.0,37b5dafb6b8e,uncommitted
r11_deep_retime_distance,C - retiming distance / effort limit,openroad_syn,,retimed,unsupported,6.189,MET,,,,,,2082,,,,,,,,,,,,,,,,3.8287400000000003,1.65378,,,,vectorless,,2,2.0,37b5dafb6b8e,uncommitted
r11_deep_retime_distance,C - retiming distance / effort limit,openroad_syn,,retimed,unsupported,7.49,MET,,,,,,2082,,,,,,,,,,,,,,,,3.19243,1.36652,,,,vectorless,,2,3.0,37b5dafb6b8e,uncommitted
r11_deep_retime_distance,C - retiming distance / effort limit,openroad_syn,,retimed,unsupported,9.027,MET,,,,,,2082,,,,,,,,,,,,,,,,2.67703,1.13385,,,,vectorless,,2,3.0,37b5dafb6b8e,uncommitted
r11_deep_retime_distance,C - retiming distance / effort limit,vivado-xc7a100t,2025.2,directive,on,3.5,VIOLATED,,,,,,,,,,,,,,,,,,,,,,219.0,,,,,vectorless,582,538,571.0,,
r11_deep_retime_distance,C - retiming distance / effort limit,vivado-xc7a100t,2025.2,orig,off,3.5,VIOLATED,,,,,,,,,,,,,,,,,,,,,,219.0,,,,,vectorless,582,503,543.0,,
r11_deep_retime_distance,C - retiming distance / effort limit,vivado-xc7a100t,2025.2,orig,on,3.5,VIOLATED,,,,,,,,,,,,,,,,,,,,,,219.0,,,,,vectorless,582,533,568.0,,
r11_deep_retime_distance,C - retiming distance / effort limit,vivado-xc7a100t,2025.2,retimed,off,3.5,VIOLATED,,,,,,,,,,,,,,,,,,,,,,211.0,,,,,vectorless,582,721,758.0,,
r11_deep_retime_distance,C - retiming distance / effort limit,vivado-xcau7p,2025.2,directive,on,3.5,VIOLATED,,,,,,,,,,,,,,,,,,,,,,232.0,,,,,vectorless,581,257,279.0,,
r11_deep_retime_distance,C - retiming distance / effort limit,vivado-xcau7p,2025.2,orig,off,3.5,VIOLATED,,,,,,,,,,,,,,,,,,,,,,232.0,,,,,vectorless,581,274,293.0,,
r11_deep_retime_distance,C - retiming distance / effort limit,vivado-xcau7p,2025.2,orig,on,3.5,VIOLATED,,,,,,,,,,,,,,,,,,,,,,232.0,,,,,vectorless,581,275,291.0,,
r11_deep_retime_distance,C - retiming distance / effort limit,vivado-xcau7p,2025.2,retimed,off,3.5,VIOLATED,,,,,,,,,,,,,,,,,,,,,,231.0,,,,,vectorless,581,260,278.0,,
r11_deep_retime_distance,C - retiming distance / effort limit,vivado2023.1-xc7a100t,2023.1,directive,on,4.55,VIOLATED,,,,,,,,,,,,,,,,,,,,,,189.0,,,,,vectorless,582,37,47.0,,
r11_deep_retime_distance,C - retiming distance / effort limit,vivado2023.1-xc7a100t,2023.1,directive,on,5.6,VIOLATED,,,,,,,,,,,,,,,,,,,,,,170.0,,,,,vectorless,582,36,44.0,,
r11_deep_retime_distance,C - retiming distance / effort limit,vivado2023.1-xc7a100t,2023.1,directive,on,7.0,VIOLATED,,,,,,,,,,,,,,,,,,,,,,154.0,,,,,vectorless,582,36,44.0,,
r11_deep_retime_distance,C - retiming distance / effort limit,vivado2023.1-xc7a100t,2023.1,directive,on,8.4,VIOLATED,,,,,,,,,,,,,,,,,,,,,,144.0,,,,,vectorless,582,36,45.0,,
r11_deep_retime_distance,C - retiming distance / effort limit,vivado2023.1-xc7a100t,2023.1,directive,on,10.5,VIOLATED,,,,,,,,,,,,,,,,,,,,,,133.0,,,,,vectorless,582,36,45.0,,
r11_deep_retime_distance,C - retiming distance / effort limit,vivado2023.1-xc7a100t,2023.1,orig,off,4.55,VIOLATED,,,,,,,,,,,,,,,,,,,,,,189.0,,,,,vectorless,582,38,47.0,,
r11_deep_retime_distance,C - retiming distance / effort limit,vivado2023.1-xc7a100t,2023.1,orig,off,5.6,VIOLATED,,,,,,,,,,,,,,,,,,,,,,170.0,,,,,vectorless,582,37,45.0,,
r11_deep_retime_distance,C - retiming distance / effort limit,vivado2023.1-xc7a100t,2023.1,orig,off,7.0,VIOLATED,,,,,,,,,,,,,,,,,,,,,,154.0,,,,,vectorless,582,37,44.0,,
r11_deep_retime_distance,C - retiming distance / effort limit,vivado2023.1-xc7a100t,2023.1,orig,off,8.4,VIOLATED,,,,,,,,,,,,,,,,,,,,,,144.0,,,,,vectorless,582,39,58.0,,
r11_deep_retime_distance,C - retiming distance / effort limit,vivado2023.1-xc7a100t,2023.1,orig,off,10.5,VIOLATED,,,,,,,,,,,,,,,,,,,,,,133.0,,,,,vectorless,582,38,57.0,,
r11_deep_retime_distance,C - retiming distance / effort limit,vivado2023.1-xc7a100t,2023.1,orig,on,4.55,VIOLATED,,,,,,,,,,,,,,,,,,,,,,189.0,,,,,vectorless,582,37,46.0,,
r11_deep_retime_distance,C - retiming distance / effort limit,vivado2023.1-xc7a100t,2023.1,orig,on,5.6,VIOLATED,,,,,,,,,,,,,,,,,,,,,,170.0,,,,,vectorless,582,37,46.0,,
r11_deep_retime_distance,C - retiming distance / effort limit,vivado2023.1-xc7a100t,2023.1,orig,on,7.0,VIOLATED,,,,,,,,,,,,,,,,,,,,,,154.0,,,,,vectorless,582,37,48.0,,
r11_deep_retime_distance,C - retiming distance / effort limit,vivado2023.1-xc7a100t,2023.1,orig,on,8.4,VIOLATED,,,,,,,,,,,,,,,,,,,,,,144.0,,,,,vectorless,582,37,49.0,,
r11_deep_retime_distance,C - retiming distance / effort limit,vivado2023.1-xc7a100t,2023.1,orig,on,10.5,VIOLATED,,,,,,,,,,,,,,,,,,,,,,133.0,,,,,vectorless,582,37,46.0,,
r11_deep_retime_distance,C - retiming distance / effort limit,vivado2023.1-xc7a100t,2023.1,retimed,off,4.55,VIOLATED,,,,,,,,,,,,,,,,,,,,,,184.0,,,,,vectorless,582,38,46.0,,
r11_deep_retime_distance,C - retiming distance / effort limit,vivado2023.1-xc7a100t,2023.1,retimed,off,5.6,VIOLATED,,,,,,,,,,,,,,,,,,,,,,165.0,,,,,vectorless,582,37,46.0,,
r11_deep_retime_distance,C - retiming distance / effort limit,vivado2023.1-xc7a100t,2023.1,retimed,off,7.0,VIOLATED,,,,,,,,,,,,,,,,,,,,,,150.0,,,,,vectorless,582,33,41.0,,
r11_deep_retime_distance,C - retiming distance / effort limit,vivado2023.1-xc7a100t,2023.1,retimed,off,8.4,VIOLATED,,,,,,,,,,,,,,,,,,,,,,141.0,,,,,vectorless,582,34,42.0,,
r11_deep_retime_distance,C - retiming distance / effort limit,vivado2023.1-xc7a100t,2023.1,retimed,off,10.5,VIOLATED,,,,,,,,,,,,,,,,,,,,,,131.0,,,,,vectorless,582,33,41.0,,
r11_deep_retime_distance,C - retiming distance / effort limit,yosys,0.58,directive,on,3.39,VIOLATED,,,,,,2947,4009.418,,,,,,,,,,,,,,,362.0,195.0,,,,vectorless,,4.0,5.0,37b5dafb6b8e,uncommitted
r11_deep_retime_distance,C - retiming distance / effort limit,yosys,0.58,directive,on,4.139,VIOLATED,,,,,,2947,4009.418,,,,,,,,,,,,,,,347.0,187.0,,,,vectorless,,4.0,5.0,37b5dafb6b8e,uncommitted
r11_deep_retime_distance,C - retiming distance / effort limit,yosys,0.58,directive,on,5.085,VIOLATED,,,,,,2947,4009.418,,,,,,,,,,,,,,,330.0,178.0,,,,vectorless,,5.0,5.0,37b5dafb6b8e,uncommitted
r11_deep_retime_distance,C - retiming distance / effort limit,yosys,0.58,directive,on,6.189,MET,,,,,,2947,4009.418,,,,,,,,,,,,,,,314.0,169.0,,,,vectorless,,6.0,6.0,37b5dafb6b8e,uncommitted
r11_deep_retime_distance,C - retiming distance / effort limit,yosys,0.58,directive,on,7.49,MET,,,,,,2947,4009.418,,,,,,,,,,,,,,,297.0,160.0,,,,vectorless,,8.0,9.0,37b5dafb6b8e,uncommitted
r11_deep_retime_distance,C - retiming distance / effort limit,yosys,0.58,directive,on,9.027,MET,,,,,,2947,4009.418,,,,,,,,,,,,,,,280.0,151.0,,,,vectorless,,7.0,8.0,37b5dafb6b8e,uncommitted
r11_deep_retime_distance,C - retiming distance / effort limit,yosys,0.58,orig,off,3.39,VIOLATED,,,,,,2851,2536.842,,,,,,,,,,,,,,,191.0,94.3,,,,vectorless,,3.0,3.0,37b5dafb6b8e,uncommitted
r11_deep_retime_distance,C - retiming distance / effort limit,yosys,0.58,orig,off,4.139,VIOLATED,,,,,,2851,2536.842,,,,,,,,,,,,,,,184.0,90.80000000000001,,,,vectorless,,3.0,3.0,37b5dafb6b8e,uncommitted
r11_deep_retime_distance,C - retiming distance / effort limit,yosys,0.58,orig,off,5.085,VIOLATED,,,,,,2851,2536.842,,,,,,,,,,,,,,,177.0,87.2,,,,vectorless,,3.0,4.0,37b5dafb6b8e,uncommitted
r11_deep_retime_distance,C - retiming distance / effort limit,yosys,0.58,orig,off,6.189,VIOLATED,,,,,,2851,2536.842,,,,,,,,,,,,,,,171.0,83.9,,,,vectorless,,3.0,4.0,37b5dafb6b8e,uncommitted
r11_deep_retime_distance,C - retiming distance / effort limit,yosys,0.58,orig,off,7.49,VIOLATED,,,,,,2851,2536.842,,,,,,,,,,,,,,,164.0,80.5,,,,vectorless,,4.0,4.0,37b5dafb6b8e,uncommitted
r11_deep_retime_distance,C - retiming distance / effort limit,yosys,0.58,orig,off,9.027,VIOLATED,,,,,,2851,2536.842,,,,,,,,,,,,,,,158.0,77.3,,,,vectorless,,4.0,4.0,37b5dafb6b8e,uncommitted
r11_deep_retime_distance,C - retiming distance / effort limit,yosys,0.58,orig,on,3.39,VIOLATED,,,,,,2947,4009.418,,,,,,,,,,,,,,,362.0,195.0,,,,vectorless,,7.0,8.0,37b5dafb6b8e,uncommitted
r11_deep_retime_distance,C - retiming distance / effort limit,yosys,0.58,orig,on,4.139,VIOLATED,,,,,,2947,4009.418,,,,,,,,,,,,,,,347.0,187.0,,,,vectorless,,7.0,8.0,37b5dafb6b8e,uncommitted
r11_deep_retime_distance,C - retiming distance / effort limit,yosys,0.58,orig,on,5.085,VIOLATED,,,,,,2947,4009.418,,,,,,,,,,,,,,,330.0,178.0,,,,vectorless,,5.0,6.0,37b5dafb6b8e,uncommitted
r11_deep_retime_distance,C - retiming distance / effort limit,yosys,0.58,orig,on,6.189,MET,,,,,,2947,4009.418,,,,,,,,,,,,,,,314.0,169.0,,,,vectorless,,5.0,6.0,37b5dafb6b8e,uncommitted
r11_deep_retime_distance,C - retiming distance / effort limit,yosys,0.58,orig,on,7.49,MET,,,,,,2947,4009.418,,,,,,,,,,,,,,,297.0,160.0,,,,vectorless,,6.0,7.0,37b5dafb6b8e,uncommitted
r11_deep_retime_distance,C - retiming distance / effort limit,yosys,0.58,orig,on,9.027,MET,,,,,,2947,4009.418,,,,,,,,,,,,,,,280.0,151.0,,,,vectorless,,6.0,7.0,37b5dafb6b8e,uncommitted
r11_deep_retime_distance,C - retiming distance / effort limit,yosys,0.58,retimed,off,3.39,MET,,,,,,2873,2456.244,,,,,,,,,,,,,,,9.74,4.13,,,,vectorless,,2.0,2.0,37b5dafb6b8e,uncommitted
r11_deep_retime_distance,C - retiming distance / effort limit,yosys,0.58,retimed,off,4.139,MET,,,,,,2873,2456.244,,,,,,,,,,,,,,,8.01,3.3800000000000003,,,,vectorless,,1.0,2.0,37b5dafb6b8e,uncommitted
r11_deep_retime_distance,C - retiming distance / effort limit,yosys,0.58,retimed,off,5.085,MET,,,,,,2873,2456.244,,,,,,,,,,,,,,,6.550000000000001,2.75,,,,vectorless,,2.0,2.0,37b5dafb6b8e,uncommitted
r11_deep_retime_distance,C - retiming distance / effort limit,yosys,0.58,retimed,off,6.189,MET,,,,,,2873,2456.244,,,,,,,,,,,,,,,5.41,2.26,,,,vectorless,,2.0,3.0,37b5dafb6b8e,uncommitted
r11_deep_retime_distance,C - retiming distance / effort limit,yosys,0.58,retimed,off,7.49,MET,,,,,,2873,2456.244,,,,,,,,,,,,,,,4.5,1.8699999999999999,,,,vectorless,,2.0,2.0,37b5dafb6b8e,uncommitted
r11_deep_retime_distance,C - retiming distance / effort limit,yosys,0.58,retimed,off,9.027,MET,,,,,,2873,2456.244,,,,,,,,,,,,,,,3.76,1.55,,,,vectorless,,2.0,2.0,37b5dafb6b8e,uncommitted
r12_wide_reduction_tree,C - classical unbalanced pipeline,,,directive,,0.4228,,,,,,,,,,,,,,,,,,,,,,,,,,,,,,,,b0e35b88920a,33c3049
r12_wide_reduction_tree,C - classical unbalanced pipeline,,,directive,,0.4228,,,,,,,,,,,,,,,,,,,,,,,,,,,,,,,17.0,,
r12_wide_reduction_tree,C - classical unbalanced pipeline,,,retimed,,0.4228,,,,,,,,,,,,,,,,,,,,,,,,,,,,,,,,b0e35b88920a,33c3049
r12_wide_reduction_tree,C - classical unbalanced pipeline,,,retimed,,0.4228,,,,,,,,,,,,,,,,,,,,,,,,,,,,,,,21.0,,
r12_wide_reduction_tree,C - classical unbalanced pipeline,genus,23.12-s086_1,directive,off,0.1032,VIOLATED,,,,50,32,780,1983.9317030000002,,,,,,,,,,,,,,,22.2425,9.64879,6.22259,15.4735,0.546376,probabilistic,,62,82.0,b0e35b88920a,33c3049
r12_wide_reduction_tree,C - classical unbalanced pipeline,genus,23.12-s086_1,directive,off,0.1374,VIOLATED,,,,105,112,845,2159.3337905,,,,,,,,,,,,,,,14.1321,4.9286900000000005,6.78974,6.503959999999999,0.83837,probabilistic,,48,75.0,b0e35b88920a,4f7c7a48
r12_wide_reduction_tree,C - classical unbalanced pipeline,genus,23.12-s086_1,directive,off,0.1474,VIOLATED,,,,41,32,766,1890.15038475,,,,,,,,,,,,,,,13.9959,6.30568,3.62142,10.0708,0.30373100000000003,probabilistic,,48,65.0,b0e35b88920a,33c3049
r12_wide_reduction_tree,C - classical unbalanced pipeline,genus,23.12-s086_1,directive,off,0.1764,VIOLATED,,,,109,112,882,2255.14246125,,,,,,,,,,,,,,,11.5731,4.1831000000000005,5.2812,5.615550000000001,0.676338,probabilistic,,39,53.0,b0e35b88920a,4f7c7a48
r12_wide_reduction_tree,C - classical unbalanced pipeline,genus,23.12-s086_1,directive,off,0.264,VIOLATED,,,,,,639,1618.6546202499999,,,,,,,,,,,,,,,6.82951,2.77968,2.3241300000000003,4.30097,0.20441700000000002,probabilistic,,19,27.0,7239185c9b5c,uncommitted
r12_wide_reduction_tree,C - classical unbalanced pipeline,genus,23.12-s086_1,directive,off,0.2748,MET,,,,122,112,532,1679.7291865,,,,,,,,,,,,,,,6.31649,1.79715,3.7020999999999997,2.12828,0.486114,probabilistic,,24,38.0,b0e35b88920a,4f7c7a48
r12_wide_reduction_tree,C - classical unbalanced pipeline,genus,23.12-s086_1,directive,off,0.5496,MET,,,,59,112,236,969.3255715,,,,,,,,,,,,,,,1.65008,0.441565,0.869148,0.664029,0.11690500000000001,probabilistic,,12,24.0,b0e35b88920a,4f7c7a48
r12_wide_reduction_tree,C - classical unbalanced pipeline,genus,23.12-s086_1,directive,off,0.6221,MET,,,,,,341,1070.13522325,,,,,,,,,,,,,,,2.0006899999999996,0.725605,0.73241,1.18484,0.0834416,probabilistic,,10,19.0,7239185c9b5c,uncommitted
r12_wide_reduction_tree,C - classical unbalanced pipeline,genus,23.12-s086_1,directive,off,0.898,MET,,,,,,157,706.13444275,,,,,,,,,,,,,,,0.828558,0.259461,0.344733,0.441381,0.042444300000000004,probabilistic,,8,16.0,7239185c9b5c,uncommitted
r12_wide_reduction_tree,C - classical unbalanced pipeline,genus,23.12-s086_1,orig,off,0.1032,VIOLATED,,,,15,32,848,2070.771849,,,,,,,,,,,,,,,23.639799999999997,12.619299999999999,1.54239,21.9379,0.15945700000000002,probabilistic,,104,127.0,b0e35b88920a,33c3049
r12_wide_reduction_tree,C - classical unbalanced pipeline,genus,23.12-s086_1,orig,off,0.1474,VIOLATED,,,,15,32,833,2116.922269,,,,,,,,,,,,,,,17.183699999999998,9.13804,1.0391000000000001,16.0321,0.112463,probabilistic,,84,102.0,b0e35b88920a,33c3049
r12_wide_reduction_tree,C - classical unbalanced pipeline,genus,23.12-s086_1,orig,off,0.1764,VIOLATED,,,,87,112,939,2495.687261,,,,,,,,,,,,,,,13.1255,5.61726,3.9153000000000002,8.673770000000001,0.536406,probabilistic,,93,107.0,b0e35b88920a,4f7c7a48
r12_wide_reduction_tree,C - classical unbalanced pipeline,genus,23.12-s086_1,orig,off,0.264,VIOLATED,,,,,,880,2146.5978545,,,,,,,,,,,,,,,9.03876,4.73312,0.6947150000000001,8.28079,0.06325,probabilistic,,53,62.0,7239185c9b5c,uncommitted
r12_wide_reduction_tree,C - classical unbalanced pipeline,genus,23.12-s086_1,orig,off,0.4228,VIOLATED,,,,15,32,883,2252.1198244999996,,,,,,,,,,,,,,,6.70953,3.58629,0.38198000000000004,6.28805,0.0394939,probabilistic,,85,99.0,b0e35b88920a,33c3049
r12_wide_reduction_tree,C - classical unbalanced pipeline,genus,23.12-s086_1,orig,off,0.5496,VIOLATED,,,,87,112,999,2590.50404825,,,,,,,,,,,,,,,4.30708,1.85236,1.2362,2.89827,0.172606,probabilistic,,72,84.0,b0e35b88920a,4f7c7a48
r12_wide_reduction_tree,C - classical unbalanced pipeline,genus,23.12-s086_1,orig,off,0.8982,MET,,,,,,717,1660.10566325,,,,,,,,,,,,,,,1.90076,0.9612689999999999,0.17444199999999999,1.7078600000000002,0.0184558,probabilistic,,18,26.0,7239185c9b5c,uncommitted
r12_wide_reduction_tree,C - classical unbalanced pipeline,genus,23.12-s086_1,orig,on,0.1032,VIOLATED,,,,50,32,780,1983.9317030000002,,,,,,,,,,,,,,,22.2425,9.64879,6.22259,15.4735,0.546376,probabilistic,,79,103.0,b0e35b88920a,33c3049
r12_wide_reduction_tree,C - classical unbalanced pipeline,genus,23.12-s086_1,orig,on,0.1374,VIOLATED,,,,105,112,845,2159.3337905,,,,,,,,,,,,,,,14.1321,4.9286900000000005,6.78974,6.503959999999999,0.83837,probabilistic,,54,66.0,b0e35b88920a,4f7c7a48
r12_wide_reduction_tree,C - classical unbalanced pipeline,genus,23.12-s086_1,orig,on,0.1474,VIOLATED,,,,41,32,766,1890.15038475,,,,,,,,,,,,,,,13.9959,6.30568,3.62142,10.0708,0.30373100000000003,probabilistic,,50,69.0,b0e35b88920a,33c3049
r12_wide_reduction_tree,C - classical unbalanced pipeline,genus,23.12-s086_1,orig,on,0.1764,VIOLATED,,,,109,112,882,2255.14246125,,,,,,,,,,,,,,,11.5731,4.1831000000000005,5.2812,5.615550000000001,0.676338,probabilistic,,43,56.0,b0e35b88920a,4f7c7a48
r12_wide_reduction_tree,C - classical unbalanced pipeline,genus,23.12-s086_1,orig,on,0.264,VIOLATED,,,,,,639,1618.6546202499999,,,,,,,,,,,,,,,6.82951,2.77968,2.3241300000000003,4.30097,0.20441700000000002,probabilistic,,19,27.0,7239185c9b5c,uncommitted
r12_wide_reduction_tree,C - classical unbalanced pipeline,genus,23.12-s086_1,orig,on,0.2748,MET,,,,122,112,532,1679.7291865,,,,,,,,,,,,,,,6.31649,1.79715,3.7020999999999997,2.12828,0.486114,probabilistic,,19,32.0,b0e35b88920a,4f7c7a48
r12_wide_reduction_tree,C - classical unbalanced pipeline,genus,23.12-s086_1,orig,on,0.4228,MET,,,,34,32,265,873.777362,,,,,,,,,,,,,,,2.35994,0.823356,0.917725,1.35435,0.0878595,probabilistic,,17,33.0,b0e35b88920a,33c3049
r12_wide_reduction_tree,C - classical unbalanced pipeline,genus,23.12-s086_1,orig,on,0.5496,MET,,,,59,112,236,969.3255715,,,,,,,,,,,,,,,1.65008,0.441565,0.869148,0.664029,0.11690500000000001,probabilistic,,12,24.0,b0e35b88920a,4f7c7a48
r12_wide_reduction_tree,C - classical unbalanced pipeline,genus,23.12-s086_1,orig,on,0.6221,MET,,,,,,341,1070.13522325,,,,,,,,,,,,,,,2.0006899999999996,0.725605,0.73241,1.18484,0.0834416,probabilistic,,10,19.0,7239185c9b5c,uncommitted
r12_wide_reduction_tree,C - classical unbalanced pipeline,genus,23.12-s086_1,orig,on,0.898,MET,,,,,,157,706.13444275,,,,,,,,,,,,,,,0.828558,0.259461,0.344733,0.441381,0.042444300000000004,probabilistic,,8,17.0,7239185c9b5c,uncommitted
r12_wide_reduction_tree,C - classical unbalanced pipeline,genus,23.12-s086_1,retimed,off,0.1032,VIOLATED,,,,28,80,847,1940.9826235,,,,,,,,,,,,,,,16.5484,8.00439,3.0596400000000004,13.1933,0.29546500000000003,probabilistic,,64,90.0,b0e35b88920a,33c3049
r12_wide_reduction_tree,C - classical unbalanced pipeline,genus,23.12-s086_1,retimed,off,0.1474,VIOLATED,,,,28,80,839,2000.42120225,,,,,,,,,,,,,,,13.046800000000001,6.3850299999999995,2.0915399999999997,10.7484,0.206866,probabilistic,,61,80.0,b0e35b88920a,33c3049
r12_wide_reduction_tree,C - classical unbalanced pipeline,genus,23.12-s086_1,retimed,off,0.1764,VIOLATED,,,,100,160,1000,2588.05468325,,,,,,,,,,,,,,,11.5218,4.54688,4.403899999999999,6.50056,0.617347,probabilistic,,58,73.0,b0e35b88920a,4f7c7a48
r12_wide_reduction_tree,C - classical unbalanced pipeline,genus,23.12-s086_1,retimed,off,0.264,VIOLATED,,,,,,870,2129.8467565,,,,,,,,,,,,,,,7.589720000000001,3.61137,1.33056,6.14091,0.11825000000000001,probabilistic,,42,50.0,7239185c9b5c,uncommitted
r12_wide_reduction_tree,C - classical unbalanced pipeline,genus,23.12-s086_1,retimed,off,0.2748,VIOLATED,,,,100,160,1130,2904.28795325,,,,,,,,,,,,,,,8.4861,3.48585,2.92733,5.163349999999999,0.395408,probabilistic,,90,103.0,b0e35b88920a,4f7c7a48
r12_wide_reduction_tree,C - classical unbalanced pipeline,genus,23.12-s086_1,retimed,off,0.5496,MET,,,,100,160,459,1560.1751455,,,,,,,,,,,,,,,2.6739200000000003,0.756774,1.42144,1.05433,0.19814400000000001,probabilistic,,11,23.0,b0e35b88920a,4f7c7a48
r12_wide_reduction_tree,C - classical unbalanced pipeline,genus,23.12-s086_1,retimed,off,0.6983,MET,,,,,,604,1578.13449775,,,,,,,,,,,,,,,2.31018,1.01547,0.49713100000000005,1.76834,0.0447057,probabilistic,,13,22.0,7239185c9b5c,uncommitted
r12_wide_reduction_tree,C - classical unbalanced pipeline,genus,23.12-s086_1,retimed,off,0.898,MET,,,,,,151,701.0675914999999,,,,,,,,,,,,,,,0.747378,0.221838,0.302632,0.41079099999999996,0.0339555,probabilistic,,5,13.0,7239185c9b5c,uncommitted
r12_wide_reduction_tree,C - classical unbalanced pipeline,innovus-nangate45,23.12-s091_1,directive,off,0.1032,,-0.149,-2.385,19.0,50,,837,,4378.0,81.867,0,0.0,0.0,0.56,0.178,0.001,,,,,10,0,16.8841684,7.30483167,,,0.0,probabilistic,,150,182.0,,
r12_wide_reduction_tree,C - classical unbalanced pipeline,innovus-nangate45,23.12-s091_1,directive,off,0.1474,,-0.113,-1.169,12.0,41,,802,,4368.805,82.202,0,0.0,0.0,1.12,0.176,0.002,,,,,10,0,11.35891138,5.14514072,,,0.0,probabilistic,,146,169.0,,
r12_wide_reduction_tree,C - classical unbalanced pipeline,innovus-nangate45,23.12-s091_1,directive,off,0.1764,,-0.064,-1.671,46.0,109,,988,,6403.88,84.83,0,0.0,0.0,0.87,0.227,0.002,,,,,10,0,11.79076673,4.55639076,,,2.212,probabilistic,,162,19.0,,
r12_wide_reduction_tree,C - classical unbalanced pipeline,innovus-nangate45,23.12-s091_1,orig,off,0.1032,,-0.03,-0.165,7.0,15,,894,,4632.2,93.536,2,0.15,0.0,0.24,0.423,0.001,,,,,10,0,35.10539499,18.34254586,,,0.0,probabilistic,,150,180.0,,
r12_wide_reduction_tree,C - classical unbalanced pipeline,innovus-nangate45,23.12-s091_1,orig,off,0.1474,,0.007,0.0,0.0,15,,870,,4817.925,90.41,0,0.0,0.0,0.7,0.423,0.003,,,,,10,0,23.69740659,12.31582239,,,0.0,probabilistic,,130,156.0,,
r12_wide_reduction_tree,C - classical unbalanced pipeline,innovus-nangate45,23.12-s091_1,orig,off,0.1764,,-0.378,-2.539,7.0,87,,1026,,7990.975,89.776,0,0.0,0.0,0.45,0.667,0.003,,,,,10,0,25.97374548,13.02512094,,,1.586,probabilistic,,238,19.0,,
r12_wide_reduction_tree,C - classical unbalanced pipeline,innovus-nangate45,23.12-s091_1,orig,off,0.4228,,0.259,0.0,0.0,15,,905,,5216.565,86.191,0,0.0,0.0,0.48,0.419,0.002,,,,,10,0,9.05327574,4.76440279,,,0.0,probabilistic,,144,174.0,,
r12_wide_reduction_tree,C - classical unbalanced pipeline,innovus-nangate45,23.12-s091_1,orig,on,0.1032,,-0.149,-2.385,19.0,50,,837,,4378.0,81.867,0,0.0,0.0,0.56,0.178,0.001,,,,,10,0,16.8841684,7.30483167,,,0.0,probabilistic,,162,194.0,,
r12_wide_reduction_tree,C - classical unbalanced pipeline,innovus-nangate45,23.12-s091_1,orig,on,0.1474,,-0.113,-1.169,12.0,41,,802,,4368.805,82.202,0,0.0,0.0,1.12,0.176,0.002,,,,,10,0,11.35891138,5.14514072,,,0.0,probabilistic,,140,167.0,,
r12_wide_reduction_tree,C - classical unbalanced pipeline,innovus-nangate45,23.12-s091_1,orig,on,0.1764,,-0.064,-1.671,46.0,109,,988,,6403.88,84.83,0,0.0,0.0,0.87,0.227,0.002,,,,,10,0,11.79076673,4.55639076,,,2.212,probabilistic,,172,20.0,,
r12_wide_reduction_tree,C - classical unbalanced pipeline,innovus-nangate45,23.12-s091_1,orig,on,0.4228,,0.017,0.0,0.0,34,,337,,2425.175,73.831,0,0.0,0.0,0.0,0.3,0.0,,,,,10,0,1.64921004,0.58214015,,,0.0,probabilistic,,90,116.0,,
r12_wide_reduction_tree,C - classical unbalanced pipeline,innovus-nangate45,23.12-s091_1,retimed,off,0.1032,,-0.22,-1.341,7.0,28,,942,,4570.79,88.62,0,0.0,0.0,0.4,0.248,0.001,,,,,10,0,17.76162883,8.60070146,,,1.166,probabilistic,,174,204.0,,
r12_wide_reduction_tree,C - classical unbalanced pipeline,innovus-nangate45,23.12-s091_1,retimed,off,0.1474,,-0.197,-1.182,7.0,28,,948,,4398.18,91.727,0,0.0,0.0,0.66,0.299,0.002,,,,,10,0,13.67769182,6.52403025,,,0.0,probabilistic,,154,180.0,,
r12_wide_reduction_tree,C - classical unbalanced pipeline,innovus-nangate45,23.12-s091_1,retimed,off,0.1764,,-0.195,-4.549,27.0,100,,1097,,7304.26,81.328,0,0.0,0.0,0.21,0.474,0.001,,,,,10,0,16.28953661,7.35448658,,,1.845,probabilistic,,235,23.0,,
r12_wide_reduction_tree,C - classical unbalanced pipeline,openroad_syn,,directive,unsupported,0.788,VIOLATED,,,,,,767,,,,,,,,,,,,,,,,16.622,7.65577,,,,vectorless,,1,1.0,b0e35b88920a,uncommitted
r12_wide_reduction_tree,C - classical unbalanced pipeline,openroad_syn,,directive,unsupported,0.962,VIOLATED,,,,,,767,,,,,,,,,,,,,,,,13.922600000000001,6.40473,,,,vectorless,,1,1.0,b0e35b88920a,uncommitted
r12_wide_reduction_tree,C - classical unbalanced pipeline,openroad_syn,,directive,unsupported,1.182,VIOLATED,,,,,,767,,,,,,,,,,,,,,,,11.6109,5.32597,,,,vectorless,,1,1.0,b0e35b88920a,uncommitted
r12_wide_reduction_tree,C - classical unbalanced pipeline,openroad_syn,,directive,unsupported,1.438,VIOLATED,,,,,,767,,,,,,,,,,,,,,,,9.694849999999999,4.4355,,,,vectorless,,1,1.0,b0e35b88920a,uncommitted
r12_wide_reduction_tree,C - classical unbalanced pipeline,openroad_syn,,directive,unsupported,1.74,VIOLATED,,,,,,767,,,,,,,,,,,,,,,,8.11627,3.7031899999999998,,,,vectorless,,0,2.0,b0e35b88920a,uncommitted
r12_wide_reduction_tree,C - classical unbalanced pipeline,openroad_syn,,directive,unsupported,2.098,VIOLATED,,,,,,767,,,,,,,,,,,,,,,,6.76002,3.0799299999999996,,,,vectorless,,0,2.0,b0e35b88920a,uncommitted
r12_wide_reduction_tree,C - classical unbalanced pipeline,openroad_syn,,orig,unsupported,0.788,VIOLATED,,,,,,767,,,,,,,,,,,,,,,,16.622,7.65577,,,,vectorless,,1,1.0,b0e35b88920a,uncommitted
r12_wide_reduction_tree,C - classical unbalanced pipeline,openroad_syn,,orig,unsupported,0.962,VIOLATED,,,,,,767,,,,,,,,,,,,,,,,13.922600000000001,6.40473,,,,vectorless,,1,1.0,b0e35b88920a,uncommitted
r12_wide_reduction_tree,C - classical unbalanced pipeline,openroad_syn,,orig,unsupported,1.182,VIOLATED,,,,,,767,,,,,,,,,,,,,,,,11.6109,5.32597,,,,vectorless,,1,2.0,b0e35b88920a,uncommitted
r12_wide_reduction_tree,C - classical unbalanced pipeline,openroad_syn,,orig,unsupported,1.438,VIOLATED,,,,,,767,,,,,,,,,,,,,,,,9.694849999999999,4.4355,,,,vectorless,,1,1.0,b0e35b88920a,uncommitted
r12_wide_reduction_tree,C - classical unbalanced pipeline,openroad_syn,,orig,unsupported,1.74,VIOLATED,,,,,,767,,,,,,,,,,,,,,,,8.11627,3.7031899999999998,,,,vectorless,,1,1.0,b0e35b88920a,uncommitted
r12_wide_reduction_tree,C - classical unbalanced pipeline,openroad_syn,,orig,unsupported,2.098,VIOLATED,,,,,,767,,,,,,,,,,,,,,,,6.76002,3.0799299999999996,,,,vectorless,,1,1.0,b0e35b88920a,uncommitted
r12_wide_reduction_tree,C - classical unbalanced pipeline,openroad_syn,,retimed,unsupported,0.788,VIOLATED,,,,,,547,,,,,,,,,,,,,,,,2.1764,0.808674,,,,vectorless,,1,1.0,b0e35b88920a,uncommitted
r12_wide_reduction_tree,C - classical unbalanced pipeline,openroad_syn,,retimed,unsupported,0.962,VIOLATED,,,,,,547,,,,,,,,,,,,,,,,1.7896100000000001,0.662407,,,,vectorless,,1,1.0,b0e35b88920a,uncommitted
r12_wide_reduction_tree,C - classical unbalanced pipeline,openroad_syn,,retimed,unsupported,1.182,VIOLATED,,,,,,547,,,,,,,,,,,,,,,,1.46387,0.5391159999999999,,,,vectorless,,1,1.0,b0e35b88920a,uncommitted
r12_wide_reduction_tree,C - classical unbalanced pipeline,openroad_syn,,retimed,unsupported,1.438,MET,,,,,,547,,,,,,,,,,,,,,,,1.2102899999999999,0.44314000000000003,,,,vectorless,,1,1.0,b0e35b88920a,uncommitted
r12_wide_reduction_tree,C - classical unbalanced pipeline,openroad_syn,,retimed,unsupported,1.74,MET,,,,,,547,,,,,,,,,,,,,,,,1.00767,0.366227,,,,vectorless,,0,1.0,b0e35b88920a,uncommitted
r12_wide_reduction_tree,C - classical unbalanced pipeline,openroad_syn,,retimed,unsupported,2.098,MET,,,,,,547,,,,,,,,,,,,,,,,0.843443,0.30373500000000003,,,,vectorless,,0,1.0,b0e35b88920a,uncommitted
r12_wide_reduction_tree,C - classical unbalanced pipeline,vivado-xc7a100t,2025.2,directive,on,4.0,VIOLATED,,,,,,,,,,,,,,,,,,,,,,156.0,,,,,vectorless,114,366,402.0,,
r12_wide_reduction_tree,C - classical unbalanced pipeline,vivado-xc7a100t,2025.2,orig,off,4.0,VIOLATED,,,,,,,,,,,,,,,,,,,,,,156.0,,,,,vectorless,114,343,380.0,,
r12_wide_reduction_tree,C - classical unbalanced pipeline,vivado-xc7a100t,2025.2,orig,on,4.0,VIOLATED,,,,,,,,,,,,,,,,,,,,,,156.0,,,,,vectorless,114,326,365.0,,
r12_wide_reduction_tree,C - classical unbalanced pipeline,vivado-xc7a100t,2025.2,retimed,off,4.0,VIOLATED,,,,,,,,,,,,,,,,,,,,,,161.0,,,,,vectorless,119,408,449.0,,
r12_wide_reduction_tree,C - classical unbalanced pipeline,vivado-xcau7p,2025.2,directive,on,4.0,VIOLATED,,,,,,,,,,,,,,,,,,,,,,163.0,,,,,vectorless,113,216,232.0,,
r12_wide_reduction_tree,C - classical unbalanced pipeline,vivado-xcau7p,2025.2,orig,off,4.0,VIOLATED,,,,,,,,,,,,,,,,,,,,,,163.0,,,,,vectorless,113,204,221.0,,
r12_wide_reduction_tree,C - classical unbalanced pipeline,vivado-xcau7p,2025.2,orig,on,4.0,VIOLATED,,,,,,,,,,,,,,,,,,,,,,163.0,,,,,vectorless,113,207,226.0,,
r12_wide_reduction_tree,C - classical unbalanced pipeline,vivado-xcau7p,2025.2,retimed,off,4.0,VIOLATED,,,,,,,,,,,,,,,,,,,,,,164.0,,,,,vectorless,116,229,244.0,,
r12_wide_reduction_tree,C - classical unbalanced pipeline,vivado2023.1-xc7a100t,2023.1,directive,on,5.2,VIOLATED,,,,,,,,,,,,,,,,,,,,,,140.0,,,,,vectorless,590,40,48.0,,
r12_wide_reduction_tree,C - classical unbalanced pipeline,vivado2023.1-xc7a100t,2023.1,directive,on,6.4,VIOLATED,,,,,,,,,,,,,,,,,,,,,,128.0,,,,,vectorless,590,34,44.0,,
r12_wide_reduction_tree,C - classical unbalanced pipeline,vivado2023.1-xc7a100t,2023.1,directive,on,8.0,VIOLATED,,,,,,,,,,,,,,,,,,,,,,120.0,,,,,vectorless,590,31,39.0,,
r12_wide_reduction_tree,C - classical unbalanced pipeline,vivado2023.1-xc7a100t,2023.1,directive,on,9.6,VIOLATED,,,,,,,,,,,,,,,,,,,,,,116.0,,,,,vectorless,574,45,54.0,,
r12_wide_reduction_tree,C - classical unbalanced pipeline,vivado2023.1-xc7a100t,2023.1,directive,on,12.0,MET,,,,,,,,,,,,,,,,,,,,,,110.0,,,,,vectorless,574,28,40.0,,
r12_wide_reduction_tree,C - classical unbalanced pipeline,vivado2023.1-xc7a100t,2023.1,orig,off,5.2,VIOLATED,,,,,,,,,,,,,,,,,,,,,,140.0,,,,,vectorless,590,34,42.0,,
r12_wide_reduction_tree,C - classical unbalanced pipeline,vivado2023.1-xc7a100t,2023.1,orig,off,6.4,VIOLATED,,,,,,,,,,,,,,,,,,,,,,128.0,,,,,vectorless,590,33,41.0,,
r12_wide_reduction_tree,C - classical unbalanced pipeline,vivado2023.1-xc7a100t,2023.1,orig,off,8.0,VIOLATED,,,,,,,,,,,,,,,,,,,,,,120.0,,,,,vectorless,590,31,41.0,,
r12_wide_reduction_tree,C - classical unbalanced pipeline,vivado2023.1-xc7a100t,2023.1,orig,off,9.6,VIOLATED,,,,,,,,,,,,,,,,,,,,,,116.0,,,,,vectorless,574,48,56.0,,
r12_wide_reduction_tree,C - classical unbalanced pipeline,vivado2023.1-xc7a100t,2023.1,orig,off,12.0,MET,,,,,,,,,,,,,,,,,,,,,,110.0,,,,,vectorless,574,32,41.0,,
r12_wide_reduction_tree,C - classical unbalanced pipeline,vivado2023.1-xc7a100t,2023.1,orig,on,5.2,VIOLATED,,,,,,,,,,,,,,,,,,,,,,140.0,,,,,vectorless,590,35,43.0,,
r12_wide_reduction_tree,C - classical unbalanced pipeline,vivado2023.1-xc7a100t,2023.1,orig,on,6.4,VIOLATED,,,,,,,,,,,,,,,,,,,,,,128.0,,,,,vectorless,590,34,42.0,,
r12_wide_reduction_tree,C - classical unbalanced pipeline,vivado2023.1-xc7a100t,2023.1,orig,on,8.0,VIOLATED,,,,,,,,,,,,,,,,,,,,,,120.0,,,,,vectorless,590,31,39.0,,
r12_wide_reduction_tree,C - classical unbalanced pipeline,vivado2023.1-xc7a100t,2023.1,orig,on,9.6,VIOLATED,,,,,,,,,,,,,,,,,,,,,,116.0,,,,,vectorless,574,46,54.0,,
r12_wide_reduction_tree,C - classical unbalanced pipeline,vivado2023.1-xc7a100t,2023.1,orig,on,12.0,MET,,,,,,,,,,,,,,,,,,,,,,110.0,,,,,vectorless,574,28,39.0,,
r12_wide_reduction_tree,C - classical unbalanced pipeline,vivado2023.1-xc7a100t,2023.1,retimed,off,5.2,VIOLATED,,,,,,,,,,,,,,,,,,,,,,142.0,,,,,vectorless,601,67,78.0,,
r12_wide_reduction_tree,C - classical unbalanced pipeline,vivado2023.1-xc7a100t,2023.1,retimed,off,6.4,VIOLATED,,,,,,,,,,,,,,,,,,,,,,132.0,,,,,vectorless,601,30,46.0,,
r12_wide_reduction_tree,C - classical unbalanced pipeline,vivado2023.1-xc7a100t,2023.1,retimed,off,8.0,VIOLATED,,,,,,,,,,,,,,,,,,,,,,124.0,,,,,vectorless,566,36,52.0,,
r12_wide_reduction_tree,C - classical unbalanced pipeline,vivado2023.1-xc7a100t,2023.1,retimed,off,9.6,MET,,,,,,,,,,,,,,,,,,,,,,119.0,,,,,vectorless,566,35,45.0,,
r12_wide_reduction_tree,C - classical unbalanced pipeline,vivado2023.1-xc7a100t,2023.1,retimed,off,12.0,MET,,,,,,,,,,,,,,,,,,,,,,113.0,,,,,vectorless,566,35,46.0,,
r12_wide_reduction_tree,C - classical unbalanced pipeline,yosys,0.58,directive,on,0.788,VIOLATED,,,,,,347,832.314,,,,,,,,,,,,,,,2.96,1.46,,,,vectorless,,1.0,1.0,b0e35b88920a,uncommitted
r12_wide_reduction_tree,C - classical unbalanced pipeline,yosys,0.58,directive,on,0.962,MET,,,,,,347,832.314,,,,,,,,,,,,,,,2.4299999999999997,1.2,,,,vectorless,,1.0,2.0,b0e35b88920a,uncommitted
r12_wide_reduction_tree,C - classical unbalanced pipeline,yosys,0.58,directive,on,1.182,MET,,,,,,347,832.314,,,,,,,,,,,,,,,1.99,0.976,,,,vectorless,,1.0,2.0,b0e35b88920a,uncommitted
r12_wide_reduction_tree,C - classical unbalanced pipeline,yosys,0.58,directive,on,1.438,MET,,,,,,347,832.314,,,,,,,,,,,,,,,1.64,0.8019999999999999,,,,vectorless,,1.0,1.0,b0e35b88920a,uncommitted
r12_wide_reduction_tree,C - classical unbalanced pipeline,yosys,0.58,directive,on,1.74,MET,,,,,,347,832.314,,,,,,,,,,,,,,,1.36,0.6629999999999999,,,,vectorless,,1.0,1.0,b0e35b88920a,uncommitted
r12_wide_reduction_tree,C - classical unbalanced pipeline,yosys,0.58,directive,on,2.098,MET,,,,,,347,832.314,,,,,,,,,,,,,,,1.14,0.55,,,,vectorless,,1.0,1.0,b0e35b88920a,uncommitted
r12_wide_reduction_tree,C - classical unbalanced pipeline,yosys,0.58,orig,off,0.788,VIOLATED,,,,,,332,429.324,,,,,,,,,,,,,,,7.64,3.2,,,,vectorless,,1.0,1.0,b0e35b88920a,uncommitted
r12_wide_reduction_tree,C - classical unbalanced pipeline,yosys,0.58,orig,off,0.962,VIOLATED,,,,,,332,429.324,,,,,,,,,,,,,,,6.36,2.66,,,,vectorless,,0.0,1.0,b0e35b88920a,uncommitted
r12_wide_reduction_tree,C - classical unbalanced pipeline,yosys,0.58,orig,off,1.182,VIOLATED,,,,,,332,429.324,,,,,,,,,,,,,,,5.2700000000000005,2.2,,,,vectorless,,0.0,1.0,b0e35b88920a,uncommitted
r12_wide_reduction_tree,C - classical unbalanced pipeline,yosys,0.58,orig,off,1.438,MET,,,,,,332,429.324,,,,,,,,,,,,,,,4.34,1.81,,,,vectorless,,0.0,1.0,b0e35b88920a,uncommitted
r12_wide_reduction_tree,C - classical unbalanced pipeline,yosys,0.58,orig,off,1.74,MET,,,,,,332,429.324,,,,,,,,,,,,,,,3.59,1.5,,,,vectorless,,0.0,1.0,b0e35b88920a,uncommitted
r12_wide_reduction_tree,C - classical unbalanced pipeline,yosys,0.58,orig,off,2.098,MET,,,,,,332,429.324,,,,,,,,,,,,,,,2.98,1.24,,,,vectorless,,1.0,1.0,b0e35b88920a,uncommitted
r12_wide_reduction_tree,C - classical unbalanced pipeline,yosys,0.58,orig,on,0.788,VIOLATED,,,,,,347,832.314,,,,,,,,,,,,,,,2.96,1.46,,,,vectorless,,0.0,1.0,b0e35b88920a,uncommitted
r12_wide_reduction_tree,C - classical unbalanced pipeline,yosys,0.58,orig,on,0.962,MET,,,,,,347,832.314,,,,,,,,,,,,,,,2.4299999999999997,1.2,,,,vectorless,,0.0,1.0,b0e35b88920a,uncommitted
r12_wide_reduction_tree,C - classical unbalanced pipeline,yosys,0.58,orig,on,1.182,MET,,,,,,347,832.314,,,,,,,,,,,,,,,1.99,0.976,,,,vectorless,,0.0,1.0,b0e35b88920a,uncommitted
r12_wide_reduction_tree,C - classical unbalanced pipeline,yosys,0.58,orig,on,1.438,MET,,,,,,347,832.314,,,,,,,,,,,,,,,1.64,0.8019999999999999,,,,vectorless,,1.0,1.0,b0e35b88920a,uncommitted
r12_wide_reduction_tree,C - classical unbalanced pipeline,yosys,0.58,orig,on,1.74,MET,,,,,,347,832.314,,,,,,,,,,,,,,,1.36,0.6629999999999999,,,,vectorless,,1.0,1.0,b0e35b88920a,uncommitted
r12_wide_reduction_tree,C - classical unbalanced pipeline,yosys,0.58,orig,on,2.098,MET,,,,,,347,832.314,,,,,,,,,,,,,,,1.14,0.55,,,,vectorless,,1.0,1.0,b0e35b88920a,uncommitted
r12_wide_reduction_tree,C - classical unbalanced pipeline,yosys,0.58,retimed,off,0.788,MET,,,,,,378,502.74,,,,,,,,,,,,,,,2.0500000000000003,0.7200000000000001,,,,vectorless,,1.0,2.0,b0e35b88920a,uncommitted
r12_wide_reduction_tree,C - classical unbalanced pipeline,yosys,0.58,retimed,off,0.962,MET,,,,,,378,502.74,,,,,,,,,,,,,,,1.6800000000000002,0.589,,,,vectorless,,1.0,1.0,b0e35b88920a,uncommitted
r12_wide_reduction_tree,C - classical unbalanced pipeline,yosys,0.58,retimed,off,1.182,MET,,,,,,378,502.74,,,,,,,,,,,,,,,1.38,0.48000000000000004,,,,vectorless,,1.0,2.0,b0e35b88920a,uncommitted
r12_wide_reduction_tree,C - classical unbalanced pipeline,yosys,0.58,retimed,off,1.438,MET,,,,,,378,502.74,,,,,,,,,,,,,,,1.14,0.39399999999999996,,,,vectorless,,1.0,1.0,b0e35b88920a,uncommitted
r12_wide_reduction_tree,C - classical unbalanced pipeline,yosys,0.58,retimed,off,1.74,MET,,,,,,378,502.74,,,,,,,,,,,,,,,0.9470000000000001,0.326,,,,vectorless,,1.0,1.0,b0e35b88920a,uncommitted
r12_wide_reduction_tree,C - classical unbalanced pipeline,yosys,0.58,retimed,off,2.098,MET,,,,,,378,502.74,,,,,,,,,,,,,,,0.7919999999999999,0.27,,,,vectorless,,0.0,1.0,b0e35b88920a,uncommitted
r13_retime_around_sram,D - memory / macro boundary,genus,23.12-s086_1,directive,off,0.1435,VIOLATED,,,,2178,598,4610,17268.4943625,,,,,,,,,,,,,,,96.2056,9.27301,85.388,10.8176,0.0,probabilistic,,131,145.0,5c39ebe53eda,4f7c7a48
r13_retime_around_sram,D - memory / macro boundary,genus,23.12-s086_1,directive,off,0.1771,VIOLATED,,,,2176,598,4619,17449.14204025,,,,,,,,,,,,,,,75.3557,7.10388,66.9479,8.40778,0.0,probabilistic,,127,142.0,5c39ebe53eda,4f7c7a48
r13_retime_around_sram,D - memory / macro boundary,genus,23.12-s086_1,directive,off,0.2164,VIOLATED,,,,1596,549,2784,12679.975335750001,,,,,,,,,,,,,,,45.7022,4.98489,40.0113,5.690910000000001,0.0,probabilistic,,137,160.0,5c39ebe53eda,33c3049
r13_retime_around_sram,D - memory / macro boundary,genus,23.12-s086_1,directive,off,0.2871,MET,,,,1923,598,3797,14933.948972,,,,,,,,,,,,,,,42.558400000000006,3.58705,38.1004,4.45797,0.0,probabilistic,,47,59.0,5c39ebe53eda,4f7c7a48
r13_retime_around_sram,D - memory / macro boundary,genus,23.12-s086_1,directive,off,0.2891,MET,,,,1891,598,3716,14737.253974250001,,,,,,,,,,,,,,,42.02,3.64899,37.4101,4.60992,0.0,probabilistic,,37,47.0,5c39ebe53eda,f5d498f
r13_retime_around_sram,D - memory / macro boundary,genus,23.12-s086_1,directive,off,0.2946,VIOLATED,,,,,,3854,14265.294410999999,,,,,,,,,,,,,,,40.0352,4.337459999999999,34.2154,5.81977,0.0,probabilistic,,68,79.0,00fea02926fe,uncommitted
r13_retime_around_sram,D - memory / macro boundary,genus,23.12-s086_1,directive,off,0.3092,VIOLATED,,,,1597,549,2657,12342.244619500001,,,,,,,,,,,,,,,31.1921,3.1388599999999998,27.6431,3.54902,0.0,probabilistic,,136,157.0,5c39ebe53eda,33c3049
r13_retime_around_sram,D - memory / macro boundary,genus,23.12-s086_1,directive,off,0.413,MET,,,,1514,598,2197,11227.37428725,,,,,,,,,,,,,,,22.649900000000002,1.64523,21.1673,1.48261,0.0,probabilistic,,31,41.0,5c39ebe53eda,f5d498f
r13_retime_around_sram,D - memory / macro boundary,genus,23.12-s086_1,directive,off,0.4417,MET,,,,1319,549,1985,10110.068409250001,,,,,,,,,,,,,,,19.5462,1.68832,17.7506,1.79555,0.0,probabilistic,,62,85.0,5c39ebe53eda,33c3049
r13_retime_around_sram,D - memory / macro boundary,genus,23.12-s086_1,directive,off,0.5742,MET,,,,1694,598,2364,12166.18097125,,,,,,,,,,,,,,,17.180899999999998,1.1327,16.218799999999998,0.962114,0.0,probabilistic,,76,91.0,5c39ebe53eda,4f7c7a48
r13_retime_around_sram,D - memory / macro boundary,genus,23.12-s086_1,directive,off,0.6499,MET,,,,,,1760,8887.52749675,,,,,,,,,,,,,,,12.1596,1.28107,10.521700000000001,1.63798,0.0,probabilistic,,28,37.0,00fea02926fe,uncommitted
r13_retime_around_sram,D - memory / macro boundary,genus,23.12-s086_1,directive,off,0.938,MET,,,,,,1683,8674.27912725,,,,,,,,,,,,,,,8.07779,0.782629,7.14175,0.936037,0.0,probabilistic,,25,34.0,00fea02926fe,uncommitted
r13_retime_around_sram,D - memory / macro boundary,genus,23.12-s086_1,orig,off,0.1771,VIOLATED,,,,598,598,1638,7169.17036925,,,,,,,,,,,,,,,33.4959,10.3988,19.8335,9.81585,3.84658,probabilistic,,102,115.0,5c39ebe53eda,4f7c7a48
r13_retime_around_sram,D - memory / macro boundary,genus,23.12-s086_1,orig,off,0.2164,VIOLATED,,,,549,549,1986,7417.7526554999995,,,,,,,,,,,,,,,28.2528,8.77909,15.9696,9.45223,2.83098,probabilistic,,104,124.0,5c39ebe53eda,33c3049
r13_retime_around_sram,D - memory / macro boundary,genus,23.12-s086_1,orig,off,0.2891,VIOLATED,,,,598,598,1548,7052.68664975,,,,,,,,,,,,,,,20.7895,6.13799,12.937199999999999,5.49593,2.35638,probabilistic,,64,73.0,5c39ebe53eda,f5d498f
r13_retime_around_sram,D - memory / macro boundary,genus,23.12-s086_1,orig,off,0.2946,VIOLATED,,,,,,1378,6513.57795325,,,,,,,,,,,,,,,19.4499,5.51206,12.538,4.7761000000000005,2.13578,probabilistic,,59,69.0,00fea02926fe,uncommitted
r13_retime_around_sram,D - memory / macro boundary,genus,23.12-s086_1,orig,off,0.3092,VIOLATED,,,,549,549,1587,6804.1320075,,,,,,,,,,,,,,,18.508899999999997,6.070790000000001,10.4339,6.040109999999999,2.0349299999999997,probabilistic,,115,140.0,5c39ebe53eda,33c3049
r13_retime_around_sram,D - memory / macro boundary,genus,23.12-s086_1,orig,off,0.413,VIOLATED,,,,598,598,1517,6889.904438,,,,,,,,,,,,,,,13.571,4.077380000000001,8.25279,3.66644,1.65181,probabilistic,,39,48.0,5c39ebe53eda,f5d498f
r13_retime_around_sram,D - memory / macro boundary,genus,23.12-s086_1,orig,off,0.4417,VIOLATED,,,,549,549,1465,6606.81186125,,,,,,,,,,,,,,,12.6825,3.9739700000000004,7.37815,3.88042,1.42395,probabilistic,,88,103.0,5c39ebe53eda,33c3049
r13_retime_around_sram,D - memory / macro boundary,genus,23.12-s086_1,orig,off,0.5742,VIOLATED,,,,598,598,1584,7024.838941,,,,,,,,,,,,,,,9.98317,3.01117,6.03682,2.75826,1.18808,probabilistic,,87,102.0,5c39ebe53eda,4f7c7a48
r13_retime_around_sram,D - memory / macro boundary,genus,23.12-s086_1,orig,off,0.9383,MET,,,,,,1320,6252.31707525,,,,,,,,,,,,,,,6.06166,1.68534,3.9280699999999995,1.4631500000000002,0.670446,probabilistic,,16,25.0,00fea02926fe,uncommitted
r13_retime_around_sram,D - memory / macro boundary,genus,23.12-s086_1,orig,on,0.1435,VIOLATED,,,,2178,598,4610,17268.4943625,,,,,,,,,,,,,,,96.2056,9.27301,85.388,10.8176,0.0,probabilistic,,134,145.0,5c39ebe53eda,4f7c7a48
r13_retime_around_sram,D - memory / macro boundary,genus,23.12-s086_1,orig,on,0.1771,VIOLATED,,,,2176,598,4619,17449.14204025,,,,,,,,,,,,,,,75.3557,7.10388,66.9479,8.40778,0.0,probabilistic,,127,142.0,5c39ebe53eda,4f7c7a48
r13_retime_around_sram,D - memory / macro boundary,genus,23.12-s086_1,orig,on,0.2164,VIOLATED,,,,1596,549,2784,12679.975335750001,,,,,,,,,,,,,,,45.7022,4.98489,40.0113,5.690910000000001,0.0,probabilistic,,146,165.0,5c39ebe53eda,33c3049
r13_retime_around_sram,D - memory / macro boundary,genus,23.12-s086_1,orig,on,0.2871,MET,,,,1923,598,3797,14933.948972,,,,,,,,,,,,,,,42.558400000000006,3.58705,38.1004,4.45797,0.0,probabilistic,,52,76.0,5c39ebe53eda,4f7c7a48
r13_retime_around_sram,D - memory / macro boundary,genus,23.12-s086_1,orig,on,0.2891,MET,,,,1891,598,3716,14737.253974250001,,,,,,,,,,,,,,,42.02,3.64899,37.4101,4.60992,0.0,probabilistic,,38,47.0,5c39ebe53eda,f5d498f
r13_retime_around_sram,D - memory / macro boundary,genus,23.12-s086_1,orig,on,0.2946,VIOLATED,,,,,,3854,14265.294410999999,,,,,,,,,,,,,,,40.0352,4.337459999999999,34.2154,5.81977,0.0,probabilistic,,69,77.0,00fea02926fe,uncommitted
r13_retime_around_sram,D - memory / macro boundary,genus,23.12-s086_1,orig,on,0.3092,VIOLATED,,,,1597,549,2657,12342.244619500001,,,,,,,,,,,,,,,31.1921,3.1388599999999998,27.6431,3.54902,0.0,probabilistic,,138,161.0,5c39ebe53eda,33c3049
r13_retime_around_sram,D - memory / macro boundary,genus,23.12-s086_1,orig,on,0.413,MET,,,,1514,598,2197,11227.37428725,,,,,,,,,,,,,,,22.649900000000002,1.64523,21.1673,1.48261,0.0,probabilistic,,31,41.0,5c39ebe53eda,f5d498f
r13_retime_around_sram,D - memory / macro boundary,genus,23.12-s086_1,orig,on,0.4417,MET,,,,1319,549,1985,10110.068409250001,,,,,,,,,,,,,,,19.5462,1.68832,17.7506,1.79555,0.0,probabilistic,,42,59.0,5c39ebe53eda,33c3049
r13_retime_around_sram,D - memory / macro boundary,genus,23.12-s086_1,orig,on,0.5742,MET,,,,1694,598,2364,12166.18097125,,,,,,,,,,,,,,,17.180899999999998,1.1327,16.218799999999998,0.962114,0.0,probabilistic,,56,69.0,5c39ebe53eda,4f7c7a48
r13_retime_around_sram,D - memory / macro boundary,genus,23.12-s086_1,orig,on,0.6499,MET,,,,,,1760,8887.52749675,,,,,,,,,,,,,,,12.1596,1.28107,10.521700000000001,1.63798,0.0,probabilistic,,28,37.0,00fea02926fe,uncommitted
r13_retime_around_sram,D - memory / macro boundary,genus,23.12-s086_1,orig,on,0.938,MET,,,,,,1683,8674.27912725,,,,,,,,,,,,,,,8.07779,0.782629,7.14175,0.936037,0.0,probabilistic,,26,34.0,00fea02926fe,uncommitted
r13_retime_around_sram,D - memory / macro boundary,genus,23.12-s086_1,retimed,off,0.1771,VIOLATED,,,,609,609,1666,7245.7497515,,,,,,,,,,,,,,,34.517399999999995,11.514999999999999,19.467399999999998,11.1303,3.91969,probabilistic,,88,102.0,5c39ebe53eda,4f7c7a48
r13_retime_around_sram,D - memory / macro boundary,genus,23.12-s086_1,retimed,off,0.2164,VIOLATED,,,,560,560,2023,7478.30878675,,,,,,,,,,,,,,,29.2667,9.92899,15.681000000000001,10.6949,2.8907999999999996,probabilistic,,86,107.0,5c39ebe53eda,33c3049
r13_retime_around_sram,D - memory / macro boundary,genus,23.12-s086_1,retimed,off,0.2891,VIOLATED,,,,609,609,1717,7407.20994175,,,,,,,,,,,,,,,22.3486,6.91344,13.1889,6.75811,2.40158,probabilistic,,46,55.0,5c39ebe53eda,f5d498f
r13_retime_around_sram,D - memory / macro boundary,genus,23.12-s086_1,retimed,off,0.2946,VIOLATED,,,,,,1515,7039.75415975,,,,,,,,,,,,,,,21.9612,6.57484,13.415899999999999,6.36191,2.1834200000000004,probabilistic,,45,54.0,00fea02926fe,uncommitted
r13_retime_around_sram,D - memory / macro boundary,genus,23.12-s086_1,retimed,off,0.3092,VIOLATED,,,,560,560,1567,6786.6845702499995,,,,,,,,,,,,,,,18.7933,6.38016,10.5481,6.17195,2.07328,probabilistic,,80,102.0,5c39ebe53eda,33c3049
r13_retime_around_sram,D - memory / macro boundary,genus,23.12-s086_1,retimed,off,0.413,VIOLATED,,,,609,609,1651,7085.731346500001,,,,,,,,,,,,,,,14.7576,4.88228,8.38814,4.68839,1.6811099999999999,probabilistic,,48,58.0,5c39ebe53eda,f5d498f
r13_retime_around_sram,D - memory / macro boundary,genus,23.12-s086_1,retimed,off,0.4417,VIOLATED,,,,560,560,1633,6847.299220750001,,,,,,,,,,,,,,,13.595899999999999,4.68625,7.42044,4.72462,1.45079,probabilistic,,88,115.0,5c39ebe53eda,33c3049
r13_retime_around_sram,D - memory / macro boundary,genus,23.12-s086_1,retimed,off,0.5742,VIOLATED,,,,609,609,1716,7158.40783725,,,,,,,,,,,,,,,10.6484,3.48685,6.11149,3.3276999999999997,1.20916,probabilistic,,72,87.0,5c39ebe53eda,4f7c7a48
r13_retime_around_sram,D - memory / macro boundary,genus,23.12-s086_1,retimed,off,0.7323,MET,,,,,,1410,6434.1288965,,,,,,,,,,,,,,,8.101239999999999,2.40494,5.0427,2.18181,0.876725,probabilistic,,12,21.0,00fea02926fe,uncommitted
r13_retime_around_sram,D - memory / macro boundary,genus,23.12-s086_1,retimed,off,0.938,MET,,,,,,1188,6014.74965425,,,,,,,,,,,,,,,5.67155,1.48157,3.89987,1.08851,0.683173,probabilistic,,10,18.0,00fea02926fe,uncommitted
r13_retime_around_sram,D - memory / macro boundary,innovus-nangate45,23.12-s091_1,directive,off,0.1771,,-0.086,-11.37,437.0,2176,,5176,,61238.645,78.658,0,0.0,0.0,2.0,0.489,0.01,,,,,10,0,128.91960824,38.05217465,,,34.96,probabilistic,,399,19.0,,
r13_retime_around_sram,D - memory / macro boundary,innovus-nangate45,23.12-s091_1,directive,off,0.2164,,-0.077,-0.601,22.0,1596,,3019,,39420.18,76.254,0,0.0,0.0,2.81,0.519,0.015,,,,,10,0,73.24057004,20.98084258,,,19.48,probabilistic,,269,296.0,,
r13_retime_around_sram,D - memory / macro boundary,innovus-nangate45,23.12-s091_1,directive,off,0.2891,,-0.005,-0.015,9.0,1891,,4105,,45955.055,74.439,1,0.01,0.0,1.5,0.329,0.005,,,,,10,0,61.32845266,16.9028735,,,16.49,probabilistic,,239,261.0,,
r13_retime_around_sram,D - memory / macro boundary,innovus-nangate45,23.12-s091_1,directive,off,0.3092,,0.002,0.0,0.0,1597,,2845,,36795.01,77.089,0,0.0,0.0,3.77,0.408,0.016,,,,,10,0,50.33725406,14.32316067,,,12.81,probabilistic,,258,291.0,,
r13_retime_around_sram,D - memory / macro boundary,innovus-nangate45,23.12-s091_1,directive,off,0.413,,0.006,0.0,0.0,1514,,2319,,33506.415,71.34,0,0.0,0.0,0.35,0.286,0.001,,,,,10,0,31.90301361,8.37603159,,,8.464,probabilistic,,89,108.0,,
r13_retime_around_sram,D - memory / macro boundary,innovus-nangate45,23.12-s091_1,directive,off,0.4417,,0.007,0.0,0.0,1319,,2078,,30947.265,71.257,0,0.0,0.0,1.23,0.321,0.004,,,,,10,0,24.76413048,6.04096732,,,6.144,probabilistic,,138,170.0,,
r13_retime_around_sram,D - memory / macro boundary,innovus-nangate45,23.12-s091_1,orig,off,0.1771,,-0.186,-49.16,869.0,598,,2372,,33526.565,89.494,0,0.0,0.0,0.78,0.511,0.004,,,,,10,0,50.07154022,17.41442584,,,15.53,probabilistic,,361,22.0,,
r13_retime_around_sram,D - memory / macro boundary,innovus-nangate45,23.12-s091_1,orig,off,0.2164,,-0.157,-2.378,16.0,549,,2249,,25890.165,82.972,0,0.0,0.0,0.81,0.489,0.004,,,,,10,0,33.73161358,11.52427202,,,7.222,probabilistic,,292,317.0,,
r13_retime_around_sram,D - memory / macro boundary,innovus-nangate45,23.12-s091_1,orig,off,0.2891,,-0.014,-0.103,16.0,598,,2066,,29265.57,83.074,0,0.0,0.0,0.71,0.56,0.004,,,,,10,0,27.49807225,9.42295931,,,8.089,probabilistic,,216,246.0,,
r13_retime_around_sram,D - memory / macro boundary,innovus-nangate45,23.12-s091_1,orig,off,0.3092,,-0.051,-0.504,16.0,549,,1863,,25748.96,85.659,0,0.0,0.0,0.44,0.449,0.002,,,,,10,0,23.36466242,8.17881649,,,5.505,probabilistic,,310,341.0,,
r13_retime_around_sram,D - memory / macro boundary,innovus-nangate45,23.12-s091_1,orig,off,0.413,,-0.002,-0.002,1.0,598,,1819,,26832.12,76.798,0,0.0,0.0,1.49,0.594,0.009,,,,,10,0,16.95937722,5.79777136,,,3.801,probabilistic,,135,155.0,,
r13_retime_around_sram,D - memory / macro boundary,innovus-nangate45,23.12-s091_1,orig,off,0.4417,,0.004,0.0,0.0,549,,1542,,23084.545,75.008,2,0.04,0.0,1.47,0.469,0.007,,,,,10,0,14.39514987,4.78546512,,,2.702,probabilistic,,147,179.0,,
r13_retime_around_sram,D - memory / macro boundary,innovus-nangate45,23.12-s091_1,orig,on,0.1771,,-0.086,-11.37,437.0,2176,,5176,,61238.645,78.658,0,0.0,0.0,2.0,0.489,0.01,,,,,10,0,128.91960824,38.05217465,,,34.96,probabilistic,,402,20.0,,
r13_retime_around_sram,D - memory / macro boundary,innovus-nangate45,23.12-s091_1,orig,on,0.2164,,-0.077,-0.601,22.0,1596,,3019,,39420.18,76.254,0,0.0,0.0,2.81,0.519,0.015,,,,,10,0,73.24057004,20.98084258,,,19.48,probabilistic,,265,294.0,,
r13_retime_around_sram,D - memory / macro boundary,innovus-nangate45,23.12-s091_1,orig,on,0.2891,,-0.005,-0.015,9.0,1891,,4105,,45955.055,74.439,1,0.01,0.0,1.5,0.329,0.005,,,,,10,0,61.32845266,16.9028735,,,16.49,probabilistic,,238,259.0,,
r13_retime_around_sram,D - memory / macro boundary,innovus-nangate45,23.12-s091_1,orig,on,0.3092,,0.002,0.0,0.0,1597,,2845,,36795.01,77.089,0,0.0,0.0,3.77,0.408,0.016,,,,,10,0,50.33725406,14.32316067,,,12.81,probabilistic,,270,300.0,,
r13_retime_around_sram,D - memory / macro boundary,innovus-nangate45,23.12-s091_1,orig,on,0.413,,0.006,0.0,0.0,1514,,2319,,33506.415,71.34,0,0.0,0.0,0.35,0.286,0.001,,,,,10,0,31.90301361,8.37603159,,,8.464,probabilistic,,87,107.0,,
r13_retime_around_sram,D - memory / macro boundary,innovus-nangate45,23.12-s091_1,orig,on,0.4417,,0.007,0.0,0.0,1319,,2078,,30947.265,71.257,0,0.0,0.0,1.23,0.321,0.004,,,,,10,0,24.76413048,6.04096732,,,6.144,probabilistic,,139,167.0,,
r13_retime_around_sram,D - memory / macro boundary,innovus-nangate45,23.12-s091_1,retimed,off,0.1771,,-0.305,-94.892,762.0,609,,2747,,38896.34,94.854,0,0.0,0.0,0.69,0.576,0.004,,,,,10,0,53.16193573,18.73784847,,,17.04,probabilistic,,426,19.0,,
r13_retime_around_sram,D - memory / macro boundary,innovus-nangate45,23.12-s091_1,retimed,off,0.2164,,-0.033,-0.361,17.0,560,,2970,,36519.235,87.865,0,0.0,0.0,0.93,0.318,0.003,,,,,10,0,38.58245062,13.64934975,,,9.058,probabilistic,,320,347.0,,
r13_retime_around_sram,D - memory / macro boundary,innovus-nangate45,23.12-s091_1,retimed,off,0.2891,,-0.211,-8.348,173.0,609,,2241,,30110.16,86.496,0,0.0,0.0,0.37,0.534,0.002,,,,,10,0,31.6688419,11.22255128,,,10.1,probabilistic,,273,293.0,,
r13_retime_around_sram,D - memory / macro boundary,innovus-nangate45,23.12-s091_1,retimed,off,0.3092,,0.003,0.0,0.0,560,,1873,,24239.45,76.766,0,0.0,0.0,0.32,0.31,0.001,,,,,10,0,22.33193165,7.66743638,,,5.706,probabilistic,,320,353.0,,
r13_retime_around_sram,D - memory / macro boundary,innovus-nangate45,23.12-s091_1,retimed,off,0.413,,-0.05,-0.59,27.0,609,,2405,,32833.77,87.012,0,0.0,0.0,0.74,0.54,0.004,,,,,10,0,20.05541597,7.05014898,,,5.492,probabilistic,,185,207.0,,
r13_retime_around_sram,D - memory / macro boundary,innovus-nangate45,23.12-s091_1,retimed,off,0.4417,,0.003,0.0,0.0,560,,1831,,25037.99,79.3,0,0.0,0.0,0.34,0.294,0.001,,,,,10,0,15.16557342,5.27338727,,,3.313,probabilistic,,252,280.0,,
r13_retime_around_sram,D - memory / macro boundary,openroad_syn,,directive,unsupported,0.823,VIOLATED,,,,,,1969,,,,,,,,,,,,,,,,11.691699999999999,2.0481700000000003,,,,vectorless,,0,2.0,5c39ebe53eda,uncommitted
r13_retime_around_sram,D - memory / macro boundary,openroad_syn,,directive,unsupported,1.005,VIOLATED,,,,,,1969,,,,,,,,,,,,,,,,9.65582,1.6773,,,,vectorless,,1,2.0,5c39ebe53eda,uncommitted
r13_retime_around_sram,D - memory / macro boundary,openroad_syn,,directive,unsupported,1.235,VIOLATED,,,,,,1969,,,,,,,,,,,,,,,,7.941210000000001,1.36489,,,,vectorless,,1,2.0,5c39ebe53eda,uncommitted
r13_retime_around_sram,D - memory / macro boundary,openroad_syn,,directive,unsupported,1.502,VIOLATED,,,,,,1969,,,,,,,,,,,,,,,,6.60931,1.1222999999999999,,,,vectorless,,0,2.0,5c39ebe53eda,uncommitted
r13_retime_around_sram,D - memory / macro boundary,openroad_syn,,directive,unsupported,1.818,VIOLATED,,,,,,1969,,,,,,,,,,,,,,,,5.5504500000000005,0.927194,,,,vectorless,,1,3.0,5c39ebe53eda,uncommitted
r13_retime_around_sram,D - memory / macro boundary,openroad_syn,,directive,unsupported,2.192,VIOLATED,,,,,,1969,,,,,,,,,,,,,,,,4.69447,0.7690210000000001,,,,vectorless,,0,2.0,5c39ebe53eda,uncommitted
r13_retime_around_sram,D - memory / macro boundary,openroad_syn,,orig,unsupported,0.823,VIOLATED,,,,,,1969,,,,,,,,,,,,,,,,11.691699999999999,2.0481700000000003,,,,vectorless,,0,2.0,5c39ebe53eda,uncommitted
r13_retime_around_sram,D - memory / macro boundary,openroad_syn,,orig,unsupported,1.005,VIOLATED,,,,,,1969,,,,,,,,,,,,,,,,9.65582,1.6773,,,,vectorless,,1,3.0,5c39ebe53eda,uncommitted
r13_retime_around_sram,D - memory / macro boundary,openroad_syn,,orig,unsupported,1.235,VIOLATED,,,,,,1969,,,,,,,,,,,,,,,,7.941210000000001,1.36489,,,,vectorless,,1,3.0,5c39ebe53eda,uncommitted
r13_retime_around_sram,D - memory / macro boundary,openroad_syn,,orig,unsupported,1.502,VIOLATED,,,,,,1969,,,,,,,,,,,,,,,,6.60931,1.1222999999999999,,,,vectorless,,0,3.0,5c39ebe53eda,uncommitted
r13_retime_around_sram,D - memory / macro boundary,openroad_syn,,orig,unsupported,1.818,VIOLATED,,,,,,1969,,,,,,,,,,,,,,,,5.5504500000000005,0.927194,,,,vectorless,,0,3.0,5c39ebe53eda,uncommitted
r13_retime_around_sram,D - memory / macro boundary,openroad_syn,,orig,unsupported,2.192,VIOLATED,,,,,,1969,,,,,,,,,,,,,,,,4.69447,0.7690210000000001,,,,vectorless,,1,3.0,5c39ebe53eda,uncommitted
r13_retime_around_sram,D - memory / macro boundary,openroad_syn,,retimed,unsupported,0.823,VIOLATED,,,,,,1788,,,,,,,,,,,,,,,,10.3567,1.71947,,,,vectorless,,0,2.0,5c39ebe53eda,uncommitted
r13_retime_around_sram,D - memory / macro boundary,openroad_syn,,retimed,unsupported,1.005,VIOLATED,,,,,,1788,,,,,,,,,,,,,,,,8.56312,1.40807,,,,vectorless,,1,3.0,5c39ebe53eda,uncommitted
r13_retime_around_sram,D - memory / macro boundary,openroad_syn,,retimed,unsupported,1.235,VIOLATED,,,,,,1788,,,,,,,,,,,,,,,,7.052530000000001,1.14581,,,,vectorless,,1,2.0,5c39ebe53eda,uncommitted
r13_retime_around_sram,D - memory / macro boundary,openroad_syn,,retimed,unsupported,1.502,VIOLATED,,,,,,1788,,,,,,,,,,,,,,,,5.87919,0.942165,,,,vectorless,,1,2.0,5c39ebe53eda,uncommitted
r13_retime_around_sram,D - memory / macro boundary,openroad_syn,,retimed,unsupported,1.818,MET,,,,,,1788,,,,,,,,,,,,,,,,4.947649999999999,0.778374,,,,vectorless,,1,3.0,5c39ebe53eda,uncommitted
r13_retime_around_sram,D - memory / macro boundary,openroad_syn,,retimed,unsupported,2.192,MET,,,,,,1788,,,,,,,,,,,,,,,,4.1949700000000005,0.645594,,,,vectorless,,1,2.0,5c39ebe53eda,uncommitted
r13_retime_around_sram,D - memory / macro boundary,vivado-xc7a100t,2025.2,directive,on,4.0,VIOLATED,,,,,,,,,,,,,,,,,,,,,,126.0,,,,,vectorless,70,355,392.0,,
r13_retime_around_sram,D - memory / macro boundary,vivado-xc7a100t,2025.2,orig,off,4.0,VIOLATED,,,,,,,,,,,,,,,,,,,,,,126.0,,,,,vectorless,70,391,435.0,,
r13_retime_around_sram,D - memory / macro boundary,vivado-xc7a100t,2025.2,orig,on,4.0,VIOLATED,,,,,,,,,,,,,,,,,,,,,,126.0,,,,,vectorless,70,369,413.0,,
r13_retime_around_sram,D - memory / macro boundary,vivado-xc7a100t,2025.2,retimed,off,4.0,VIOLATED,,,,,,,,,,,,,,,,,,,,,,141.0,,,,,vectorless,70,425,466.0,,
r13_retime_around_sram,D - memory / macro boundary,vivado-xcau7p,2025.2,directive,on,4.0,VIOLATED,,,,,,,,,,,,,,,,,,,,,,155.0,,,,,vectorless,61,207,223.0,,
r13_retime_around_sram,D - memory / macro boundary,vivado-xcau7p,2025.2,orig,off,4.0,VIOLATED,,,,,,,,,,,,,,,,,,,,,,155.0,,,,,vectorless,61,214,228.0,,
r13_retime_around_sram,D - memory / macro boundary,vivado-xcau7p,2025.2,orig,on,4.0,VIOLATED,,,,,,,,,,,,,,,,,,,,,,155.0,,,,,vectorless,61,204,221.0,,
r13_retime_around_sram,D - memory / macro boundary,vivado-xcau7p,2025.2,retimed,off,4.0,VIOLATED,,,,,,,,,,,,,,,,,,,,,,156.0,,,,,vectorless,47,191,207.0,,
r13_retime_around_sram,D - memory / macro boundary,vivado2023.1-xc7a100t,2023.1,directive,on,5.2,VIOLATED,,,,,,,,,,,,,,,,,,,,,,103.0,,,,,vectorless,70,27,39.0,,
r13_retime_around_sram,D - memory / macro boundary,vivado2023.1-xc7a100t,2023.1,directive,on,6.4,VIOLATED,,,,,,,,,,,,,,,,,,,,,,101.0,,,,,vectorless,70,28,36.0,,
r13_retime_around_sram,D - memory / macro boundary,vivado2023.1-xc7a100t,2023.1,directive,on,8.0,MET,,,,,,,,,,,,,,,,,,,,,,99.0,,,,,vectorless,70,28,36.0,,
r13_retime_around_sram,D - memory / macro boundary,vivado2023.1-xc7a100t,2023.1,directive,on,9.6,MET,,,,,,,,,,,,,,,,,,,,,,98.0,,,,,vectorless,70,28,36.0,,
r13_retime_around_sram,D - memory / macro boundary,vivado2023.1-xc7a100t,2023.1,directive,on,12.0,MET,,,,,,,,,,,,,,,,,,,,,,96.0,,,,,vectorless,70,27,34.0,,
r13_retime_around_sram,D - memory / macro boundary,vivado2023.1-xc7a100t,2023.1,orig,off,5.2,VIOLATED,,,,,,,,,,,,,,,,,,,,,,103.0,,,,,vectorless,70,33,43.0,,
r13_retime_around_sram,D - memory / macro boundary,vivado2023.1-xc7a100t,2023.1,orig,off,6.4,VIOLATED,,,,,,,,,,,,,,,,,,,,,,101.0,,,,,vectorless,70,33,48.0,,
r13_retime_around_sram,D - memory / macro boundary,vivado2023.1-xc7a100t,2023.1,orig,off,8.0,MET,,,,,,,,,,,,,,,,,,,,,,99.0,,,,,vectorless,70,34,84.0,,
r13_retime_around_sram,D - memory / macro boundary,vivado2023.1-xc7a100t,2023.1,orig,off,9.6,MET,,,,,,,,,,,,,,,,,,,,,,98.0,,,,,vectorless,70,75,83.0,,
r13_retime_around_sram,D - memory / macro boundary,vivado2023.1-xc7a100t,2023.1,orig,off,12.0,MET,,,,,,,,,,,,,,,,,,,,,,96.0,,,,,vectorless,70,70,84.0,,
r13_retime_around_sram,D - memory / macro boundary,vivado2023.1-xc7a100t,2023.1,orig,on,5.2,VIOLATED,,,,,,,,,,,,,,,,,,,,,,103.0,,,,,vectorless,70,27,35.0,,
r13_retime_around_sram,D - memory / macro boundary,vivado2023.1-xc7a100t,2023.1,orig,on,6.4,VIOLATED,,,,,,,,,,,,,,,,,,,,,,101.0,,,,,vectorless,70,27,37.0,,
r13_retime_around_sram,D - memory / macro boundary,vivado2023.1-xc7a100t,2023.1,orig,on,8.0,MET,,,,,,,,,,,,,,,,,,,,,,99.0,,,,,vectorless,70,27,36.0,,
r13_retime_around_sram,D - memory / macro boundary,vivado2023.1-xc7a100t,2023.1,orig,on,9.6,MET,,,,,,,,,,,,,,,,,,,,,,98.0,,,,,vectorless,70,27,36.0,,
r13_retime_around_sram,D - memory / macro boundary,vivado2023.1-xc7a100t,2023.1,orig,on,12.0,MET,,,,,,,,,,,,,,,,,,,,,,96.0,,,,,vectorless,70,26,40.0,,
r13_retime_around_sram,D - memory / macro boundary,vivado2023.1-xc7a100t,2023.1,retimed,off,5.2,VIOLATED,,,,,,,,,,,,,,,,,,,,,,104.0,,,,,vectorless,70,30,38.0,,
r13_retime_around_sram,D - memory / macro boundary,vivado2023.1-xc7a100t,2023.1,retimed,off,6.4,VIOLATED,,,,,,,,,,,,,,,,,,,,,,101.0,,,,,vectorless,70,29,38.0,,
r13_retime_around_sram,D - memory / macro boundary,vivado2023.1-xc7a100t,2023.1,retimed,off,8.0,MET,,,,,,,,,,,,,,,,,,,,,,99.0,,,,,vectorless,70,28,36.0,,
r13_retime_around_sram,D - memory / macro boundary,vivado2023.1-xc7a100t,2023.1,retimed,off,9.6,MET,,,,,,,,,,,,,,,,,,,,,,98.0,,,,,vectorless,70,28,36.0,,
r13_retime_around_sram,D - memory / macro boundary,vivado2023.1-xc7a100t,2023.1,retimed,off,12.0,MET,,,,,,,,,,,,,,,,,,,,,,96.0,,,,,vectorless,70,26,34.0,,
r13_retime_around_sram,D - memory / macro boundary,yosys,0.58,directive,on,0.823,VIOLATED,,,,,,1874,4700.486,,,,,,,,,,,,,,,10.7,2.06,,,,vectorless,,2.0,4.0,5c39ebe53eda,uncommitted
r13_retime_around_sram,D - memory / macro boundary,yosys,0.58,directive,on,1.005,VIOLATED,,,,,,1874,4700.486,,,,,,,,,,,,,,,8.82,1.6900000000000002,,,,vectorless,,2.0,4.0,5c39ebe53eda,uncommitted
r13_retime_around_sram,D - memory / macro boundary,yosys,0.58,directive,on,1.235,VIOLATED,,,,,,1874,4700.486,,,,,,,,,,,,,,,7.2700000000000005,1.38,,,,vectorless,,2.0,4.0,5c39ebe53eda,uncommitted
r13_retime_around_sram,D - memory / macro boundary,yosys,0.58,directive,on,1.502,MET,,,,,,1874,4700.486,,,,,,,,,,,,,,,6.0600000000000005,1.13,,,,vectorless,,1.0,3.0,5c39ebe53eda,uncommitted
r13_retime_around_sram,D - memory / macro boundary,yosys,0.58,directive,on,1.818,MET,,,,,,1874,4700.486,,,,,,,,,,,,,,,5.1000000000000005,0.9349999999999999,,,,vectorless,,1.0,3.0,5c39ebe53eda,uncommitted
r13_retime_around_sram,D - memory / macro boundary,yosys,0.58,directive,on,2.192,MET,,,,,,1874,4700.486,,,,,,,,,,,,,,,4.32,0.775,,,,vectorless,,1.0,3.0,5c39ebe53eda,uncommitted
r13_retime_around_sram,D - memory / macro boundary,yosys,0.58,orig,off,0.823,VIOLATED,,,,,,1341,4474.918,,,,,,,,,,,,,,,13.6,2.42,,,,vectorless,,1.0,2.0,5c39ebe53eda,uncommitted
r13_retime_around_sram,D - memory / macro boundary,yosys,0.58,orig,off,1.005,VIOLATED,,,,,,1341,4474.918,,,,,,,,,,,,,,,11.299999999999999,1.98,,,,vectorless,,2.0,3.0,5c39ebe53eda,uncommitted
r13_retime_around_sram,D - memory / macro boundary,yosys,0.58,orig,off,1.235,VIOLATED,,,,,,1341,4474.918,,,,,,,,,,,,,,,9.24,1.61,,,,vectorless,,1.0,2.0,5c39ebe53eda,uncommitted
r13_retime_around_sram,D - memory / macro boundary,yosys,0.58,orig,off,1.502,VIOLATED,,,,,,1341,4474.918,,,,,,,,,,,,,,,7.680000000000001,1.33,,,,vectorless,,1.0,2.0,5c39ebe53eda,uncommitted
r13_retime_around_sram,D - memory / macro boundary,yosys,0.58,orig,off,1.818,VIOLATED,,,,,,1341,4474.918,,,,,,,,,,,,,,,6.44,1.1,,,,vectorless,,1.0,2.0,5c39ebe53eda,uncommitted
r13_retime_around_sram,D - memory / macro boundary,yosys,0.58,orig,off,2.192,VIOLATED,,,,,,1341,4474.918,,,,,,,,,,,,,,,5.43,0.909,,,,vectorless,,1.0,2.0,5c39ebe53eda,uncommitted
r13_retime_around_sram,D - memory / macro boundary,yosys,0.58,orig,on,0.823,VIOLATED,,,,,,1874,4700.486,,,,,,,,,,,,,,,10.7,2.06,,,,vectorless,,1.0,3.0,5c39ebe53eda,uncommitted
r13_retime_around_sram,D - memory / macro boundary,yosys,0.58,orig,on,1.005,VIOLATED,,,,,,1874,4700.486,,,,,,,,,,,,,,,8.82,1.6900000000000002,,,,vectorless,,1.0,2.0,5c39ebe53eda,uncommitted
r13_retime_around_sram,D - memory / macro boundary,yosys,0.58,orig,on,1.235,VIOLATED,,,,,,1874,4700.486,,,,,,,,,,,,,,,7.2700000000000005,1.38,,,,vectorless,,2.0,3.0,5c39ebe53eda,uncommitted
r13_retime_around_sram,D - memory / macro boundary,yosys,0.58,orig,on,1.502,MET,,,,,,1874,4700.486,,,,,,,,,,,,,,,6.0600000000000005,1.13,,,,vectorless,,2.0,3.0,5c39ebe53eda,uncommitted
r13_retime_around_sram,D - memory / macro boundary,yosys,0.58,orig,on,1.818,MET,,,,,,1874,4700.486,,,,,,,,,,,,,,,5.1000000000000005,0.9349999999999999,,,,vectorless,,1.0,2.0,5c39ebe53eda,uncommitted
r13_retime_around_sram,D - memory / macro boundary,yosys,0.58,orig,on,2.192,MET,,,,,,1874,4700.486,,,,,,,,,,,,,,,4.32,0.775,,,,vectorless,,2.0,3.0,5c39ebe53eda,uncommitted
r13_retime_around_sram,D - memory / macro boundary,yosys,0.58,retimed,off,0.823,VIOLATED,,,,,,1352,4422.25,,,,,,,,,,,,,,,11.4,2.2399999999999998,,,,vectorless,,2.0,4.0,5c39ebe53eda,uncommitted
r13_retime_around_sram,D - memory / macro boundary,yosys,0.58,retimed,off,1.005,VIOLATED,,,,,,1352,4422.25,,,,,,,,,,,,,,,9.41,1.83,,,,vectorless,,2.0,4.0,5c39ebe53eda,uncommitted
r13_retime_around_sram,D - memory / macro boundary,yosys,0.58,retimed,off,1.235,VIOLATED,,,,,,1352,4422.25,,,,,,,,,,,,,,,7.74,1.49,,,,vectorless,,2.0,4.0,5c39ebe53eda,uncommitted
r13_retime_around_sram,D - memory / macro boundary,yosys,0.58,retimed,off,1.502,VIOLATED,,,,,,1352,4422.25,,,,,,,,,,,,,,,6.45,1.22,,,,vectorless,,2.0,4.0,5c39ebe53eda,uncommitted
r13_retime_around_sram,D - memory / macro boundary,yosys,0.58,retimed,off,1.818,VIOLATED,,,,,,1352,4422.25,,,,,,,,,,,,,,,5.42,1.01,,,,vectorless,,2.0,4.0,5c39ebe53eda,uncommitted
r13_retime_around_sram,D - memory / macro boundary,yosys,0.58,retimed,off,2.192,VIOLATED,,,,,,1352,4422.25,,,,,,,,,,,,,,,4.590000000000001,0.839,,,,vectorless,,2.0,4.0,5c39ebe53eda,uncommitted
r15_hier_boundary_block,E - hierarchy boundary,genus,23.12-s086_1,directive,off,0.1275,VIOLATED,,,,60,32,608,1569.87638925,,,,,,,,,,,,,,,15.1614,6.26453,5.2261,9.42286,0.512471,probabilistic,,300,361.0,44dee6322121,92f52de
r15_hier_boundary_block,E - hierarchy boundary,genus,23.12-s086_1,directive,off,0.1605,VIOLATED,,,,95,64,628,1673.7014785000001,,,,,,,,,,,,,,,10.190299999999999,3.62592,4.87776,4.66721,0.645333,probabilistic,,43,55.0,44dee6322121,4f7c7a48
r15_hier_boundary_block,E - hierarchy boundary,genus,23.12-s086_1,directive,off,0.1821,VIOLATED,,,,53,32,639,1627.28907175,,,,,,,,,,,,,,,10.7323,4.57247,3.2804499999999996,7.1348899999999995,0.316952,probabilistic,,213,233.0,44dee6322121,92f52de
r15_hier_boundary_block,E - hierarchy boundary,genus,23.12-s086_1,directive,off,0.1946,VIOLATED,,,,94,64,640,1720.25653525,,,,,,,,,,,,,,,8.33633,3.0109,3.9638599999999995,3.84519,0.5272760000000001,probabilistic,,40,57.0,44dee6322121,4f7c7a48
r15_hier_boundary_block,E - hierarchy boundary,genus,23.12-s086_1,directive,off,0.321,MET,,,,90,64,419,1252.63118475,,,,,,,,,,,,,,,3.96413,1.23225,2.2234,1.4346599999999998,0.306081,probabilistic,,22,34.0,44dee6322121,4f7c7a48
r15_hier_boundary_block,E - hierarchy boundary,genus,23.12-s086_1,directive,off,0.3648,VIOLATED,,,,,,538,1382.4785417500002,,,,,,,,,,,,,,,4.8262599999999996,1.99144,1.71716,2.96117,0.14793299999999998,probabilistic,,31,39.0,be7e1e19c030,uncommitted
r15_hier_boundary_block,E - hierarchy boundary,genus,23.12-s086_1,directive,off,0.4333,MET,,,,52,32,348,977.4464635,,,,,,,,,,,,,,,2.66934,0.904171,1.2460399999999998,1.29233,0.130969,probabilistic,,30,47.0,44dee6322121,92f52de
r15_hier_boundary_block,E - hierarchy boundary,genus,23.12-s086_1,directive,off,0.6376,MET,,,,,,429,1177.4748925,,,,,,,,,,,,,,,2.58351,0.9329040000000001,1.01064,1.48178,0.0910916,probabilistic,,18,26.0,be7e1e19c030,uncommitted
r15_hier_boundary_block,E - hierarchy boundary,genus,23.12-s086_1,directive,off,0.642,MET,,,,68,64,270,923.88505725,,,,,,,,,,,,,,,1.55449,0.433695,0.860166,0.578982,0.115346,probabilistic,,17,36.0,44dee6322121,4f7c7a48
r15_hier_boundary_block,E - hierarchy boundary,genus,23.12-s086_1,directive,off,1.05,MET,,,,,,259,721.04861575,,,,,,,,,,,,,,,0.815787,0.303863,0.266656,0.521934,0.0271962,probabilistic,,14,23.0,be7e1e19c030,uncommitted
r15_hier_boundary_block,E - hierarchy boundary,genus,23.12-s086_1,orig,off,0.1275,VIOLATED,,,,24,32,621,1536.6849065000001,,,,,,,,,,,,,,,14.855699999999999,7.19611,2.46814,12.178700000000001,0.208784,probabilistic,,306,368.0,44dee6322121,92f52de
r15_hier_boundary_block,E - hierarchy boundary,genus,23.12-s086_1,orig,off,0.1821,VIOLATED,,,,24,32,620,1509.0801112499998,,,,,,,,,,,,,,,10.5165,5.09531,1.5798699999999999,8.79045,0.146183,probabilistic,,208,229.0,44dee6322121,92f52de
r15_hier_boundary_block,E - hierarchy boundary,genus,23.12-s086_1,orig,off,0.1946,VIOLATED,,,,48,64,687,1723.6396795,,,,,,,,,,,,,,,10.5423,4.8461099999999995,2.3236899999999996,7.95,0.268613,probabilistic,,79,91.0,44dee6322121,4f7c7a48
r15_hier_boundary_block,E - hierarchy boundary,genus,23.12-s086_1,orig,off,0.3648,VIOLATED,,,,,,604,1454.2216952499998,,,,,,,,,,,,,,,4.949409999999999,2.29207,0.935587,3.9382,0.075625,probabilistic,,38,47.0,be7e1e19c030,uncommitted
r15_hier_boundary_block,E - hierarchy boundary,genus,23.12-s086_1,orig,off,0.4333,VIOLATED,,,,24,32,613,1513.2085402500002,,,,,,,,,,,,,,,4.51242,2.16947,0.7012700000000001,3.75111,0.0600392,probabilistic,,92,110.0,44dee6322121,92f52de
r15_hier_boundary_block,E - hierarchy boundary,genus,23.12-s086_1,orig,off,0.642,VIOLATED,,,,48,64,696,1734.567458,,,,,,,,,,,,,,,3.5270599999999996,1.5987799999999999,0.762499,2.6831400000000003,0.08142060000000001,probabilistic,,96,122.0,44dee6322121,4f7c7a48
r15_hier_boundary_block,E - hierarchy boundary,genus,23.12-s086_1,orig,off,1.0496,MET,,,,,,521,1314.3656127499999,,,,,,,,,,,,,,,1.65499,0.748349,0.301706,1.32792,0.025362,probabilistic,,22,30.0,be7e1e19c030,uncommitted
r15_hier_boundary_block,E - hierarchy boundary,genus,23.12-s086_1,orig,on,0.1275,VIOLATED,,,,60,32,608,1569.87638925,,,,,,,,,,,,,,,15.1614,6.26453,5.2261,9.42286,0.512471,probabilistic,,305,364.0,44dee6322121,92f52de
r15_hier_boundary_block,E - hierarchy boundary,genus,23.12-s086_1,orig,on,0.1605,VIOLATED,,,,95,64,628,1673.7014785000001,,,,,,,,,,,,,,,10.190299999999999,3.62592,4.87776,4.66721,0.645333,probabilistic,,45,58.0,44dee6322121,4f7c7a48
r15_hier_boundary_block,E - hierarchy boundary,genus,23.12-s086_1,orig,on,0.1821,VIOLATED,,,,53,32,639,1627.28907175,,,,,,,,,,,,,,,10.7323,4.57247,3.2804499999999996,7.1348899999999995,0.316952,probabilistic,,208,229.0,44dee6322121,92f52de
r15_hier_boundary_block,E - hierarchy boundary,genus,23.12-s086_1,orig,on,0.1946,VIOLATED,,,,94,64,640,1720.25653525,,,,,,,,,,,,,,,8.33633,3.0109,3.9638599999999995,3.84519,0.5272760000000001,probabilistic,,43,56.0,44dee6322121,4f7c7a48
r15_hier_boundary_block,E - hierarchy boundary,genus,23.12-s086_1,orig,on,0.321,MET,,,,90,64,419,1252.63118475,,,,,,,,,,,,,,,3.96413,1.23225,2.2234,1.4346599999999998,0.306081,probabilistic,,22,33.0,44dee6322121,4f7c7a48
r15_hier_boundary_block,E - hierarchy boundary,genus,23.12-s086_1,orig,on,0.3648,VIOLATED,,,,,,538,1382.4785417500002,,,,,,,,,,,,,,,4.8262599999999996,1.99144,1.71716,2.96117,0.14793299999999998,probabilistic,,30,38.0,be7e1e19c030,uncommitted
r15_hier_boundary_block,E - hierarchy boundary,genus,23.12-s086_1,orig,on,0.4333,MET,,,,52,32,348,977.4464635,,,,,,,,,,,,,,,2.66934,0.904171,1.2460399999999998,1.29233,0.130969,probabilistic,,28,45.0,44dee6322121,92f52de
r15_hier_boundary_block,E - hierarchy boundary,genus,23.12-s086_1,orig,on,0.6376,MET,,,,,,429,1177.4748925,,,,,,,,,,,,,,,2.58351,0.9329040000000001,1.01064,1.48178,0.0910916,probabilistic,,18,26.0,be7e1e19c030,uncommitted
r15_hier_boundary_block,E - hierarchy boundary,genus,23.12-s086_1,orig,on,0.642,MET,,,,68,64,270,923.88505725,,,,,,,,,,,,,,,1.55449,0.433695,0.860166,0.578982,0.115346,probabilistic,,17,41.0,44dee6322121,4f7c7a48
r15_hier_boundary_block,E - hierarchy boundary,genus,23.12-s086_1,orig,on,1.05,MET,,,,,,259,721.04861575,,,,,,,,,,,,,,,0.815787,0.303863,0.266656,0.521934,0.0271962,probabilistic,,15,23.0,be7e1e19c030,uncommitted
r15_hier_boundary_block,E - hierarchy boundary,genus,23.12-s086_1,retimed,off,0.1275,VIOLATED,,,,24,32,496,1205.11761925,,,,,,,,,,,,,,,10.6186,4.95063,1.9923499999999998,8.42123,0.204988,probabilistic,,193,252.0,44dee6322121,92f52de
r15_hier_boundary_block,E - hierarchy boundary,genus,23.12-s086_1,retimed,off,0.1821,VIOLATED,,,,24,32,520,1242.559477,,,,,,,,,,,,,,,7.40749,3.48675,1.44755,5.81641,0.143526,probabilistic,,117,139.0,44dee6322121,92f52de
r15_hier_boundary_block,E - hierarchy boundary,genus,23.12-s086_1,retimed,off,0.1946,VIOLATED,,,,48,64,662,1649.3712070000001,,,,,,,,,,,,,,,9.53746,4.2972399999999995,2.23725,7.03161,0.268613,probabilistic,,68,84.0,44dee6322121,4f7c7a48
r15_hier_boundary_block,E - hierarchy boundary,genus,23.12-s086_1,retimed,off,0.321,VIOLATED,,,,48,64,654,1621.42728425,,,,,,,,,,,,,,,5.4865699999999995,2.4321099999999998,1.33961,3.98412,0.16284099999999999,probabilistic,,54,66.0,44dee6322121,4f7c7a48
r15_hier_boundary_block,E - hierarchy boundary,genus,23.12-s086_1,retimed,off,0.3648,VIOLATED,,,,,,511,1229.544131,,,,,,,,,,,,,,,3.30253,1.45244,0.762507,2.46639,0.0736349,probabilistic,,20,31.0,be7e1e19c030,uncommitted
r15_hier_boundary_block,E - hierarchy boundary,genus,23.12-s086_1,retimed,off,0.4333,VIOLATED,,,,24,32,560,1377.473153,,,,,,,,,,,,,,,3.65357,1.72399,0.6158640000000001,2.9773899999999998,0.060318500000000004,probabilistic,,69,86.0,44dee6322121,92f52de
r15_hier_boundary_block,E - hierarchy boundary,genus,23.12-s086_1,retimed,off,0.642,MET,,,,48,64,321,937.28427325,,,,,,,,,,,,,,,1.57212,0.540278,0.6398849999999999,0.8508199999999999,0.08142060000000001,probabilistic,,10,29.0,44dee6322121,4f7c7a48
r15_hier_boundary_block,E - hierarchy boundary,genus,23.12-s086_1,retimed,off,0.7179,MET,,,,,,389,983.89888875,,,,,,,,,,,,,,,1.37271,0.5627479999999999,0.35755,0.978412,0.0367433,probabilistic,,11,19.0,be7e1e19c030,uncommitted
r15_hier_boundary_block,E - hierarchy boundary,genus,23.12-s086_1,retimed,off,1.05,MET,,,,,,250,688.7577162499999,,,,,,,,,,,,,,,0.727378,0.26717199999999997,0.238503,0.463984,0.0248914,probabilistic,,5,14.0,be7e1e19c030,uncommitted
r15_hier_boundary_block,E - hierarchy boundary,innovus-nangate45,23.12-s091_1,directive,off,0.1275,,-0.203,-4.357,26.0,60,,689,,3743.685,90.374,0,0.0,0.0,1.12,0.265,0.003,,,,,10,0,11.45557136,4.79641586,,,0.0,probabilistic,,642,738.0,,
r15_hier_boundary_block,E - hierarchy boundary,innovus-nangate45,23.12-s091_1,directive,off,0.1821,,-0.136,-2.74,25.0,53,,695,,3591.105,87.792,0,0.0,0.0,0.75,0.266,0.002,,,,,10,0,8.10445674,3.53983471,,,0.0,probabilistic,,532,614.0,,
r15_hier_boundary_block,E - hierarchy boundary,innovus-nangate45,23.12-s091_1,directive,off,0.1946,,-0.094,-3.815,64.0,94,,711,,3995.815,81.069,0,0.0,0.0,3.64,0.238,0.009,,,,,10,0,6.60831827,2.20696101,,,0.0,probabilistic,,181,21.0,,
r15_hier_boundary_block,E - hierarchy boundary,innovus-nangate45,23.12-s091_1,directive,off,0.4333,,0.007,0.0,0.0,52,,371,,2206.535,71.791,0,0.0,0.0,0.0,0.304,0.0,,,,,10,0,1.55163822,0.47793592,,,0.0,probabilistic,,104,135.0,,
r15_hier_boundary_block,E - hierarchy boundary,innovus-nangate45,23.12-s091_1,orig,off,0.1275,,-0.041,-0.3,8.0,24,,707,,3682.325,93.889,0,0.0,0.0,0.33,0.596,0.002,,,,,10,0,19.58429415,10.11387029,,,0.0,probabilistic,,563,668.0,,
r15_hier_boundary_block,E - hierarchy boundary,innovus-nangate45,23.12-s091_1,orig,off,0.1821,,0.011,0.0,0.0,24,,692,,3617.635,94.041,0,0.0,0.0,1.38,0.57,0.008,,,,,10,0,14.06093492,7.23385515,,,0.0,probabilistic,,477,566.0,,
r15_hier_boundary_block,E - hierarchy boundary,innovus-nangate45,23.12-s091_1,orig,off,0.1946,,-0.496,-7.833,21.0,48,,843,,4783.295,95.718,0,0.0,0.0,1.22,0.811,0.01,,,,,10,0,15.7141058,7.88742376,,,1.136,probabilistic,,222,20.0,,
r15_hier_boundary_block,E - hierarchy boundary,innovus-nangate45,23.12-s091_1,orig,off,0.4333,,0.231,0.0,0.0,24,,687,,3137.615,90.355,0,0.0,0.0,0.68,0.588,0.004,,,,,10,0,5.65376059,2.84990215,,,0.0,probabilistic,,141,171.0,,
r15_hier_boundary_block,E - hierarchy boundary,innovus-nangate45,23.12-s091_1,orig,on,0.1275,,-0.203,-4.357,26.0,60,,689,,3743.685,90.374,0,0.0,0.0,1.12,0.265,0.003,,,,,10,0,11.45557136,4.79641586,,,0.0,probabilistic,,650,748.0,,
r15_hier_boundary_block,E - hierarchy boundary,innovus-nangate45,23.12-s091_1,orig,on,0.1821,,-0.136,-2.74,25.0,53,,695,,3591.105,87.792,0,0.0,0.0,0.75,0.266,0.002,,,,,10,0,8.10445674,3.53983471,,,0.0,probabilistic,,515,602.0,,
r15_hier_boundary_block,E - hierarchy boundary,innovus-nangate45,23.12-s091_1,orig,on,0.1946,,-0.094,-3.815,64.0,94,,711,,3995.815,81.069,0,0.0,0.0,3.64,0.238,0.009,,,,,10,0,6.60831827,2.20696101,,,0.0,probabilistic,,179,23.0,,
r15_hier_boundary_block,E - hierarchy boundary,innovus-nangate45,23.12-s091_1,orig,on,0.4333,,0.007,0.0,0.0,52,,371,,2206.535,71.791,0,0.0,0.0,0.0,0.304,0.0,,,,,10,0,1.55163822,0.47793592,,,0.0,probabilistic,,107,137.0,,
r15_hier_boundary_block,E - hierarchy boundary,innovus-nangate45,23.12-s091_1,retimed,off,0.1821,,-0.193,-1.459,8.0,24,,654,,3388.04,98.58,0,0.0,0.0,0.0,0.304,0.0,,,,,10,0,7.27509078,3.40934845,,,0.9697,probabilistic,,633,728.0,,
r15_hier_boundary_block,E - hierarchy boundary,innovus-nangate45,23.12-s091_1,retimed,off,0.1946,,-0.252,-5.14,24.0,48,,800,,4975.4,96.698,0,0.0,0.0,0.65,0.457,0.003,,,,,10,0,10.05752615,4.55841449,,,1.572,probabilistic,,222,21.0,,
r15_hier_boundary_block,E - hierarchy boundary,innovus-nangate45,23.12-s091_1,retimed,off,0.4333,,-0.03,-0.185,8.0,24,,668,,4089.91,96.545,0,0.0,0.0,0.62,0.322,0.002,,,,,10,0,3.5113427,1.7122201,,,0.3229,probabilistic,,179,207.0,,
r15_hier_boundary_block,E - hierarchy boundary,openroad_syn,,directive,unsupported,0.92,VIOLATED,,,,,,251,,,,,,,,,,,,,,,,0.721182,0.179289,,,,vectorless,,1,1.0,44dee6322121,uncommitted
r15_hier_boundary_block,E - hierarchy boundary,openroad_syn,,directive,unsupported,1.124,VIOLATED,,,,,,251,,,,,,,,,,,,,,,,0.5962339999999999,0.146749,,,,vectorless,,1,1.0,44dee6322121,uncommitted
r15_hier_boundary_block,E - hierarchy boundary,openroad_syn,,directive,unsupported,1.38,VIOLATED,,,,,,251,,,,,,,,,,,,,,,,0.491703,0.119526,,,,vectorless,,0,0.0,44dee6322121,uncommitted
r15_hier_boundary_block,E - hierarchy boundary,openroad_syn,,directive,unsupported,1.68,VIOLATED,,,,,,251,,,,,,,,,,,,,,,,0.410161,0.0981818,,,,vectorless,,0,1.0,44dee6322121,uncommitted
r15_hier_boundary_block,E - hierarchy boundary,openroad_syn,,directive,unsupported,2.033,VIOLATED,,,,,,251,,,,,,,,,,,,,,,,0.345646,0.081134,,,,vectorless,,1,1.0,44dee6322121,uncommitted
r15_hier_boundary_block,E - hierarchy boundary,openroad_syn,,directive,unsupported,2.45,MET,,,,,,251,,,,,,,,,,,,,,,,0.29338600000000004,0.0673247,,,,vectorless,,0,1.0,44dee6322121,uncommitted
r15_hier_boundary_block,E - hierarchy boundary,openroad_syn,,orig,unsupported,0.92,VIOLATED,,,,,,251,,,,,,,,,,,,,,,,0.721182,0.179289,,,,vectorless,,0,0.0,44dee6322121,uncommitted
r15_hier_boundary_block,E - hierarchy boundary,openroad_syn,,orig,unsupported,1.124,VIOLATED,,,,,,251,,,,,,,,,,,,,,,,0.5962339999999999,0.146749,,,,vectorless,,0,1.0,44dee6322121,uncommitted
r15_hier_boundary_block,E - hierarchy boundary,openroad_syn,,orig,unsupported,1.38,VIOLATED,,,,,,251,,,,,,,,,,,,,,,,0.491703,0.119526,,,,vectorless,,0,0.0,44dee6322121,uncommitted
r15_hier_boundary_block,E - hierarchy boundary,openroad_syn,,orig,unsupported,1.68,VIOLATED,,,,,,251,,,,,,,,,,,,,,,,0.410161,0.0981818,,,,vectorless,,0,1.0,44dee6322121,uncommitted
r15_hier_boundary_block,E - hierarchy boundary,openroad_syn,,orig,unsupported,2.033,VIOLATED,,,,,,251,,,,,,,,,,,,,,,,0.345646,0.081134,,,,vectorless,,0,1.0,44dee6322121,uncommitted
r15_hier_boundary_block,E - hierarchy boundary,openroad_syn,,orig,unsupported,2.45,MET,,,,,,251,,,,,,,,,,,,,,,,0.29338600000000004,0.0673247,,,,vectorless,,0,1.0,44dee6322121,uncommitted
r15_hier_boundary_block,E - hierarchy boundary,openroad_syn,,retimed,unsupported,0.92,VIOLATED,,,,,,242,,,,,,,,,,,,,,,,0.654653,0.164942,,,,vectorless,,0,1.0,44dee6322121,uncommitted
r15_hier_boundary_block,E - hierarchy boundary,openroad_syn,,retimed,unsupported,1.124,MET,,,,,,242,,,,,,,,,,,,,,,,0.54132,0.135006,,,,vectorless,,0,1.0,44dee6322121,uncommitted
r15_hier_boundary_block,E - hierarchy boundary,openroad_syn,,retimed,unsupported,1.38,MET,,,,,,242,,,,,,,,,,,,,,,,0.446506,0.109962,,,,vectorless,,0,1.0,44dee6322121,uncommitted
r15_hier_boundary_block,E - hierarchy boundary,openroad_syn,,retimed,unsupported,1.68,MET,,,,,,242,,,,,,,,,,,,,,,,0.37254600000000004,0.09032549999999999,,,,vectorless,,0,1.0,44dee6322121,uncommitted
r15_hier_boundary_block,E - hierarchy boundary,openroad_syn,,retimed,unsupported,2.033,MET,,,,,,242,,,,,,,,,,,,,,,,0.314031,0.0746419,,,,vectorless,,1,1.0,44dee6322121,uncommitted
r15_hier_boundary_block,E - hierarchy boundary,openroad_syn,,retimed,unsupported,2.45,MET,,,,,,242,,,,,,,,,,,,,,,,0.26663099999999995,0.06193749999999999,,,,vectorless,,0,1.0,44dee6322121,uncommitted
r15_hier_boundary_block,E - hierarchy boundary,vivado-xc7a100t,2025.2,directive,on,3.5,VIOLATED,,,,,,,,,,,,,,,,,,,,,,142.0,,,,,vectorless,84,359,398.0,,
r15_hier_boundary_block,E - hierarchy boundary,vivado-xc7a100t,2025.2,orig,off,3.5,VIOLATED,,,,,,,,,,,,,,,,,,,,,,142.0,,,,,vectorless,84,399,443.0,,
r15_hier_boundary_block,E - hierarchy boundary,vivado-xc7a100t,2025.2,orig,on,3.5,VIOLATED,,,,,,,,,,,,,,,,,,,,,,142.0,,,,,vectorless,84,388,424.0,,
r15_hier_boundary_block,E - hierarchy boundary,vivado-xc7a100t,2025.2,retimed,off,3.5,VIOLATED,,,,,,,,,,,,,,,,,,,,,,144.0,,,,,vectorless,84,337,373.0,,
r15_hier_boundary_block,E - hierarchy boundary,vivado-xcau7p,2025.2,directive,on,3.5,VIOLATED,,,,,,,,,,,,,,,,,,,,,,183.0,,,,,vectorless,113,198,213.0,,
r15_hier_boundary_block,E - hierarchy boundary,vivado-xcau7p,2025.2,orig,off,3.5,VIOLATED,,,,,,,,,,,,,,,,,,,,,,183.0,,,,,vectorless,113,205,223.0,,
r15_hier_boundary_block,E - hierarchy boundary,vivado-xcau7p,2025.2,orig,on,3.5,VIOLATED,,,,,,,,,,,,,,,,,,,,,,183.0,,,,,vectorless,113,208,224.0,,
r15_hier_boundary_block,E - hierarchy boundary,vivado-xcau7p,2025.2,retimed,off,3.5,VIOLATED,,,,,,,,,,,,,,,,,,,,,,184.0,,,,,vectorless,70,193,208.0,,
r15_hier_boundary_block,E - hierarchy boundary,vivado2023.1-xc7a100t,2023.1,directive,on,4.55,VIOLATED,,,,,,,,,,,,,,,,,,,,,,130.0,,,,,vectorless,84,28,36.0,,
r15_hier_boundary_block,E - hierarchy boundary,vivado2023.1-xc7a100t,2023.1,directive,on,5.6,VIOLATED,,,,,,,,,,,,,,,,,,,,,,122.0,,,,,vectorless,84,29,37.0,,
r15_hier_boundary_block,E - hierarchy boundary,vivado2023.1-xc7a100t,2023.1,directive,on,7.0,VIOLATED,,,,,,,,,,,,,,,,,,,,,,116.0,,,,,vectorless,84,28,37.0,,
r15_hier_boundary_block,E - hierarchy boundary,vivado2023.1-xc7a100t,2023.1,directive,on,8.4,MET,,,,,,,,,,,,,,,,,,,,,,112.0,,,,,vectorless,84,29,39.0,,
r15_hier_boundary_block,E - hierarchy boundary,vivado2023.1-xc7a100t,2023.1,directive,on,10.5,MET,,,,,,,,,,,,,,,,,,,,,,108.0,,,,,vectorless,84,29,41.0,,
r15_hier_boundary_block,E - hierarchy boundary,vivado2023.1-xc7a100t,2023.1,orig,off,4.55,VIOLATED,,,,,,,,,,,,,,,,,,,,,,130.0,,,,,vectorless,84,28,36.0,,
r15_hier_boundary_block,E - hierarchy boundary,vivado2023.1-xc7a100t,2023.1,orig,off,5.6,VIOLATED,,,,,,,,,,,,,,,,,,,,,,122.0,,,,,vectorless,84,28,38.0,,
r15_hier_boundary_block,E - hierarchy boundary,vivado2023.1-xc7a100t,2023.1,orig,off,7.0,VIOLATED,,,,,,,,,,,,,,,,,,,,,,116.0,,,,,vectorless,84,28,40.0,,
r15_hier_boundary_block,E - hierarchy boundary,vivado2023.1-xc7a100t,2023.1,orig,off,8.4,MET,,,,,,,,,,,,,,,,,,,,,,112.0,,,,,vectorless,84,35,42.0,,
r15_hier_boundary_block,E - hierarchy boundary,vivado2023.1-xc7a100t,2023.1,orig,off,10.5,MET,,,,,,,,,,,,,,,,,,,,,,108.0,,,,,vectorless,84,32,40.0,,
r15_hier_boundary_block,E - hierarchy boundary,vivado2023.1-xc7a100t,2023.1,orig,on,4.55,VIOLATED,,,,,,,,,,,,,,,,,,,,,,130.0,,,,,vectorless,84,28,36.0,,
r15_hier_boundary_block,E - hierarchy boundary,vivado2023.1-xc7a100t,2023.1,orig,on,5.6,VIOLATED,,,,,,,,,,,,,,,,,,,,,,122.0,,,,,vectorless,84,28,36.0,,
r15_hier_boundary_block,E - hierarchy boundary,vivado2023.1-xc7a100t,2023.1,orig,on,7.0,VIOLATED,,,,,,,,,,,,,,,,,,,,,,116.0,,,,,vectorless,84,27,35.0,,
r15_hier_boundary_block,E - hierarchy boundary,vivado2023.1-xc7a100t,2023.1,orig,on,8.4,MET,,,,,,,,,,,,,,,,,,,,,,112.0,,,,,vectorless,84,28,35.0,,
r15_hier_boundary_block,E - hierarchy boundary,vivado2023.1-xc7a100t,2023.1,orig,on,10.5,MET,,,,,,,,,,,,,,,,,,,,,,108.0,,,,,vectorless,84,28,35.0,,
r15_hier_boundary_block,E - hierarchy boundary,vivado2023.1-xc7a100t,2023.1,retimed,off,4.55,VIOLATED,,,,,,,,,,,,,,,,,,,,,,130.0,,,,,vectorless,84,30,42.0,,
r15_hier_boundary_block,E - hierarchy boundary,vivado2023.1-xc7a100t,2023.1,retimed,off,5.6,VIOLATED,,,,,,,,,,,,,,,,,,,,,,123.0,,,,,vectorless,84,30,42.0,,
r15_hier_boundary_block,E - hierarchy boundary,vivado2023.1-xc7a100t,2023.1,retimed,off,7.0,MET,,,,,,,,,,,,,,,,,,,,,,117.0,,,,,vectorless,84,27,35.0,,
r15_hier_boundary_block,E - hierarchy boundary,vivado2023.1-xc7a100t,2023.1,retimed,off,8.4,MET,,,,,,,,,,,,,,,,,,,,,,112.0,,,,,vectorless,84,28,36.0,,
r15_hier_boundary_block,E - hierarchy boundary,vivado2023.1-xc7a100t,2023.1,retimed,off,10.5,MET,,,,,,,,,,,,,,,,,,,,,,108.0,,,,,vectorless,84,29,35.0,,
r15_hier_boundary_block,E - hierarchy boundary,yosys,0.58,directive,on,0.92,MET,,,,,,329,508.06,,,,,,,,,,,,,,,1.01,0.379,,,,vectorless,,1.0,2.0,44dee6322121,uncommitted
r15_hier_boundary_block,E - hierarchy boundary,yosys,0.58,directive,on,1.124,MET,,,,,,329,508.06,,,,,,,,,,,,,,,0.832,0.31,,,,vectorless,,1.0,2.0,44dee6322121,uncommitted
r15_hier_boundary_block,E - hierarchy boundary,yosys,0.58,directive,on,1.38,MET,,,,,,329,508.06,,,,,,,,,,,,,,,0.683,0.253,,,,vectorless,,1.0,2.0,44dee6322121,uncommitted
r15_hier_boundary_block,E - hierarchy boundary,yosys,0.58,directive,on,1.68,MET,,,,,,329,508.06,,,,,,,,,,,,,,,0.5670000000000001,0.208,,,,vectorless,,1.0,2.0,44dee6322121,uncommitted
r15_hier_boundary_block,E - hierarchy boundary,yosys,0.58,directive,on,2.033,MET,,,,,,329,508.06,,,,,,,,,,,,,,,0.475,0.17200000000000001,,,,vectorless,,1.0,2.0,44dee6322121,uncommitted
r15_hier_boundary_block,E - hierarchy boundary,yosys,0.58,directive,on,2.45,MET,,,,,,329,508.06,,,,,,,,,,,,,,,0.4,0.14200000000000002,,,,vectorless,,1.0,2.0,44dee6322121,uncommitted
r15_hier_boundary_block,E - hierarchy boundary,yosys,0.58,orig,off,0.92,VIOLATED,,,,,,305,355.908,,,,,,,,,,,,,,,0.879,0.277,,,,vectorless,,1.0,1.0,44dee6322121,uncommitted
r15_hier_boundary_block,E - hierarchy boundary,yosys,0.58,orig,off,1.124,VIOLATED,,,,,,305,355.908,,,,,,,,,,,,,,,0.7240000000000001,0.22599999999999998,,,,vectorless,,1.0,1.0,44dee6322121,uncommitted
r15_hier_boundary_block,E - hierarchy boundary,yosys,0.58,orig,off,1.38,VIOLATED,,,,,,305,355.908,,,,,,,,,,,,,,,0.5950000000000001,0.184,,,,vectorless,,1.0,1.0,44dee6322121,uncommitted
r15_hier_boundary_block,E - hierarchy boundary,yosys,0.58,orig,off,1.68,MET,,,,,,305,355.908,,,,,,,,,,,,,,,0.494,0.15100000000000002,,,,vectorless,,1.0,1.0,44dee6322121,uncommitted
r15_hier_boundary_block,E - hierarchy boundary,yosys,0.58,orig,off,2.033,MET,,,,,,305,355.908,,,,,,,,,,,,,,,0.414,0.125,,,,vectorless,,1.0,1.0,44dee6322121,uncommitted
r15_hier_boundary_block,E - hierarchy boundary,yosys,0.58,orig,off,2.45,MET,,,,,,305,355.908,,,,,,,,,,,,,,,0.34900000000000003,0.104,,,,vectorless,,1.0,2.0,44dee6322121,uncommitted
r15_hier_boundary_block,E - hierarchy boundary,yosys,0.58,orig,on,0.92,MET,,,,,,329,508.06,,,,,,,,,,,,,,,1.01,0.379,,,,vectorless,,1.0,2.0,44dee6322121,uncommitted
r15_hier_boundary_block,E - hierarchy boundary,yosys,0.58,orig,on,1.124,MET,,,,,,329,508.06,,,,,,,,,,,,,,,0.832,0.31,,,,vectorless,,1.0,2.0,44dee6322121,uncommitted
r15_hier_boundary_block,E - hierarchy boundary,yosys,0.58,orig,on,1.38,MET,,,,,,329,508.06,,,,,,,,,,,,,,,0.683,0.253,,,,vectorless,,1.0,2.0,44dee6322121,uncommitted
r15_hier_boundary_block,E - hierarchy boundary,yosys,0.58,orig,on,1.68,MET,,,,,,329,508.06,,,,,,,,,,,,,,,0.5670000000000001,0.208,,,,vectorless,,1.0,2.0,44dee6322121,uncommitted
r15_hier_boundary_block,E - hierarchy boundary,yosys,0.58,orig,on,2.033,MET,,,,,,329,508.06,,,,,,,,,,,,,,,0.475,0.17200000000000001,,,,vectorless,,1.0,1.0,44dee6322121,uncommitted
r15_hier_boundary_block,E - hierarchy boundary,yosys,0.58,orig,on,2.45,MET,,,,,,329,508.06,,,,,,,,,,,,,,,0.4,0.14200000000000002,,,,vectorless,,1.0,2.0,44dee6322121,uncommitted
r15_hier_boundary_block,E - hierarchy boundary,yosys,0.58,retimed,off,0.92,VIOLATED,,,,,,306,344.204,,,,,,,,,,,,,,,0.666,0.195,,,,vectorless,,1.0,2.0,44dee6322121,uncommitted
r15_hier_boundary_block,E - hierarchy boundary,yosys,0.58,retimed,off,1.124,MET,,,,,,306,344.204,,,,,,,,,,,,,,,0.549,0.159,,,,vectorless,,1.0,2.0,44dee6322121,uncommitted
r15_hier_boundary_block,E - hierarchy boundary,yosys,0.58,retimed,off,1.38,MET,,,,,,306,344.204,,,,,,,,,,,,,,,0.45199999999999996,0.12999999999999998,,,,vectorless,,0.0,1.0,44dee6322121,uncommitted
r15_hier_boundary_block,E - hierarchy boundary,yosys,0.58,retimed,off,1.68,MET,,,,,,306,344.204,,,,,,,,,,,,,,,0.376,0.107,,,,vectorless,,1.0,2.0,44dee6322121,uncommitted
r15_hier_boundary_block,E - hierarchy boundary,yosys,0.58,retimed,off,2.033,MET,,,,,,306,344.204,,,,,,,,,,,,,,,0.315,0.0881,,,,vectorless,,1.0,2.0,44dee6322121,uncommitted
r15_hier_boundary_block,E - hierarchy boundary,yosys,0.58,retimed,off,2.45,MET,,,,,,306,344.204,,,,,,,,,,,,,,,0.26699999999999996,0.0731,,,,vectorless,,1.0,2.0,44dee6322121,uncommitted
r16_dont_touch_conflict,E - preservation conflict,genus,23.12-s086_1,directive,off,0.217,VIOLATED,,,,118,80,938,2465.732703,,,,,,,,,,,,,,,10.4647,3.9406,4.40019,5.47229,0.592175,probabilistic,,58,73.0,5d8b25549dc0,4f7c7a48
r16_dont_touch_conflict,E - preservation conflict,genus,23.12-s086_1,directive,off,0.2664,VIOLATED,,,,121,80,887,2383.88842225,,,,,,,,,,,,,,,8.53899,3.15782,3.76399,4.27765,0.49735399999999996,probabilistic,,57,70.0,5d8b25549dc0,4f7c7a48
r16_dont_touch_conflict,E - preservation conflict,genus,23.12-s086_1,directive,off,0.3229,VIOLATED,,,,,,780,1993.30397,,,,,,,,,,,,,,,7.52295,3.30192,2.11089,5.1756,0.236454,probabilistic,,42,52.0,5d8b25549dc0,bdf1989
r16_dont_touch_conflict,E - preservation conflict,genus,23.12-s086_1,directive,off,0.4554,VIOLATED,,,,,,674,1767.5326559999999,,,,,,,,,,,,,,,5.025499999999999,1.97473,1.83838,3.0056499999999997,0.181473,probabilistic,,30,39.0,0361cf68f55b,uncommitted
r16_dont_touch_conflict,E - preservation conflict,genus,23.12-s086_1,directive,off,0.4613,MET,,,,,,523,1457.727921,,,,,,,,,,,,,,,3.63662,1.33857,1.52152,1.93516,0.179939,probabilistic,,20,28.0,5d8b25549dc0,bdf1989
r16_dont_touch_conflict,E - preservation conflict,genus,23.12-s086_1,directive,off,0.5328,MET,,,,101,80,497,1502.3979239999999,,,,,,,,,,,,,,,2.80208,0.858968,1.53371,1.0617,0.20666299999999999,probabilistic,,25,38.0,5d8b25549dc0,4f7c7a48
r16_dont_touch_conflict,E - preservation conflict,genus,23.12-s086_1,directive,off,0.6788,MET,,,,,,536,1464.481751,,,,,,,,,,,,,,,2.81079,1.0054599999999998,1.2140499999999999,1.47945,0.11729200000000001,probabilistic,,19,27.0,0361cf68f55b,uncommitted
r16_dont_touch_conflict,E - preservation conflict,genus,23.12-s086_1,directive,off,0.871,MET,,,,,,401,1152.337344,,,,,,,,,,,,,,,1.6148799999999999,0.54608,0.6831940000000001,0.856533,0.0751561,probabilistic,,12,20.0,0361cf68f55b,uncommitted
r16_dont_touch_conflict,E - preservation conflict,genus,23.12-s086_1,orig,off,0.217,VIOLATED,,,,80,80,927,2399.8101905,,,,,,,,,,,,,,,14.1991,6.251010000000001,3.29736,10.5009,0.40091699999999997,probabilistic,,109,124.0,5d8b25549dc0,4f7c7a48
r16_dont_touch_conflict,E - preservation conflict,genus,23.12-s086_1,orig,off,0.3229,VIOLATED,,,,,,843,2095.52942575,,,,,,,,,,,,,,,8.20738,3.9257299999999997,1.4153499999999999,6.629020000000001,0.163007,probabilistic,,81,91.0,5d8b25549dc0,bdf1989
r16_dont_touch_conflict,E - preservation conflict,genus,23.12-s086_1,orig,off,0.4554,VIOLATED,,,,,,863,2160.32180125,,,,,,,,,,,,,,,6.43532,3.09738,1.12254,5.19534,0.11744,probabilistic,,75,83.0,0361cf68f55b,uncommitted
r16_dont_touch_conflict,E - preservation conflict,genus,23.12-s086_1,orig,off,0.4613,VIOLATED,,,,,,776,1957.8152075,,,,,,,,,,,,,,,5.853940000000001,2.8087,0.981326,4.7593000000000005,0.113315,probabilistic,,48,57.0,5d8b25549dc0,bdf1989
r16_dont_touch_conflict,E - preservation conflict,genus,23.12-s086_1,orig,off,0.5328,VIOLATED,,,,80,80,897,2339.40816925,,,,,,,,,,,,,,,5.52489,2.4253,1.35597,4.00586,0.163059,probabilistic,,118,132.0,5d8b25549dc0,4f7c7a48
r16_dont_touch_conflict,E - preservation conflict,genus,23.12-s086_1,orig,off,0.8714,MET,,,,,,762,1943.46599425,,,,,,,,,,,,,,,3.05027,1.4071500000000001,0.576257,2.4136100000000003,0.0604028,probabilistic,,31,39.0,0361cf68f55b,uncommitted
r16_dont_touch_conflict,E - preservation conflict,genus,23.12-s086_1,orig,on,0.217,VIOLATED,,,,118,80,938,2465.732703,,,,,,,,,,,,,,,10.4647,3.9406,4.40019,5.47229,0.592175,probabilistic,,61,75.0,5d8b25549dc0,4f7c7a48
r16_dont_touch_conflict,E - preservation conflict,genus,23.12-s086_1,orig,on,0.2664,VIOLATED,,,,121,80,887,2383.88842225,,,,,,,,,,,,,,,8.53899,3.15782,3.76399,4.27765,0.49735399999999996,probabilistic,,57,71.0,5d8b25549dc0,4f7c7a48
r16_dont_touch_conflict,E - preservation conflict,genus,23.12-s086_1,orig,on,0.3229,VIOLATED,,,,,,780,1993.30397,,,,,,,,,,,,,,,7.52295,3.30192,2.11089,5.1756,0.236454,probabilistic,,43,51.0,5d8b25549dc0,bdf1989
r16_dont_touch_conflict,E - preservation conflict,genus,23.12-s086_1,orig,on,0.4554,VIOLATED,,,,,,674,1767.5326559999999,,,,,,,,,,,,,,,5.025499999999999,1.97473,1.83838,3.0056499999999997,0.181473,probabilistic,,31,39.0,0361cf68f55b,uncommitted
r16_dont_touch_conflict,E - preservation conflict,genus,23.12-s086_1,orig,on,0.4613,MET,,,,,,523,1457.727921,,,,,,,,,,,,,,,3.63662,1.33857,1.52152,1.93516,0.179939,probabilistic,,20,29.0,5d8b25549dc0,bdf1989
r16_dont_touch_conflict,E - preservation conflict,genus,23.12-s086_1,orig,on,0.5328,MET,,,,101,80,497,1502.3979239999999,,,,,,,,,,,,,,,2.80208,0.858968,1.53371,1.0617,0.20666299999999999,probabilistic,,25,37.0,5d8b25549dc0,4f7c7a48
r16_dont_touch_conflict,E - preservation conflict,genus,23.12-s086_1,orig,on,0.6788,MET,,,,,,536,1464.481751,,,,,,,,,,,,,,,2.81079,1.0054599999999998,1.2140499999999999,1.47945,0.11729200000000001,probabilistic,,18,27.0,0361cf68f55b,uncommitted
r16_dont_touch_conflict,E - preservation conflict,genus,23.12-s086_1,orig,on,0.871,MET,,,,,,401,1152.337344,,,,,,,,,,,,,,,1.6148799999999999,0.54608,0.6831940000000001,0.856533,0.0751561,probabilistic,,12,20.0,0361cf68f55b,uncommitted
r16_dont_touch_conflict,E - preservation conflict,genus,23.12-s086_1,retimed,off,0.217,VIOLATED,,,,80,80,786,1970.3013515,,,,,,,,,,,,,,,8.84177,3.46735,3.06637,5.37392,0.40147499999999997,probabilistic,,54,68.0,5d8b25549dc0,4f7c7a48
r16_dont_touch_conflict,E - preservation conflict,genus,23.12-s086_1,retimed,off,0.3229,VIOLATED,,,,,,752,1848.9448697500002,,,,,,,,,,,,,,,6.2588,2.8883099999999997,1.36024,4.73668,0.161883,probabilistic,,51,59.0,5d8b25549dc0,bdf1989
r16_dont_touch_conflict,E - preservation conflict,genus,23.12-s086_1,retimed,off,0.4554,VIOLATED,,,,,,697,1708.4857132500001,,,,,,,,,,,,,,,4.23859,1.85727,1.0756800000000002,3.0476,0.115314,probabilistic,,31,40.0,0361cf68f55b,uncommitted
r16_dont_touch_conflict,E - preservation conflict,genus,23.12-s086_1,retimed,off,0.4613,VIOLATED,,,,,,752,1811.89271525,,,,,,,,,,,,,,,3.98676,1.7982,0.938435,2.9344900000000003,0.11383900000000001,probabilistic,,37,47.0,5d8b25549dc0,bdf1989
r16_dont_touch_conflict,E - preservation conflict,genus,23.12-s086_1,retimed,off,0.5328,VIOLATED,,,,80,80,723,1903.673456,,,,,,,,,,,,,,,3.54874,1.37249,1.2693999999999999,2.1156,0.163741,probabilistic,,49,62.0,5d8b25549dc0,4f7c7a48
r16_dont_touch_conflict,E - preservation conflict,genus,23.12-s086_1,retimed,off,0.7529,MET,,,,,,558,1425.23837675,,,,,,,,,,,,,,,2.0917000000000003,0.846089,0.606592,1.41536,0.069749,probabilistic,,13,22.0,0361cf68f55b,uncommitted
r16_dont_touch_conflict,E - preservation conflict,genus,23.12-s086_1,retimed,off,0.871,MET,,,,,,400,1121.245065,,,,,,,,,,,,,,,1.3602,0.484932,0.522996,0.7771899999999999,0.0600138,probabilistic,,7,16.0,0361cf68f55b,uncommitted
r16_dont_touch_conflict,E - preservation conflict,innovus-nangate45,23.12-s091_1,directive,off,0.217,,-0.099,-4.75,84.0,118,,1065,,6356.93,83.924,0,0.0,0.0,0.43,0.463,0.002,,,,,10,0,10.92125088,4.28833237,,,2.105,probabilistic,,205,23.0,,
r16_dont_touch_conflict,E - preservation conflict,innovus-nangate45,23.12-s091_1,directive,off,0.3229,,-0.065,-1.614,41.0,,,875,,4808.215,86.922,0,0.0,0.0,1.21,0.407,0.005,,,,,10,0,5.6981716,2.50528732,,,0.5993,probabilistic,,90,107.0,,
r16_dont_touch_conflict,E - preservation conflict,innovus-nangate45,23.12-s091_1,directive,off,0.4613,,0.005,0.0,0.0,,,574,,3329.41,72.564,0,0.0,0.0,1.32,0.373,0.005,,,,,10,0,2.18572159,0.71404704,,,0.0,probabilistic,,62,81.0,,
r16_dont_touch_conflict,E - preservation conflict,innovus-nangate45,23.12-s091_1,directive,off,0.871,,,,,,,416,,2780.34,56.658,1,0.09,0.0,0.41,0.722,0.003,,,,,10,0,0.99054677,0.31332938,,,0.0,probabilistic,,68,92.0,,
r16_dont_touch_conflict,E - preservation conflict,innovus-nangate45,23.12-s091_1,orig,off,0.217,,-0.53,-8.31,34.0,80,,1194,,7593.46,98.554,0,0.0,0.0,0.59,0.847,0.005,,,,,10,0,20.81428745,9.92912584,,,2.855,probabilistic,,245,18.0,,
r16_dont_touch_conflict,E - preservation conflict,innovus-nangate45,23.12-s091_1,orig,off,0.3229,,-0.336,-5.217,24.0,,,1050,,6010.86,95.007,0,0.0,0.0,0.25,0.808,0.002,,,,,10,0,10.68003277,5.17688878,,,1.243,probabilistic,,126,144.0,,
r16_dont_touch_conflict,E - preservation conflict,innovus-nangate45,23.12-s091_1,orig,off,0.4613,,-0.111,-1.611,21.0,,,1021,,5795.48,97.349,0,0.0,0.0,0.15,0.677,0.001,,,,,10,0,8.27586134,4.07976815,,,1.207,probabilistic,,130,149.0,,
r16_dont_touch_conflict,E - preservation conflict,innovus-nangate45,23.12-s091_1,orig,off,0.8714,,,,,,,925,,5395.925,77.752,0,0.0,0.0,0.83,0.717,0.006,,,,,10,0,3.78567232,1.89124353,,,0.0,probabilistic,,133,157.0,,
r16_dont_touch_conflict,E - preservation conflict,innovus-nangate45,23.12-s091_1,orig,on,0.217,,-0.099,-4.75,84.0,118,,1065,,6356.93,83.924,0,0.0,0.0,0.43,0.463,0.002,,,,,10,0,10.92125088,4.28833237,,,2.105,probabilistic,,218,27.0,,
r16_dont_touch_conflict,E - preservation conflict,innovus-nangate45,23.12-s091_1,orig,on,0.3229,,-0.065,-1.614,41.0,,,875,,4808.215,86.922,0,0.0,0.0,1.21,0.407,0.005,,,,,10,0,5.6981716,2.50528732,,,0.5993,probabilistic,,92,111.0,,
r16_dont_touch_conflict,E - preservation conflict,innovus-nangate45,23.12-s091_1,orig,on,0.4613,,0.005,0.0,0.0,,,574,,3329.41,72.564,0,0.0,0.0,1.32,0.373,0.005,,,,,10,0,2.18572159,0.71404704,,,0.0,probabilistic,,60,78.0,,
r16_dont_touch_conflict,E - preservation conflict,innovus-nangate45,23.12-s091_1,orig,on,0.871,,,,,,,416,,2780.34,56.658,1,0.09,0.0,0.41,0.722,0.003,,,,,10,0,0.99054677,0.31332938,,,0.0,probabilistic,,71,96.0,,
r16_dont_touch_conflict,E - preservation conflict,innovus-nangate45,23.12-s091_1,retimed,off,0.217,,-0.313,-9.047,47.0,80,,1032,,5910.665,96.239,0,0.0,0.0,0.88,0.566,0.005,,,,,10,0,10.4573952,4.6751582,,,1.367,probabilistic,,223,21.0,,
r16_dont_touch_conflict,E - preservation conflict,innovus-nangate45,23.12-s091_1,retimed,off,0.3229,,-0.132,-1.257,21.0,,,941,,5326.465,96.398,0,0.0,0.0,0.0,0.747,0.0,,,,,10,0,6.85916182,3.20117186,,,1.118,probabilistic,,112,132.0,,
r16_dont_touch_conflict,E - preservation conflict,innovus-nangate45,23.12-s091_1,retimed,off,0.4613,,0.002,0.0,0.0,,,834,,4597.41,86.247,0,0.0,0.0,0.36,0.559,0.002,,,,,10,0,3.86765429,1.82750847,,,0.4023,probabilistic,,97,118.0,,
r16_dont_touch_conflict,E - preservation conflict,innovus-nangate45,23.12-s091_1,retimed,off,0.871,,,,,,,399,,2344.935,54.728,0,0.0,0.0,0.41,0.724,0.003,,,,,10,0,0.89366238,0.29922785,,,0.0,probabilistic,,59,83.0,,
r16_dont_touch_conflict,E - preservation conflict,openroad_syn,,directive,unsupported,0.764,VIOLATED,,,,,,397,,,,,,,,,,,,,,,,1.40351,0.442623,,,,vectorless,,0,0.0,5d8b25549dc0,uncommitted
r16_dont_touch_conflict,E - preservation conflict,openroad_syn,,directive,unsupported,0.932,VIOLATED,,,,,,397,,,,,,,,,,,,,,,,1.1579,0.362837,,,,vectorless,,0,1.0,5d8b25549dc0,uncommitted
r16_dont_touch_conflict,E - preservation conflict,openroad_syn,,directive,unsupported,1.146,VIOLATED,,,,,,397,,,,,,,,,,,,,,,,0.950046,0.295082,,,,vectorless,,1,1.0,5d8b25549dc0,uncommitted
r16_dont_touch_conflict,E - preservation conflict,openroad_syn,,directive,unsupported,1.394,VIOLATED,,,,,,397,,,,,,,,,,,,,,,,0.789,0.242585,,,,vectorless,,0,0.0,5d8b25549dc0,uncommitted
r16_dont_touch_conflict,E - preservation conflict,openroad_syn,,directive,unsupported,1.687,VIOLATED,,,,,,397,,,,,,,,,,,,,,,,0.660288,0.20045300000000002,,,,vectorless,,0,0.0,5d8b25549dc0,uncommitted
r16_dont_touch_conflict,E - preservation conflict,openroad_syn,,directive,unsupported,2.034,VIOLATED,,,,,,397,,,,,,,,,,,,,,,,0.556524,0.166256,,,,vectorless,,1,1.0,5d8b25549dc0,uncommitted
r16_dont_touch_conflict,E - preservation conflict,openroad_syn,,orig,unsupported,0.764,VIOLATED,,,,,,397,,,,,,,,,,,,,,,,1.40351,0.442623,,,,vectorless,,0,0.0,5d8b25549dc0,uncommitted
r16_dont_touch_conflict,E - preservation conflict,openroad_syn,,orig,unsupported,0.932,VIOLATED,,,,,,397,,,,,,,,,,,,,,,,1.1579,0.362837,,,,vectorless,,0,1.0,5d8b25549dc0,uncommitted
r16_dont_touch_conflict,E - preservation conflict,openroad_syn,,orig,unsupported,1.146,VIOLATED,,,,,,397,,,,,,,,,,,,,,,,0.950046,0.295082,,,,vectorless,,0,1.0,5d8b25549dc0,uncommitted
r16_dont_touch_conflict,E - preservation conflict,openroad_syn,,orig,unsupported,1.394,VIOLATED,,,,,,397,,,,,,,,,,,,,,,,0.789,0.242585,,,,vectorless,,0,0.0,5d8b25549dc0,uncommitted
r16_dont_touch_conflict,E - preservation conflict,openroad_syn,,orig,unsupported,1.687,VIOLATED,,,,,,397,,,,,,,,,,,,,,,,0.660288,0.20045300000000002,,,,vectorless,,0,1.0,5d8b25549dc0,uncommitted
r16_dont_touch_conflict,E - preservation conflict,openroad_syn,,orig,unsupported,2.034,VIOLATED,,,,,,397,,,,,,,,,,,,,,,,0.556524,0.166256,,,,vectorless,,0,1.0,5d8b25549dc0,uncommitted
r16_dont_touch_conflict,E - preservation conflict,openroad_syn,,retimed,unsupported,0.764,VIOLATED,,,,,,338,,,,,,,,,,,,,,,,1.1396600000000001,0.314608,,,,vectorless,,0,1.0,5d8b25549dc0,uncommitted
r16_dont_touch_conflict,E - preservation conflict,openroad_syn,,retimed,unsupported,0.932,VIOLATED,,,,,,338,,,,,,,,,,,,,,,,0.941021,0.257897,,,,vectorless,,1,1.0,5d8b25549dc0,uncommitted
r16_dont_touch_conflict,E - preservation conflict,openroad_syn,,retimed,unsupported,1.146,VIOLATED,,,,,,338,,,,,,,,,,,,,,,,0.772967,0.209738,,,,vectorless,,1,1.0,5d8b25549dc0,uncommitted
r16_dont_touch_conflict,E - preservation conflict,openroad_syn,,retimed,unsupported,1.394,VIOLATED,,,,,,338,,,,,,,,,,,,,,,,0.642758,0.172425,,,,vectorless,,0,1.0,5d8b25549dc0,uncommitted
r16_dont_touch_conflict,E - preservation conflict,openroad_syn,,retimed,unsupported,1.687,MET,,,,,,338,,,,,,,,,,,,,,,,0.538741,0.142478,,,,vectorless,,0,1.0,5d8b25549dc0,uncommitted
r16_dont_touch_conflict,E - preservation conflict,openroad_syn,,retimed,unsupported,2.034,MET,,,,,,338,,,,,,,,,,,,,,,,0.454947,0.118171,,,,vectorless,,0,1.0,5d8b25549dc0,uncommitted
r16_dont_touch_conflict,E - preservation conflict,vivado-xc7a100t,2025.2,directive,on,3.5,VIOLATED,,,,,,,,,,,,,,,,,,,,,,160.0,,,,,vectorless,92,808,847.0,,
r16_dont_touch_conflict,E - preservation conflict,vivado-xc7a100t,2025.2,orig,off,3.5,VIOLATED,,,,,,,,,,,,,,,,,,,,,,160.0,,,,,vectorless,92,806,852.0,,
r16_dont_touch_conflict,E - preservation conflict,vivado-xc7a100t,2025.2,orig,on,3.5,VIOLATED,,,,,,,,,,,,,,,,,,,,,,160.0,,,,,vectorless,92,797,867.0,,
r16_dont_touch_conflict,E - preservation conflict,vivado-xc7a100t,2025.2,retimed,off,3.5,VIOLATED,,,,,,,,,,,,,,,,,,,,,,161.0,,,,,vectorless,92,354,388.0,,
r16_dont_touch_conflict,E - preservation conflict,vivado-xcau7p,2025.2,directive,on,3.5,VIOLATED,,,,,,,,,,,,,,,,,,,,,,184.0,,,,,vectorless,130,222,416.0,,
r16_dont_touch_conflict,E - preservation conflict,vivado-xcau7p,2025.2,orig,off,3.5,VIOLATED,,,,,,,,,,,,,,,,,,,,,,184.0,,,,,vectorless,130,221,417.0,,
r16_dont_touch_conflict,E - preservation conflict,vivado-xcau7p,2025.2,orig,on,3.5,VIOLATED,,,,,,,,,,,,,,,,,,,,,,184.0,,,,,vectorless,130,62,408.0,,
r16_dont_touch_conflict,E - preservation conflict,vivado-xcau7p,2025.2,retimed,off,3.5,VIOLATED,,,,,,,,,,,,,,,,,,,,,,182.0,,,,,vectorless,94,421,438.0,,
r16_dont_touch_conflict,E - preservation conflict,vivado2023.1-xc7a100t,2023.1,directive,on,4.55,VIOLATED,,,,,,,,,,,,,,,,,,,,,,130.0,,,,,vectorless,92,31,43.0,,
r16_dont_touch_conflict,E - preservation conflict,vivado2023.1-xc7a100t,2023.1,directive,on,5.6,VIOLATED,,,,,,,,,,,,,,,,,,,,,,123.0,,,,,vectorless,92,32,40.0,,
r16_dont_touch_conflict,E - preservation conflict,vivado2023.1-xc7a100t,2023.1,directive,on,7.0,VIOLATED,,,,,,,,,,,,,,,,,,,,,,117.0,,,,,vectorless,92,32,39.0,,
r16_dont_touch_conflict,E - preservation conflict,vivado2023.1-xc7a100t,2023.1,directive,on,8.4,VIOLATED,,,,,,,,,,,,,,,,,,,,,,112.0,,,,,vectorless,92,32,39.0,,
r16_dont_touch_conflict,E - preservation conflict,vivado2023.1-xc7a100t,2023.1,directive,on,10.5,VIOLATED,,,,,,,,,,,,,,,,,,,,,,108.0,,,,,vectorless,92,33,40.0,,
r16_dont_touch_conflict,E - preservation conflict,vivado2023.1-xc7a100t,2023.1,orig,off,4.55,VIOLATED,,,,,,,,,,,,,,,,,,,,,,130.0,,,,,vectorless,92,41,49.0,,
r16_dont_touch_conflict,E - preservation conflict,vivado2023.1-xc7a100t,2023.1,orig,off,5.6,VIOLATED,,,,,,,,,,,,,,,,,,,,,,123.0,,,,,vectorless,92,43,50.0,,
r16_dont_touch_conflict,E - preservation conflict,vivado2023.1-xc7a100t,2023.1,orig,off,7.0,VIOLATED,,,,,,,,,,,,,,,,,,,,,,117.0,,,,,vectorless,92,43,50.0,,
r16_dont_touch_conflict,E - preservation conflict,vivado2023.1-xc7a100t,2023.1,orig,off,8.4,VIOLATED,,,,,,,,,,,,,,,,,,,,,,112.0,,,,,vectorless,92,31,39.0,,
r16_dont_touch_conflict,E - preservation conflict,vivado2023.1-xc7a100t,2023.1,orig,off,10.5,VIOLATED,,,,,,,,,,,,,,,,,,,,,,108.0,,,,,vectorless,92,33,43.0,,
r16_dont_touch_conflict,E - preservation conflict,vivado2023.1-xc7a100t,2023.1,orig,on,4.55,VIOLATED,,,,,,,,,,,,,,,,,,,,,,130.0,,,,,vectorless,92,37,47.0,,
r16_dont_touch_conflict,E - preservation conflict,vivado2023.1-xc7a100t,2023.1,orig,on,5.6,VIOLATED,,,,,,,,,,,,,,,,,,,,,,123.0,,,,,vectorless,92,36,44.0,,
r16_dont_touch_conflict,E - preservation conflict,vivado2023.1-xc7a100t,2023.1,orig,on,7.0,VIOLATED,,,,,,,,,,,,,,,,,,,,,,117.0,,,,,vectorless,92,35,46.0,,
r16_dont_touch_conflict,E - preservation conflict,vivado2023.1-xc7a100t,2023.1,orig,on,8.4,VIOLATED,,,,,,,,,,,,,,,,,,,,,,112.0,,,,,vectorless,92,35,46.0,,
r16_dont_touch_conflict,E - preservation conflict,vivado2023.1-xc7a100t,2023.1,orig,on,10.5,VIOLATED,,,,,,,,,,,,,,,,,,,,,,108.0,,,,,vectorless,92,41,49.0,,
r16_dont_touch_conflict,E - preservation conflict,vivado2023.1-xc7a100t,2023.1,retimed,off,4.55,VIOLATED,,,,,,,,,,,,,,,,,,,,,,131.0,,,,,vectorless,92,29,37.0,,
r16_dont_touch_conflict,E - preservation conflict,vivado2023.1-xc7a100t,2023.1,retimed,off,5.6,VIOLATED,,,,,,,,,,,,,,,,,,,,,,123.0,,,,,vectorless,92,28,36.0,,
r16_dont_touch_conflict,E - preservation conflict,vivado2023.1-xc7a100t,2023.1,retimed,off,7.0,VIOLATED,,,,,,,,,,,,,,,,,,,,,,117.0,,,,,vectorless,92,29,40.0,,
r16_dont_touch_conflict,E - preservation conflict,vivado2023.1-xc7a100t,2023.1,retimed,off,8.4,VIOLATED,,,,,,,,,,,,,,,,,,,,,,112.0,,,,,vectorless,92,29,40.0,,
r16_dont_touch_conflict,E - preservation conflict,vivado2023.1-xc7a100t,2023.1,retimed,off,10.5,MET,,,,,,,,,,,,,,,,,,,,,,108.0,,,,,vectorless,92,29,41.0,,
r16_dont_touch_conflict,E - preservation conflict,yosys,0.58,directive,on,0.764,VIOLATED,,,,,,465,722.988,,,,,,,,,,,,,,,2.52,1.07,,,,vectorless,,1.0,2.0,5d8b25549dc0,uncommitted
r16_dont_touch_conflict,E - preservation conflict,yosys,0.58,directive,on,0.932,VIOLATED,,,,,,465,722.988,,,,,,,,,,,,,,,2.07,0.879,,,,vectorless,,1.0,2.0,5d8b25549dc0,uncommitted
r16_dont_touch_conflict,E - preservation conflict,yosys,0.58,directive,on,1.146,MET,,,,,,465,722.988,,,,,,,,,,,,,,,1.6900000000000002,0.7150000000000001,,,,vectorless,,1.0,2.0,5d8b25549dc0,uncommitted
r16_dont_touch_conflict,E - preservation conflict,yosys,0.58,directive,on,1.394,MET,,,,,,465,722.988,,,,,,,,,,,,,,,1.4,0.588,,,,vectorless,,1.0,2.0,5d8b25549dc0,uncommitted
r16_dont_touch_conflict,E - preservation conflict,yosys,0.58,directive,on,1.687,MET,,,,,,465,722.988,,,,,,,,,,,,,,,1.17,0.486,,,,vectorless,,1.0,2.0,5d8b25549dc0,uncommitted
r16_dont_touch_conflict,E - preservation conflict,yosys,0.58,directive,on,2.034,MET,,,,,,465,722.988,,,,,,,,,,,,,,,0.977,0.40299999999999997,,,,vectorless,,1.0,2.0,5d8b25549dc0,uncommitted
r16_dont_touch_conflict,E - preservation conflict,yosys,0.58,orig,off,0.764,VIOLATED,,,,,,417,551.95,,,,,,,,,,,,,,,1.84,0.614,,,,vectorless,,1.0,1.0,5d8b25549dc0,uncommitted
r16_dont_touch_conflict,E - preservation conflict,yosys,0.58,orig,off,0.932,VIOLATED,,,,,,417,551.95,,,,,,,,,,,,,,,1.52,0.503,,,,vectorless,,1.0,1.0,5d8b25549dc0,uncommitted
r16_dont_touch_conflict,E - preservation conflict,yosys,0.58,orig,off,1.146,VIOLATED,,,,,,417,551.95,,,,,,,,,,,,,,,1.24,0.40900000000000003,,,,vectorless,,2.0,2.0,5d8b25549dc0,uncommitted
r16_dont_touch_conflict,E - preservation conflict,yosys,0.58,orig,off,1.394,VIOLATED,,,,,,417,551.95,,,,,,,,,,,,,,,1.03,0.33599999999999997,,,,vectorless,,1.0,2.0,5d8b25549dc0,uncommitted
r16_dont_touch_conflict,E - preservation conflict,yosys,0.58,orig,off,1.687,VIOLATED,,,,,,417,551.95,,,,,,,,,,,,,,,0.857,0.27799999999999997,,,,vectorless,,1.0,1.0,5d8b25549dc0,uncommitted
r16_dont_touch_conflict,E - preservation conflict,yosys,0.58,orig,off,2.034,MET,,,,,,417,551.95,,,,,,,,,,,,,,,0.7200000000000001,0.23,,,,vectorless,,0.0,1.0,5d8b25549dc0,uncommitted
r16_dont_touch_conflict,E - preservation conflict,yosys,0.58,orig,on,0.764,VIOLATED,,,,,,465,722.988,,,,,,,,,,,,,,,2.52,1.07,,,,vectorless,,1.0,2.0,5d8b25549dc0,uncommitted
r16_dont_touch_conflict,E - preservation conflict,yosys,0.58,orig,on,0.932,VIOLATED,,,,,,465,722.988,,,,,,,,,,,,,,,2.07,0.879,,,,vectorless,,1.0,1.0,5d8b25549dc0,uncommitted
r16_dont_touch_conflict,E - preservation conflict,yosys,0.58,orig,on,1.146,MET,,,,,,465,722.988,,,,,,,,,,,,,,,1.6900000000000002,0.7150000000000001,,,,vectorless,,1.0,2.0,5d8b25549dc0,uncommitted
r16_dont_touch_conflict,E - preservation conflict,yosys,0.58,orig,on,1.394,MET,,,,,,465,722.988,,,,,,,,,,,,,,,1.4,0.588,,,,vectorless,,1.0,2.0,5d8b25549dc0,uncommitted
r16_dont_touch_conflict,E - preservation conflict,yosys,0.58,orig,on,1.687,MET,,,,,,465,722.988,,,,,,,,,,,,,,,1.17,0.486,,,,vectorless,,1.0,1.0,5d8b25549dc0,uncommitted
r16_dont_touch_conflict,E - preservation conflict,yosys,0.58,orig,on,2.034,MET,,,,,,465,722.988,,,,,,,,,,,,,,,0.977,0.40299999999999997,,,,vectorless,,1.0,2.0,5d8b25549dc0,uncommitted
r16_dont_touch_conflict,E - preservation conflict,yosys,0.58,retimed,off,0.764,VIOLATED,,,,,,421,551.152,,,,,,,,,,,,,,,1.41,0.414,,,,vectorless,,1.0,1.0,5d8b25549dc0,uncommitted
r16_dont_touch_conflict,E - preservation conflict,yosys,0.58,retimed,off,0.932,VIOLATED,,,,,,421,551.152,,,,,,,,,,,,,,,1.17,0.339,,,,vectorless,,1.0,1.0,5d8b25549dc0,uncommitted
r16_dont_touch_conflict,E - preservation conflict,yosys,0.58,retimed,off,1.146,VIOLATED,,,,,,421,551.152,,,,,,,,,,,,,,,0.9560000000000001,0.27599999999999997,,,,vectorless,,1.0,2.0,5d8b25549dc0,uncommitted
r16_dont_touch_conflict,E - preservation conflict,yosys,0.58,retimed,off,1.394,MET,,,,,,421,551.152,,,,,,,,,,,,,,,0.7929999999999999,0.22699999999999998,,,,vectorless,,1.0,2.0,5d8b25549dc0,uncommitted
r16_dont_touch_conflict,E - preservation conflict,yosys,0.58,retimed,off,1.687,MET,,,,,,421,551.152,,,,,,,,,,,,,,,0.664,0.187,,,,vectorless,,1.0,2.0,5d8b25549dc0,uncommitted
r16_dont_touch_conflict,E - preservation conflict,yosys,0.58,retimed,off,2.034,MET,,,,,,421,551.152,,,,,,,,,,,,,,,0.559,0.155,,,,vectorless,,1.0,2.0,5d8b25549dc0,uncommitted
r17_clock_enable_barrier,F - secondary control signals,genus,23.12-s086_1,directive,off,0.1599,VIOLATED,,,,113,65,780,2108.33559775,,,,,,,,,,,,,,,13.2252,4.78584,6.02389,6.42941,0.771857,probabilistic,,44,57.0,3267d6cc1452,4f7c7a48
r17_clock_enable_barrier,F - secondary control signals,genus,23.12-s086_1,directive,off,0.1714,VIOLATED,,,,53,32,682,1733.50262325,,,,,,,,,,,,,,,11.0199,4.71848,3.55261,7.12777,0.33956200000000003,probabilistic,,52,72.0,3267d6cc1452,33c3049
r17_clock_enable_barrier,F - secondary control signals,genus,23.12-s086_1,directive,off,0.2107,VIOLATED,,,,110,65,812,2196.8031927499997,,,,,,,,,,,,,,,10.6395,4.00951,4.751049999999999,5.319380000000001,0.5691080000000001,probabilistic,,65,79.0,3267d6cc1452,4f7c7a48
r17_clock_enable_barrier,F - secondary control signals,genus,23.12-s086_1,directive,off,0.2448,VIOLATED,,,,52,32,822,2075.0327265,,,,,,,,,,,,,,,9.8034,4.45088,2.69135,6.87875,0.23330099999999998,probabilistic,,70,91.0,3267d6cc1452,33c3049
r17_clock_enable_barrier,F - secondary control signals,genus,23.12-s086_1,directive,off,0.3198,MET,,,,141,65,560,1874.3850419999999,,,,,,,,,,,,,,,6.695180000000001,2.05498,3.9470199999999998,2.25553,0.49262700000000004,probabilistic,,30,42.0,3267d6cc1452,4f7c7a48
r17_clock_enable_barrier,F - secondary control signals,genus,23.12-s086_1,directive,off,0.3516,VIOLATED,,,,,,684,1768.4862185,,,,,,,,,,,,,,,5.707809999999999,2.42576,1.9025299999999998,3.64421,0.161058,probabilistic,,42,50.0,9001713b1ca1,uncommitted
r17_clock_enable_barrier,F - secondary control signals,genus,23.12-s086_1,directive,off,0.448,MET,,,,52,32,377,1177.8387994999998,,,,,,,,,,,,,,,3.30357,1.2093,1.47379,1.6963499999999998,0.133424,probabilistic,,30,51.0,3267d6cc1452,33c3049
r17_clock_enable_barrier,F - secondary control signals,genus,23.12-s086_1,directive,off,0.6396,MET,,,,72,65,312,1103.1398095,,,,,,,,,,,,,,,1.9356,0.578033,1.0765,0.7329100000000001,0.126184,probabilistic,,19,32.0,3267d6cc1452,4f7c7a48
r17_clock_enable_barrier,F - secondary control signals,genus,23.12-s086_1,directive,off,0.6592,MET,,,,,,502,1475.8080057500001,,,,,,,,,,,,,,,3.04663,1.12064,1.34002,1.59593,0.110684,probabilistic,,20,28.0,9001713b1ca1,uncommitted
r17_clock_enable_barrier,F - secondary control signals,genus,23.12-s086_1,directive,off,1.045,MET,,,,,,285,841.2057615,,,,,,,,,,,,,,,0.9908390000000001,0.383844,0.35489400000000004,0.6039869999999999,0.031957900000000004,probabilistic,,14,22.0,9001713b1ca1,uncommitted
r17_clock_enable_barrier,F - secondary control signals,genus,23.12-s086_1,orig,off,0.1714,VIOLATED,,,,24,32,710,1730.01695475,,,,,,,,,,,,,,,11.7586,5.9503200000000005,1.5196,10.083699999999999,0.155309,probabilistic,,107,126.0,3267d6cc1452,33c3049
r17_clock_enable_barrier,F - secondary control signals,genus,23.12-s086_1,orig,off,0.2107,VIOLATED,,,,49,65,689,1780.9859900000001,,,,,,,,,,,,,,,8.94753,4.199,1.89215,6.8027,0.252682,probabilistic,,98,113.0,3267d6cc1452,4f7c7a48
r17_clock_enable_barrier,F - secondary control signals,genus,23.12-s086_1,orig,off,0.2448,VIOLATED,,,,24,32,652,1601.01945075,,,,,,,,,,,,,,,8.01712,3.99515,1.04134,6.867039999999999,0.10874199999999999,probabilistic,,115,131.0,3267d6cc1452,33c3049
r17_clock_enable_barrier,F - secondary control signals,genus,23.12-s086_1,orig,off,0.3516,VIOLATED,,,,,,604,1486.527441,,,,,,,,,,,,,,,4.97113,2.36069,0.836658,4.05739,0.0770876,probabilistic,,52,60.0,9001713b1ca1,uncommitted
r17_clock_enable_barrier,F - secondary control signals,genus,23.12-s086_1,orig,off,0.448,VIOLATED,,,,24,32,634,1543.8154977499998,,,,,,,,,,,,,,,3.9630799999999997,1.95977,0.537822,3.36584,0.0594196,probabilistic,,98,120.0,3267d6cc1452,33c3049
r17_clock_enable_barrier,F - secondary control signals,genus,23.12-s086_1,orig,off,0.6396,VIOLATED,,,,49,65,704,1799.14922825,,,,,,,,,,,,,,,3.14273,1.46901,0.628957,2.42902,0.08475300000000001,probabilistic,,105,117.0,3267d6cc1452,4f7c7a48
r17_clock_enable_barrier,F - secondary control signals,genus,23.12-s086_1,orig,off,1.0454,MET,,,,,,537,1327.2721025,,,,,,,,,,,,,,,1.5078500000000001,0.6744,0.269087,1.21342,0.025348199999999998,probabilistic,,26,36.0,9001713b1ca1,uncommitted
r17_clock_enable_barrier,F - secondary control signals,genus,23.12-s086_1,orig,on,0.1599,VIOLATED,,,,113,65,780,2108.33559775,,,,,,,,,,,,,,,13.2252,4.78584,6.02389,6.42941,0.771857,probabilistic,,39,51.0,3267d6cc1452,4f7c7a48
r17_clock_enable_barrier,F - secondary control signals,genus,23.12-s086_1,orig,on,0.1714,VIOLATED,,,,53,32,682,1733.50262325,,,,,,,,,,,,,,,11.0199,4.71848,3.55261,7.12777,0.33956200000000003,probabilistic,,59,78.0,3267d6cc1452,33c3049
r17_clock_enable_barrier,F - secondary control signals,genus,23.12-s086_1,orig,on,0.2107,VIOLATED,,,,110,65,812,2196.8031927499997,,,,,,,,,,,,,,,10.6395,4.00951,4.751049999999999,5.319380000000001,0.5691080000000001,probabilistic,,58,72.0,3267d6cc1452,4f7c7a48
r17_clock_enable_barrier,F - secondary control signals,genus,23.12-s086_1,orig,on,0.2448,VIOLATED,,,,52,32,822,2075.0327265,,,,,,,,,,,,,,,9.8034,4.45088,2.69135,6.87875,0.23330099999999998,probabilistic,,72,88.0,3267d6cc1452,33c3049
r17_clock_enable_barrier,F - secondary control signals,genus,23.12-s086_1,orig,on,0.3198,MET,,,,141,65,560,1874.3850419999999,,,,,,,,,,,,,,,6.695180000000001,2.05498,3.9470199999999998,2.25553,0.49262700000000004,probabilistic,,27,39.0,3267d6cc1452,4f7c7a48
r17_clock_enable_barrier,F - secondary control signals,genus,23.12-s086_1,orig,on,0.3516,VIOLATED,,,,,,684,1768.4862185,,,,,,,,,,,,,,,5.707809999999999,2.42576,1.9025299999999998,3.64421,0.161058,probabilistic,,42,50.0,9001713b1ca1,uncommitted
r17_clock_enable_barrier,F - secondary control signals,genus,23.12-s086_1,orig,on,0.448,MET,,,,52,32,377,1177.8387994999998,,,,,,,,,,,,,,,3.30357,1.2093,1.47379,1.6963499999999998,0.133424,probabilistic,,35,56.0,3267d6cc1452,33c3049
r17_clock_enable_barrier,F - secondary control signals,genus,23.12-s086_1,orig,on,0.6396,MET,,,,72,65,312,1103.1398095,,,,,,,,,,,,,,,1.9356,0.578033,1.0765,0.7329100000000001,0.126184,probabilistic,,19,30.0,3267d6cc1452,4f7c7a48
r17_clock_enable_barrier,F - secondary control signals,genus,23.12-s086_1,orig,on,0.6592,MET,,,,,,502,1475.8080057500001,,,,,,,,,,,,,,,3.04663,1.12064,1.34002,1.59593,0.110684,probabilistic,,20,28.0,9001713b1ca1,uncommitted
r17_clock_enable_barrier,F - secondary control signals,genus,23.12-s086_1,orig,on,1.045,MET,,,,,,285,841.2057615,,,,,,,,,,,,,,,0.9908390000000001,0.383844,0.35489400000000004,0.6039869999999999,0.031957900000000004,probabilistic,,14,22.0,9001713b1ca1,uncommitted
r17_clock_enable_barrier,F - secondary control signals,genus,23.12-s086_1,retimed,off,0.1714,VIOLATED,,,,24,32,593,1395.57126775,,,,,,,,,,,,,,,7.36273,3.51545,1.36769,5.84255,0.152485,probabilistic,,60,81.0,3267d6cc1452,33c3049
r17_clock_enable_barrier,F - secondary control signals,genus,23.12-s086_1,retimed,off,0.2107,VIOLATED,,,,49,65,706,1738.75244175,,,,,,,,,,,,,,,6.99284,3.11518,1.8274000000000001,4.91277,0.252682,probabilistic,,44,58.0,3267d6cc1452,4f7c7a48
r17_clock_enable_barrier,F - secondary control signals,genus,23.12-s086_1,retimed,off,0.2448,VIOLATED,,,,24,32,620,1483.565977,,,,,,,,,,,,,,,5.66864,2.78401,0.935335,4.62654,0.106765,probabilistic,,61,80.0,3267d6cc1452,33c3049
r17_clock_enable_barrier,F - secondary control signals,genus,23.12-s086_1,retimed,off,0.3198,VIOLATED,,,,49,65,682,1717.42484175,,,,,,,,,,,,,,,4.72598,2.07747,1.2019000000000002,3.3576,0.16647900000000002,probabilistic,,63,74.0,3267d6cc1452,4f7c7a48
r17_clock_enable_barrier,F - secondary control signals,genus,23.12-s086_1,retimed,off,0.3516,VIOLATED,,,,,,533,1318.37257,,,,,,,,,,,,,,,3.39209,1.5644,0.736957,2.57735,0.0777759,probabilistic,,21,29.0,9001713b1ca1,uncommitted
r17_clock_enable_barrier,F - secondary control signals,genus,23.12-s086_1,retimed,off,0.448,VIOLATED,,,,24,32,716,1724.82562475,,,,,,,,,,,,,,,3.83955,1.91933,0.5163639999999999,3.2648400000000004,0.0583393,probabilistic,,56,76.0,3267d6cc1452,33c3049
r17_clock_enable_barrier,F - secondary control signals,genus,23.12-s086_1,retimed,off,0.6396,MET,,,,49,65,379,1065.97329175,,,,,,,,,,,,,,,1.51398,0.546274,0.619803,0.810748,0.0834287,probabilistic,,11,23.0,3267d6cc1452,4f7c7a48
r17_clock_enable_barrier,F - secondary control signals,genus,23.12-s086_1,retimed,off,0.7231,MET,,,,,,428,1096.7168035,,,,,,,,,,,,,,,1.45187,0.624132,0.349146,1.06642,0.0363117,probabilistic,,14,22.0,9001713b1ca1,uncommitted
r17_clock_enable_barrier,F - secondary control signals,genus,23.12-s086_1,retimed,off,1.045,MET,,,,,,271,772.25229125,,,,,,,,,,,,,,,0.7546160000000001,0.281643,0.23965,0.48995600000000006,0.0250105,probabilistic,,5,15.0,9001713b1ca1,uncommitted
r17_clock_enable_barrier,F - secondary control signals,innovus-nangate45,23.12-s091_1,directive,off,0.1714,,-0.189,-4.034,36.0,53,,799,,4501.015,90.904,0,0.0,0.0,0.76,0.261,0.002,,,,,10,0,8.73821126,3.71063634,,,0.0,probabilistic,,185,214.0,,
r17_clock_enable_barrier,F - secondary control signals,innovus-nangate45,23.12-s091_1,directive,off,0.2107,,-0.089,-2.577,68.0,110,,955,,5935.325,83.003,0,0.0,0.0,0.27,0.375,0.001,,,,,10,0,9.67636674,3.63950729,,,1.949,probabilistic,,188,19.0,,
r17_clock_enable_barrier,F - secondary control signals,innovus-nangate45,23.12-s091_1,directive,off,0.2448,,-0.097,-1.885,24.0,52,,908,,5273.475,86.715,0,0.0,0.0,1.19,0.249,0.003,,,,,10,0,6.84165557,3.04472909,,,0.0,probabilistic,,199,226.0,,
r17_clock_enable_barrier,F - secondary control signals,innovus-nangate45,23.12-s091_1,directive,off,0.448,,0.001,0.0,0.0,52,,402,,2727.4,72.121,0,0.0,0.0,1.11,0.357,0.004,,,,,10,0,1.76404231,0.59038551,,,0.0,probabilistic,,108,138.0,,
r17_clock_enable_barrier,F - secondary control signals,innovus-nangate45,23.12-s091_1,orig,off,0.1714,,-0.016,-0.064,8.0,24,,825,,4032.61,95.015,0,0.0,0.0,1.2,0.574,0.007,,,,,10,0,16.58033754,8.51633673,,,0.0,probabilistic,,171,206.0,,
r17_clock_enable_barrier,F - secondary control signals,innovus-nangate45,23.12-s091_1,orig,off,0.2107,,-0.024,-0.307,16.0,49,,915,,5427.405,98.484,0,0.0,0.0,0.14,0.705,0.001,,,,,10,0,15.3285232,7.64738808,,,1.696,probabilistic,,290,23.0,,
r17_clock_enable_barrier,F - secondary control signals,innovus-nangate45,23.12-s091_1,orig,off,0.2448,,0.01,0.0,0.0,24,,705,,3558.03,88.706,0,0.0,0.0,1.03,0.576,0.006,,,,,10,0,10.5199503,5.40468613,,,0.0,probabilistic,,160,189.0,,
r17_clock_enable_barrier,F - secondary control signals,innovus-nangate45,23.12-s091_1,orig,off,0.448,,0.176,0.0,0.0,24,,694,,3266.225,90.631,0,0.0,0.0,0.52,0.573,0.003,,,,,10,0,5.22475095,2.6831685,,,0.0,probabilistic,,130,157.0,,
r17_clock_enable_barrier,F - secondary control signals,innovus-nangate45,23.12-s091_1,orig,on,0.1714,,-0.189,-4.034,36.0,53,,799,,4501.015,90.904,0,0.0,0.0,0.76,0.261,0.002,,,,,10,0,8.73821126,3.71063634,,,0.0,probabilistic,,189,217.0,,
r17_clock_enable_barrier,F - secondary control signals,innovus-nangate45,23.12-s091_1,orig,on,0.2107,,-0.089,-2.577,68.0,110,,955,,5935.325,83.003,0,0.0,0.0,0.27,0.375,0.001,,,,,10,0,9.67636674,3.63950729,,,1.949,probabilistic,,189,24.0,,
r17_clock_enable_barrier,F - secondary control signals,innovus-nangate45,23.12-s091_1,orig,on,0.2448,,-0.097,-1.885,24.0,52,,908,,5273.475,86.715,0,0.0,0.0,1.19,0.249,0.003,,,,,10,0,6.84165557,3.04472909,,,0.0,probabilistic,,192,222.0,,
r17_clock_enable_barrier,F - secondary control signals,innovus-nangate45,23.12-s091_1,orig,on,0.448,,0.001,0.0,0.0,52,,402,,2727.4,72.121,0,0.0,0.0,1.11,0.357,0.004,,,,,10,0,1.76404231,0.59038551,,,0.0,probabilistic,,104,131.0,,
r17_clock_enable_barrier,F - secondary control signals,innovus-nangate45,23.12-s091_1,retimed,off,0.1714,,-0.24,-2.179,23.0,24,,746,,3993.665,98.79,0,0.0,0.0,0.29,0.343,0.001,,,,,10,0,7.94818117,3.88535419,,,0.6947,probabilistic,,212,239.0,,
r17_clock_enable_barrier,F - secondary control signals,innovus-nangate45,23.12-s091_1,retimed,off,0.2107,,-0.29,-5.258,24.0,49,,849,,4616.945,95.127,0,0.0,0.0,1.1,0.451,0.005,,,,,10,0,7.72336911,3.55503168,,,0.0,probabilistic,,206,21.0,,
r17_clock_enable_barrier,F - secondary control signals,innovus-nangate45,23.12-s091_1,retimed,off,0.2448,,-0.148,-1.087,8.0,24,,795,,4328.055,98.691,0,0.0,0.0,1.0,0.298,0.003,,,,,10,0,6.41049023,3.04192373,,,0.9114,probabilistic,,225,253.0,,
r17_clock_enable_barrier,F - secondary control signals,innovus-nangate45,23.12-s091_1,retimed,off,0.448,,-0.012,-0.035,5.0,24,,829,,4694.76,95.132,0,0.0,0.0,0.67,0.295,0.002,,,,,10,0,3.74948138,1.88114056,,,0.2307,probabilistic,,163,188.0,,
r17_clock_enable_barrier,F - secondary control signals,openroad_syn,,directive,unsupported,0.917,VIOLATED,,,,,,318,,,,,,,,,,,,,,,,0.723557,0.205211,,,,vectorless,,0,1.0,3267d6cc1452,uncommitted
r17_clock_enable_barrier,F - secondary control signals,openroad_syn,,directive,unsupported,1.119,VIOLATED,,,,,,318,,,,,,,,,,,,,,,,0.599333,0.16816699999999998,,,,vectorless,,0,0.0,3267d6cc1452,uncommitted
r17_clock_enable_barrier,F - secondary control signals,openroad_syn,,directive,unsupported,1.375,VIOLATED,,,,,,318,,,,,,,,,,,,,,,,0.494339,0.136857,,,,vectorless,,0,0.0,3267d6cc1452,uncommitted
r17_clock_enable_barrier,F - secondary control signals,openroad_syn,,directive,unsupported,1.674,VIOLATED,,,,,,318,,,,,,,,,,,,,,,,0.412746,0.112413,,,,vectorless,,1,1.0,3267d6cc1452,uncommitted
r17_clock_enable_barrier,F - secondary control signals,openroad_syn,,directive,unsupported,2.025,VIOLATED,,,,,,318,,,,,,,,,,,,,,,,0.348318,0.09292769999999999,,,,vectorless,,1,1.0,3267d6cc1452,uncommitted
r17_clock_enable_barrier,F - secondary control signals,openroad_syn,,directive,unsupported,2.441,MET,,,,,,318,,,,,,,,,,,,,,,,0.295951,0.0770908,,,,vectorless,,0,1.0,3267d6cc1452,uncommitted
r17_clock_enable_barrier,F - secondary control signals,openroad_syn,,orig,unsupported,0.917,VIOLATED,,,,,,318,,,,,,,,,,,,,,,,0.723557,0.205211,,,,vectorless,,0,1.0,3267d6cc1452,uncommitted
r17_clock_enable_barrier,F - secondary control signals,openroad_syn,,orig,unsupported,1.119,VIOLATED,,,,,,318,,,,,,,,,,,,,,,,0.599333,0.16816699999999998,,,,vectorless,,0,1.0,3267d6cc1452,uncommitted
r17_clock_enable_barrier,F - secondary control signals,openroad_syn,,orig,unsupported,1.375,VIOLATED,,,,,,318,,,,,,,,,,,,,,,,0.494339,0.136857,,,,vectorless,,0,0.0,3267d6cc1452,uncommitted
r17_clock_enable_barrier,F - secondary control signals,openroad_syn,,orig,unsupported,1.674,VIOLATED,,,,,,318,,,,,,,,,,,,,,,,0.412746,0.112413,,,,vectorless,,0,1.0,3267d6cc1452,uncommitted
r17_clock_enable_barrier,F - secondary control signals,openroad_syn,,orig,unsupported,2.025,VIOLATED,,,,,,318,,,,,,,,,,,,,,,,0.348318,0.09292769999999999,,,,vectorless,,0,1.0,3267d6cc1452,uncommitted
r17_clock_enable_barrier,F - secondary control signals,openroad_syn,,orig,unsupported,2.441,MET,,,,,,318,,,,,,,,,,,,,,,,0.295951,0.0770908,,,,vectorless,,0,0.0,3267d6cc1452,uncommitted
r17_clock_enable_barrier,F - secondary control signals,openroad_syn,,retimed,unsupported,0.917,VIOLATED,,,,,,295,,,,,,,,,,,,,,,,0.65396,0.177193,,,,vectorless,,1,1.0,3267d6cc1452,uncommitted
r17_clock_enable_barrier,F - secondary control signals,openroad_syn,,retimed,unsupported,1.119,VIOLATED,,,,,,295,,,,,,,,,,,,,,,,0.541838,0.145206,,,,vectorless,,0,1.0,3267d6cc1452,uncommitted
r17_clock_enable_barrier,F - secondary control signals,openroad_syn,,retimed,unsupported,1.375,MET,,,,,,295,,,,,,,,,,,,,,,,0.447073,0.11817200000000001,,,,vectorless,,0,1.0,3267d6cc1452,uncommitted
r17_clock_enable_barrier,F - secondary control signals,openroad_syn,,retimed,unsupported,1.674,MET,,,,,,295,,,,,,,,,,,,,,,,0.373444,0.0970645,,,,vectorless,,0,0.0,3267d6cc1452,uncommitted
r17_clock_enable_barrier,F - secondary control signals,openroad_syn,,retimed,unsupported,2.025,MET,,,,,,295,,,,,,,,,,,,,,,,0.31532899999999997,0.0802399,,,,vectorless,,0,0.0,3267d6cc1452,uncommitted
r17_clock_enable_barrier,F - secondary control signals,openroad_syn,,retimed,unsupported,2.441,MET,,,,,,295,,,,,,,,,,,,,,,,0.268094,0.06656530000000001,,,,vectorless,,0,1.0,3267d6cc1452,uncommitted
r17_clock_enable_barrier,F - secondary control signals,vivado-xc7a100t,2025.2,directive,on,4.0,VIOLATED,,,,,,,,,,,,,,,,,,,,,,137.0,,,,,vectorless,84,320,354.0,,
r17_clock_enable_barrier,F - secondary control signals,vivado-xc7a100t,2025.2,orig,off,4.0,VIOLATED,,,,,,,,,,,,,,,,,,,,,,137.0,,,,,vectorless,84,347,384.0,,
r17_clock_enable_barrier,F - secondary control signals,vivado-xc7a100t,2025.2,orig,on,4.0,VIOLATED,,,,,,,,,,,,,,,,,,,,,,137.0,,,,,vectorless,84,344,376.0,,
r17_clock_enable_barrier,F - secondary control signals,vivado-xc7a100t,2025.2,retimed,off,4.0,VIOLATED,,,,,,,,,,,,,,,,,,,,,,138.0,,,,,vectorless,84,321,353.0,,
r17_clock_enable_barrier,F - secondary control signals,vivado-xcau7p,2025.2,directive,on,4.0,VIOLATED,,,,,,,,,,,,,,,,,,,,,,177.0,,,,,vectorless,113,390,405.0,,
r17_clock_enable_barrier,F - secondary control signals,vivado-xcau7p,2025.2,orig,off,4.0,VIOLATED,,,,,,,,,,,,,,,,,,,,,,177.0,,,,,vectorless,113,201,220.0,,
r17_clock_enable_barrier,F - secondary control signals,vivado-xcau7p,2025.2,orig,on,4.0,VIOLATED,,,,,,,,,,,,,,,,,,,,,,177.0,,,,,vectorless,113,210,408.0,,
r17_clock_enable_barrier,F - secondary control signals,vivado-xcau7p,2025.2,retimed,off,4.0,VIOLATED,,,,,,,,,,,,,,,,,,,,,,178.0,,,,,vectorless,70,404,420.0,,
r17_clock_enable_barrier,F - secondary control signals,vivado2023.1-xc7a100t,2023.1,directive,on,5.2,VIOLATED,,,,,,,,,,,,,,,,,,,,,,125.0,,,,,vectorless,84,29,36.0,,
r17_clock_enable_barrier,F - secondary control signals,vivado2023.1-xc7a100t,2023.1,directive,on,6.4,VIOLATED,,,,,,,,,,,,,,,,,,,,,,118.0,,,,,vectorless,84,35,62.0,,
r17_clock_enable_barrier,F - secondary control signals,vivado2023.1-xc7a100t,2023.1,directive,on,8.0,VIOLATED,,,,,,,,,,,,,,,,,,,,,,113.0,,,,,vectorless,84,34,66.0,,
r17_clock_enable_barrier,F - secondary control signals,vivado2023.1-xc7a100t,2023.1,directive,on,9.6,MET,,,,,,,,,,,,,,,,,,,,,,109.0,,,,,vectorless,84,34,66.0,,
r17_clock_enable_barrier,F - secondary control signals,vivado2023.1-xc7a100t,2023.1,directive,on,12.0,MET,,,,,,,,,,,,,,,,,,,,,,105.0,,,,,vectorless,84,32,71.0,,
r17_clock_enable_barrier,F - secondary control signals,vivado2023.1-xc7a100t,2023.1,orig,off,5.2,VIOLATED,,,,,,,,,,,,,,,,,,,,,,125.0,,,,,vectorless,84,30,42.0,,
r17_clock_enable_barrier,F - secondary control signals,vivado2023.1-xc7a100t,2023.1,orig,off,6.4,VIOLATED,,,,,,,,,,,,,,,,,,,,,,118.0,,,,,vectorless,84,30,44.0,,
r17_clock_enable_barrier,F - secondary control signals,vivado2023.1-xc7a100t,2023.1,orig,off,8.0,VIOLATED,,,,,,,,,,,,,,,,,,,,,,113.0,,,,,vectorless,84,29,45.0,,
r17_clock_enable_barrier,F - secondary control signals,vivado2023.1-xc7a100t,2023.1,orig,off,9.6,MET,,,,,,,,,,,,,,,,,,,,,,109.0,,,,,vectorless,84,28,36.0,,
r17_clock_enable_barrier,F - secondary control signals,vivado2023.1-xc7a100t,2023.1,orig,off,12.0,MET,,,,,,,,,,,,,,,,,,,,,,105.0,,,,,vectorless,84,26,34.0,,
r17_clock_enable_barrier,F - secondary control signals,vivado2023.1-xc7a100t,2023.1,orig,on,5.2,VIOLATED,,,,,,,,,,,,,,,,,,,,,,125.0,,,,,vectorless,84,38,53.0,,
r17_clock_enable_barrier,F - secondary control signals,vivado2023.1-xc7a100t,2023.1,orig,on,6.4,VIOLATED,,,,,,,,,,,,,,,,,,,,,,118.0,,,,,vectorless,84,32,47.0,,
r17_clock_enable_barrier,F - secondary control signals,vivado2023.1-xc7a100t,2023.1,orig,on,8.0,VIOLATED,,,,,,,,,,,,,,,,,,,,,,113.0,,,,,vectorless,84,43,58.0,,
r17_clock_enable_barrier,F - secondary control signals,vivado2023.1-xc7a100t,2023.1,orig,on,9.6,MET,,,,,,,,,,,,,,,,,,,,,,109.0,,,,,vectorless,84,43,58.0,,
r17_clock_enable_barrier,F - secondary control signals,vivado2023.1-xc7a100t,2023.1,orig,on,12.0,MET,,,,,,,,,,,,,,,,,,,,,,105.0,,,,,vectorless,84,27,38.0,,
r17_clock_enable_barrier,F - secondary control signals,vivado2023.1-xc7a100t,2023.1,retimed,off,5.2,VIOLATED,,,,,,,,,,,,,,,,,,,,,,125.0,,,,,vectorless,84,29,40.0,,
r17_clock_enable_barrier,F - secondary control signals,vivado2023.1-xc7a100t,2023.1,retimed,off,6.4,VIOLATED,,,,,,,,,,,,,,,,,,,,,,119.0,,,,,vectorless,84,29,41.0,,
r17_clock_enable_barrier,F - secondary control signals,vivado2023.1-xc7a100t,2023.1,retimed,off,8.0,VIOLATED,,,,,,,,,,,,,,,,,,,,,,113.0,,,,,vectorless,84,29,36.0,,
r17_clock_enable_barrier,F - secondary control signals,vivado2023.1-xc7a100t,2023.1,retimed,off,9.6,MET,,,,,,,,,,,,,,,,,,,,,,109.0,,,,,vectorless,84,29,36.0,,
r17_clock_enable_barrier,F - secondary control signals,vivado2023.1-xc7a100t,2023.1,retimed,off,12.0,MET,,,,,,,,,,,,,,,,,,,,,,105.0,,,,,vectorless,84,27,35.0,,
r17_clock_enable_barrier,F - secondary control signals,yosys,0.58,directive,on,0.917,MET,,,,,,349,565.25,,,,,,,,,,,,,,,1.08,0.431,,,,vectorless,,1.0,2.0,3267d6cc1452,uncommitted
r17_clock_enable_barrier,F - secondary control signals,yosys,0.58,directive,on,1.119,MET,,,,,,349,565.25,,,,,,,,,,,,,,,0.894,0.35300000000000004,,,,vectorless,,1.0,1.0,3267d6cc1452,uncommitted
r17_clock_enable_barrier,F - secondary control signals,yosys,0.58,directive,on,1.375,MET,,,,,,349,565.25,,,,,,,,,,,,,,,0.733,0.287,,,,vectorless,,0.0,1.0,3267d6cc1452,uncommitted
r17_clock_enable_barrier,F - secondary control signals,yosys,0.58,directive,on,1.674,MET,,,,,,349,565.25,,,,,,,,,,,,,,,0.608,0.236,,,,vectorless,,1.0,1.0,3267d6cc1452,uncommitted
r17_clock_enable_barrier,F - secondary control signals,yosys,0.58,directive,on,2.025,MET,,,,,,349,565.25,,,,,,,,,,,,,,,0.509,0.195,,,,vectorless,,1.0,2.0,3267d6cc1452,uncommitted
r17_clock_enable_barrier,F - secondary control signals,yosys,0.58,directive,on,2.441,MET,,,,,,349,565.25,,,,,,,,,,,,,,,0.428,0.162,,,,vectorless,,1.0,2.0,3267d6cc1452,uncommitted
r17_clock_enable_barrier,F - secondary control signals,yosys,0.58,orig,off,0.917,VIOLATED,,,,,,301,386.232,,,,,,,,,,,,,,,0.871,0.28600000000000003,,,,vectorless,,0.0,1.0,3267d6cc1452,uncommitted
r17_clock_enable_barrier,F - secondary control signals,yosys,0.58,orig,off,1.119,VIOLATED,,,,,,301,386.232,,,,,,,,,,,,,,,0.718,0.23399999999999999,,,,vectorless,,1.0,2.0,3267d6cc1452,uncommitted
r17_clock_enable_barrier,F - secondary control signals,yosys,0.58,orig,off,1.375,VIOLATED,,,,,,301,386.232,,,,,,,,,,,,,,,0.589,0.191,,,,vectorless,,1.0,2.0,3267d6cc1452,uncommitted
r17_clock_enable_barrier,F - secondary control signals,yosys,0.58,orig,off,1.674,VIOLATED,,,,,,301,386.232,,,,,,,,,,,,,,,0.48899999999999993,0.157,,,,vectorless,,1.0,2.0,3267d6cc1452,uncommitted
r17_clock_enable_barrier,F - secondary control signals,yosys,0.58,orig,off,2.025,MET,,,,,,301,386.232,,,,,,,,,,,,,,,0.40900000000000003,0.129,,,,vectorless,,1.0,2.0,3267d6cc1452,uncommitted
r17_clock_enable_barrier,F - secondary control signals,yosys,0.58,orig,off,2.441,MET,,,,,,301,386.232,,,,,,,,,,,,,,,0.345,0.107,,,,vectorless,,1.0,2.0,3267d6cc1452,uncommitted
r17_clock_enable_barrier,F - secondary control signals,yosys,0.58,orig,on,0.917,MET,,,,,,349,565.25,,,,,,,,,,,,,,,1.08,0.431,,,,vectorless,,1.0,1.0,3267d6cc1452,uncommitted
r17_clock_enable_barrier,F - secondary control signals,yosys,0.58,orig,on,1.119,MET,,,,,,349,565.25,,,,,,,,,,,,,,,0.894,0.35300000000000004,,,,vectorless,,1.0,1.0,3267d6cc1452,uncommitted
r17_clock_enable_barrier,F - secondary control signals,yosys,0.58,orig,on,1.375,MET,,,,,,349,565.25,,,,,,,,,,,,,,,0.733,0.287,,,,vectorless,,1.0,2.0,3267d6cc1452,uncommitted
r17_clock_enable_barrier,F - secondary control signals,yosys,0.58,orig,on,1.674,MET,,,,,,349,565.25,,,,,,,,,,,,,,,0.608,0.236,,,,vectorless,,1.0,2.0,3267d6cc1452,uncommitted
r17_clock_enable_barrier,F - secondary control signals,yosys,0.58,orig,on,2.025,MET,,,,,,349,565.25,,,,,,,,,,,,,,,0.509,0.195,,,,vectorless,,1.0,2.0,3267d6cc1452,uncommitted
r17_clock_enable_barrier,F - secondary control signals,yosys,0.58,orig,on,2.441,MET,,,,,,349,565.25,,,,,,,,,,,,,,,0.428,0.162,,,,vectorless,,1.0,1.0,3267d6cc1452,uncommitted
r17_clock_enable_barrier,F - secondary control signals,yosys,0.58,retimed,off,0.917,VIOLATED,,,,,,306,383.572,,,,,,,,,,,,,,,0.639,0.186,,,,vectorless,,0.0,1.0,3267d6cc1452,uncommitted
r17_clock_enable_barrier,F - secondary control signals,yosys,0.58,retimed,off,1.119,MET,,,,,,306,383.572,,,,,,,,,,,,,,,0.528,0.152,,,,vectorless,,1.0,2.0,3267d6cc1452,uncommitted
r17_clock_enable_barrier,F - secondary control signals,yosys,0.58,retimed,off,1.375,MET,,,,,,306,383.572,,,,,,,,,,,,,,,0.434,0.124,,,,vectorless,,0.0,1.0,3267d6cc1452,uncommitted
r17_clock_enable_barrier,F - secondary control signals,yosys,0.58,retimed,off,1.674,MET,,,,,,306,383.572,,,,,,,,,,,,,,,0.361,0.102,,,,vectorless,,1.0,1.0,3267d6cc1452,uncommitted
r17_clock_enable_barrier,F - secondary control signals,yosys,0.58,retimed,off,2.025,MET,,,,,,306,383.572,,,,,,,,,,,,,,,0.303,0.0842,,,,vectorless,,1.0,1.0,3267d6cc1452,uncommitted
r17_clock_enable_barrier,F - secondary control signals,yosys,0.58,retimed,off,2.441,MET,,,,,,306,383.572,,,,,,,,,,,,,,,0.256,0.0698,,,,vectorless,,0.0,1.0,3267d6cc1452,uncommitted
r18_clock_gated_region,F - clock gating,genus,23.12-s086_1,directive,off,0.2209,VIOLATED,,,,61,48,762,1947.4531069999998,,,,,,,,,,,,,,,9.76591,4.32399,2.81788,6.661720000000001,0.286306,probabilistic,,189,221.0,33ee0ebea71a,33c3049
r18_clock_gated_region,F - clock gating,genus,23.12-s086_1,directive,off,0.2275,VIOLATED,,,,123,81,801,2221.43120725,,,,,,,,,,,,,,,10.056000000000001,3.78089,4.09805,5.44857,0.509425,probabilistic,,58,72.0,33ee0ebea71a,4f7c7a48
r18_clock_gated_region,F - clock gating,genus,23.12-s086_1,directive,off,0.3156,VIOLATED,,,,58,48,750,1949.84698925,,,,,,,,,,,,,,,7.39409,3.30008,1.96785,5.23444,0.191795,probabilistic,,89,111.0,33ee0ebea71a,33c3049
r18_clock_gated_region,F - clock gating,genus,23.12-s086_1,directive,off,0.3165,VIOLATED,,,,113,81,802,2158.88253075,,,,,,,,,,,,,,,7.28639,2.83786,2.76328,4.178389999999999,0.34472,probabilistic,,66,82.0,33ee0ebea71a,4f7c7a48
r18_clock_gated_region,F - clock gating,genus,23.12-s086_1,directive,off,0.357,VIOLATED,,,,,,719,1821.90569075,,,,,,,,,,,,,,,5.73696,2.47082,1.70395,3.8515300000000003,0.18148,probabilistic,,40,48.0,985e52a24152,uncommitted
r18_clock_gated_region,F - clock gating,genus,23.12-s086_1,directive,off,0.4508,MET,,,,63,48,548,1476.24706775,,,,,,,,,,,,,,,3.8360299999999996,1.51099,1.31161,2.38048,0.143938,probabilistic,,40,61.0,33ee0ebea71a,33c3049
r18_clock_gated_region,F - clock gating,genus,23.12-s086_1,directive,off,0.633,MET,,,,92,81,437,1338.1588567499998,,,,,,,,,,,,,,,2.2185400000000004,0.699525,1.0882100000000001,0.987777,0.14255600000000002,probabilistic,,20,33.0,33ee0ebea71a,4f7c7a48
r18_clock_gated_region,F - clock gating,genus,23.12-s086_1,directive,off,0.6674,VIOLATED,,,,,,609,1601.1388419999998,,,,,,,,,,,,,,,2.98435,1.19075,0.9868920000000001,1.89818,0.0992769,probabilistic,,37,47.0,985e52a24152,uncommitted
r18_clock_gated_region,F - clock gating,genus,23.12-s086_1,directive,off,0.6937,VIOLATED,,,,,,588,1567.73940575,,,,,,,,,,,,,,,2.7211499999999997,1.0726200000000001,0.88968,1.73844,0.09303550000000001,probabilistic,,32,41.0,985e52a24152,uncommitted
r18_clock_gated_region,F - clock gating,genus,23.12-s086_1,directive,off,0.7214,MET,,,,,,520,1401.0421059999999,,,,,,,,,,,,,,,2.3286700000000002,0.8900699999999999,0.8094709999999999,1.43225,0.0869535,probabilistic,,20,29.0,985e52a24152,uncommitted
r18_clock_gated_region,F - clock gating,genus,23.12-s086_1,directive,off,1.035,MET,,,,,,434,1185.4164855,,,,,,,,,,,,,,,1.34632,0.506501,0.475296,0.816002,0.055022499999999995,probabilistic,,17,26.0,985e52a24152,uncommitted
r18_clock_gated_region,F - clock gating,genus,23.12-s086_1,orig,off,0.2209,VIOLATED,,,,49,48,685,1720.2044985,,,,,,,,,,,,,,,9.73277,4.45143,2.3127299999999997,7.17516,0.244878,probabilistic,,128,161.0,33ee0ebea71a,33c3049
r18_clock_gated_region,F - clock gating,genus,23.12-s086_1,orig,off,0.2275,VIOLATED,,,,82,81,793,2097.964632,,,,,,,,,,,,,,,11.031600000000001,4.72937,3.0314500000000004,7.64104,0.359076,probabilistic,,65,82.0,33ee0ebea71a,4f7c7a48
r18_clock_gated_region,F - clock gating,genus,23.12-s086_1,orig,off,0.3156,VIOLATED,,,,49,48,713,1851.3080465,,,,,,,,,,,,,,,7.35536,3.3440000000000003,1.63062,5.55533,0.1694,probabilistic,,122,139.0,33ee0ebea71a,33c3049
r18_clock_gated_region,F - clock gating,genus,23.12-s086_1,orig,off,0.357,VIOLATED,,,,,,749,1920.87568825,,,,,,,,,,,,,,,6.73437,3.0415,1.49349,5.08883,0.15204800000000002,probabilistic,,59,68.0,985e52a24152,uncommitted
r18_clock_gated_region,F - clock gating,genus,23.12-s086_1,orig,off,0.4508,VIOLATED,,,,49,48,728,1875.7820995000002,,,,,,,,,,,,,,,5.12423,2.36192,1.0739400000000001,3.9312699999999996,0.119017,probabilistic,,87,106.0,33ee0ebea71a,33c3049
r18_clock_gated_region,F - clock gating,genus,23.12-s086_1,orig,off,0.633,VIOLATED,,,,82,81,789,2122.58491025,,,,,,,,,,,,,,,4.06453,1.72836,1.03698,2.8981,0.129448,probabilistic,,81,94.0,33ee0ebea71a,4f7c7a48
r18_clock_gated_region,F - clock gating,genus,23.12-s086_1,orig,off,1.0352,MET,,,,,,624,1613.2780332500001,,,,,,,,,,,,,,,1.88658,0.789194,0.48941700000000005,1.34513,0.0520354,probabilistic,,37,46.0,985e52a24152,uncommitted
r18_clock_gated_region,F - clock gating,genus,23.12-s086_1,orig,on,0.2209,VIOLATED,,,,61,48,762,1947.4531069999998,,,,,,,,,,,,,,,9.76591,4.32399,2.81788,6.661720000000001,0.286306,probabilistic,,196,228.0,33ee0ebea71a,33c3049
r18_clock_gated_region,F - clock gating,genus,23.12-s086_1,orig,on,0.2275,VIOLATED,,,,123,81,801,2221.43120725,,,,,,,,,,,,,,,10.056000000000001,3.78089,4.09805,5.44857,0.509425,probabilistic,,62,75.0,33ee0ebea71a,4f7c7a48
r18_clock_gated_region,F - clock gating,genus,23.12-s086_1,orig,on,0.3156,VIOLATED,,,,58,48,750,1949.84698925,,,,,,,,,,,,,,,7.39409,3.30008,1.96785,5.23444,0.191795,probabilistic,,105,127.0,33ee0ebea71a,33c3049
r18_clock_gated_region,F - clock gating,genus,23.12-s086_1,orig,on,0.3165,VIOLATED,,,,113,81,802,2158.88253075,,,,,,,,,,,,,,,7.28639,2.83786,2.76328,4.178389999999999,0.34472,probabilistic,,59,71.0,33ee0ebea71a,4f7c7a48
r18_clock_gated_region,F - clock gating,genus,23.12-s086_1,orig,on,0.357,VIOLATED,,,,,,719,1821.90569075,,,,,,,,,,,,,,,5.73696,2.47082,1.70395,3.8515300000000003,0.18148,probabilistic,,40,48.0,985e52a24152,uncommitted
r18_clock_gated_region,F - clock gating,genus,23.12-s086_1,orig,on,0.4508,MET,,,,63,48,548,1476.24706775,,,,,,,,,,,,,,,3.8360299999999996,1.51099,1.31161,2.38048,0.143938,probabilistic,,38,54.0,33ee0ebea71a,33c3049
r18_clock_gated_region,F - clock gating,genus,23.12-s086_1,orig,on,0.633,MET,,,,92,81,437,1338.1588567499998,,,,,,,,,,,,,,,2.2185400000000004,0.699525,1.0882100000000001,0.987777,0.14255600000000002,probabilistic,,20,32.0,33ee0ebea71a,4f7c7a48
r18_clock_gated_region,F - clock gating,genus,23.12-s086_1,orig,on,0.6674,VIOLATED,,,,,,609,1601.1388419999998,,,,,,,,,,,,,,,2.98435,1.19075,0.9868920000000001,1.89818,0.0992769,probabilistic,,37,45.0,985e52a24152,uncommitted
r18_clock_gated_region,F - clock gating,genus,23.12-s086_1,orig,on,0.6937,VIOLATED,,,,,,588,1567.73940575,,,,,,,,,,,,,,,2.7211499999999997,1.0726200000000001,0.88968,1.73844,0.09303550000000001,probabilistic,,32,41.0,985e52a24152,uncommitted
r18_clock_gated_region,F - clock gating,genus,23.12-s086_1,orig,on,0.7214,MET,,,,,,520,1401.0421059999999,,,,,,,,,,,,,,,2.3286700000000002,0.8900699999999999,0.8094709999999999,1.43225,0.0869535,probabilistic,,20,29.0,985e52a24152,uncommitted
r18_clock_gated_region,F - clock gating,genus,23.12-s086_1,orig,on,1.035,MET,,,,,,434,1185.4164855,,,,,,,,,,,,,,,1.34632,0.506501,0.475296,0.816002,0.055022499999999995,probabilistic,,17,27.0,985e52a24152,uncommitted
r18_clock_gated_region,F - clock gating,genus,23.12-s086_1,retimed,off,0.2209,VIOLATED,,,,49,48,824,2011.55137175,,,,,,,,,,,,,,,11.8969,5.6850499999999995,1.98883,9.666030000000001,0.242009,probabilistic,,128,160.0,33ee0ebea71a,33c3049
r18_clock_gated_region,F - clock gating,genus,23.12-s086_1,retimed,off,0.2275,VIOLATED,,,,82,81,862,2192.5285385,,,,,,,,,,,,,,,11.2119,4.88316,2.9021,7.94977,0.36007,probabilistic,,57,71.0,33ee0ebea71a,4f7c7a48
r18_clock_gated_region,F - clock gating,genus,23.12-s086_1,retimed,off,0.3156,VIOLATED,,,,49,48,795,1980.5409375000002,,,,,,,,,,,,,,,8.21498,3.92027,1.43567,6.61019,0.169116,probabilistic,,76,100.0,33ee0ebea71a,33c3049
r18_clock_gated_region,F - clock gating,genus,23.12-s086_1,retimed,off,0.3165,VIOLATED,,,,82,81,831,2164.48072625,,,,,,,,,,,,,,,8.1265,3.58227,2.05932,5.80834,0.258841,probabilistic,,68,82.0,33ee0ebea71a,4f7c7a48
r18_clock_gated_region,F - clock gating,genus,23.12-s086_1,retimed,off,0.357,VIOLATED,,,,,,732,1805.65309075,,,,,,,,,,,,,,,5.94202,2.6846,1.36453,4.4262,0.151289,probabilistic,,29,37.0,985e52a24152,uncommitted
r18_clock_gated_region,F - clock gating,genus,23.12-s086_1,retimed,off,0.4508,VIOLATED,,,,49,48,752,1874.5313255,,,,,,,,,,,,,,,5.33142,2.46463,0.9920879999999999,4.21992,0.119418,probabilistic,,85,108.0,33ee0ebea71a,33c3049
r18_clock_gated_region,F - clock gating,genus,23.12-s086_1,retimed,off,0.633,MET,,,,82,81,475,1388.01774725,,,,,,,,,,,,,,,2.34157,0.802909,0.97558,1.23654,0.129448,probabilistic,,11,24.0,33ee0ebea71a,4f7c7a48
r18_clock_gated_region,F - clock gating,genus,23.12-s086_1,retimed,off,0.6633,MET,,,,,,522,1399.32451425,,,,,,,,,,,,,,,2.491,1.0251100000000002,0.7065119999999999,1.7035799999999999,0.0809072,probabilistic,,13,23.0,985e52a24152,uncommitted
r18_clock_gated_region,F - clock gating,genus,23.12-s086_1,retimed,off,1.035,MET,,,,,,367,1045.87186525,,,,,,,,,,,,,,,1.18823,0.410067,0.41883699999999996,0.717693,0.0516961,probabilistic,,7,15.0,985e52a24152,uncommitted
r18_clock_gated_region,F - clock gating,innovus-nangate45,23.12-s091_1,directive,off,0.2209,,-0.13,-2.079,33.0,61,,921,,5024.1,92.717,0,0.0,0.0,0.91,0.325,0.003,,,,,10,0,9.64707161,4.29080961,,,1.56,probabilistic,,255,300.0,,
r18_clock_gated_region,F - clock gating,innovus-nangate45,23.12-s091_1,directive,off,0.2275,,-0.106,-3.224,60.0,123,,890,,5316.24,81.595,0,0.0,0.0,0.65,0.153,0.001,,,,,10,0,9.60466312,3.55967298,,,1.968,probabilistic,,160,21.0,,
r18_clock_gated_region,F - clock gating,innovus-nangate45,23.12-s091_1,directive,off,0.3156,,-0.031,-0.205,12.0,58,,931,,5215.67,95.34,0,0.0,0.0,1.24,0.318,0.004,,,,,10,0,7.02353083,3.20002799,,,0.726,probabilistic,,206,236.0,,
r18_clock_gated_region,F - clock gating,innovus-nangate45,23.12-s091_1,directive,off,0.4508,,0.001,0.0,0.0,63,,596,,3251.1,74.731,0,0.0,0.0,0.3,0.327,0.001,,,,,10,0,2.74028483,1.10892752,,,0.2379,probabilistic,,115,143.0,,
r18_clock_gated_region,F - clock gating,innovus-nangate45,23.12-s091_1,orig,off,0.2209,,-0.069,-1.233,28.0,49,,841,,4505.94,96.101,0,0.0,0.0,0.34,0.594,0.002,,,,,10,0,12.00108987,5.77967133,,,0.6249,probabilistic,,259,298.0,,
r18_clock_gated_region,F - clock gating,innovus-nangate45,23.12-s091_1,orig,off,0.2275,,-0.235,-8.93,63.0,82,,1059,,6250.36,97.706,0,0.0,0.0,0.47,0.839,0.004,,,,,10,0,16.51604587,7.93155209,,,1.657,probabilistic,,247,20.0,,
r18_clock_gated_region,F - clock gating,innovus-nangate45,23.12-s091_1,orig,off,0.3156,,0.006,0.0,0.0,49,,856,,4741.295,92.393,0,0.0,0.0,0.51,0.582,0.003,,,,,10,0,9.21667375,4.55611762,,,0.297,probabilistic,,156,185.0,,
r18_clock_gated_region,F - clock gating,innovus-nangate45,23.12-s091_1,orig,off,0.4508,,0.014,0.0,0.0,49,,828,,4669.555,92.125,0,0.0,0.0,0.68,0.585,0.004,,,,,10,0,6.64599407,3.3163956,,,0.0,probabilistic,,159,190.0,,
r18_clock_gated_region,F - clock gating,innovus-nangate45,23.12-s091_1,orig,on,0.2209,,-0.13,-2.079,33.0,61,,921,,5024.1,92.717,0,0.0,0.0,0.91,0.325,0.003,,,,,10,0,9.64707161,4.29080961,,,1.56,probabilistic,,258,305.0,,
r18_clock_gated_region,F - clock gating,innovus-nangate45,23.12-s091_1,orig,on,0.2275,,-0.106,-3.224,60.0,123,,890,,5316.24,81.595,0,0.0,0.0,0.65,0.153,0.001,,,,,10,0,9.60466312,3.55967298,,,1.968,probabilistic,,166,21.0,,
r18_clock_gated_region,F - clock gating,innovus-nangate45,23.12-s091_1,orig,on,0.3156,,-0.031,-0.205,12.0,58,,931,,5215.67,95.34,0,0.0,0.0,1.24,0.318,0.004,,,,,10,0,7.02353083,3.20002799,,,0.726,probabilistic,,154,187.0,,
r18_clock_gated_region,F - clock gating,innovus-nangate45,23.12-s091_1,orig,on,0.4508,,0.001,0.0,0.0,63,,596,,3251.1,74.731,0,0.0,0.0,0.3,0.327,0.001,,,,,10,0,2.74028483,1.10892752,,,0.2379,probabilistic,,143,172.0,,
r18_clock_gated_region,F - clock gating,innovus-nangate45,23.12-s091_1,retimed,off,0.2209,,-0.249,-6.513,32.0,49,,973,,5736.06,94.098,0,0.0,0.0,5.49,0.465,0.027,,,,,10,0,9.4626992,4.44288836,,,0.7248,probabilistic,,305,349.0,,
r18_clock_gated_region,F - clock gating,innovus-nangate45,23.12-s091_1,retimed,off,0.2275,,-0.235,-7.866,57.0,82,,1066,,6222.65,92.611,0,0.0,0.0,4.93,0.482,0.025,,,,,10,0,10.30979008,4.56235456,,,1.077,probabilistic,,193,22.0,,
r18_clock_gated_region,F - clock gating,innovus-nangate45,23.12-s091_1,retimed,off,0.3156,,-0.159,-3.857,31.0,49,,981,,5195.805,93.423,0,0.0,0.0,6.22,0.467,0.031,,,,,10,0,6.50447302,3.03411616,,,0.4464,probabilistic,,230,258.0,,
r18_clock_gated_region,F - clock gating,innovus-nangate45,23.12-s091_1,retimed,off,0.4508,,-0.022,-0.242,22.0,49,,894,,5216.135,93.772,0,0.0,0.0,5.66,0.467,0.028,,,,,10,0,4.22864711,1.96379646,,,0.2773,probabilistic,,178,207.0,,
r18_clock_gated_region,F - clock gating,openroad_syn,,directive,unsupported,0.907,VIOLATED,,,,,,403,,,,,,,,,,,,,,,,0.933992,0.24721900000000002,,,,vectorless,,0,0.0,33ee0ebea71a,uncommitted
r18_clock_gated_region,F - clock gating,openroad_syn,,directive,unsupported,1.108,VIOLATED,,,,,,403,,,,,,,,,,,,,,,,0.7734610000000001,0.202371,,,,vectorless,,0,1.0,33ee0ebea71a,uncommitted
r18_clock_gated_region,F - clock gating,openroad_syn,,directive,unsupported,1.361,VIOLATED,,,,,,403,,,,,,,,,,,,,,,,0.6388039999999999,0.164752,,,,vectorless,,0,1.0,33ee0ebea71a,uncommitted
r18_clock_gated_region,F - clock gating,openroad_syn,,directive,unsupported,1.656,VIOLATED,,,,,,403,,,,,,,,,,,,,,,,0.534207,0.135403,,,,vectorless,,0,1.0,33ee0ebea71a,uncommitted
r18_clock_gated_region,F - clock gating,openroad_syn,,directive,unsupported,2.004,VIOLATED,,,,,,403,,,,,,,,,,,,,,,,0.45135,0.11189,,,,vectorless,,0,1.0,33ee0ebea71a,uncommitted
r18_clock_gated_region,F - clock gating,openroad_syn,,directive,unsupported,2.416,MET,,,,,,403,,,,,,,,,,,,,,,,0.384113,0.0928094,,,,vectorless,,0,1.0,33ee0ebea71a,uncommitted
r18_clock_gated_region,F - clock gating,openroad_syn,,orig,unsupported,0.907,VIOLATED,,,,,,403,,,,,,,,,,,,,,,,0.933992,0.24721900000000002,,,,vectorless,,0,1.0,33ee0ebea71a,uncommitted
r18_clock_gated_region,F - clock gating,openroad_syn,,orig,unsupported,1.108,VIOLATED,,,,,,403,,,,,,,,,,,,,,,,0.7734610000000001,0.202371,,,,vectorless,,0,1.0,33ee0ebea71a,uncommitted
r18_clock_gated_region,F - clock gating,openroad_syn,,orig,unsupported,1.361,VIOLATED,,,,,,403,,,,,,,,,,,,,,,,0.6388039999999999,0.164752,,,,vectorless,,1,1.0,33ee0ebea71a,uncommitted
r18_clock_gated_region,F - clock gating,openroad_syn,,orig,unsupported,1.656,VIOLATED,,,,,,403,,,,,,,,,,,,,,,,0.534207,0.135403,,,,vectorless,,0,1.0,33ee0ebea71a,uncommitted
r18_clock_gated_region,F - clock gating,openroad_syn,,orig,unsupported,2.004,VIOLATED,,,,,,403,,,,,,,,,,,,,,,,0.45135,0.11189,,,,vectorless,,0,1.0,33ee0ebea71a,uncommitted
r18_clock_gated_region,F - clock gating,openroad_syn,,orig,unsupported,2.416,MET,,,,,,403,,,,,,,,,,,,,,,,0.384113,0.0928094,,,,vectorless,,1,1.0,33ee0ebea71a,uncommitted
r18_clock_gated_region,F - clock gating,openroad_syn,,retimed,unsupported,0.907,VIOLATED,,,,,,416,,,,,,,,,,,,,,,,0.9846830000000001,0.27497,,,,vectorless,,1,1.0,33ee0ebea71a,uncommitted
r18_clock_gated_region,F - clock gating,openroad_syn,,retimed,unsupported,1.108,VIOLATED,,,,,,416,,,,,,,,,,,,,,,,0.814671,0.225088,,,,vectorless,,0,1.0,33ee0ebea71a,uncommitted
r18_clock_gated_region,F - clock gating,openroad_syn,,retimed,unsupported,1.361,VIOLATED,,,,,,416,,,,,,,,,,,,,,,,0.6720590000000001,0.183246,,,,vectorless,,1,1.0,33ee0ebea71a,uncommitted
r18_clock_gated_region,F - clock gating,openroad_syn,,retimed,unsupported,1.656,MET,,,,,,416,,,,,,,,,,,,,,,,0.561236,0.150602,,,,vectorless,,0,1.0,33ee0ebea71a,uncommitted
r18_clock_gated_region,F - clock gating,openroad_syn,,retimed,unsupported,2.004,MET,,,,,,416,,,,,,,,,,,,,,,,0.473346,0.12444999999999999,,,,vectorless,,0,1.0,33ee0ebea71a,uncommitted
r18_clock_gated_region,F - clock gating,openroad_syn,,retimed,unsupported,2.416,MET,,,,,,416,,,,,,,,,,,,,,,,0.40202499999999997,0.10322700000000001,,,,vectorless,,1,1.0,33ee0ebea71a,uncommitted
r18_clock_gated_region,F - clock gating,vivado-xc7a100t,2025.2,directive,on,4.0,VIOLATED,,,,,,,,,,,,,,,,,,,,,,137.0,,,,,vectorless,92,319,349.0,,
r18_clock_gated_region,F - clock gating,vivado-xc7a100t,2025.2,orig,off,4.0,VIOLATED,,,,,,,,,,,,,,,,,,,,,,137.0,,,,,vectorless,92,320,353.0,,
r18_clock_gated_region,F - clock gating,vivado-xc7a100t,2025.2,orig,on,4.0,VIOLATED,,,,,,,,,,,,,,,,,,,,,,137.0,,,,,vectorless,92,327,357.0,,
r18_clock_gated_region,F - clock gating,vivado-xc7a100t,2025.2,retimed,off,4.0,VIOLATED,,,,,,,,,,,,,,,,,,,,,,155.0,,,,,vectorless,92,721,753.0,,
r18_clock_gated_region,F - clock gating,vivado-xcau7p,2025.2,directive,on,4.0,VIOLATED,,,,,,,,,,,,,,,,,,,,,,177.0,,,,,vectorless,121,204,406.0,,
r18_clock_gated_region,F - clock gating,vivado-xcau7p,2025.2,orig,off,4.0,VIOLATED,,,,,,,,,,,,,,,,,,,,,,177.0,,,,,vectorless,121,385,404.0,,
r18_clock_gated_region,F - clock gating,vivado-xcau7p,2025.2,orig,on,4.0,VIOLATED,,,,,,,,,,,,,,,,,,,,,,177.0,,,,,vectorless,121,199,399.0,,
r18_clock_gated_region,F - clock gating,vivado-xcau7p,2025.2,retimed,off,4.0,VIOLATED,,,,,,,,,,,,,,,,,,,,,,177.0,,,,,vectorless,99,212,413.0,,
r18_clock_gated_region,F - clock gating,vivado2023.1-xc7a100t,2023.1,directive,on,5.2,VIOLATED,,,,,,,,,,,,,,,,,,,,,,125.0,,,,,vectorless,92,30,44.0,,
r18_clock_gated_region,F - clock gating,vivado2023.1-xc7a100t,2023.1,directive,on,6.4,VIOLATED,,,,,,,,,,,,,,,,,,,,,,119.0,,,,,vectorless,92,29,38.0,,
r18_clock_gated_region,F - clock gating,vivado2023.1-xc7a100t,2023.1,directive,on,8.0,VIOLATED,,,,,,,,,,,,,,,,,,,,,,113.0,,,,,vectorless,92,31,39.0,,
r18_clock_gated_region,F - clock gating,vivado2023.1-xc7a100t,2023.1,directive,on,9.6,MET,,,,,,,,,,,,,,,,,,,,,,110.0,,,,,vectorless,92,31,39.0,,
r18_clock_gated_region,F - clock gating,vivado2023.1-xc7a100t,2023.1,directive,on,12.0,MET,,,,,,,,,,,,,,,,,,,,,,105.0,,,,,vectorless,92,29,38.0,,
r18_clock_gated_region,F - clock gating,vivado2023.1-xc7a100t,2023.1,orig,off,5.2,VIOLATED,,,,,,,,,,,,,,,,,,,,,,125.0,,,,,vectorless,92,31,40.0,,
r18_clock_gated_region,F - clock gating,vivado2023.1-xc7a100t,2023.1,orig,off,6.4,VIOLATED,,,,,,,,,,,,,,,,,,,,,,119.0,,,,,vectorless,92,30,39.0,,
r18_clock_gated_region,F - clock gating,vivado2023.1-xc7a100t,2023.1,orig,off,8.0,VIOLATED,,,,,,,,,,,,,,,,,,,,,,113.0,,,,,vectorless,92,29,39.0,,
r18_clock_gated_region,F - clock gating,vivado2023.1-xc7a100t,2023.1,orig,off,9.6,MET,,,,,,,,,,,,,,,,,,,,,,110.0,,,,,vectorless,92,30,40.0,,
r18_clock_gated_region,F - clock gating,vivado2023.1-xc7a100t,2023.1,orig,off,12.0,MET,,,,,,,,,,,,,,,,,,,,,,105.0,,,,,vectorless,92,28,38.0,,
r18_clock_gated_region,F - clock gating,vivado2023.1-xc7a100t,2023.1,orig,on,5.2,VIOLATED,,,,,,,,,,,,,,,,,,,,,,125.0,,,,,vectorless,92,31,44.0,,
r18_clock_gated_region,F - clock gating,vivado2023.1-xc7a100t,2023.1,orig,on,6.4,VIOLATED,,,,,,,,,,,,,,,,,,,,,,119.0,,,,,vectorless,92,30,44.0,,
r18_clock_gated_region,F - clock gating,vivado2023.1-xc7a100t,2023.1,orig,on,8.0,VIOLATED,,,,,,,,,,,,,,,,,,,,,,113.0,,,,,vectorless,92,30,42.0,,
r18_clock_gated_region,F - clock gating,vivado2023.1-xc7a100t,2023.1,orig,on,9.6,MET,,,,,,,,,,,,,,,,,,,,,,110.0,,,,,vectorless,92,31,46.0,,
r18_clock_gated_region,F - clock gating,vivado2023.1-xc7a100t,2023.1,orig,on,12.0,MET,,,,,,,,,,,,,,,,,,,,,,105.0,,,,,vectorless,92,30,38.0,,
r18_clock_gated_region,F - clock gating,vivado2023.1-xc7a100t,2023.1,retimed,off,5.2,VIOLATED,,,,,,,,,,,,,,,,,,,,,,126.0,,,,,vectorless,92,31,40.0,,
r18_clock_gated_region,F - clock gating,vivado2023.1-xc7a100t,2023.1,retimed,off,6.4,VIOLATED,,,,,,,,,,,,,,,,,,,,,,119.0,,,,,vectorless,92,30,39.0,,
r18_clock_gated_region,F - clock gating,vivado2023.1-xc7a100t,2023.1,retimed,off,8.0,VIOLATED,,,,,,,,,,,,,,,,,,,,,,113.0,,,,,vectorless,92,31,44.0,,
r18_clock_gated_region,F - clock gating,vivado2023.1-xc7a100t,2023.1,retimed,off,9.6,MET,,,,,,,,,,,,,,,,,,,,,,110.0,,,,,vectorless,92,31,45.0,,
r18_clock_gated_region,F - clock gating,vivado2023.1-xc7a100t,2023.1,retimed,off,12.0,MET,,,,,,,,,,,,,,,,,,,,,,106.0,,,,,vectorless,92,28,42.0,,
r18_clock_gated_region,F - clock gating,yosys,0.58,directive,on,0.907,MET,,,,,,512,809.97,,,,,,,,,,,,,,,1.41,0.505,,,,vectorless,,1.0,1.0,33ee0ebea71a,uncommitted
r18_clock_gated_region,F - clock gating,yosys,0.58,directive,on,1.108,MET,,,,,,512,809.97,,,,,,,,,,,,,,,1.17,0.41300000000000003,,,,vectorless,,1.0,1.0,33ee0ebea71a,uncommitted
r18_clock_gated_region,F - clock gating,yosys,0.58,directive,on,1.361,MET,,,,,,512,809.97,,,,,,,,,,,,,,,0.958,0.337,,,,vectorless,,1.0,2.0,33ee0ebea71a,uncommitted
r18_clock_gated_region,F - clock gating,yosys,0.58,directive,on,1.656,MET,,,,,,512,809.97,,,,,,,,,,,,,,,0.7969999999999999,0.277,,,,vectorless,,1.0,1.0,33ee0ebea71a,uncommitted
r18_clock_gated_region,F - clock gating,yosys,0.58,directive,on,2.004,MET,,,,,,512,809.97,,,,,,,,,,,,,,,0.669,0.229,,,,vectorless,,1.0,2.0,33ee0ebea71a,uncommitted
r18_clock_gated_region,F - clock gating,yosys,0.58,directive,on,2.416,MET,,,,,,512,809.97,,,,,,,,,,,,,,,0.565,0.19,,,,vectorless,,1.0,2.0,33ee0ebea71a,uncommitted
r18_clock_gated_region,F - clock gating,yosys,0.58,orig,off,0.907,VIOLATED,,,,,,416,624.036,,,,,,,,,,,,,,,1.27,0.382,,,,vectorless,,1.0,1.0,33ee0ebea71a,uncommitted
r18_clock_gated_region,F - clock gating,yosys,0.58,orig,off,1.108,VIOLATED,,,,,,416,624.036,,,,,,,,,,,,,,,1.05,0.312,,,,vectorless,,1.0,1.0,33ee0ebea71a,uncommitted
r18_clock_gated_region,F - clock gating,yosys,0.58,orig,off,1.361,VIOLATED,,,,,,416,624.036,,,,,,,,,,,,,,,0.8630000000000001,0.254,,,,vectorless,,1.0,1.0,33ee0ebea71a,uncommitted
r18_clock_gated_region,F - clock gating,yosys,0.58,orig,off,1.656,VIOLATED,,,,,,416,624.036,,,,,,,,,,,,,,,0.718,0.20900000000000002,,,,vectorless,,1.0,1.0,33ee0ebea71a,uncommitted
r18_clock_gated_region,F - clock gating,yosys,0.58,orig,off,2.004,MET,,,,,,416,624.036,,,,,,,,,,,,,,,0.603,0.17300000000000001,,,,vectorless,,0.0,1.0,33ee0ebea71a,uncommitted
r18_clock_gated_region,F - clock gating,yosys,0.58,orig,off,2.416,MET,,,,,,416,624.036,,,,,,,,,,,,,,,0.509,0.14300000000000002,,,,vectorless,,1.0,2.0,33ee0ebea71a,uncommitted
r18_clock_gated_region,F - clock gating,yosys,0.58,orig,on,0.907,MET,,,,,,512,809.97,,,,,,,,,,,,,,,1.41,0.505,,,,vectorless,,1.0,2.0,33ee0ebea71a,uncommitted
r18_clock_gated_region,F - clock gating,yosys,0.58,orig,on,1.108,MET,,,,,,512,809.97,,,,,,,,,,,,,,,1.17,0.41300000000000003,,,,vectorless,,1.0,1.0,33ee0ebea71a,uncommitted
r18_clock_gated_region,F - clock gating,yosys,0.58,orig,on,1.361,MET,,,,,,512,809.97,,,,,,,,,,,,,,,0.958,0.337,,,,vectorless,,0.0,1.0,33ee0ebea71a,uncommitted
r18_clock_gated_region,F - clock gating,yosys,0.58,orig,on,1.656,MET,,,,,,512,809.97,,,,,,,,,,,,,,,0.7969999999999999,0.277,,,,vectorless,,1.0,2.0,33ee0ebea71a,uncommitted
r18_clock_gated_region,F - clock gating,yosys,0.58,orig,on,2.004,MET,,,,,,512,809.97,,,,,,,,,,,,,,,0.669,0.229,,,,vectorless,,1.0,1.0,33ee0ebea71a,uncommitted
r18_clock_gated_region,F - clock gating,yosys,0.58,orig,on,2.416,MET,,,,,,512,809.97,,,,,,,,,,,,,,,0.565,0.19,,,,vectorless,,1.0,2.0,33ee0ebea71a,uncommitted
r18_clock_gated_region,F - clock gating,yosys,0.58,retimed,off,0.907,VIOLATED,,,,,,423,607.012,,,,,,,,,,,,,,,0.9959999999999999,0.283,,,,vectorless,,1.0,2.0,33ee0ebea71a,uncommitted
r18_clock_gated_region,F - clock gating,yosys,0.58,retimed,off,1.108,MET,,,,,,423,607.012,,,,,,,,,,,,,,,0.824,0.231,,,,vectorless,,1.0,1.0,33ee0ebea71a,uncommitted
r18_clock_gated_region,F - clock gating,yosys,0.58,retimed,off,1.361,MET,,,,,,423,607.012,,,,,,,,,,,,,,,0.679,0.188,,,,vectorless,,0.0,1.0,33ee0ebea71a,uncommitted
r18_clock_gated_region,F - clock gating,yosys,0.58,retimed,off,1.656,MET,,,,,,423,607.012,,,,,,,,,,,,,,,0.566,0.155,,,,vectorless,,0.0,1.0,33ee0ebea71a,uncommitted
r18_clock_gated_region,F - clock gating,yosys,0.58,retimed,off,2.004,MET,,,,,,423,607.012,,,,,,,,,,,,,,,0.477,0.128,,,,vectorless,,1.0,1.0,33ee0ebea71a,uncommitted
r18_clock_gated_region,F - clock gating,yosys,0.58,retimed,off,2.416,MET,,,,,,423,607.012,,,,,,,,,,,,,,,0.404,0.106,,,,vectorless,,1.0,2.0,33ee0ebea71a,uncommitted
r19_power_activity_retime,G - power-driven retiming,genus,23.12-s086_1,directive,off,0.1174,VIOLATED,,,,50,72,815,1898.97116725,,,,,,,,,,,,,,,13.2498,5.61996,4.55182,8.23108,0.466891,probabilistic,,98,126.0,f53d88f8c469,33c3049
r19_power_activity_retime,G - power-driven retiming,genus,23.12-s086_1,directive,off,0.1448,VIOLATED,,,,,,810,1909.152294,,,,,,,,,,,,,,,10.7033,4.41029,3.64956,6.66931,0.384392,probabilistic,,37,46.0,f53d88f8c469,bdf1989
r19_power_activity_retime,G - power-driven retiming,genus,23.12-s086_1,directive,off,0.1684,VIOLATED,,,,46,72,791,1838.2390022499999,,,,,,,,,,,,,,,8.4571,3.57892,2.82179,5.33641,0.298907,probabilistic,,64,81.0,f53d88f8c469,33c3049
r19_power_activity_retime,G - power-driven retiming,genus,23.12-s086_1,directive,off,0.1827,VIOLATED,,,,148,144,984,2595.3174875,,,,,,,,,,,,,,,13.4903,4.52889,6.64176,5.96436,0.884154,probabilistic,,51,65.0,f53d88f8c469,4f7c7a48
r19_power_activity_retime,G - power-driven retiming,genus,23.12-s086_1,directive,off,0.2068,VIOLATED,,,,,,830,1915.0182465,,,,,,,,,,,,,,,7.18729,3.13275,2.1554399999999996,4.80952,0.22233999999999998,probabilistic,,33,42.0,f53d88f8c469,bdf1989
r19_power_activity_retime,G - power-driven retiming,genus,23.12-s086_1,directive,off,0.2118,VIOLATED,,,,157,144,978,2633.3188655,,,,,,,,,,,,,,,12.0356,4.0324599999999995,6.036770000000001,5.18989,0.808952,probabilistic,,60,73.0,f53d88f8c469,4f7c7a48
r19_power_activity_retime,G - power-driven retiming,genus,23.12-s086_1,directive,off,0.2955,VIOLATED,,,,,,828,1985.37270425,,,,,,,,,,,,,,,5.875380000000001,2.48897,1.83982,3.8430999999999997,0.192453,probabilistic,,36,44.0,f53d88f8c469,bdf1989
r19_power_activity_retime,G - power-driven retiming,genus,23.12-s086_1,directive,off,0.333,VIOLATED,,,,,,574,1502.905708,,,,,,,,,,,,,,,4.3216399999999995,1.5490199999999998,1.89813,2.2258400000000003,0.19766999999999998,probabilistic,,22,30.0,13dcf1db576f,uncommitted
r19_power_activity_retime,G - power-driven retiming,genus,23.12-s086_1,directive,off,0.4221,MET,,,,47,72,277,962.94573525,,,,,,,,,,,,,,,2.1043,0.660531,0.974728,1.00803,0.121545,probabilistic,,27,45.0,f53d88f8c469,33c3049
r19_power_activity_retime,G - power-driven retiming,genus,23.12-s086_1,directive,off,0.4236,MET,,,,128,144,421,1543.99136425,,,,,,,,,,,,,,,3.76201,0.938491,2.24966,1.18329,0.329065,probabilistic,,18,32.0,f53d88f8c469,4f7c7a48
r19_power_activity_retime,G - power-driven retiming,genus,23.12-s086_1,directive,off,0.6386,MET,,,,,,406,1243.5893580000002,,,,,,,,,,,,,,,2.03074,0.6269290000000001,0.959892,0.963984,0.106865,probabilistic,,11,20.0,13dcf1db576f,uncommitted
r19_power_activity_retime,G - power-driven retiming,genus,23.12-s086_1,directive,off,0.88,MET,,,,,,242,917.354746,,,,,,,,,,,,,,,1.01026,0.282826,0.501086,0.448396,0.060775,probabilistic,,9,17.0,13dcf1db576f,uncommitted
r19_power_activity_retime,G - power-driven retiming,genus,23.12-s086_1,orig,off,0.1174,VIOLATED,,,,71,72,867,2233.2862485,,,,,,,,,,,,,,,16.9948,7.65189,4.54183,11.792399999999999,0.660656,probabilistic,,196,226.0,f53d88f8c469,33c3049
r19_power_activity_retime,G - power-driven retiming,genus,23.12-s086_1,orig,off,0.1448,VIOLATED,,,,,,962,2424.0956537499997,,,,,,,,,,,,,,,14.746799999999999,6.7287099999999995,3.6783900000000003,10.5336,0.534807,probabilistic,,63,72.0,f53d88f8c469,bdf1989
r19_power_activity_retime,G - power-driven retiming,genus,23.12-s086_1,orig,off,0.1684,VIOLATED,,,,71,72,976,2436.9922669999996,,,,,,,,,,,,,,,12.756699999999999,5.85136,3.15081,9.14601,0.459858,probabilistic,,107,126.0,f53d88f8c469,33c3049
r19_power_activity_retime,G - power-driven retiming,genus,23.12-s086_1,orig,off,0.1827,VIOLATED,,,,142,144,1063,2923.45554275,,,,,,,,,,,,,,,16.305400000000002,6.60765,5.83918,9.6205,0.845742,probabilistic,,102,116.0,f53d88f8c469,4f7c7a48
r19_power_activity_retime,G - power-driven retiming,genus,23.12-s086_1,orig,off,0.2068,VIOLATED,,,,,,979,2442.43980825,,,,,,,,,,,,,,,10.3781,4.72214,2.5509299999999997,7.4521,0.37505299999999997,probabilistic,,52,61.0,f53d88f8c469,bdf1989
r19_power_activity_retime,G - power-driven retiming,genus,23.12-s086_1,orig,off,0.2955,VIOLATED,,,,,,881,2306.4907519999997,,,,,,,,,,,,,,,7.09724,3.21297,1.85473,4.98127,0.261245,probabilistic,,65,74.0,f53d88f8c469,bdf1989
r19_power_activity_retime,G - power-driven retiming,genus,23.12-s086_1,orig,off,0.333,VIOLATED,,,,,,918,2369.15619875,,,,,,,,,,,,,,,6.594189999999999,2.89876,1.8468799999999999,4.51403,0.23327900000000001,probabilistic,,55,65.0,13dcf1db576f,uncommitted
r19_power_activity_retime,G - power-driven retiming,genus,23.12-s086_1,orig,off,0.4221,VIOLATED,,,,71,72,961,2504.01349725,,,,,,,,,,,,,,,5.56913,2.5508699999999997,1.33117,4.05507,0.18289,probabilistic,,124,146.0,f53d88f8c469,33c3049
r19_power_activity_retime,G - power-driven retiming,genus,23.12-s086_1,orig,off,0.4236,VIOLATED,,,,142,144,1085,2973.86993625,,,,,,,,,,,,,,,7.3653,3.00925,2.46988,4.5298,0.365628,probabilistic,,95,107.0,f53d88f8c469,4f7c7a48
r19_power_activity_retime,G - power-driven retiming,genus,23.12-s086_1,orig,off,0.6922,MET,,,,,,873,2165.27899675,,,,,,,,,,,,,,,2.87814,1.1924100000000002,0.856309,1.90995,0.111875,probabilistic,,19,28.0,13dcf1db576f,uncommitted
r19_power_activity_retime,G - power-driven retiming,genus,23.12-s086_1,orig,off,0.88,MET,,,,,,486,1454.87588675,,,,,,,,,,,,,,,1.67304,0.569237,0.673022,0.9120159999999999,0.088,probabilistic,,6,14.0,13dcf1db576f,uncommitted
r19_power_activity_retime,G - power-driven retiming,genus,23.12-s086_1,orig,on,0.1174,VIOLATED,,,,51,72,859,2036.857285,,,,,,,,,,,,,,,14.3637,6.146719999999999,4.54177,9.347859999999999,0.474106,probabilistic,,117,144.0,f53d88f8c469,33c3049
r19_power_activity_retime,G - power-driven retiming,genus,23.12-s086_1,orig,on,0.1448,VIOLATED,,,,,,867,2046.454079,,,,,,,,,,,,,,,11.4072,4.94275,3.398,7.65159,0.357652,probabilistic,,43,52.0,f53d88f8c469,bdf1989
r19_power_activity_retime,G - power-driven retiming,genus,23.12-s086_1,orig,on,0.1684,VIOLATED,,,,54,72,898,2145.0848925,,,,,,,,,,,,,,,11.0988,4.82615,3.39252,7.35707,0.34920399999999996,probabilistic,,63,80.0,f53d88f8c469,33c3049
r19_power_activity_retime,G - power-driven retiming,genus,23.12-s086_1,orig,on,0.1827,VIOLATED,,,,147,144,1032,2737.98669525,,,,,,,,,,,,,,,14.5825,5.19266,6.63284,7.070779999999999,0.878856,probabilistic,,43,58.0,f53d88f8c469,4f7c7a48
r19_power_activity_retime,G - power-driven retiming,genus,23.12-s086_1,orig,on,0.2068,VIOLATED,,,,,,856,2084.15970625,,,,,,,,,,,,,,,8.523380000000001,3.6953400000000003,2.4355599999999997,5.82803,0.259787,probabilistic,,44,52.0,f53d88f8c469,bdf1989
r19_power_activity_retime,G - power-driven retiming,genus,23.12-s086_1,orig,on,0.2118,VIOLATED,,,,148,144,1063,2824.7474702500003,,,,,,,,,,,,,,,12.838799999999999,4.68728,5.75378,6.32174,0.763248,probabilistic,,50,64.0,f53d88f8c469,4f7c7a48
r19_power_activity_retime,G - power-driven retiming,genus,23.12-s086_1,orig,on,0.2955,VIOLATED,,,,,,791,1972.61053425,,,,,,,,,,,,,,,5.87186,2.47472,1.8828,3.8007,0.188359,probabilistic,,38,47.0,f53d88f8c469,bdf1989
r19_power_activity_retime,G - power-driven retiming,genus,23.12-s086_1,orig,on,0.333,VIOLATED,,,,,,737,1863.73011175,,,,,,,,,,,,,,,5.3665400000000005,1.9991,2.14708,2.992,0.227465,probabilistic,,25,33.0,13dcf1db576f,uncommitted
r19_power_activity_retime,G - power-driven retiming,genus,23.12-s086_1,orig,on,0.4221,MET,,,,47,72,268,966.42548275,,,,,,,,,,,,,,,2.1453599999999997,0.6601079999999999,1.02077,1.0024700000000002,0.122118,probabilistic,,19,39.0,f53d88f8c469,33c3049
r19_power_activity_retime,G - power-driven retiming,genus,23.12-s086_1,orig,on,0.4236,MET,,,,129,144,417,1551.6005527500001,,,,,,,,,,,,,,,3.80796,0.98601,2.3064,1.16964,0.331922,probabilistic,,19,32.0,f53d88f8c469,4f7c7a48
r19_power_activity_retime,G - power-driven retiming,genus,23.12-s086_1,orig,on,0.6211,MET,,,,,,437,1295.128263,,,,,,,,,,,,,,,2.1433899999999997,0.718771,0.907521,1.1329999999999998,0.102863,probabilistic,,11,21.0,13dcf1db576f,uncommitted
r19_power_activity_retime,G - power-driven retiming,genus,23.12-s086_1,orig,on,0.88,MET,,,,,,228,911.3978462499999,,,,,,,,,,,,,,,1.02644,0.281254,0.511531,0.453034,0.061875,probabilistic,,8,17.0,13dcf1db576f,uncommitted
r19_power_activity_retime,G - power-driven retiming,genus,23.12-s086_1,retimed,off,0.1174,VIOLATED,,,,14,16,828,1993.80276675,,,,,,,,,,,,,,,19.1482,10.2085,1.2952599999999999,17.718999999999998,0.133986,probabilistic,,140,167.0,f53d88f8c469,33c3049
r19_power_activity_retime,G - power-driven retiming,genus,23.12-s086_1,retimed,off,0.1448,VIOLATED,,,,,,880,2163.936347,,,,,,,,,,,,,,,16.917,9.0264,1.0702800000000001,15.739800000000002,0.106961,probabilistic,,60,69.0,f53d88f8c469,bdf1989
r19_power_activity_retime,G - power-driven retiming,genus,23.12-s086_1,retimed,off,0.1684,VIOLATED,,,,14,16,839,1998.574999,,,,,,,,,,,,,,,13.8786,7.38933,0.9094059999999999,12.8772,0.0919715,probabilistic,,65,81.0,f53d88f8c469,33c3049
r19_power_activity_retime,G - power-driven retiming,genus,23.12-s086_1,retimed,off,0.1827,VIOLATED,,,,85,88,1014,2599.73497175,,,,,,,,,,,,,,,13.961599999999999,6.22853,3.64171,9.813930000000001,0.505988,probabilistic,,71,85.0,f53d88f8c469,4f7c7a48
r19_power_activity_retime,G - power-driven retiming,genus,23.12-s086_1,retimed,off,0.2068,VIOLATED,,,,,,853,2084.977694,,,,,,,,,,,,,,,11.6377,6.1789000000000005,0.734808,10.828000000000001,0.0748936,probabilistic,,50,58.0,f53d88f8c469,bdf1989
r19_power_activity_retime,G - power-driven retiming,genus,23.12-s086_1,retimed,off,0.2955,VIOLATED,,,,,,834,2054.32227375,,,,,,,,,,,,,,,8.04987,4.27764,0.518928,7.47853,0.0524129,probabilistic,,45,54.0,f53d88f8c469,bdf1989
r19_power_activity_retime,G - power-driven retiming,genus,23.12-s086_1,retimed,off,0.333,VIOLATED,,,,,,825,1996.4845437499998,,,,,,,,,,,,,,,7.01199,3.6891,0.546142,6.417520000000001,0.048327300000000004,probabilistic,,54,64.0,13dcf1db576f,uncommitted
r19_power_activity_retime,G - power-driven retiming,genus,23.12-s086_1,retimed,off,0.4221,VIOLATED,,,,14,16,851,2042.9130424999998,,,,,,,,,,,,,,,5.71615,3.0081700000000002,0.40287,5.27716,0.036119399999999996,probabilistic,,74,94.0,f53d88f8c469,33c3049
r19_power_activity_retime,G - power-driven retiming,genus,23.12-s086_1,retimed,off,0.4236,VIOLATED,,,,85,88,1056,2747.6648862499997,,,,,,,,,,,,,,,6.69202,3.02774,1.5778,4.89541,0.218805,probabilistic,,88,100.0,f53d88f8c469,4f7c7a48
r19_power_activity_retime,G - power-driven retiming,genus,23.12-s086_1,retimed,off,0.8796,MET,,,,,,751,1789.5588575000002,,,,,,,,,,,,,,,2.2740299999999998,1.16751,0.188369,2.06805,0.017608000000000002,probabilistic,,23,31.0,13dcf1db576f,uncommitted
r19_power_activity_retime,G - power-driven retiming,innovus-nangate45,23.12-s091_1,directive,off,0.1174,,-0.151,-2.584,22.0,50,,912,,5416.615,93.858,0,0.0,0.0,1.26,0.236,0.003,,,,,10,0,12.38855304,5.58709811,,,0.0,probabilistic,,183,220.0,,
r19_power_activity_retime,G - power-driven retiming,innovus-nangate45,23.12-s091_1,directive,off,0.1448,,-0.128,-1.943,17.0,,,898,,5193.08,93.981,0,0.0,0.0,5.31,0.232,0.013,,,,,10,0,10.45806944,4.60994107,,,0.0,probabilistic,,89,109.0,,
r19_power_activity_retime,G - power-driven retiming,innovus-nangate45,23.12-s091_1,directive,off,0.1684,,-0.121,-1.793,19.0,46,,905,,5077.12,96.308,0,0.0,0.0,0.5,0.2,0.001,,,,,10,0,8.44673016,3.83307853,,,0.0,probabilistic,,189,219.0,,
r19_power_activity_retime,G - power-driven retiming,innovus-nangate45,23.12-s091_1,directive,off,0.1827,,-0.096,-5.725,92.0,148,,1094,,7630.085,85.166,1,0.06,0.0,2.54,0.192,0.005,,,,,10,0,13.86185046,5.38002877,,,2.443,probabilistic,,179,18.0,,
r19_power_activity_retime,G - power-driven retiming,innovus-nangate45,23.12-s091_1,directive,off,0.2068,,-0.101,-0.969,11.0,,,886,,5094.68,95.997,0,0.0,0.0,1.62,0.243,0.004,,,,,10,0,7.27129006,3.36745085,,,0.0,probabilistic,,91,109.0,,
r19_power_activity_retime,G - power-driven retiming,innovus-nangate45,23.12-s091_1,directive,off,0.2955,,-0.009,-0.009,2.0,,,900,,5337.69,89.23,0,0.0,0.0,9.61,0.207,0.022,,,,,10,0,5.27947417,2.35157913,,,0.0,probabilistic,,86,105.0,,
r19_power_activity_retime,G - power-driven retiming,innovus-nangate45,23.12-s091_1,directive,off,0.4221,,0.019,0.0,0.0,47,,454,,3479.15,79.747,0,0.0,0.0,0.35,0.283,0.001,,,,,10,0,1.78395716,0.6202746,,,0.0,probabilistic,,89,113.0,,
r19_power_activity_retime,G - power-driven retiming,innovus-nangate45,23.12-s091_1,directive,off,0.88,,,,,,,238,,2926.09,54.64,0,0.0,0.0,0.14,0.724,0.001,,,,,10,0,0.74439086,0.19625022,,,0.0,probabilistic,,73,98.0,,
r19_power_activity_retime,G - power-driven retiming,innovus-nangate45,23.12-s091_1,orig,off,0.1174,,-0.385,-2.633,7.0,71,,992,,6834.255,95.144,0,0.0,0.0,0.15,0.678,0.001,,,,,10,0,35.58634796,18.01752882,,,2.484,probabilistic,,253,292.0,,
r19_power_activity_retime,G - power-driven retiming,innovus-nangate45,23.12-s091_1,orig,off,0.1448,,-0.4,-2.623,7.0,,,1068,,7662.375,94.684,0,0.0,0.0,0.3,0.657,0.002,,,,,10,0,31.02004459,15.95233538,,,1.624,probabilistic,,121,143.0,,
r19_power_activity_retime,G - power-driven retiming,innovus-nangate45,23.12-s091_1,orig,off,0.1684,,-0.36,-2.403,7.0,71,,1096,,7551.72,93.98,0,0.0,0.0,0.29,0.677,0.002,,,,,10,0,26.94262016,13.72912212,,,1.874,probabilistic,,329,366.0,,
r19_power_activity_retime,G - power-driven retiming,innovus-nangate45,23.12-s091_1,orig,off,0.1827,,-0.38,-2.882,11.0,142,,1161,,8416.76,91.03,0,0.0,0.0,0.44,0.681,0.003,,,,,10,0,28.95000114,13.74722859,,,2.325,probabilistic,,188,18.0,,
r19_power_activity_retime,G - power-driven retiming,innovus-nangate45,23.12-s091_1,orig,off,0.2068,,-0.276,-1.822,7.0,,,1124,,7662.455,94.715,0,0.0,0.0,0.77,0.648,0.005,,,,,10,0,22.26908233,11.26560064,,,1.549,probabilistic,,120,140.0,,
r19_power_activity_retime,G - power-driven retiming,innovus-nangate45,23.12-s091_1,orig,off,0.2955,,-0.255,-1.637,7.0,,,1003,,7265.265,94.087,0,0.0,0.0,0.45,0.663,0.003,,,,,10,0,14.6564077,7.56205879,,,0.8671,probabilistic,,107,127.0,,
r19_power_activity_retime,G - power-driven retiming,innovus-nangate45,23.12-s091_1,orig,off,0.4221,,0.004,0.0,0.0,71,,1103,,8373.84,93.161,1,0.06,0.0,0.57,0.703,0.004,,,,,10,0,11.80029069,6.04584379,,,0.9838,probabilistic,,241,266.0,,
r19_power_activity_retime,G - power-driven retiming,innovus-nangate45,23.12-s091_1,orig,off,0.88,,,,,,,505,,3598.235,51.494,0,0.0,0.0,0.68,0.732,0.005,,,,,10,0,1.64739101,0.6134612,,,0.0,probabilistic,,66,87.0,,
r19_power_activity_retime,G - power-driven retiming,innovus-nangate45,23.12-s091_1,orig,on,0.1174,,-0.153,-2.315,17.0,51,,901,,5819.32,92.002,0,0.0,0.0,3.03,0.224,0.007,,,,,10,0,13.56484018,6.10968993,,,0.0,probabilistic,,216,257.0,,
r19_power_activity_retime,G - power-driven retiming,innovus-nangate45,23.12-s091_1,orig,on,0.1448,,-0.14,-1.562,13.0,,,922,,5692.63,95.887,0,0.0,0.0,1.22,0.243,0.003,,,,,10,0,11.30608304,5.24870681,,,0.0,probabilistic,,94,112.0,,
r19_power_activity_retime,G - power-driven retiming,innovus-nangate45,23.12-s091_1,orig,on,0.1684,,-0.107,-1.63,18.0,54,,945,,5558.45,89.554,0,0.0,0.0,4.89,0.214,0.011,,,,,10,0,10.07158434,4.56664822,,,0.0,probabilistic,,202,234.0,,
r19_power_activity_retime,G - power-driven retiming,innovus-nangate45,23.12-s091_1,orig,on,0.1827,,-0.088,-4.661,96.0,147,,1139,,7020.625,80.179,0,0.0,0.0,0.79,0.25,0.002,,,,,10,0,13.88709941,5.30848769,,,2.566,probabilistic,,179,21.0,,
r19_power_activity_retime,G - power-driven retiming,innovus-nangate45,23.12-s091_1,orig,on,0.2068,,-0.083,-1.044,15.0,,,923,,5541.615,89.437,0,0.0,0.0,2.85,0.239,0.007,,,,,10,0,7.8436997,3.58976581,,,0.0,probabilistic,,101,118.0,,
r19_power_activity_retime,G - power-driven retiming,innovus-nangate45,23.12-s091_1,orig,on,0.2955,,-0.003,-0.006,4.0,,,860,,5433.675,88.191,0,0.0,0.0,1.69,0.174,0.003,,,,,10,0,5.24039077,2.26744279,,,0.0,probabilistic,,89,109.0,,
r19_power_activity_retime,G - power-driven retiming,innovus-nangate45,23.12-s091_1,orig,on,0.4221,,0.015,0.0,0.0,47,,390,,3376.615,75.409,0,0.0,0.0,0.43,0.231,0.001,,,,,10,0,1.67733796,0.54444794,,,0.0,probabilistic,,84,107.0,,
r19_power_activity_retime,G - power-driven retiming,innovus-nangate45,23.12-s091_1,orig,on,0.88,,,,,,,224,,2870.73,54.598,0,0.0,0.0,0.42,0.715,0.003,,,,,10,0,0.75080975,0.19263777,,,0.0,probabilistic,,64,85.0,,
r19_power_activity_retime,G - power-driven retiming,innovus-nangate45,23.12-s091_1,retimed,off,0.1174,,-0.011,-0.058,7.0,14,,844,,4522.395,92.373,1,0.11,0.0,0.0,0.424,0.0,,,,,10,0,27.80495576,14.77783699,,,0.0,probabilistic,,180,221.0,,
r19_power_activity_retime,G - power-driven retiming,innovus-nangate45,23.12-s091_1,retimed,off,0.1448,,0.017,0.0,0.0,,,903,,4577.025,89.436,0,0.0,0.0,0.49,0.408,0.002,,,,,10,0,23.83386594,12.53832002,,,0.0,probabilistic,,71,91.0,,
r19_power_activity_retime,G - power-driven retiming,innovus-nangate45,23.12-s091_1,retimed,off,0.1684,,0.038,0.0,0.0,14,,862,,4509.38,90.934,0,0.0,0.0,0.23,0.428,0.001,,,,,10,0,19.43439372,10.28355548,,,0.0,probabilistic,,146,179.0,,
r19_power_activity_retime,G - power-driven retiming,innovus-nangate45,23.12-s091_1,retimed,off,0.1827,,-0.356,-2.401,8.0,85,,1092,,6984.505,86.813,0,0.0,0.0,0.45,0.663,0.003,,,,,10,0,23.86630097,11.74581591,,,1.573,probabilistic,,185,20.0,,
r19_power_activity_retime,G - power-driven retiming,innovus-nangate45,23.12-s091_1,retimed,off,0.2068,,0.078,0.0,0.0,,,896,,5017.145,93.781,0,0.0,0.0,0.48,0.419,0.002,,,,,10,0,16.7228595,8.76998101,,,0.0,probabilistic,,75,93.0,,
r19_power_activity_retime,G - power-driven retiming,innovus-nangate45,23.12-s091_1,retimed,off,0.2955,,0.114,0.0,0.0,,,869,,4626.83,91.929,0,0.0,0.0,0.24,0.422,0.001,,,,,10,0,11.40849577,5.99006536,,,0.0,probabilistic,,78,97.0,,
r19_power_activity_retime,G - power-driven retiming,innovus-nangate45,23.12-s091_1,retimed,off,0.4221,,0.235,0.0,0.0,14,,872,,4558.79,92.395,0,0.0,0.0,0.48,0.418,0.002,,,,,10,0,8.06512213,4.24938126,,,0.0,probabilistic,,122,150.0,,
r19_power_activity_retime,G - power-driven retiming,innovus-nangate45,23.12-s091_1,retimed,off,0.8796,,,,,,,856,,4553.265,77.205,0,0.0,0.0,0.7,0.423,0.003,,,,,10,0,3.34278672,1.71547601,,,0.0,probabilistic,,86,107.0,,
r19_power_activity_retime,G - power-driven retiming,openroad_syn,,directive,unsupported,0.607,VIOLATED,,,,,,878,,,,,,,,,,,,,,,,42.337399999999995,19.6436,,,,vcd,,1,1.0,f53d88f8c469,uncommitted
r19_power_activity_retime,G - power-driven retiming,openroad_syn,,directive,unsupported,0.741,VIOLATED,,,,,,878,,,,,,,,,,,,,,,,42.2483,19.6436,,,,vcd,,1,1.0,f53d88f8c469,uncommitted
r19_power_activity_retime,G - power-driven retiming,openroad_syn,,directive,unsupported,0.911,VIOLATED,,,,,,878,,,,,,,,,,,,,,,,42.175,19.6435,,,,vcd,,1,2.0,f53d88f8c469,uncommitted
r19_power_activity_retime,G - power-driven retiming,openroad_syn,,directive,unsupported,1.108,VIOLATED,,,,,,878,,,,,,,,,,,,,,,,42.1203,19.6435,,,,vcd,,1,2.0,f53d88f8c469,uncommitted
r19_power_activity_retime,G - power-driven retiming,openroad_syn,,directive,unsupported,1.341,VIOLATED,,,,,,878,,,,,,,,,,,,,,,,42.0773,19.6435,,,,vcd,,1,2.0,f53d88f8c469,uncommitted
r19_power_activity_retime,G - power-driven retiming,openroad_syn,,directive,unsupported,1.617,VIOLATED,,,,,,878,,,,,,,,,,,,,,,,42.0441,19.6435,,,,vcd,,1,1.0,f53d88f8c469,uncommitted
r19_power_activity_retime,G - power-driven retiming,openroad_syn,,orig,unsupported,0.607,VIOLATED,,,,,,878,,,,,,,,,,,,,,,,42.337399999999995,19.6436,,,,vcd,,1,2.0,f53d88f8c469,uncommitted
r19_power_activity_retime,G - power-driven retiming,openroad_syn,,orig,unsupported,0.741,VIOLATED,,,,,,878,,,,,,,,,,,,,,,,42.2483,19.6436,,,,vcd,,1,2.0,f53d88f8c469,uncommitted
r19_power_activity_retime,G - power-driven retiming,openroad_syn,,orig,unsupported,0.911,VIOLATED,,,,,,878,,,,,,,,,,,,,,,,42.175,19.6435,,,,vcd,,1,2.0,f53d88f8c469,uncommitted
r19_power_activity_retime,G - power-driven retiming,openroad_syn,,orig,unsupported,1.108,VIOLATED,,,,,,878,,,,,,,,,,,,,,,,42.1203,19.6435,,,,vcd,,1,2.0,f53d88f8c469,uncommitted
r19_power_activity_retime,G - power-driven retiming,openroad_syn,,orig,unsupported,1.341,VIOLATED,,,,,,878,,,,,,,,,,,,,,,,42.0773,19.6435,,,,vcd,,1,2.0,f53d88f8c469,uncommitted
r19_power_activity_retime,G - power-driven retiming,openroad_syn,,orig,unsupported,1.617,VIOLATED,,,,,,878,,,,,,,,,,,,,,,,42.0441,19.6435,,,,vcd,,1,1.0,f53d88f8c469,uncommitted
r19_power_activity_retime,G - power-driven retiming,openroad_syn,,retimed,unsupported,0.607,VIOLATED,,,,,,682,,,,,,,,,,,,,,,,43.104000000000006,20.710800000000003,,,,vcd,,1,2.0,f53d88f8c469,uncommitted
r19_power_activity_retime,G - power-driven retiming,openroad_syn,,retimed,unsupported,0.741,VIOLATED,,,,,,682,,,,,,,,,,,,,,,,43.0502,20.7085,,,,vcd,,1,2.0,f53d88f8c469,uncommitted
r19_power_activity_retime,G - power-driven retiming,openroad_syn,,retimed,unsupported,0.911,VIOLATED,,,,,,682,,,,,,,,,,,,,,,,43.0051,20.706599999999998,,,,vcd,,1,1.0,f53d88f8c469,uncommitted
r19_power_activity_retime,G - power-driven retiming,openroad_syn,,retimed,unsupported,1.108,VIOLATED,,,,,,682,,,,,,,,,,,,,,,,42.9706,20.7051,,,,vcd,,1,1.0,f53d88f8c469,uncommitted
r19_power_activity_retime,G - power-driven retiming,openroad_syn,,retimed,unsupported,1.341,VIOLATED,,,,,,682,,,,,,,,,,,,,,,,42.942800000000005,20.7039,,,,vcd,,1,1.0,f53d88f8c469,uncommitted
r19_power_activity_retime,G - power-driven retiming,openroad_syn,,retimed,unsupported,1.617,VIOLATED,,,,,,682,,,,,,,,,,,,,,,,42.9204,20.703,,,,vcd,,1,1.0,f53d88f8c469,uncommitted
r19_power_activity_retime,G - power-driven retiming,vivado-xc7a100t,2025.2,directive,on,4.0,VIOLATED,,,,,,,,,,,,,,,,,,,,,,188.0,,,,,vectorless,146,337,366.0,,
r19_power_activity_retime,G - power-driven retiming,vivado-xc7a100t,2025.2,orig,off,4.0,VIOLATED,,,,,,,,,,,,,,,,,,,,,,188.0,,,,,vectorless,146,362,392.0,,
r19_power_activity_retime,G - power-driven retiming,vivado-xc7a100t,2025.2,orig,on,4.0,VIOLATED,,,,,,,,,,,,,,,,,,,,,,188.0,,,,,vectorless,146,348,379.0,,
r19_power_activity_retime,G - power-driven retiming,vivado-xc7a100t,2025.2,retimed,off,4.0,VIOLATED,,,,,,,,,,,,,,,,,,,,,,167.0,,,,,vectorless,113,367,396.0,,
r19_power_activity_retime,G - power-driven retiming,vivado-xcau7p,2025.2,directive,on,4.0,MET,,,,,,,,,,,,,,,,,,,,,,165.0,,,,,vectorless,145,217,239.0,,
r19_power_activity_retime,G - power-driven retiming,vivado-xcau7p,2025.2,orig,off,4.0,MET,,,,,,,,,,,,,,,,,,,,,,165.0,,,,,vectorless,145,224,250.0,,
r19_power_activity_retime,G - power-driven retiming,vivado-xcau7p,2025.2,orig,on,4.0,MET,,,,,,,,,,,,,,,,,,,,,,165.0,,,,,vectorless,145,224,246.0,,
r19_power_activity_retime,G - power-driven retiming,vivado-xcau7p,2025.2,retimed,off,4.0,VIOLATED,,,,,,,,,,,,,,,,,,,,,,163.0,,,,,vectorless,112,204,226.0,,
r19_power_activity_retime,G - power-driven retiming,vivado2023.1-xc7a100t,2023.1,directive,on,5.2,VIOLATED,,,,,,,,,,,,,,,,,,,,,,114.0,,,,,vectorless,146,33,43.0,,
r19_power_activity_retime,G - power-driven retiming,vivado2023.1-xc7a100t,2023.1,directive,on,6.4,VIOLATED,,,,,,,,,,,,,,,,,,,,,,109.0,,,,,vectorless,146,37,47.0,,
r19_power_activity_retime,G - power-driven retiming,vivado2023.1-xc7a100t,2023.1,directive,on,8.0,MET,,,,,,,,,,,,,,,,,,,,,,106.0,,,,,vectorless,146,38,48.0,,
r19_power_activity_retime,G - power-driven retiming,vivado2023.1-xc7a100t,2023.1,directive,on,9.6,MET,,,,,,,,,,,,,,,,,,,,,,104.0,,,,,vectorless,146,39,52.0,,
r19_power_activity_retime,G - power-driven retiming,vivado2023.1-xc7a100t,2023.1,directive,on,12.0,MET,,,,,,,,,,,,,,,,,,,,,,102.0,,,,,vectorless,146,37,50.0,,
r19_power_activity_retime,G - power-driven retiming,vivado2023.1-xc7a100t,2023.1,orig,off,5.2,VIOLATED,,,,,,,,,,,,,,,,,,,,,,114.0,,,,,vectorless,146,35,46.0,,
r19_power_activity_retime,G - power-driven retiming,vivado2023.1-xc7a100t,2023.1,orig,off,6.4,VIOLATED,,,,,,,,,,,,,,,,,,,,,,109.0,,,,,vectorless,146,34,45.0,,
r19_power_activity_retime,G - power-driven retiming,vivado2023.1-xc7a100t,2023.1,orig,off,8.0,MET,,,,,,,,,,,,,,,,,,,,,,106.0,,,,,vectorless,146,33,49.0,,
r19_power_activity_retime,G - power-driven retiming,vivado2023.1-xc7a100t,2023.1,orig,off,9.6,MET,,,,,,,,,,,,,,,,,,,,,,104.0,,,,,vectorless,146,35,43.0,,
r19_power_activity_retime,G - power-driven retiming,vivado2023.1-xc7a100t,2023.1,orig,off,12.0,MET,,,,,,,,,,,,,,,,,,,,,,102.0,,,,,vectorless,146,32,40.0,,
r19_power_activity_retime,G - power-driven retiming,vivado2023.1-xc7a100t,2023.1,orig,on,5.2,VIOLATED,,,,,,,,,,,,,,,,,,,,,,114.0,,,,,vectorless,146,33,41.0,,
r19_power_activity_retime,G - power-driven retiming,vivado2023.1-xc7a100t,2023.1,orig,on,6.4,VIOLATED,,,,,,,,,,,,,,,,,,,,,,109.0,,,,,vectorless,146,32,40.0,,
r19_power_activity_retime,G - power-driven retiming,vivado2023.1-xc7a100t,2023.1,orig,on,8.0,MET,,,,,,,,,,,,,,,,,,,,,,106.0,,,,,vectorless,146,32,40.0,,
r19_power_activity_retime,G - power-driven retiming,vivado2023.1-xc7a100t,2023.1,orig,on,9.6,MET,,,,,,,,,,,,,,,,,,,,,,104.0,,,,,vectorless,146,32,41.0,,
r19_power_activity_retime,G - power-driven retiming,vivado2023.1-xc7a100t,2023.1,orig,on,12.0,MET,,,,,,,,,,,,,,,,,,,,,,102.0,,,,,vectorless,146,32,39.0,,
r19_power_activity_retime,G - power-driven retiming,vivado2023.1-xc7a100t,2023.1,retimed,off,5.2,VIOLATED,,,,,,,,,,,,,,,,,,,,,,114.0,,,,,vectorless,113,31,42.0,,
r19_power_activity_retime,G - power-driven retiming,vivado2023.1-xc7a100t,2023.1,retimed,off,6.4,VIOLATED,,,,,,,,,,,,,,,,,,,,,,110.0,,,,,vectorless,113,31,43.0,,
r19_power_activity_retime,G - power-driven retiming,vivado2023.1-xc7a100t,2023.1,retimed,off,8.0,MET,,,,,,,,,,,,,,,,,,,,,,106.0,,,,,vectorless,113,31,42.0,,
r19_power_activity_retime,G - power-driven retiming,vivado2023.1-xc7a100t,2023.1,retimed,off,9.6,MET,,,,,,,,,,,,,,,,,,,,,,104.0,,,,,vectorless,113,31,43.0,,
r19_power_activity_retime,G - power-driven retiming,vivado2023.1-xc7a100t,2023.1,retimed,off,12.0,MET,,,,,,,,,,,,,,,,,,,,,,101.0,,,,,vectorless,113,30,41.0,,
r19_power_activity_retime,G - power-driven retiming,yosys,0.58,directive,on,0.607,VIOLATED,,,,,,487,1178.38,,,,,,,,,,,,,,,4.2,1.8699999999999999,,,,vectorless,,1.0,1.0,f53d88f8c469,uncommitted
r19_power_activity_retime,G - power-driven retiming,yosys,0.58,directive,on,0.741,VIOLATED,,,,,,487,1178.38,,,,,,,,,,,,,,,3.4499999999999997,1.5399999999999998,,,,vectorless,,1.0,1.0,f53d88f8c469,uncommitted
r19_power_activity_retime,G - power-driven retiming,yosys,0.58,directive,on,0.911,VIOLATED,,,,,,487,1178.38,,,,,,,,,,,,,,,2.82,1.25,,,,vectorless,,1.0,1.0,f53d88f8c469,uncommitted
r19_power_activity_retime,G - power-driven retiming,yosys,0.58,directive,on,1.108,MET,,,,,,487,1178.38,,,,,,,,,,,,,,,2.33,1.03,,,,vectorless,,1.0,2.0,f53d88f8c469,uncommitted
r19_power_activity_retime,G - power-driven retiming,yosys,0.58,directive,on,1.341,MET,,,,,,487,1178.38,,,,,,,,,,,,,,,1.9400000000000002,0.848,,,,vectorless,,1.0,2.0,f53d88f8c469,uncommitted
r19_power_activity_retime,G - power-driven retiming,yosys,0.58,directive,on,1.617,MET,,,,,,487,1178.38,,,,,,,,,,,,,,,1.6199999999999999,0.704,,,,vectorless,,1.0,1.0,f53d88f8c469,uncommitted
r19_power_activity_retime,G - power-driven retiming,yosys,0.58,orig,off,0.607,VIOLATED,,,,,,416,738.682,,,,,,,,,,,,,,,7.17,2.75,,,,vectorless,,1.0,1.0,f53d88f8c469,uncommitted
r19_power_activity_retime,G - power-driven retiming,yosys,0.58,orig,off,0.741,VIOLATED,,,,,,416,738.682,,,,,,,,,,,,,,,5.88,2.26,,,,vectorless,,0.0,1.0,f53d88f8c469,uncommitted
r19_power_activity_retime,G - power-driven retiming,yosys,0.58,orig,off,0.911,VIOLATED,,,,,,416,738.682,,,,,,,,,,,,,,,4.79,1.83,,,,vectorless,,1.0,1.0,f53d88f8c469,uncommitted
r19_power_activity_retime,G - power-driven retiming,yosys,0.58,orig,off,1.108,VIOLATED,,,,,,416,738.682,,,,,,,,,,,,,,,3.95,1.51,,,,vectorless,,0.0,1.0,f53d88f8c469,uncommitted
r19_power_activity_retime,G - power-driven retiming,yosys,0.58,orig,off,1.341,MET,,,,,,416,738.682,,,,,,,,,,,,,,,3.27,1.25,,,,vectorless,,1.0,2.0,f53d88f8c469,uncommitted
r19_power_activity_retime,G - power-driven retiming,yosys,0.58,orig,off,1.617,MET,,,,,,416,738.682,,,,,,,,,,,,,,,2.73,1.03,,,,vectorless,,1.0,1.0,f53d88f8c469,uncommitted
r19_power_activity_retime,G - power-driven retiming,yosys,0.58,orig,on,0.607,VIOLATED,,,,,,487,1178.38,,,,,,,,,,,,,,,4.2,1.8699999999999999,,,,vectorless,,1.0,2.0,f53d88f8c469,uncommitted
r19_power_activity_retime,G - power-driven retiming,yosys,0.58,orig,on,0.741,VIOLATED,,,,,,487,1178.38,,,,,,,,,,,,,,,3.4499999999999997,1.5399999999999998,,,,vectorless,,0.0,1.0,f53d88f8c469,uncommitted
r19_power_activity_retime,G - power-driven retiming,yosys,0.58,orig,on,0.911,VIOLATED,,,,,,487,1178.38,,,,,,,,,,,,,,,2.82,1.25,,,,vectorless,,0.0,1.0,f53d88f8c469,uncommitted
r19_power_activity_retime,G - power-driven retiming,yosys,0.58,orig,on,1.108,MET,,,,,,487,1178.38,,,,,,,,,,,,,,,2.33,1.03,,,,vectorless,,1.0,2.0,f53d88f8c469,uncommitted
r19_power_activity_retime,G - power-driven retiming,yosys,0.58,orig,on,1.341,MET,,,,,,487,1178.38,,,,,,,,,,,,,,,1.9400000000000002,0.848,,,,vectorless,,1.0,1.0,f53d88f8c469,uncommitted
r19_power_activity_retime,G - power-driven retiming,yosys,0.58,orig,on,1.617,MET,,,,,,487,1178.38,,,,,,,,,,,,,,,1.6199999999999999,0.704,,,,vectorless,,1.0,1.0,f53d88f8c469,uncommitted
r19_power_activity_retime,G - power-driven retiming,yosys,0.58,retimed,off,0.607,VIOLATED,,,,,,333,422.674,,,,,,,,,,,,,,,9.4,4.01,,,,vectorless,,1.0,2.0,f53d88f8c469,uncommitted
r19_power_activity_retime,G - power-driven retiming,yosys,0.58,retimed,off,0.741,VIOLATED,,,,,,333,422.674,,,,,,,,,,,,,,,8.149999999999999,3.47,,,,vectorless,,1.0,1.0,f53d88f8c469,uncommitted
r19_power_activity_retime,G - power-driven retiming,yosys,0.58,retimed,off,0.911,VIOLATED,,,,,,333,422.674,,,,,,,,,,,,,,,6.66,2.83,,,,vectorless,,1.0,1.0,f53d88f8c469,uncommitted
r19_power_activity_retime,G - power-driven retiming,yosys,0.58,retimed,off,1.108,VIOLATED,,,,,,333,422.674,,,,,,,,,,,,,,,5.4799999999999995,2.33,,,,vectorless,,1.0,2.0,f53d88f8c469,uncommitted
r19_power_activity_retime,G - power-driven retiming,yosys,0.58,retimed,off,1.341,VIOLATED,,,,,,333,422.674,,,,,,,,,,,,,,,4.53,1.9200000000000002,,,,vectorless,,1.0,1.0,f53d88f8c469,uncommitted
r19_power_activity_retime,G - power-driven retiming,yosys,0.58,retimed,off,1.617,MET,,,,,,333,422.674,,,,,,,,,,,,,,,3.76,1.59,,,,vectorless,,1.0,1.0,f53d88f8c469,uncommitted
r20_glitch_absorb,G - power-driven retiming,genus,23.12-s086_1,directive,off,0.135,VIOLATED,,,,,,557,1367.26620325,,,,,,,,,,,,,,,10.4002,4.5808100000000005,3.31308,6.69635,0.390785,probabilistic,,23,33.0,42ec5d96daf9,bdf1989
r20_glitch_absorb,G - power-driven retiming,genus,23.12-s086_1,directive,off,0.1603,VIOLATED,,,,130,96,725,1995.58393725,,,,,,,,,,,,,,,11.2614,3.65752,6.39782,3.9743900000000005,0.889195,probabilistic,,38,56.0,42ec5d96daf9,4f7c7a48
r20_glitch_absorb,G - power-driven retiming,genus,23.12-s086_1,directive,off,0.177,VIOLATED,,,,123,96,804,2104.1628105,,,,,,,,,,,,,,,9.86398,3.3581499999999997,5.40705,3.6953799999999997,0.761548,probabilistic,,44,57.0,42ec5d96daf9,4f7c7a48
r20_glitch_absorb,G - power-driven retiming,genus,23.12-s086_1,directive,off,0.1928,VIOLATED,,,,,,638,1585.039638,,,,,,,,,,,,,,,8.90923,3.7418500000000003,3.34912,5.20113,0.358983,probabilistic,,25,34.0,42ec5d96daf9,bdf1989
r20_glitch_absorb,G - power-driven retiming,genus,23.12-s086_1,directive,off,0.2718,VIOLATED,,,,,,532,1433.05808025,,,,,,,,,,,,,,,6.48937,2.21542,3.4390300000000003,2.72179,0.328543,probabilistic,,21,29.0,04c1c567444b,uncommitted
r20_glitch_absorb,G - power-driven retiming,genus,23.12-s086_1,directive,off,0.2754,MET,,,,,,421,1204.9252535,,,,,,,,,,,,,,,5.189369999999999,1.74361,2.52311,2.3798,0.28646299999999997,probabilistic,,9,18.0,42ec5d96daf9,bdf1989
r20_glitch_absorb,G - power-driven retiming,genus,23.12-s086_1,directive,off,0.354,MET,,,,111,96,416,1337.8698885000001,,,,,,,,,,,,,,,3.89479,1.0754899999999998,2.3788400000000003,1.17414,0.341808,probabilistic,,13,30.0,42ec5d96daf9,4f7c7a48
r20_glitch_absorb,G - power-driven retiming,genus,23.12-s086_1,directive,off,0.3934,MET,,,,,,298,912.1110207500001,,,,,,,,,,,,,,,2.7589200000000003,0.937361,1.35406,1.2547599999999999,0.150097,probabilistic,,8,16.0,42ec5d96daf9,bdf1989
r20_glitch_absorb,G - power-driven retiming,genus,23.12-s086_1,directive,off,0.6252,MET,,,,,,288,966.45213275,,,,,,,,,,,,,,,2.16656,0.6174839999999999,1.21269,0.8352280000000001,0.118639,probabilistic,,6,16.0,04c1c567444b,uncommitted
r20_glitch_absorb,G - power-driven retiming,genus,23.12-s086_1,directive,off,0.626,MET,,,,,,301,980.66782725,,,,,,,,,,,,,,,2.0472099999999998,0.566181,1.18556,0.738529,0.12312600000000001,probabilistic,,6,14.0,04c1c567444b,uncommitted
r20_glitch_absorb,G - power-driven retiming,genus,23.12-s086_1,orig,off,0.135,VIOLATED,,,,,,765,1876.30642275,,,,,,,,,,,,,,,14.0033,6.468640000000001,3.09158,10.5236,0.388096,probabilistic,,42,51.0,42ec5d96daf9,bdf1989
r20_glitch_absorb,G - power-driven retiming,genus,23.12-s086_1,orig,off,0.1603,VIOLATED,,,,96,96,838,2193.69220375,,,,,,,,,,,,,,,12.498000000000001,4.84431,4.75562,7.08873,0.653687,probabilistic,,72,91.0,42ec5d96daf9,4f7c7a48
r20_glitch_absorb,G - power-driven retiming,genus,23.12-s086_1,orig,off,0.1928,VIOLATED,,,,,,733,1814.35987,,,,,,,,,,,,,,,9.659650000000001,4.47402,2.16235,7.226179999999999,0.27112,probabilistic,,32,41.0,42ec5d96daf9,bdf1989
r20_glitch_absorb,G - power-driven retiming,genus,23.12-s086_1,orig,off,0.2718,VIOLATED,,,,,,757,1852.4344935,,,,,,,,,,,,,,,7.17736,3.2070499999999997,1.78856,5.1898,0.198996,probabilistic,,42,52.0,04c1c567444b,uncommitted
r20_glitch_absorb,G - power-driven retiming,genus,23.12-s086_1,orig,off,0.2754,VIOLATED,,,,,,762,1877.07178675,,,,,,,,,,,,,,,6.883369999999999,3.15335,1.55623,5.13821,0.188925,probabilistic,,38,47.0,42ec5d96daf9,bdf1989
r20_glitch_absorb,G - power-driven retiming,genus,23.12-s086_1,orig,off,0.354,VIOLATED,,,,96,96,828,2167.3255092500003,,,,,,,,,,,,,,,5.640079999999999,2.09304,2.21794,3.12819,0.29395499999999997,probabilistic,,68,81.0,42ec5d96daf9,4f7c7a48
r20_glitch_absorb,G - power-driven retiming,genus,23.12-s086_1,orig,off,0.3934,VIOLATED,,,,,,793,1946.0796129999999,,,,,,,,,,,,,,,5.13819,2.384,1.12711,3.8788199999999997,0.13225699999999999,probabilistic,,46,54.0,42ec5d96daf9,bdf1989
r20_glitch_absorb,G - power-driven retiming,genus,23.12-s086_1,orig,off,0.5789,MET,,,,,,570,1445.9913455,,,,,,,,,,,,,,,2.68,1.07795,0.802381,1.7866900000000001,0.0909224,probabilistic,,9,18.0,04c1c567444b,uncommitted
r20_glitch_absorb,G - power-driven retiming,genus,23.12-s086_1,orig,off,0.626,MET,,,,,,403,1104.7984035,,,,,,,,,,,,,,,1.94174,0.663688,0.739502,1.1185399999999999,0.0836949,probabilistic,,4,12.0,04c1c567444b,uncommitted
r20_glitch_absorb,G - power-driven retiming,genus,23.12-s086_1,orig,on,0.135,VIOLATED,,,,,,651,1590.3289949999998,,,,,,,,,,,,,,,12.8313,5.3426,4.7938,7.51767,0.519852,probabilistic,,29,37.0,42ec5d96daf9,bdf1989
r20_glitch_absorb,G - power-driven retiming,genus,23.12-s086_1,orig,on,0.1603,VIOLATED,,,,133,96,764,2117.1283565000003,,,,,,,,,,,,,,,11.6901,3.88055,6.47128,4.31304,0.905802,probabilistic,,39,58.0,42ec5d96daf9,4f7c7a48
r20_glitch_absorb,G - power-driven retiming,genus,23.12-s086_1,orig,on,0.177,VIOLATED,,,,142,96,798,2172.4830725,,,,,,,,,,,,,,,11.2493,3.70894,6.07685,4.29606,0.876396,probabilistic,,36,51.0,42ec5d96daf9,4f7c7a48
r20_glitch_absorb,G - power-driven retiming,genus,23.12-s086_1,orig,on,0.1928,VIOLATED,,,,,,602,1568.97661225,,,,,,,,,,,,,,,9.32071,3.8267700000000002,3.44381,5.53047,0.34643199999999996,probabilistic,,26,35.0,42ec5d96daf9,bdf1989
r20_glitch_absorb,G - power-driven retiming,genus,23.12-s086_1,orig,on,0.2718,VIOLATED,,,,,,512,1456.869469,,,,,,,,,,,,,,,6.8545300000000005,2.36264,3.63552,2.88157,0.337447,probabilistic,,17,25.0,04c1c567444b,uncommitted
r20_glitch_absorb,G - power-driven retiming,genus,23.12-s086_1,orig,on,0.2754,MET,,,,,,439,1199.58362425,,,,,,,,,,,,,,,5.29779,1.9581400000000002,2.2899499999999997,2.7490599999999996,0.258784,probabilistic,,9,19.0,42ec5d96daf9,bdf1989
r20_glitch_absorb,G - power-driven retiming,genus,23.12-s086_1,orig,on,0.354,MET,,,,108,96,400,1315.95795625,,,,,,,,,,,,,,,3.91875,1.08381,2.35485,1.2303,0.333605,probabilistic,,15,38.0,42ec5d96daf9,4f7c7a48
r20_glitch_absorb,G - power-driven retiming,genus,23.12-s086_1,orig,on,0.3934,MET,,,,,,295,879.56313425,,,,,,,,,,,,,,,2.36774,0.824661,1.01536,1.22689,0.12549100000000002,probabilistic,,8,16.0,42ec5d96daf9,bdf1989
r20_glitch_absorb,G - power-driven retiming,genus,23.12-s086_1,orig,on,0.6262,MET,,,,,,313,999.9355865,,,,,,,,,,,,,,,2.1618700000000004,0.614919,1.22255,0.8148880000000001,0.12443900000000001,probabilistic,,6,14.0,04c1c567444b,uncommitted
r20_glitch_absorb,G - power-driven retiming,genus,23.12-s086_1,retimed,off,0.135,VIOLATED,,,,,,718,1731.1047845,,,,,,,,,,,,,,,10.7154,4.65107,3.18683,7.1413400000000005,0.3872,probabilistic,,26,34.0,42ec5d96daf9,bdf1989
r20_glitch_absorb,G - power-driven retiming,genus,23.12-s086_1,retimed,off,0.1603,VIOLATED,,,,96,96,850,2133.61389775,,,,,,,,,,,,,,,11.8371,4.57104,4.8144599999999995,6.37201,0.650668,probabilistic,,39,59.0,42ec5d96daf9,4f7c7a48
r20_glitch_absorb,G - power-driven retiming,genus,23.12-s086_1,retimed,off,0.177,VIOLATED,,,,96,96,851,2148.007559,,,,,,,,,,,,,,,11.0337,4.27691,4.28604,6.15634,0.591328,probabilistic,,31,53.0,42ec5d96daf9,4f7c7a48
r20_glitch_absorb,G - power-driven retiming,genus,23.12-s086_1,retimed,off,0.1928,VIOLATED,,,,,,734,1737.9703585,,,,,,,,,,,,,,,6.94933,2.94642,2.16838,4.51108,0.26986499999999997,probabilistic,,27,35.0,42ec5d96daf9,bdf1989
r20_glitch_absorb,G - power-driven retiming,genus,23.12-s086_1,retimed,off,0.2718,VIOLATED,,,,,,539,1410.212694,,,,,,,,,,,,,,,4.78052,1.7386700000000002,1.8430300000000002,2.74162,0.19587900000000003,probabilistic,,16,24.0,04c1c567444b,uncommitted
r20_glitch_absorb,G - power-driven retiming,genus,23.12-s086_1,retimed,off,0.2754,VIOLATED,,,,,,731,1751.1704565,,,,,,,,,,,,,,,5.4601,2.3017100000000004,1.65287,3.61919,0.18804600000000002,probabilistic,,30,39.0,42ec5d96daf9,bdf1989
r20_glitch_absorb,G - power-driven retiming,genus,23.12-s086_1,retimed,off,0.354,MET,,,,96,96,440,1321.751764,,,,,,,,,,,,,,,3.6833299999999998,1.0508600000000001,2.0918099999999997,1.2948300000000001,0.296689,probabilistic,,8,25.0,42ec5d96daf9,4f7c7a48
r20_glitch_absorb,G - power-driven retiming,genus,23.12-s086_1,retimed,off,0.3934,MET,,,,,,309,899.5586225000001,,,,,,,,,,,,,,,2.23895,0.704083,1.0438699999999999,1.06189,0.13318,probabilistic,,3,12.0,42ec5d96daf9,bdf1989
r20_glitch_absorb,G - power-driven retiming,genus,23.12-s086_1,retimed,off,0.619,MET,,,,,,419,1148.58079475,,,,,,,,,,,,,,,1.82075,0.620672,0.808384,0.927142,0.0852278,probabilistic,,6,15.0,04c1c567444b,uncommitted
r20_glitch_absorb,G - power-driven retiming,genus,23.12-s086_1,retimed,off,0.626,MET,,,,,,393,1121.0678985,,,,,,,,,,,,,,,1.81521,0.598716,0.792474,0.938652,0.0840815,probabilistic,,4,12.0,04c1c567444b,uncommitted
r20_glitch_absorb,G - power-driven retiming,innovus-nangate45,23.12-s091_1,directive,off,0.135,,-0.061,-0.511,19.0,,,660,,4723.36,94.623,0,0.0,0.0,0.86,0.46,0.004,,,,,10,0,9.55384847,3.99370603,,,1.921,probabilistic,,82,99.0,,
r20_glitch_absorb,G - power-driven retiming,innovus-nangate45,23.12-s091_1,directive,off,0.1603,,-0.076,-3.861,97.0,130,,882,,6871.12,86.723,0,0.0,0.0,0.3,0.331,0.001,,,,,10,0,13.55171418,4.8779288,,,3.604,probabilistic,,179,19.0,,
r20_glitch_absorb,G - power-driven retiming,innovus-nangate45,23.12-s091_1,directive,off,0.1928,,0.006,0.0,0.0,,,736,,5041.895,85.793,0,0.0,0.0,0.82,0.363,0.003,,,,,10,0,7.28428926,2.94360529,,,1.403,probabilistic,,80,103.0,,
r20_glitch_absorb,G - power-driven retiming,innovus-nangate45,23.12-s091_1,directive,off,0.2754,,0.003,0.0,0.0,,,536,,3799.67,80.987,3,0.28,0.0,0.6,0.165,0.001,,,,,10,0,3.46076036,1.12188514,,,0.0,probabilistic,,71,94.0,,
r20_glitch_absorb,G - power-driven retiming,innovus-nangate45,23.12-s091_1,directive,off,0.3934,,0.038,0.0,0.0,,,306,,2827.22,70.54,0,0.0,0.0,0.93,0.318,0.003,,,,,10,0,1.57311846,0.43336273,,,0.0,probabilistic,,56,74.0,,
r20_glitch_absorb,G - power-driven retiming,innovus-nangate45,23.12-s091_1,directive,off,0.626,,,,,,,305,,2905.17,55.232,0,0.0,0.0,1.2,0.164,0.002,,,,,10,0,1.23291372,0.32785475,,,0.0,probabilistic,,66,85.0,,
r20_glitch_absorb,G - power-driven retiming,innovus-nangate45,23.12-s091_1,orig,off,0.135,,-0.28,-6.908,32.0,,,884,,6791.72,95.854,0,0.0,0.0,0.5,0.593,0.003,,,,,10,0,21.98035344,10.97441038,,,2.546,probabilistic,,119,139.0,,
r20_glitch_absorb,G - power-driven retiming,innovus-nangate45,23.12-s091_1,orig,off,0.1603,,-0.298,-7.189,38.0,96,,1051,,7870.755,95.119,0,0.0,0.0,1.02,0.585,0.006,,,,,10,0,23.06164586,10.62413547,,,4.543,probabilistic,,267,21.0,,
r20_glitch_absorb,G - power-driven retiming,innovus-nangate45,23.12-s091_1,orig,off,0.1928,,-0.262,-5.308,32.0,,,882,,6530.03,95.052,0,0.0,0.0,0.71,0.557,0.004,,,,,10,0,14.05591576,6.89177883,,,1.421,probabilistic,,126,153.0,,
r20_glitch_absorb,G - power-driven retiming,innovus-nangate45,23.12-s091_1,orig,off,0.2754,,-0.18,-2.727,17.0,,,913,,6978.58,96.529,2,0.19,0.0,0.7,0.565,0.004,,,,,10,0,10.56700455,5.23495467,,,1.237,probabilistic,,119,145.0,,
r20_glitch_absorb,G - power-driven retiming,innovus-nangate45,23.12-s091_1,orig,off,0.3934,,-0.04,-0.586,25.0,,,960,,6998.075,97.316,0,0.0,0.0,0.4,0.494,0.002,,,,,10,0,8.36911398,4.11735781,,,1.333,probabilistic,,120,138.0,,
r20_glitch_absorb,G - power-driven retiming,innovus-nangate45,23.12-s091_1,orig,off,0.626,,,,,,,506,,3599.65,62.845,0,0.0,0.0,0.61,0.487,0.003,,,,,10,0,1.94627298,0.85017881,,,0.0,probabilistic,,80,104.0,,
r20_glitch_absorb,G - power-driven retiming,innovus-nangate45,23.12-s091_1,orig,on,0.135,,-0.109,-3.23,40.0,,,704,,5127.625,84.264,1,0.09,0.0,2.11,0.232,0.005,,,,,10,0,8.43411548,3.25086507,,,0.0,probabilistic,,82,102.0,,
r20_glitch_absorb,G - power-driven retiming,innovus-nangate45,23.12-s091_1,orig,on,0.1603,,-0.081,-4.015,90.0,133,,863,,6931.87,79.595,0,0.0,0.0,0.85,0.348,0.003,,,,,10,0,12.67821287,4.5891981,,,2.746,probabilistic,,187,19.0,,
r20_glitch_absorb,G - power-driven retiming,innovus-nangate45,23.12-s091_1,orig,on,0.1928,,-0.052,-0.928,34.0,,,660,,5010.065,80.512,1,0.09,0.0,1.61,0.122,0.002,,,,,10,0,5.82466937,2.21543673,,,0.0,probabilistic,,77,98.0,,
r20_glitch_absorb,G - power-driven retiming,innovus-nangate45,23.12-s091_1,orig,on,0.2754,,0.002,0.0,0.0,,,524,,3870.6,80.195,0,0.0,0.0,0.59,0.168,0.001,,,,,10,0,3.30412549,1.09863343,,,0.0,probabilistic,,71,94.0,,
r20_glitch_absorb,G - power-driven retiming,innovus-nangate45,23.12-s091_1,orig,on,0.3934,,0.083,0.0,0.0,,,304,,2930.81,70.519,0,0.0,0.0,0.63,0.317,0.002,,,,,10,0,1.42447912,0.41720243,,,0.0,probabilistic,,56,76.0,,
r20_glitch_absorb,G - power-driven retiming,innovus-nangate45,23.12-s091_1,orig,on,0.6262,,,,,,,318,,3071.875,55.458,0,0.0,0.0,1.24,0.478,0.006,,,,,10,0,1.29200485,0.35657271,,,0.0,probabilistic,,58,80.0,,
r20_glitch_absorb,G - power-driven retiming,innovus-nangate45,23.12-s091_1,retimed,off,0.135,,-0.157,-4.489,32.0,,,864,,6025.115,95.625,1,0.08,0.0,0.6,0.329,0.002,,,,,10,0,11.69170899,5.269285,,,1.805,probabilistic,,107,125.0,,
r20_glitch_absorb,G - power-driven retiming,innovus-nangate45,23.12-s091_1,retimed,off,0.1603,,-0.155,-5.23,54.0,96,,990,,6826.13,87.436,0,0.0,0.0,0.58,0.344,0.002,,,,,10,0,12.66949748,5.1617748,,,2.558,probabilistic,,229,23.0,,
r20_glitch_absorb,G - power-driven retiming,innovus-nangate45,23.12-s091_1,retimed,off,0.1928,,-0.106,-2.999,32.0,,,808,,5319.215,90.073,0,0.0,0.0,1.56,0.253,0.004,,,,,10,0,6.62250934,2.85103422,,,0.0,probabilistic,,103,125.0,,
r20_glitch_absorb,G - power-driven retiming,innovus-nangate45,23.12-s091_1,retimed,off,0.2754,,-0.03,-0.626,30.0,,,777,,5351.015,87.635,0,0.0,0.0,2.26,0.26,0.006,,,,,10,0,4.70527969,2.0422139,,,0.0,probabilistic,,96,122.0,,
r20_glitch_absorb,G - power-driven retiming,innovus-nangate45,23.12-s091_1,retimed,off,0.3934,,0.001,0.0,0.0,,,322,,2626.645,72.226,0,0.0,0.0,0.88,0.337,0.003,,,,,10,0,1.56383662,0.4562918,,,0.0,probabilistic,,58,75.0,,
r20_glitch_absorb,G - power-driven retiming,innovus-nangate45,23.12-s091_1,retimed,off,0.626,,,,,,,437,,3285.315,58.737,0,0.0,0.0,2.42,0.161,0.004,,,,,10,0,1.28972358,0.45576107,,,0.0,probabilistic,,71,94.0,,
r20_glitch_absorb,G - power-driven retiming,openroad_syn,,directive,unsupported,0.507,VIOLATED,,,,,,100344,,,,,,,,,,,,,,,,544.501,42.0523,,,,vcd,,69,88.0,42ec5d96daf9,uncommitted
r20_glitch_absorb,G - power-driven retiming,openroad_syn,,directive,unsupported,0.619,VIOLATED,,,,,,100344,,,,,,,,,,,,,,,,514.888,37.1278,,,,vcd,,68,90.0,42ec5d96daf9,uncommitted
r20_glitch_absorb,G - power-driven retiming,openroad_syn,,directive,unsupported,0.761,VIOLATED,,,,,,100344,,,,,,,,,,,,,,,,489.91499999999996,32.9636,,,,vcd,,70,92.0,42ec5d96daf9,uncommitted
r20_glitch_absorb,G - power-driven retiming,openroad_syn,,directive,unsupported,0.926,VIOLATED,,,,,,100344,,,,,,,,,,,,,,,,470.59000000000003,29.7344,,,,vcd,,70,91.0,42ec5d96daf9,uncommitted
r20_glitch_absorb,G - power-driven retiming,openroad_syn,,directive,unsupported,1.121,VIOLATED,,,,,,100344,,,,,,,,,,,,,,,,455.212,27.1446,,,,vcd,,74,97.0,42ec5d96daf9,uncommitted
r20_glitch_absorb,G - power-driven retiming,openroad_syn,,directive,unsupported,1.351,VIOLATED,,,,,,100344,,,,,,,,,,,,,,,,442.658,25.0448,,,,vcd,,69,94.0,42ec5d96daf9,uncommitted
r20_glitch_absorb,G - power-driven retiming,openroad_syn,,orig,unsupported,0.507,VIOLATED,,,,,,100344,,,,,,,,,,,,,,,,544.501,42.0523,,,,vcd,,69,93.0,42ec5d96daf9,uncommitted
r20_glitch_absorb,G - power-driven retiming,openroad_syn,,orig,unsupported,0.619,VIOLATED,,,,,,100344,,,,,,,,,,,,,,,,514.888,37.1278,,,,vcd,,74,100.0,42ec5d96daf9,uncommitted
r20_glitch_absorb,G - power-driven retiming,openroad_syn,,orig,unsupported,0.761,VIOLATED,,,,,,100344,,,,,,,,,,,,,,,,489.91499999999996,32.9636,,,,vcd,,66,85.0,42ec5d96daf9,uncommitted
r20_glitch_absorb,G - power-driven retiming,openroad_syn,,orig,unsupported,0.926,VIOLATED,,,,,,100344,,,,,,,,,,,,,,,,470.59000000000003,29.7344,,,,vcd,,67,84.0,42ec5d96daf9,uncommitted
r20_glitch_absorb,G - power-driven retiming,openroad_syn,,orig,unsupported,1.121,VIOLATED,,,,,,100344,,,,,,,,,,,,,,,,455.212,27.1446,,,,vcd,,68,87.0,42ec5d96daf9,uncommitted
r20_glitch_absorb,G - power-driven retiming,openroad_syn,,orig,unsupported,1.351,VIOLATED,,,,,,100344,,,,,,,,,,,,,,,,442.658,25.0448,,,,vcd,,74,91.0,42ec5d96daf9,uncommitted
r20_glitch_absorb,G - power-driven retiming,openroad_syn,,retimed,unsupported,0.507,VIOLATED,,,,,,4960,,,,,,,,,,,,,,,,13.6854,5.222090000000001,,,,vcd,,2,4.0,42ec5d96daf9,uncommitted
r20_glitch_absorb,G - power-driven retiming,openroad_syn,,retimed,unsupported,0.619,VIOLATED,,,,,,4960,,,,,,,,,,,,,,,,11.9632,4.56505,,,,vcd,,2,3.0,42ec5d96daf9,uncommitted
r20_glitch_absorb,G - power-driven retiming,openroad_syn,,retimed,unsupported,0.761,VIOLATED,,,,,,4960,,,,,,,,,,,,,,,,10.5082,4.01006,,,,vcd,,3,4.0,42ec5d96daf9,uncommitted
r20_glitch_absorb,G - power-driven retiming,openroad_syn,,retimed,unsupported,0.926,VIOLATED,,,,,,4960,,,,,,,,,,,,,,,,9.37513,3.5769,,,,vcd,,2,4.0,42ec5d96daf9,uncommitted
r20_glitch_absorb,G - power-driven retiming,openroad_syn,,retimed,unsupported,1.121,MET,,,,,,4960,,,,,,,,,,,,,,,,8.46168,3.22712,,,,vcd,,3,4.0,42ec5d96daf9,uncommitted
r20_glitch_absorb,G - power-driven retiming,openroad_syn,,retimed,unsupported,1.351,MET,,,,48,,4960,,,,,,,,,,,,,,,,,,,,,vcd,,2,4.0,42ec5d96daf9,uncommitted
r20_glitch_absorb,G - power-driven retiming,vivado-xc7a100t,2025.2,directive,on,4.0,VIOLATED,,,,,,,,,,,,,,,,,,,,,,196.0,,,,,vectorless,91,355,388.0,,
r20_glitch_absorb,G - power-driven retiming,vivado-xc7a100t,2025.2,orig,off,4.0,VIOLATED,,,,,,,,,,,,,,,,,,,,,,196.0,,,,,vectorless,91,372,400.0,,
r20_glitch_absorb,G - power-driven retiming,vivado-xc7a100t,2025.2,orig,on,4.0,VIOLATED,,,,,,,,,,,,,,,,,,,,,,196.0,,,,,vectorless,91,323,359.0,,
r20_glitch_absorb,G - power-driven retiming,vivado-xc7a100t,2025.2,retimed,off,4.0,VIOLATED,,,,,,,,,,,,,,,,,,,,,,190.0,,,,,vectorless,73,312,344.0,,
r20_glitch_absorb,G - power-driven retiming,vivado-xcau7p,2025.2,directive,on,4.0,MET,,,,,,,,,,,,,,,,,,,,,,282.0,,,,,vectorless,90,210,228.0,,
r20_glitch_absorb,G - power-driven retiming,vivado-xcau7p,2025.2,orig,off,4.0,MET,,,,,,,,,,,,,,,,,,,,,,282.0,,,,,vectorless,90,195,217.0,,
r20_glitch_absorb,G - power-driven retiming,vivado-xcau7p,2025.2,orig,on,4.0,MET,,,,,,,,,,,,,,,,,,,,,,282.0,,,,,vectorless,90,205,222.0,,
r20_glitch_absorb,G - power-driven retiming,vivado-xcau7p,2025.2,retimed,off,4.0,VIOLATED,,,,,,,,,,,,,,,,,,,,,,280.0,,,,,vectorless,72,216,234.0,,
r20_glitch_absorb,G - power-driven retiming,vivado2023.1-xc7a100t,2023.1,directive,on,5.2,VIOLATED,,,,,,,,,,,,,,,,,,,,,,158.0,,,,,vectorless,91,31,44.0,,
r20_glitch_absorb,G - power-driven retiming,vivado2023.1-xc7a100t,2023.1,directive,on,6.4,VIOLATED,,,,,,,,,,,,,,,,,,,,,,145.0,,,,,vectorless,91,32,43.0,,
r20_glitch_absorb,G - power-driven retiming,vivado2023.1-xc7a100t,2023.1,directive,on,8.0,MET,,,,,,,,,,,,,,,,,,,,,,134.0,,,,,vectorless,91,31,43.0,,
r20_glitch_absorb,G - power-driven retiming,vivado2023.1-xc7a100t,2023.1,directive,on,9.6,MET,,,,,,,,,,,,,,,,,,,,,,127.0,,,,,vectorless,91,29,43.0,,
r20_glitch_absorb,G - power-driven retiming,vivado2023.1-xc7a100t,2023.1,directive,on,12.0,MET,,,,,,,,,,,,,,,,,,,,,,119.0,,,,,vectorless,91,29,43.0,,
r20_glitch_absorb,G - power-driven retiming,vivado2023.1-xc7a100t,2023.1,orig,off,5.2,VIOLATED,,,,,,,,,,,,,,,,,,,,,,158.0,,,,,vectorless,91,28,36.0,,
r20_glitch_absorb,G - power-driven retiming,vivado2023.1-xc7a100t,2023.1,orig,off,6.4,VIOLATED,,,,,,,,,,,,,,,,,,,,,,145.0,,,,,vectorless,91,28,36.0,,
r20_glitch_absorb,G - power-driven retiming,vivado2023.1-xc7a100t,2023.1,orig,off,8.0,MET,,,,,,,,,,,,,,,,,,,,,,134.0,,,,,vectorless,91,27,35.0,,
r20_glitch_absorb,G - power-driven retiming,vivado2023.1-xc7a100t,2023.1,orig,off,9.6,MET,,,,,,,,,,,,,,,,,,,,,,127.0,,,,,vectorless,91,28,38.0,,
r20_glitch_absorb,G - power-driven retiming,vivado2023.1-xc7a100t,2023.1,orig,off,12.0,MET,,,,,,,,,,,,,,,,,,,,,,119.0,,,,,vectorless,91,27,37.0,,
r20_glitch_absorb,G - power-driven retiming,vivado2023.1-xc7a100t,2023.1,orig,on,5.2,VIOLATED,,,,,,,,,,,,,,,,,,,,,,158.0,,,,,vectorless,91,29,36.0,,
r20_glitch_absorb,G - power-driven retiming,vivado2023.1-xc7a100t,2023.1,orig,on,6.4,VIOLATED,,,,,,,,,,,,,,,,,,,,,,145.0,,,,,vectorless,91,29,37.0,,
r20_glitch_absorb,G - power-driven retiming,vivado2023.1-xc7a100t,2023.1,orig,on,8.0,MET,,,,,,,,,,,,,,,,,,,,,,134.0,,,,,vectorless,91,29,40.0,,
r20_glitch_absorb,G - power-driven retiming,vivado2023.1-xc7a100t,2023.1,orig,on,9.6,MET,,,,,,,,,,,,,,,,,,,,,,127.0,,,,,vectorless,91,29,40.0,,
r20_glitch_absorb,G - power-driven retiming,vivado2023.1-xc7a100t,2023.1,orig,on,12.0,MET,,,,,,,,,,,,,,,,,,,,,,119.0,,,,,vectorless,91,27,35.0,,
r20_glitch_absorb,G - power-driven retiming,vivado2023.1-xc7a100t,2023.1,retimed,off,5.2,VIOLATED,,,,,,,,,,,,,,,,,,,,,,154.0,,,,,vectorless,73,33,98.0,,
r20_glitch_absorb,G - power-driven retiming,vivado2023.1-xc7a100t,2023.1,retimed,off,6.4,VIOLATED,,,,,,,,,,,,,,,,,,,,,,141.0,,,,,vectorless,73,33,99.0,,
r20_glitch_absorb,G - power-driven retiming,vivado2023.1-xc7a100t,2023.1,retimed,off,8.0,MET,,,,,,,,,,,,,,,,,,,,,,131.0,,,,,vectorless,73,30,39.0,,
r20_glitch_absorb,G - power-driven retiming,vivado2023.1-xc7a100t,2023.1,retimed,off,9.6,MET,,,,48,,,,,,,,,,,,0,0,0,0,,,125.0,,,,,vectorless,55,29,41.0,,
r20_glitch_absorb,G - power-driven retiming,vivado2023.1-xc7a100t,2023.1,retimed,off,12.0,MET,,,,,,,,,,,,,,,,,,,,,,118.0,,,,,vectorless,73,29,41.0,,
r20_glitch_absorb,G - power-driven retiming,yosys,0.58,directive,on,0.507,VIOLATED,,,,,,468,776.188,,,,,,,,,,,,,,,2.79,1.03,,,,vectorless,,7.0,7.0,42ec5d96daf9,uncommitted
r20_glitch_absorb,G - power-driven retiming,yosys,0.58,directive,on,0.619,MET,,,,,,468,776.188,,,,,,,,,,,,,,,2.3,0.841,,,,vectorless,,7.0,8.0,42ec5d96daf9,uncommitted
r20_glitch_absorb,G - power-driven retiming,yosys,0.58,directive,on,0.761,MET,,,,,,468,776.188,,,,,,,,,,,,,,,1.88,0.684,,,,vectorless,,6.0,6.0,42ec5d96daf9,uncommitted
r20_glitch_absorb,G - power-driven retiming,yosys,0.58,directive,on,0.926,MET,,,,,,468,776.188,,,,,,,,,,,,,,,1.55,0.562,,,,vectorless,,7.0,7.0,42ec5d96daf9,uncommitted
r20_glitch_absorb,G - power-driven retiming,yosys,0.58,directive,on,1.121,MET,,,,,,468,776.188,,,,,,,,,,,,,,,1.2899999999999998,0.464,,,,vectorless,,7.0,7.0,42ec5d96daf9,uncommitted
r20_glitch_absorb,G - power-driven retiming,yosys,0.58,directive,on,1.351,MET,,,,,,468,776.188,,,,,,,,,,,,,,,1.08,0.38499999999999995,,,,vectorless,,6.0,7.0,42ec5d96daf9,uncommitted
r20_glitch_absorb,G - power-driven retiming,yosys,0.58,orig,off,0.507,VIOLATED,,,,,,420,515.774,,,,,,,,,,,,,,,3.23,1.15,,,,vectorless,,8.0,9.0,42ec5d96daf9,uncommitted
r20_glitch_absorb,G - power-driven retiming,yosys,0.58,orig,off,0.619,VIOLATED,,,,,,420,515.774,,,,,,,,,,,,,,,2.65,0.9420000000000001,,,,vectorless,,9.0,10.0,42ec5d96daf9,uncommitted
r20_glitch_absorb,G - power-driven retiming,yosys,0.58,orig,off,0.761,VIOLATED,,,,,,420,515.774,,,,,,,,,,,,,,,2.16,0.766,,,,vectorless,,8.0,8.0,42ec5d96daf9,uncommitted
r20_glitch_absorb,G - power-driven retiming,yosys,0.58,orig,off,0.926,MET,,,,,,420,515.774,,,,,,,,,,,,,,,1.7799999999999998,0.63,,,,vectorless,,8.0,8.0,42ec5d96daf9,uncommitted
r20_glitch_absorb,G - power-driven retiming,yosys,0.58,orig,off,1.121,MET,,,,,,420,515.774,,,,,,,,,,,,,,,1.48,0.5199999999999999,,,,vectorless,,8.0,8.0,42ec5d96daf9,uncommitted
r20_glitch_absorb,G - power-driven retiming,yosys,0.58,orig,off,1.351,MET,,,,,,420,515.774,,,,,,,,,,,,,,,1.24,0.432,,,,vectorless,,8.0,9.0,42ec5d96daf9,uncommitted
r20_glitch_absorb,G - power-driven retiming,yosys,0.58,orig,on,0.507,VIOLATED,,,,,,468,776.188,,,,,,,,,,,,,,,2.79,1.03,,,,vectorless,,9.0,9.0,42ec5d96daf9,uncommitted
r20_glitch_absorb,G - power-driven retiming,yosys,0.58,orig,on,0.619,MET,,,,,,468,776.188,,,,,,,,,,,,,,,2.3,0.841,,,,vectorless,,8.0,9.0,42ec5d96daf9,uncommitted
r20_glitch_absorb,G - power-driven retiming,yosys,0.58,orig,on,0.761,MET,,,,,,468,776.188,,,,,,,,,,,,,,,1.88,0.684,,,,vectorless,,8.0,8.0,42ec5d96daf9,uncommitted
r20_glitch_absorb,G - power-driven retiming,yosys,0.58,orig,on,0.926,MET,,,,,,468,776.188,,,,,,,,,,,,,,,1.55,0.562,,,,vectorless,,8.0,9.0,42ec5d96daf9,uncommitted
r20_glitch_absorb,G - power-driven retiming,yosys,0.58,orig,on,1.121,MET,,,,,,468,776.188,,,,,,,,,,,,,,,1.2899999999999998,0.464,,,,vectorless,,9.0,9.0,42ec5d96daf9,uncommitted
r20_glitch_absorb,G - power-driven retiming,yosys,0.58,orig,on,1.351,MET,,,,,,468,776.188,,,,,,,,,,,,,,,1.08,0.38499999999999995,,,,vectorless,,9.0,9.0,42ec5d96daf9,uncommitted
r20_glitch_absorb,G - power-driven retiming,yosys,0.58,retimed,,1.351,MET,,,,48,,421,500.878,,,,,,,,,,,,,,,,,,,,,,,2.0,42ec5d96daf9,uncommitted
r20_glitch_absorb,G - power-driven retiming,yosys,0.58,retimed,off,0.507,VIOLATED,,,,,,421,500.878,,,,,,,,,,,,,,,2.39,0.7290000000000001,,,,vectorless,,1.0,1.0,42ec5d96daf9,uncommitted
r20_glitch_absorb,G - power-driven retiming,yosys,0.58,retimed,off,0.619,MET,,,,,,421,500.878,,,,,,,,,,,,,,,1.96,0.597,,,,vectorless,,0.0,1.0,42ec5d96daf9,uncommitted
r20_glitch_absorb,G - power-driven retiming,yosys,0.58,retimed,off,0.761,MET,,,,,,421,500.878,,,,,,,,,,,,,,,1.6,0.486,,,,vectorless,,1.0,2.0,42ec5d96daf9,uncommitted
r20_glitch_absorb,G - power-driven retiming,yosys,0.58,retimed,off,0.926,MET,,,,,,421,500.878,,,,,,,,,,,,,,,1.32,0.399,,,,vectorless,,1.0,1.0,42ec5d96daf9,uncommitted
r20_glitch_absorb,G - power-driven retiming,yosys,0.58,retimed,off,1.121,MET,,,,,,421,500.878,,,,,,,,,,,,,,,1.1,0.33,,,,vectorless,,1.0,1.0,42ec5d96daf9,uncommitted
r21_wire_pipeline_cross_die,H - physical / wire delay (LATENCY-CHANGING),genus,23.12-s086_1,directive,off,0.1896,VIOLATED,,,,,,1929,4955.6593175,,,,,,,,,,,,,,,28.060499999999998,10.9666,10.9803,16.0284,1.05173,probabilistic,,77,85.0,c15a4b767ab0,uncommitted
r21_wire_pipeline_cross_die,H - physical / wire delay (LATENCY-CHANGING),genus,23.12-s086_1,directive,off,0.1911,VIOLATED,,,,392,208,2292,6444.678861,,,,,,,,,,,,,,,30.487199999999998,9.96662,16.369600000000002,11.8812,2.23638,probabilistic,,112,125.0,62ec3145b291,4f7c7a48
r21_wire_pipeline_cross_die,H - physical / wire delay (LATENCY-CHANGING),genus,23.12-s086_1,directive,off,0.2349,VIOLATED,,,,399,208,2567,6962.8206470000005,,,,,,,,,,,,,,,26.3106,8.763409999999999,13.666599999999999,10.7938,1.85029,probabilistic,,106,117.0,62ec3145b291,4f7c7a48
r21_wire_pipeline_cross_die,H - physical / wire delay (LATENCY-CHANGING),genus,23.12-s086_1,directive,off,0.3327,VIOLATED,,,,,,1956,5066.3114507499995,,,,,,,,,,,,,,,16.083099999999998,6.53862,5.6567099999999995,9.844439999999999,0.581906,probabilistic,,72,82.0,62ec3145b291,bdf1989
r21_wire_pipeline_cross_die,H - physical / wire delay (LATENCY-CHANGING),genus,23.12-s086_1,directive,off,0.4698,MET,,,,246,208,1253,3780.31210725,,,,,,,,,,,,,,,7.35727,2.20252,4.065659999999999,2.7208699999999997,0.570745,probabilistic,,41,56.0,62ec3145b291,4f7c7a48
r21_wire_pipeline_cross_die,H - physical / wire delay (LATENCY-CHANGING),genus,23.12-s086_1,directive,off,0.4753,MET,,,,,,1233,3442.41385825,,,,,,,,,,,,,,,7.836320000000001,2.67903,3.509,3.93273,0.39459299999999997,probabilistic,,32,42.0,62ec3145b291,bdf1989
r21_wire_pipeline_cross_die,H - physical / wire delay (LATENCY-CHANGING),genus,23.12-s086_1,directive,off,0.6994,MET,,,,,,1344,3640.42121,,,,,,,,,,,,,,,5.99102,1.9876999999999998,2.80764,2.90207,0.28130700000000003,probabilistic,,30,40.0,c15a4b767ab0,uncommitted
r21_wire_pipeline_cross_die,H - physical / wire delay (LATENCY-CHANGING),genus,23.12-s086_1,directive,off,0.768,MET,,,,,,1236,3370.0716762499997,,,,,,,,,,,,,,,4.9021799999999995,1.60126,2.37462,2.28855,0.239007,probabilistic,,27,35.0,c15a4b767ab0,uncommitted
r21_wire_pipeline_cross_die,H - physical / wire delay (LATENCY-CHANGING),genus,23.12-s086_1,orig,off,0.1896,VIOLATED,,,,,,1704,4358.31289525,,,,,,,,,,,,,,,24.7267,10.1095,7.73447,16.232799999999997,0.759441,probabilistic,,54,64.0,c15a4b767ab0,uncommitted
r21_wire_pipeline_cross_die,H - physical / wire delay (LATENCY-CHANGING),genus,23.12-s086_1,orig,off,0.1911,VIOLATED,,,,208,208,2225,5701.179845000001,,,,,,,,,,,,,,,30.4017,12.616,9.565570000000001,19.6458,1.1903700000000002,probabilistic,,117,134.0,62ec3145b291,4f7c7a48
r21_wire_pipeline_cross_die,H - physical / wire delay (LATENCY-CHANGING),genus,23.12-s086_1,orig,off,0.2349,VIOLATED,,,,208,208,2387,6059.95443125,,,,,,,,,,,,,,,26.1882,10.9827,7.828659999999999,17.3927,0.966867,probabilistic,,126,139.0,62ec3145b291,4f7c7a48
r21_wire_pipeline_cross_die,H - physical / wire delay (LATENCY-CHANGING),genus,23.12-s086_1,orig,off,0.3327,VIOLATED,,,,,,2106,5268.270629250001,,,,,,,,,,,,,,,17.7572,7.935640000000001,4.20444,13.132299999999999,0.420427,probabilistic,,84,94.0,62ec3145b291,bdf1989
r21_wire_pipeline_cross_die,H - physical / wire delay (LATENCY-CHANGING),genus,23.12-s086_1,orig,off,0.4698,MET,,,,208,208,2029,5374.196499,,,,,,,,,,,,,,,12.016499999999999,4.8596200000000005,3.9568299999999996,7.575959999999999,0.48369100000000004,probabilistic,,98,126.0,62ec3145b291,4f7c7a48
r21_wire_pipeline_cross_die,H - physical / wire delay (LATENCY-CHANGING),genus,23.12-s086_1,orig,off,0.4753,MET,,,,,,1826,4601.6947155,,,,,,,,,,,,,,,10.7519,4.67649,2.75804,7.6978100000000005,0.296072,probabilistic,,53,63.0,62ec3145b291,bdf1989
r21_wire_pipeline_cross_die,H - physical / wire delay (LATENCY-CHANGING),genus,23.12-s086_1,orig,off,0.7684,MET,,,,,,1339,3586.06028375,,,,,,,,,,,,,,,5.23104,1.9497900000000001,1.77774,3.27095,0.18234999999999998,probabilistic,,21,29.0,c15a4b767ab0,uncommitted
r21_wire_pipeline_cross_die,H - physical / wire delay (LATENCY-CHANGING),genus,23.12-s086_1,orig,on,0.1896,VIOLATED,,,,,,1929,4955.6593175,,,,,,,,,,,,,,,28.060499999999998,10.9666,10.9803,16.0284,1.05173,probabilistic,,77,86.0,c15a4b767ab0,uncommitted
r21_wire_pipeline_cross_die,H - physical / wire delay (LATENCY-CHANGING),genus,23.12-s086_1,orig,on,0.1911,VIOLATED,,,,392,208,2292,6444.678861,,,,,,,,,,,,,,,30.487199999999998,9.96662,16.369600000000002,11.8812,2.23638,probabilistic,,110,127.0,62ec3145b291,4f7c7a48
r21_wire_pipeline_cross_die,H - physical / wire delay (LATENCY-CHANGING),genus,23.12-s086_1,orig,on,0.2349,VIOLATED,,,,399,208,2567,6962.8206470000005,,,,,,,,,,,,,,,26.3106,8.763409999999999,13.666599999999999,10.7938,1.85029,probabilistic,,114,126.0,62ec3145b291,4f7c7a48
r21_wire_pipeline_cross_die,H - physical / wire delay (LATENCY-CHANGING),genus,23.12-s086_1,orig,on,0.3327,VIOLATED,,,,,,1956,5066.3114507499995,,,,,,,,,,,,,,,16.083099999999998,6.53862,5.6567099999999995,9.844439999999999,0.581906,probabilistic,,72,82.0,62ec3145b291,bdf1989
r21_wire_pipeline_cross_die,H - physical / wire delay (LATENCY-CHANGING),genus,23.12-s086_1,orig,on,0.4698,MET,,,,246,208,1253,3780.31210725,,,,,,,,,,,,,,,7.35727,2.20252,4.065659999999999,2.7208699999999997,0.570745,probabilistic,,45,74.0,62ec3145b291,4f7c7a48
r21_wire_pipeline_cross_die,H - physical / wire delay (LATENCY-CHANGING),genus,23.12-s086_1,orig,on,0.4753,MET,,,,,,1233,3442.41385825,,,,,,,,,,,,,,,7.836320000000001,2.67903,3.509,3.93273,0.39459299999999997,probabilistic,,32,42.0,62ec3145b291,bdf1989
r21_wire_pipeline_cross_die,H - physical / wire delay (LATENCY-CHANGING),genus,23.12-s086_1,orig,on,0.6994,MET,,,,,,1344,3640.42121,,,,,,,,,,,,,,,5.99102,1.9876999999999998,2.80764,2.90207,0.28130700000000003,probabilistic,,31,39.0,c15a4b767ab0,uncommitted
r21_wire_pipeline_cross_die,H - physical / wire delay (LATENCY-CHANGING),genus,23.12-s086_1,orig,on,0.768,MET,,,,,,1236,3370.0716762499997,,,,,,,,,,,,,,,4.9021799999999995,1.60126,2.37462,2.28855,0.239007,probabilistic,,27,35.0,c15a4b767ab0,uncommitted
r21_wire_pipeline_cross_die,H - physical / wire delay (LATENCY-CHANGING),genus,23.12-s086_1,retimed,off,0.1896,VIOLATED,,,,,,1897,4968.05718875,,,,,,,,,,,,,,,24.158099999999997,8.75107,9.78232,13.2455,1.13023,probabilistic,,55,64.0,c15a4b767ab0,uncommitted
r21_wire_pipeline_cross_die,H - physical / wire delay (LATENCY-CHANGING),genus,23.12-s086_1,retimed,off,0.1911,VIOLATED,,,,272,272,2564,6563.39942825,,,,,,,,,,,,,,,27.456999999999997,10.096499999999999,11.3649,14.5434,1.54875,probabilistic,,124,136.0,62ec3145b291,4f7c7a48
r21_wire_pipeline_cross_die,H - physical / wire delay (LATENCY-CHANGING),genus,23.12-s086_1,retimed,off,0.3327,VIOLATED,,,,,,2198,5639.90473225,,,,,,,,,,,,,,,14.5084,5.69078,5.09278,8.79008,0.625549,probabilistic,,75,85.0,62ec3145b291,bdf1989
r21_wire_pipeline_cross_die,H - physical / wire delay (LATENCY-CHANGING),genus,23.12-s086_1,retimed,off,0.4698,VIOLATED,,,,272,272,2290,6053.9484765,,,,,,,,,,,,,,,10.6099,3.7227900000000003,4.61648,5.3624,0.631013,probabilistic,,99,129.0,62ec3145b291,4f7c7a48
r21_wire_pipeline_cross_die,H - physical / wire delay (LATENCY-CHANGING),genus,23.12-s086_1,retimed,off,0.4753,MET,,,,,,1909,4965.909468,,,,,,,,,,,,,,,9.223419999999999,3.5198,3.40399,5.37876,0.44067100000000003,probabilistic,,46,55.0,62ec3145b291,bdf1989
r21_wire_pipeline_cross_die,H - physical / wire delay (LATENCY-CHANGING),genus,23.12-s086_1,retimed,off,0.7601,MET,,,,,,1582,4246.387237,,,,,,,,,,,,,,,5.57063,1.8950900000000002,2.36931,2.9249699999999996,0.276353,probabilistic,,24,32.0,c15a4b767ab0,uncommitted
r21_wire_pipeline_cross_die,H - physical / wire delay (LATENCY-CHANGING),genus,23.12-s086_1,retimed,off,0.768,MET,,,,,,1483,4092.3530087500003,,,,,,,,,,,,,,,5.30872,1.7640500000000001,2.3570100000000003,2.6785200000000002,0.273195,probabilistic,,21,31.0,c15a4b767ab0,uncommitted
r21_wire_pipeline_cross_die,H - physical / wire delay (LATENCY-CHANGING),innovus-nangate45,23.12-s091_1,directive,off,0.1911,,-0.091,-11.126,228.0,392,,2676,,20847.56,83.901,0,0.0,0.0,2.07,0.379,0.008,,,,,10,0,32.84723422,12.47338412,,,5.419,probabilistic,,275,21.0,,
r21_wire_pipeline_cross_die,H - physical / wire delay (LATENCY-CHANGING),innovus-nangate45,23.12-s091_1,directive,off,0.3327,,-0.004,-0.005,2.0,,,2097,,15478.28,83.796,0,0.0,0.0,1.85,0.266,0.005,,,,,10,0,14.41769251,6.49024009,,,1.214,probabilistic,,115,135.0,,
r21_wire_pipeline_cross_die,H - physical / wire delay (LATENCY-CHANGING),innovus-nangate45,23.12-s091_1,directive,off,0.4753,,0.002,0.0,0.0,,,1340,,10195.76,73.807,0,0.0,0.0,0.64,0.467,0.003,,,,,10,0,5.94922541,2.29088965,,,0.7549,probabilistic,,68,87.0,,
r21_wire_pipeline_cross_die,H - physical / wire delay (LATENCY-CHANGING),innovus-nangate45,23.12-s091_1,directive,off,0.768,,,,,,,1277,,10233.89,46.288,0,0.0,0.0,0.67,0.741,0.005,,,,,10,0,3.58162795,1.36141409,,,0.3674,probabilistic,,81,103.0,,
r21_wire_pipeline_cross_die,H - physical / wire delay (LATENCY-CHANGING),innovus-nangate45,23.12-s091_1,orig,off,0.1911,,-0.276,-30.618,141.0,208,,2720,,17864.195,91.346,0,0.0,0.0,0.63,0.47,0.003,,,,,10,0,32.56925574,14.50269702,,,4.108,probabilistic,,335,24.0,,
r21_wire_pipeline_cross_die,H - physical / wire delay (LATENCY-CHANGING),innovus-nangate45,23.12-s091_1,orig,off,0.3327,,-0.124,-4.04,46.0,,,2563,,15748.085,94.213,0,0.0,0.0,0.36,0.551,0.002,,,,,10,0,17.64152848,8.1243021,,,2.027,probabilistic,,161,180.0,,
r21_wire_pipeline_cross_die,H - physical / wire delay (LATENCY-CHANGING),innovus-nangate45,23.12-s091_1,orig,off,0.4753,,-0.004,-0.02,9.0,,,2021,,13860.3,84.361,0,0.0,0.0,0.58,0.341,0.002,,,,,10,0,9.210626,4.34015863,,,0.6771,probabilistic,,129,151.0,,
r21_wire_pipeline_cross_die,H - physical / wire delay (LATENCY-CHANGING),innovus-nangate45,23.12-s091_1,orig,off,0.7684,,,,,,,1567,,10979.89,53.21,0,0.0,0.0,1.56,0.316,0.005,,,,,10,0,4.62278481,2.06185815,,,0.2849,probabilistic,,95,117.0,,
r21_wire_pipeline_cross_die,H - physical / wire delay (LATENCY-CHANGING),innovus-nangate45,23.12-s091_1,orig,on,0.1911,,-0.091,-11.126,228.0,392,,2676,,20847.56,83.901,0,0.0,0.0,2.07,0.379,0.008,,,,,10,0,32.84723422,12.47338412,,,5.419,probabilistic,,271,21.0,,
r21_wire_pipeline_cross_die,H - physical / wire delay (LATENCY-CHANGING),innovus-nangate45,23.12-s091_1,orig,on,0.3327,,-0.004,-0.005,2.0,,,2097,,15478.28,83.796,0,0.0,0.0,1.85,0.266,0.005,,,,,10,0,14.41769251,6.49024009,,,1.214,probabilistic,,114,132.0,,
r21_wire_pipeline_cross_die,H - physical / wire delay (LATENCY-CHANGING),innovus-nangate45,23.12-s091_1,orig,on,0.4753,,0.002,0.0,0.0,,,1340,,10195.76,73.807,0,0.0,0.0,0.64,0.467,0.003,,,,,10,0,5.94922541,2.29088965,,,0.7549,probabilistic,,67,85.0,,
r21_wire_pipeline_cross_die,H - physical / wire delay (LATENCY-CHANGING),innovus-nangate45,23.12-s091_1,orig,on,0.768,,,,,,,1277,,10233.89,46.288,0,0.0,0.0,0.67,0.741,0.005,,,,,10,0,3.58162795,1.36141409,,,0.3674,probabilistic,,78,100.0,,
r21_wire_pipeline_cross_die,H - physical / wire delay (LATENCY-CHANGING),innovus-nangate45,23.12-s091_1,retimed,off,0.1911,,-0.132,-16.385,196.0,272,,3196,,19950.48,92.08,0,0.0,0.0,0.92,0.323,0.003,,,,,10,0,37.48681724,16.39810387,,,5.179,probabilistic,,415,22.0,,
r21_wire_pipeline_cross_die,H - physical / wire delay (LATENCY-CHANGING),innovus-nangate45,23.12-s091_1,retimed,off,0.3327,,-0.125,-4.945,49.0,,,2675,,17433.97,92.872,0,0.0,0.0,0.86,0.578,0.005,,,,,10,0,19.1724469,8.52323891,,,2.627,probabilistic,,162,182.0,,
r21_wire_pipeline_cross_die,H - physical / wire delay (LATENCY-CHANGING),innovus-nangate45,23.12-s091_1,retimed,off,0.4753,,-0.004,-0.013,6.0,,,2146,,14740.965,82.944,1,0.03,0.0,0.58,0.342,0.002,,,,,10,0,10.16298587,4.53048506,,,0.9287,probabilistic,,124,146.0,,
r21_wire_pipeline_cross_die,H - physical / wire delay (LATENCY-CHANGING),innovus-nangate45,23.12-s091_1,retimed,off,0.768,,,,,,,1769,,12357.13,53.109,0,0.0,0.0,1.6,0.307,0.005,,,,,10,0,5.4176923,2.31507943,,,0.4552,probabilistic,,97,122.0,,
r21_wire_pipeline_cross_die,H - physical / wire delay (LATENCY-CHANGING),innovus-nangate45-congested,23.12-s091_1,directive,off,0.768,,,,,,,1283,,13807.79,37.744,42,0.0,1.01,0.6,0.329,0.002,,,,,3,0.3,3.58978158,1.42948257,,,0.3953,probabilistic,,64,86.0,,
r21_wire_pipeline_cross_die,H - physical / wire delay (LATENCY-CHANGING),innovus-nangate45-congested,23.12-s091_1,orig,off,0.7684,,,,,,,1571,,13710.67,45.003,25,0.0,0.59,1.51,0.326,0.005,,,,,3,0.3,4.86865048,2.23875266,,,0.3314,probabilistic,,83,102.0,,
r21_wire_pipeline_cross_die,H - physical / wire delay (LATENCY-CHANGING),innovus-nangate45-congested,23.12-s091_1,orig,on,0.768,,,,,,,1283,,13807.79,37.744,42,0.0,1.01,0.6,0.329,0.002,,,,,3,0.3,3.58978158,1.42948257,,,0.3953,probabilistic,,67,87.0,,
r21_wire_pipeline_cross_die,H - physical / wire delay (LATENCY-CHANGING),innovus-nangate45-congested,23.12-s091_1,retimed,off,0.768,,,,,,,1726,,14872.555,43.084,81,0.0,1.62,1.74,0.338,0.006,,,,,3,0.3,5.53162082,2.33533415,,,0.4178,probabilistic,,82,106.0,,
r21_wire_pipeline_cross_die,H - physical / wire delay (LATENCY-CHANGING),openroad_syn,,directive,unsupported,0.673,VIOLATED,,,,,,929,,,,,,,,,,,,,,,,2.94072,0.6943210000000001,,,,vectorless,,1,2.0,62ec3145b291,uncommitted
r21_wire_pipeline_cross_die,H - physical / wire delay (LATENCY-CHANGING),openroad_syn,,directive,unsupported,0.822,VIOLATED,,,,,,929,,,,,,,,,,,,,,,,2.42302,0.568466,,,,vectorless,,0,1.0,62ec3145b291,uncommitted
r21_wire_pipeline_cross_die,H - physical / wire delay (LATENCY-CHANGING),openroad_syn,,directive,unsupported,1.01,VIOLATED,,,,,,929,,,,,,,,,,,,,,,,1.99327,0.46265199999999995,,,,vectorless,,1,2.0,62ec3145b291,uncommitted
r21_wire_pipeline_cross_die,H - physical / wire delay (LATENCY-CHANGING),openroad_syn,,directive,unsupported,1.229,VIOLATED,,,,,,929,,,,,,,,,,,,,,,,1.65844,0.38021099999999997,,,,vectorless,,1,1.0,62ec3145b291,uncommitted
r21_wire_pipeline_cross_die,H - physical / wire delay (LATENCY-CHANGING),openroad_syn,,directive,unsupported,1.488,MET,,,,,,929,,,,,,,,,,,,,,,,1.3896600000000001,0.314031,,,,vectorless,,1,1.0,62ec3145b291,uncommitted
r21_wire_pipeline_cross_die,H - physical / wire delay (LATENCY-CHANGING),openroad_syn,,directive,unsupported,1.793,MET,,,,,,929,,,,,,,,,,,,,,,,1.17513,0.260613,,,,vectorless,,1,1.0,62ec3145b291,uncommitted
r21_wire_pipeline_cross_die,H - physical / wire delay (LATENCY-CHANGING),openroad_syn,,orig,unsupported,0.673,VIOLATED,,,,,,929,,,,,,,,,,,,,,,,2.94072,0.6943210000000001,,,,vectorless,,1,1.0,62ec3145b291,uncommitted
r21_wire_pipeline_cross_die,H - physical / wire delay (LATENCY-CHANGING),openroad_syn,,orig,unsupported,0.822,VIOLATED,,,,,,929,,,,,,,,,,,,,,,,2.42302,0.568466,,,,vectorless,,0,2.0,62ec3145b291,uncommitted
r21_wire_pipeline_cross_die,H - physical / wire delay (LATENCY-CHANGING),openroad_syn,,orig,unsupported,1.01,VIOLATED,,,,,,929,,,,,,,,,,,,,,,,1.99327,0.46265199999999995,,,,vectorless,,0,1.0,62ec3145b291,uncommitted
r21_wire_pipeline_cross_die,H - physical / wire delay (LATENCY-CHANGING),openroad_syn,,orig,unsupported,1.229,VIOLATED,,,,,,929,,,,,,,,,,,,,,,,1.65844,0.38021099999999997,,,,vectorless,,0,2.0,62ec3145b291,uncommitted
r21_wire_pipeline_cross_die,H - physical / wire delay (LATENCY-CHANGING),openroad_syn,,orig,unsupported,1.488,MET,,,,,,929,,,,,,,,,,,,,,,,1.3896600000000001,0.314031,,,,vectorless,,1,1.0,62ec3145b291,uncommitted
r21_wire_pipeline_cross_die,H - physical / wire delay (LATENCY-CHANGING),openroad_syn,,orig,unsupported,1.793,MET,,,,,,929,,,,,,,,,,,,,,,,1.17513,0.260613,,,,vectorless,,1,1.0,62ec3145b291,uncommitted
r21_wire_pipeline_cross_die,H - physical / wire delay (LATENCY-CHANGING),openroad_syn,,retimed,unsupported,0.673,VIOLATED,,,,,,1057,,,,,,,,,,,,,,,,3.2096999999999998,0.541957,,,,vectorless,,1,1.0,62ec3145b291,uncommitted
r21_wire_pipeline_cross_die,H - physical / wire delay (LATENCY-CHANGING),openroad_syn,,retimed,unsupported,0.822,VIOLATED,,,,,,1057,,,,,,,,,,,,,,,,2.64992,0.44372,,,,vectorless,,0,1.0,62ec3145b291,uncommitted
r21_wire_pipeline_cross_die,H - physical / wire delay (LATENCY-CHANGING),openroad_syn,,retimed,unsupported,1.01,VIOLATED,,,,,,1057,,,,,,,,,,,,,,,,2.18756,0.361126,,,,vectorless,,0,1.0,62ec3145b291,uncommitted
r21_wire_pipeline_cross_die,H - physical / wire delay (LATENCY-CHANGING),openroad_syn,,retimed,unsupported,1.229,VIOLATED,,,,,,1057,,,,,,,,,,,,,,,,1.8273300000000001,0.296776,,,,vectorless,,0,2.0,62ec3145b291,uncommitted
r21_wire_pipeline_cross_die,H - physical / wire delay (LATENCY-CHANGING),openroad_syn,,retimed,unsupported,1.488,MET,,,,,,1057,,,,,,,,,,,,,,,,1.5381500000000001,0.24511900000000003,,,,vectorless,,0,1.0,62ec3145b291,uncommitted
r21_wire_pipeline_cross_die,H - physical / wire delay (LATENCY-CHANGING),openroad_syn,,retimed,unsupported,1.793,MET,,,,,,1057,,,,,,,,,,,,,,,,1.30827,0.203423,,,,vectorless,,0,2.0,62ec3145b291,uncommitted
r21_wire_pipeline_cross_die,H - physical / wire delay (LATENCY-CHANGING),vivado-xc7a100t,2025.2,directive,on,3.5,VIOLATED,,,,,,,,,,,,,,,,,,,,,,301.0,,,,,vectorless,271,343,371.0,,
r21_wire_pipeline_cross_die,H - physical / wire delay (LATENCY-CHANGING),vivado-xc7a100t,2025.2,orig,off,3.5,VIOLATED,,,,,,,,,,,,,,,,,,,,,,301.0,,,,,vectorless,271,360,388.0,,
r21_wire_pipeline_cross_die,H - physical / wire delay (LATENCY-CHANGING),vivado-xc7a100t,2025.2,orig,on,3.5,VIOLATED,,,,,,,,,,,,,,,,,,,,,,301.0,,,,,vectorless,271,346,373.0,,
r21_wire_pipeline_cross_die,H - physical / wire delay (LATENCY-CHANGING),vivado-xc7a100t,2025.2,retimed,off,3.5,VIOLATED,,,,,,,,,,,,,,,,,,,,,,301.0,,,,,vectorless,271,908,938.0,,
r21_wire_pipeline_cross_die,H - physical / wire delay (LATENCY-CHANGING),vivado-xcau7p,2025.2,directive,on,3.5,VIOLATED,,,,,,,,,,,,,,,,,,,,,,404.0,,,,,vectorless,385,225,241.0,,
r21_wire_pipeline_cross_die,H - physical / wire delay (LATENCY-CHANGING),vivado-xcau7p,2025.2,orig,off,3.5,VIOLATED,,,,,,,,,,,,,,,,,,,,,,404.0,,,,,vectorless,385,250,266.0,,
r21_wire_pipeline_cross_die,H - physical / wire delay (LATENCY-CHANGING),vivado-xcau7p,2025.2,orig,on,3.5,VIOLATED,,,,,,,,,,,,,,,,,,,,,,404.0,,,,,vectorless,385,250,268.0,,
r21_wire_pipeline_cross_die,H - physical / wire delay (LATENCY-CHANGING),vivado-xcau7p,2025.2,retimed,off,3.5,VIOLATED,,,,,,,,,,,,,,,,,,,,,,406.0,,,,,vectorless,385,217,233.0,,
r21_wire_pipeline_cross_die,H - physical / wire delay (LATENCY-CHANGING),vivado2023.1-xc7a100t,2023.1,directive,on,4.55,VIOLATED,,,,,,,,,,,,,,,,,,,,,,239.0,,,,,vectorless,271,30,41.0,,
r21_wire_pipeline_cross_die,H - physical / wire delay (LATENCY-CHANGING),vivado2023.1-xc7a100t,2023.1,directive,on,5.6,VIOLATED,,,,,,,,,,,,,,,,,,,,,,211.0,,,,,vectorless,271,32,41.0,,
r21_wire_pipeline_cross_die,H - physical / wire delay (LATENCY-CHANGING),vivado2023.1-xc7a100t,2023.1,directive,on,7.0,VIOLATED,,,,,,,,,,,,,,,,,,,,,,187.0,,,,,vectorless,271,32,41.0,,
r21_wire_pipeline_cross_die,H - physical / wire delay (LATENCY-CHANGING),vivado2023.1-xc7a100t,2023.1,directive,on,8.4,VIOLATED,,,,,,,,,,,,,,,,,,,,,,171.0,,,,,vectorless,271,32,41.0,,
r21_wire_pipeline_cross_die,H - physical / wire delay (LATENCY-CHANGING),vivado2023.1-xc7a100t,2023.1,directive,on,10.5,MET,,,,,,,,,,,,,,,,,,,,,,154.0,,,,,vectorless,271,28,37.0,,
r21_wire_pipeline_cross_die,H - physical / wire delay (LATENCY-CHANGING),vivado2023.1-xc7a100t,2023.1,orig,off,4.55,VIOLATED,,,,,,,,,,,,,,,,,,,,,,239.0,,,,,vectorless,271,30,38.0,,
r21_wire_pipeline_cross_die,H - physical / wire delay (LATENCY-CHANGING),vivado2023.1-xc7a100t,2023.1,orig,off,5.6,VIOLATED,,,,,,,,,,,,,,,,,,,,,,211.0,,,,,vectorless,271,30,39.0,,
r21_wire_pipeline_cross_die,H - physical / wire delay (LATENCY-CHANGING),vivado2023.1-xc7a100t,2023.1,orig,off,7.0,VIOLATED,,,,,,,,,,,,,,,,,,,,,,187.0,,,,,vectorless,271,30,39.0,,
r21_wire_pipeline_cross_die,H - physical / wire delay (LATENCY-CHANGING),vivado2023.1-xc7a100t,2023.1,orig,off,8.4,VIOLATED,,,,,,,,,,,,,,,,,,,,,,171.0,,,,,vectorless,271,35,99.0,,
r21_wire_pipeline_cross_die,H - physical / wire delay (LATENCY-CHANGING),vivado2023.1-xc7a100t,2023.1,orig,off,10.5,MET,,,,,,,,,,,,,,,,,,,,,,154.0,,,,,vectorless,271,32,96.0,,
r21_wire_pipeline_cross_die,H - physical / wire delay (LATENCY-CHANGING),vivado2023.1-xc7a100t,2023.1,orig,on,4.55,VIOLATED,,,,,,,,,,,,,,,,,,,,,,239.0,,,,,vectorless,271,31,41.0,,
r21_wire_pipeline_cross_die,H - physical / wire delay (LATENCY-CHANGING),vivado2023.1-xc7a100t,2023.1,orig,on,5.6,VIOLATED,,,,,,,,,,,,,,,,,,,,,,211.0,,,,,vectorless,271,31,43.0,,
r21_wire_pipeline_cross_die,H - physical / wire delay (LATENCY-CHANGING),vivado2023.1-xc7a100t,2023.1,orig,on,7.0,VIOLATED,,,,,,,,,,,,,,,,,,,,,,187.0,,,,,vectorless,271,31,43.0,,
r21_wire_pipeline_cross_die,H - physical / wire delay (LATENCY-CHANGING),vivado2023.1-xc7a100t,2023.1,orig,on,8.4,VIOLATED,,,,,,,,,,,,,,,,,,,,,,171.0,,,,,vectorless,271,31,43.0,,
r21_wire_pipeline_cross_die,H - physical / wire delay (LATENCY-CHANGING),vivado2023.1-xc7a100t,2023.1,orig,on,10.5,MET,,,,,,,,,,,,,,,,,,,,,,154.0,,,,,vectorless,271,28,37.0,,
r21_wire_pipeline_cross_die,H - physical / wire delay (LATENCY-CHANGING),vivado2023.1-xc7a100t,2023.1,retimed,off,4.55,VIOLATED,,,,,,,,,,,,,,,,,,,,,,241.0,,,,,vectorless,271,32,40.0,,
r21_wire_pipeline_cross_die,H - physical / wire delay (LATENCY-CHANGING),vivado2023.1-xc7a100t,2023.1,retimed,off,5.6,VIOLATED,,,,,,,,,,,,,,,,,,,,,,213.0,,,,,vectorless,271,32,41.0,,
r21_wire_pipeline_cross_die,H - physical / wire delay (LATENCY-CHANGING),vivado2023.1-xc7a100t,2023.1,retimed,off,7.0,VIOLATED,,,,,,,,,,,,,,,,,,,,,,188.0,,,,,vectorless,271,32,40.0,,
r21_wire_pipeline_cross_die,H - physical / wire delay (LATENCY-CHANGING),vivado2023.1-xc7a100t,2023.1,retimed,off,8.4,VIOLATED,,,,,,,,,,,,,,,,,,,,,,172.0,,,,,vectorless,271,32,40.0,,
r21_wire_pipeline_cross_die,H - physical / wire delay (LATENCY-CHANGING),vivado2023.1-xc7a100t,2023.1,retimed,off,10.5,MET,,,,,,,,,,,,,,,,,,,,,,155.0,,,,,vectorless,271,29,37.0,,
r21_wire_pipeline_cross_die,H - physical / wire delay (LATENCY-CHANGING),yosys,0.58,directive,on,0.673,MET,,,,,,1335,1901.634,,,,,,,,,,,,,,,4.38,1.47,,,,vectorless,,2.0,2.0,62ec3145b291,uncommitted
r21_wire_pipeline_cross_die,H - physical / wire delay (LATENCY-CHANGING),yosys,0.58,directive,on,0.822,MET,,,,,,1335,1901.634,,,,,,,,,,,,,,,3.61,1.2,,,,vectorless,,2.0,3.0,62ec3145b291,uncommitted
r21_wire_pipeline_cross_die,H - physical / wire delay (LATENCY-CHANGING),yosys,0.58,directive,on,1.01,MET,,,,,,1335,1901.634,,,,,,,,,,,,,,,2.96,0.977,,,,vectorless,,1.0,2.0,62ec3145b291,uncommitted
r21_wire_pipeline_cross_die,H - physical / wire delay (LATENCY-CHANGING),yosys,0.58,directive,on,1.229,MET,,,,,,1335,1901.634,,,,,,,,,,,,,,,2.46,0.803,,,,vectorless,,1.0,2.0,62ec3145b291,uncommitted
r21_wire_pipeline_cross_die,H - physical / wire delay (LATENCY-CHANGING),yosys,0.58,directive,on,1.488,MET,,,,,,1335,1901.634,,,,,,,,,,,,,,,2.0500000000000003,0.6629999999999999,,,,vectorless,,1.0,2.0,62ec3145b291,uncommitted
r21_wire_pipeline_cross_die,H - physical / wire delay (LATENCY-CHANGING),yosys,0.58,directive,on,1.793,MET,,,,,,1335,1901.634,,,,,,,,,,,,,,,1.73,0.55,,,,vectorless,,1.0,2.0,62ec3145b291,uncommitted
r21_wire_pipeline_cross_die,H - physical / wire delay (LATENCY-CHANGING),yosys,0.58,orig,off,0.673,VIOLATED,,,,,,1207,1501.304,,,,,,,,,,,,,,,3.5100000000000002,0.897,,,,vectorless,,2.0,2.0,62ec3145b291,uncommitted
r21_wire_pipeline_cross_die,H - physical / wire delay (LATENCY-CHANGING),yosys,0.58,orig,off,0.822,VIOLATED,,,,,,1207,1501.304,,,,,,,,,,,,,,,2.89,0.734,,,,vectorless,,1.0,2.0,62ec3145b291,uncommitted
r21_wire_pipeline_cross_die,H - physical / wire delay (LATENCY-CHANGING),yosys,0.58,orig,off,1.01,VIOLATED,,,,,,1207,1501.304,,,,,,,,,,,,,,,2.37,0.597,,,,vectorless,,1.0,1.0,62ec3145b291,uncommitted
r21_wire_pipeline_cross_die,H - physical / wire delay (LATENCY-CHANGING),yosys,0.58,orig,off,1.229,MET,,,,,,1207,1501.304,,,,,,,,,,,,,,,1.97,0.491,,,,vectorless,,1.0,2.0,62ec3145b291,uncommitted
r21_wire_pipeline_cross_die,H - physical / wire delay (LATENCY-CHANGING),yosys,0.58,orig,off,1.488,MET,,,,,,1207,1501.304,,,,,,,,,,,,,,,1.65,0.406,,,,vectorless,,1.0,2.0,62ec3145b291,uncommitted
r21_wire_pipeline_cross_die,H - physical / wire delay (LATENCY-CHANGING),yosys,0.58,orig,off,1.793,MET,,,,,,1207,1501.304,,,,,,,,,,,,,,,1.39,0.337,,,,vectorless,,2.0,2.0,62ec3145b291,uncommitted
r21_wire_pipeline_cross_die,H - physical / wire delay (LATENCY-CHANGING),yosys,0.58,orig,on,0.673,MET,,,,,,1335,1901.634,,,,,,,,,,,,,,,4.38,1.47,,,,vectorless,,2.0,3.0,62ec3145b291,uncommitted
r21_wire_pipeline_cross_die,H - physical / wire delay (LATENCY-CHANGING),yosys,0.58,orig,on,0.822,MET,,,,,,1335,1901.634,,,,,,,,,,,,,,,3.61,1.2,,,,vectorless,,2.0,2.0,62ec3145b291,uncommitted
r21_wire_pipeline_cross_die,H - physical / wire delay (LATENCY-CHANGING),yosys,0.58,orig,on,1.01,MET,,,,,,1335,1901.634,,,,,,,,,,,,,,,2.96,0.977,,,,vectorless,,2.0,2.0,62ec3145b291,uncommitted
r21_wire_pipeline_cross_die,H - physical / wire delay (LATENCY-CHANGING),yosys,0.58,orig,on,1.229,MET,,,,,,1335,1901.634,,,,,,,,,,,,,,,2.46,0.803,,,,vectorless,,2.0,2.0,62ec3145b291,uncommitted
r21_wire_pipeline_cross_die,H - physical / wire delay (LATENCY-CHANGING),yosys,0.58,orig,on,1.488,MET,,,,,,1335,1901.634,,,,,,,,,,,,,,,2.0500000000000003,0.6629999999999999,,,,vectorless,,1.0,2.0,62ec3145b291,uncommitted
r21_wire_pipeline_cross_die,H - physical / wire delay (LATENCY-CHANGING),yosys,0.58,orig,on,1.793,MET,,,,,,1335,1901.634,,,,,,,,,,,,,,,1.73,0.55,,,,vectorless,,2.0,3.0,62ec3145b291,uncommitted
r21_wire_pipeline_cross_die,H - physical / wire delay (LATENCY-CHANGING),yosys,0.58,retimed,off,0.673,VIOLATED,,,,,,1271,1858.808,,,,,,,,,,,,,,,3.6,0.6719999999999999,,,,vectorless,,1.0,2.0,62ec3145b291,uncommitted
r21_wire_pipeline_cross_die,H - physical / wire delay (LATENCY-CHANGING),yosys,0.58,retimed,off,0.822,VIOLATED,,,,,,1271,1858.808,,,,,,,,,,,,,,,2.97,0.55,,,,vectorless,,1.0,2.0,62ec3145b291,uncommitted
r21_wire_pipeline_cross_die,H - physical / wire delay (LATENCY-CHANGING),yosys,0.58,retimed,off,1.01,VIOLATED,,,,,,1271,1858.808,,,,,,,,,,,,,,,2.4499999999999997,0.448,,,,vectorless,,1.0,2.0,62ec3145b291,uncommitted
r21_wire_pipeline_cross_die,H - physical / wire delay (LATENCY-CHANGING),yosys,0.58,retimed,off,1.229,MET,,,,,,1271,1858.808,,,,,,,,,,,,,,,2.04,0.368,,,,vectorless,,1.0,2.0,62ec3145b291,uncommitted
r21_wire_pipeline_cross_die,H - physical / wire delay (LATENCY-CHANGING),yosys,0.58,retimed,off,1.488,MET,,,,,,1271,1858.808,,,,,,,,,,,,,,,1.72,0.304,,,,vectorless,,1.0,2.0,62ec3145b291,uncommitted
r21_wire_pipeline_cross_die,H - physical / wire delay (LATENCY-CHANGING),yosys,0.58,retimed,off,1.793,MET,,,,,,1271,1858.808,,,,,,,,,,,,,,,1.46,0.252,,,,vectorless,,1.0,2.0,62ec3145b291,uncommitted
r22_fanout_wire_load,H - physical / fanout wire load,genus,23.12-s086_1,directive,off,0.1002,VIOLATED,,,,,,11510,31037.2164645,,,,,,,,,,,,,,,289.71999999999997,96.93499999999999,115.083,174.637,0.0,probabilistic,,285,297.0,a2d9ba57801f,uncommitted
r22_fanout_wire_load,H - physical / fanout wire load,genus,23.12-s086_1,directive,off,0.3121,VIOLATED,,,,,,13248,35283.16215825,,,,,,,,,,,,,,,100.809,37.3811,32.525800000000004,68.2837,0.0,probabilistic,,312,324.0,796c16ba9ee9,bdf1989
r22_fanout_wire_load,H - physical / fanout wire load,genus,23.12-s086_1,directive,off,0.3598,VIOLATED,,,,1073,1074,12876,35088.81240225,,,,,,,,,,,,,,,72.7843,24.8646,26.407799999999998,46.3765,0.0,probabilistic,,485,503.0,796c16ba9ee9,4f7c7a48
r22_fanout_wire_load,H - physical / fanout wire load,genus,23.12-s086_1,directive,off,0.411,VIOLATED,,,,1073,1074,13301,35950.381521999996,,,,,,,,,,,,,,,64.3082,22.1029,23.2851,41.0231,0.0,probabilistic,,421,439.0,796c16ba9ee9,4f7c7a48
r22_fanout_wire_load,H - physical / fanout wire load,genus,23.12-s086_1,directive,off,0.4459,VIOLATED,,,,,,13533,36414.409817499996,,,,,,,,,,,,,,,75.30439999999999,27.9952,22.9055,52.3989,0.0,probabilistic,,337,349.0,796c16ba9ee9,bdf1989
r22_fanout_wire_load,H - physical / fanout wire load,genus,23.12-s086_1,directive,off,0.6705,MET,,,,,,9377,27099.186874,,,,,,,,,,,,,,,39.7382,12.0869,17.4047,22.3335,0.0,probabilistic,,186,198.0,a2d9ba57801f,uncommitted
r22_fanout_wire_load,H - physical / fanout wire load,genus,23.12-s086_1,directive,off,0.852,MET,,,,,,8790,25604.151618249998,,,,,,,,,,,,,,,30.0782,8.870420000000001,12.706800000000001,17.3715,0.0,probabilistic,,158,169.0,a2d9ba57801f,uncommitted
r22_fanout_wire_load,H - physical / fanout wire load,genus,23.12-s086_1,directive,off,1.10,MET,,,,,,8951,25670.5711505,,,,,,,,,,,,,,,24.0787,7.174169999999999,9.833770000000001,14.245000000000001,0.0,probabilistic,,160,180.0,796c16ba9ee9,233b2ec
r22_fanout_wire_load,H - physical / fanout wire load,genus,23.12-s086_1,orig,off,0.1002,VIOLATED,,,,,,11311,30709.5232995,,,,,,,,,,,,,,,287.155,95.78580000000001,115.07100000000001,172.08499999999998,0.0,probabilistic,,281,292.0,a2d9ba57801f,uncommitted
r22_fanout_wire_load,H - physical / fanout wire load,genus,23.12-s086_1,orig,off,0.3121,VIOLATED,,,,,,13142,34991.18874125,,,,,,,,,,,,,,,100.202,37.2969,32.4105,67.79159999999999,0.0,probabilistic,,314,326.0,796c16ba9ee9,bdf1989
r22_fanout_wire_load,H - physical / fanout wire load,genus,23.12-s086_1,orig,off,0.3598,VIOLATED,,,,1073,1074,12601,34725.01699225,,,,,,,,,,,,,,,72.6781,24.8192,26.5075,46.1706,0.0,probabilistic,,514,533.0,796c16ba9ee9,4f7c7a48
r22_fanout_wire_load,H - physical / fanout wire load,genus,23.12-s086_1,orig,off,0.411,VIOLATED,,,,1073,1074,13022,35725.77250825,,,,,,,,,,,,,,,64.4692,22.247200000000003,23.0868,41.3824,0.0,probabilistic,,432,450.0,796c16ba9ee9,4f7c7a48
r22_fanout_wire_load,H - physical / fanout wire load,genus,23.12-s086_1,orig,off,0.4459,VIOLATED,,,,,,13343,35705.828306999996,,,,,,,,,,,,,,,73.6067,27.2498,22.8204,50.7863,0.0,probabilistic,,329,342.0,796c16ba9ee9,bdf1989
r22_fanout_wire_load,H - physical / fanout wire load,genus,23.12-s086_1,orig,off,0.6716,MET,,,,,,8982,26654.011801499997,,,,,,,,,,,,,,,39.592,11.899099999999999,17.456200000000003,22.1357,0.0,probabilistic,,184,196.0,a2d9ba57801f,uncommitted
r22_fanout_wire_load,H - physical / fanout wire load,genus,23.12-s086_1,orig,off,0.852,MET,,,,,,8522,25270.444105249997,,,,,,,,,,,,,,,30.1127,8.82607,12.7745,17.3383,0.0,probabilistic,,157,169.0,a2d9ba57801f,uncommitted
r22_fanout_wire_load,H - physical / fanout wire load,genus,23.12-s086_1,orig,off,1.10,MET,,,,,,8693,25312.930571,,,,,,,,,,,,,,,24.133399999999998,7.14157,9.87344,14.26,0.0,probabilistic,,159,177.0,796c16ba9ee9,233b2ec
r22_fanout_wire_load,H - physical / fanout wire load,genus,23.12-s086_1,orig,on,0.1002,VIOLATED,,,,,,11486,30344.083677249997,,,,,,,,,,,,,,,295.754,111.92699999999999,101.498,184.387,9.86838,probabilistic,,392,403.0,a2d9ba57801f,uncommitted
r22_fanout_wire_load,H - physical / fanout wire load,genus,23.12-s086_1,orig,on,0.3121,VIOLATED,,,,,,15752,38502.699053749995,,,,,,,,,,,,,,,109.531,47.9879,25.2744,81.4268,2.82941,probabilistic,,623,636.0,796c16ba9ee9,bdf1989
r22_fanout_wire_load,H - physical / fanout wire load,genus,23.12-s086_1,orig,on,0.3598,VIOLATED,,,,1080,1074,14496,36900.35856675,,,,,,,,,,,,,,,80.9052,29.2117,27.5566,53.348600000000005,0.0,probabilistic,,692,712.0,796c16ba9ee9,4f7c7a48
r22_fanout_wire_load,H - physical / fanout wire load,genus,23.12-s086_1,orig,on,0.411,VIOLATED,,,,760,1074,14917,36602.998336749995,,,,,,,,,,,,,,,67.22019999999999,28.2058,16.9273,48.268,2.02491,probabilistic,,680,695.0,796c16ba9ee9,4f7c7a48
r22_fanout_wire_load,H - physical / fanout wire load,genus,23.12-s086_1,orig,on,0.4459,VIOLATED,,,,,,14415,34400.40022825,,,,,,,,,,,,,,,66.69120000000001,30.5332,11.792499999999999,53.625600000000006,1.27323,probabilistic,,487,500.0,796c16ba9ee9,bdf1989
r22_fanout_wire_load,H - physical / fanout wire load,genus,23.12-s086_1,orig,on,0.8518,MET,,,,,,8062,21777.573536,,,,,,,,,,,,,,,22.381600000000002,9.31422,3.69272,18.3783,0.31052599999999997,probabilistic,,269,281.0,a2d9ba57801f,uncommitted
r22_fanout_wire_load,H - physical / fanout wire load,genus,23.12-s086_1,orig,on,1.10,MET,,,,,,7607,20811.71096525,,,,,,,,,,,,,,,16.058699999999998,6.71037,2.19672,13.683300000000001,0.17864000000000002,probabilistic,,286,305.0,796c16ba9ee9,233b2ec
r22_fanout_wire_load,H - physical / fanout wire load,genus,23.12-s086_1,retimed,off,0.1002,VIOLATED,,,,,,12586,33434.64708875,,,,,,,,,,,,,,,297.51,101.619,117.962,179.548,0.0,probabilistic,,261,272.0,a2d9ba57801f,uncommitted
r22_fanout_wire_load,H - physical / fanout wire load,genus,23.12-s086_1,retimed,off,0.3121,VIOLATED,,,,,,14091,37066.75938625,,,,,,,,,,,,,,,103.343,38.7209,33.9271,69.41590000000001,0.0,probabilistic,,288,300.0,796c16ba9ee9,bdf1989
r22_fanout_wire_load,H - physical / fanout wire load,genus,23.12-s086_1,retimed,off,0.3598,VIOLATED,,,,1137,1138,13480,36566.06251375,,,,,,,,,,,,,,,72.61059999999999,24.9818,27.1167,45.4939,0.0,probabilistic,,500,516.0,796c16ba9ee9,4f7c7a48
r22_fanout_wire_load,H - physical / fanout wire load,genus,23.12-s086_1,retimed,off,0.411,VIOLATED,,,,1137,1138,13714,36889.118701,,,,,,,,,,,,,,,64.4447,22.195,23.951900000000002,40.4928,0.0,probabilistic,,383,400.0,796c16ba9ee9,4f7c7a48
r22_fanout_wire_load,H - physical / fanout wire load,genus,23.12-s086_1,retimed,off,0.4459,VIOLATED,,,,,,13649,36642.533958500004,,,,,,,,,,,,,,,73.1256,26.895100000000003,23.9479,49.177699999999994,0.0,probabilistic,,292,304.0,796c16ba9ee9,bdf1989
r22_fanout_wire_load,H - physical / fanout wire load,genus,23.12-s086_1,retimed,off,0.6561,MET,,,,,,9354,27561.06983325,,,,,,,,,,,,,,,40.3806,11.8993,18.4086,21.971999999999998,0.0,probabilistic,,173,184.0,a2d9ba57801f,uncommitted
r22_fanout_wire_load,H - physical / fanout wire load,genus,23.12-s086_1,retimed,off,0.852,MET,,,,,,9221,26710.1020355,,,,,,,,,,,,,,,31.0361,9.18662,12.9674,18.0687,0.0,probabilistic,,153,164.0,a2d9ba57801f,uncommitted
r22_fanout_wire_load,H - physical / fanout wire load,genus,23.12-s086_1,retimed,off,1.10,MET,,,,,,9151,26617.6059135,,,,,,,,,,,,,,,24.1592,7.13218,10.0404,14.1189,0.0,probabilistic,,158,175.0,796c16ba9ee9,233b2ec
r22_fanout_wire_load,H - physical / fanout wire load,innovus-nangate45,23.12-s091_1,directive,off,0.3121,,-0.164,-126.397,1339.0,,,18307,,252497.49,100.389,62,0.3,0.08,7.15,0.558,0.043,,,,,10,0,151.27304311,78.18086517,,,12.89,probabilistic,,1029,1053.0,,
r22_fanout_wire_load,H - physical / fanout wire load,innovus-nangate45,23.12-s091_1,directive,off,0.3598,,-0.054,-2.158,212.0,1073,,16763,,274800.76,81.915,262,1.44,0.16,0.98,0.404,0.004,,,,,10,0,112.55567037,59.21070916,,,12.84,probabilistic,,1399,26.0,,
r22_fanout_wire_load,H - physical / fanout wire load,innovus-nangate45,23.12-s091_1,directive,off,0.4459,,-0.004,-0.008,5.0,,,16493,,248482.8,73.049,31,0.13,0.05,2.08,0.565,0.012,,,,,10,0,80.16315119,42.15430176,,,6.913,probabilistic,,449,472.0,,
r22_fanout_wire_load,H - physical / fanout wire load,innovus-nangate45,23.12-s091_1,directive,off,0.852,,,,,,,9102,,192242.585,36.385,27,0.1,0.02,2.4,0.814,0.02,,,,,10,0,31.93218064,15.12105705,,,2.043,probabilistic,,157,183.0,,
r22_fanout_wire_load,H - physical / fanout wire load,innovus-nangate45,23.12-s091_1,orig,off,0.3121,,-0.121,-16.576,622.0,,,18719,,284019.665,94.817,136,0.79,0.05,0.48,0.628,0.003,,,,,10,0,145.33265662,75.87730586,,,14.7,probabilistic,,711,735.0,,
r22_fanout_wire_load,H - physical / fanout wire load,innovus-nangate45,23.12-s091_1,orig,off,0.3598,,-0.216,-93.355,1287.0,1073,,18019,,327264.505,97.783,240,0.43,1.04,2.33,0.672,0.016,,,,,10,0,135.06168445,73.25302071,,,10.77,probabilistic,,1480,23.0,,
r22_fanout_wire_load,H - physical / fanout wire load,innovus-nangate45,23.12-s091_1,orig,off,0.4459,,-0.0,0.0,2.0,,,16323,,245073.14,73.21,37,0.2,0.03,2.67,0.511,0.014,,,,,10,0,79.04929888,41.47195927,,,7.504,probabilistic,,442,466.0,,
r22_fanout_wire_load,H - physical / fanout wire load,innovus-nangate45,23.12-s091_1,orig,off,0.852,,,,,,,9105,,193591.11,36.866,20,0.08,0.01,15.32,0.326,0.059,,,,,10,0,32.6539902,15.59014886,,,2.075,probabilistic,,158,182.0,,
r22_fanout_wire_load,H - physical / fanout wire load,innovus-nangate45,23.12-s091_1,orig,on,0.3121,,-0.15,-7.096,194.0,,,22439,,452492.05,92.094,365,1.93,0.25,0.38,1.042,0.004,,,,,10,0,157.90256715,90.10191308,,,13.21,probabilistic,,1533,1558.0,,
r22_fanout_wire_load,H - physical / fanout wire load,innovus-nangate45,23.12-s091_1,orig,on,0.3598,,-0.109,-10.83,206.0,1080,,17452,,281703.53,89.696,244,1.28,0.19,1.33,0.668,0.009,,,,,10,0,128.47596461,68.24202625,,,9.478,probabilistic,,1314,20.0,,
r22_fanout_wire_load,H - physical / fanout wire load,innovus-nangate45,23.12-s091_1,orig,on,0.4459,,-0.004,-0.004,2.0,,,16924,,306229.065,89.088,340,2.05,0.29,1.41,0.697,0.01,,,,,10,0,92.18187876,53.37057203,,,4.244,probabilistic,,686,709.0,,
r22_fanout_wire_load,H - physical / fanout wire load,innovus-nangate45,23.12-s091_1,orig,on,0.8518,,,,,,,11111,,205651.11,45.16,55,0.25,0.05,1.64,0.779,0.013,,,,,10,0,31.81204582,18.12771878,,,0.5846,probabilistic,,213,234.0,,
r22_fanout_wire_load,H - physical / fanout wire load,innovus-nangate45,23.12-s091_1,orig,on,1.10,,,,,,,8011,,199705.98,36.59,44,0.25,0.01,12.4,0.558,0.079,,,,,10,0,19.49340334,11.05094635,,,0.3428,probabilistic,,143,166.0,,
r22_fanout_wire_load,H - physical / fanout wire load,innovus-nangate45,23.12-s091_1,retimed,off,0.3121,,-0.071,-4.197,238.0,,,18982,,292026.185,92.371,97,0.54,0.03,1.1,0.721,0.008,,,,,10,0,151.29713885,79.1676853,,,16.78,probabilistic,,661,685.0,,
r22_fanout_wire_load,H - physical / fanout wire load,innovus-nangate45,23.12-s091_1,retimed,off,0.3598,,-0.108,-24.665,854.0,1137,,18147,,292908.625,95.118,139,0.73,0.09,0.58,0.69,0.004,,,,,10,0,132.49982156,70.16727058,,,10.83,probabilistic,,1397,23.0,,
r22_fanout_wire_load,H - physical / fanout wire load,innovus-nangate45,23.12-s091_1,retimed,off,0.4459,,-0.001,-0.004,5.0,,,16512,,253797.915,74.301,65,0.34,0.04,2.35,0.622,0.015,,,,,10,0,82.13500008,43.19397819,,,7.523,probabilistic,,429,452.0,,
r22_fanout_wire_load,H - physical / fanout wire load,innovus-nangate45,23.12-s091_1,retimed,off,0.852,,,,,,,9566,,170898.475,35.887,10,0.04,0.0,2.04,0.818,0.017,,,,,10,0,31.60291574,14.44420736,,,2.225,probabilistic,,134,159.0,,
r22_fanout_wire_load,H - physical / fanout wire load,innovus-nangate45-congested,23.12-s091_1,directive,off,0.852,,,,,,,11593,,595509.11,44.358,32520,0.04,99.92,27.61,0.847,0.323,,,,,3,0.3,67.83365105,38.49637142,,,2.763,probabilistic,,719,742.0,,
r22_fanout_wire_load,H - physical / fanout wire load,innovus-nangate45-congested,23.12-s091_1,directive,off,0.852,,,,,,,9600,,316912.505,36.566,1072,3.69,0.25,13.56,0.746,0.117,,,,,4,0.15,39.28660266,20.5450254,,,2.265,probabilistic,,186,207.0,,
r22_fanout_wire_load,H - physical / fanout wire load,innovus-nangate45-congested,23.12-s091_1,directive,off,1.10,,,,,,,9094,,268172.395,33.447,695,2.48,0.04,3.17,1.068,0.035,,,,,4,0.15,27.04814856,13.56366846,,,1.786,probabilistic,,149,188.0,,
r22_fanout_wire_load,H - physical / fanout wire load,innovus-nangate45-congested,23.12-s091_1,orig,off,0.852,,,,,,,11587,,591162.485,46.028,32279,0.04,98.5,23.22,0.853,0.258,,,,,3,0.3,69.47557162,39.06119258,,,2.557,probabilistic,,739,763.0,,
r22_fanout_wire_load,H - physical / fanout wire load,innovus-nangate45-congested,23.12-s091_1,orig,off,0.852,,,,,,,9514,,328438.385,36.192,1148,3.95,0.3,8.21,0.827,0.074,,,,,4,0.15,39.43621449,20.9127354,,,2.339,probabilistic,,184,207.0,,
r22_fanout_wire_load,H - physical / fanout wire load,innovus-nangate45-congested,23.12-s091_1,orig,off,1.10,,,,,,,9065,,269653.365,33.668,803,2.86,0.11,5.67,1.065,0.064,,,,,4,0.15,27.17407959,13.71135185,,,1.755,probabilistic,,157,196.0,,
r22_fanout_wire_load,H - physical / fanout wire load,innovus-nangate45-congested,23.12-s091_1,orig,on,0.8518,,,,,,,13153,,549310.205,53.619,38435,0.35,151.83,24.33,0.871,0.28,,,,,3,0.3,63.72511579,39.90380481,,,1.109,probabilistic,,1092,1115.0,,
r22_fanout_wire_load,H - physical / fanout wire load,innovus-nangate45-congested,23.12-s091_1,orig,on,0.8518,,,,,,,13141,,428703.445,55.816,2255,9.29,1.3,10.53,1.351,0.159,,,,,4,0.15,53.87868699,33.461557,,,0.9761,probabilistic,,640,663.0,,
r22_fanout_wire_load,H - physical / fanout wire load,innovus-nangate45-congested,23.12-s091_1,orig,on,1.10,,,,,,,8684,,342274.48,39.327,1936,8.88,0.74,8.25,1.134,0.102,,,,,4,0.15,28.23812537,17.38072596,,,0.447,probabilistic,,187,226.0,,
r22_fanout_wire_load,H - physical / fanout wire load,innovus-nangate45-congested,23.12-s091_1,retimed,off,0.852,,,,,,,11559,,510596.965,39.853,20900,0.0,59.99,18.17,0.833,0.185,,,,,3,0.3,59.64648707,33.13301155,,,2.693,probabilistic,,437,463.0,,
r22_fanout_wire_load,H - physical / fanout wire load,innovus-nangate45-congested,23.12-s091_1,retimed,off,0.852,,,,,,,9810,,298308.37,34.517,718,2.41,0.11,9.68,0.793,0.085,,,,,4,0.15,37.70914078,19.37636996,,,2.423,probabilistic,,143,167.0,,
r22_fanout_wire_load,H - physical / fanout wire load,innovus-nangate45-congested,23.12-s091_1,retimed,off,1.10,,,,,,,9667,,304877.96,33.764,761,2.58,0.07,14.52,0.93,0.158,,,,,4,0.15,29.16763643,15.17306662,,,1.916,probabilistic,,144,183.0,,
r22_fanout_wire_load,H - physical / fanout wire load,openroad_syn,,directive,unsupported,0.589,VIOLATED,,,,,,10518,,,,,,,,,,,,,,,,48.4143,12.9363,,,,vectorless,,14,16.0,796c16ba9ee9,uncommitted
r22_fanout_wire_load,H - physical / fanout wire load,openroad_syn,,directive,unsupported,0.719,VIOLATED,,,,,,10518,,,,,,,,,,,,,,,,40.0039,10.6699,,,,vectorless,,14,15.0,796c16ba9ee9,uncommitted
r22_fanout_wire_load,H - physical / fanout wire load,openroad_syn,,directive,unsupported,0.884,VIOLATED,,,,,,10518,,,,,,,,,,,,,,,,32.8932,8.74886,,,,vectorless,,14,16.0,796c16ba9ee9,uncommitted
r22_fanout_wire_load,H - physical / fanout wire load,openroad_syn,,directive,unsupported,1.075,VIOLATED,,,,,,10518,,,,,,,,,,,,,,,,27.2989,7.22278,,,,vectorless,,15,17.0,796c16ba9ee9,uncommitted
r22_fanout_wire_load,H - physical / fanout wire load,openroad_syn,,directive,unsupported,1.302,VIOLATED,,,,,,10518,,,,,,,,,,,,,,,,22.7059,5.96352,,,,vectorless,,14,17.0,796c16ba9ee9,uncommitted
r22_fanout_wire_load,H - physical / fanout wire load,openroad_syn,,directive,unsupported,1.569,VIOLATED,,,,,,10518,,,,,,,,,,,,,,,,19.0052,4.9486799999999995,,,,vectorless,,15,17.0,796c16ba9ee9,uncommitted
r22_fanout_wire_load,H - physical / fanout wire load,openroad_syn,,orig,unsupported,0.589,VIOLATED,,,,,,10518,,,,,,,,,,,,,,,,48.4143,12.9363,,,,vectorless,,14,16.0,796c16ba9ee9,uncommitted
r22_fanout_wire_load,H - physical / fanout wire load,openroad_syn,,orig,unsupported,0.719,VIOLATED,,,,,,10518,,,,,,,,,,,,,,,,40.0039,10.6699,,,,vectorless,,14,17.0,796c16ba9ee9,uncommitted
r22_fanout_wire_load,H - physical / fanout wire load,openroad_syn,,orig,unsupported,0.884,VIOLATED,,,,,,10518,,,,,,,,,,,,,,,,32.8932,8.74886,,,,vectorless,,15,17.0,796c16ba9ee9,uncommitted
r22_fanout_wire_load,H - physical / fanout wire load,openroad_syn,,orig,unsupported,1.075,VIOLATED,,,,,,10518,,,,,,,,,,,,,,,,27.2989,7.22278,,,,vectorless,,15,17.0,796c16ba9ee9,uncommitted
r22_fanout_wire_load,H - physical / fanout wire load,openroad_syn,,orig,unsupported,1.302,VIOLATED,,,,,,10518,,,,,,,,,,,,,,,,22.7059,5.96352,,,,vectorless,,16,18.0,796c16ba9ee9,uncommitted
r22_fanout_wire_load,H - physical / fanout wire load,openroad_syn,,orig,unsupported,1.569,VIOLATED,,,,,,10518,,,,,,,,,,,,,,,,19.0052,4.9486799999999995,,,,vectorless,,14,17.0,796c16ba9ee9,uncommitted
r22_fanout_wire_load,H - physical / fanout wire load,openroad_syn,,retimed,unsupported,0.589,VIOLATED,,,,,,35537,,,,,,,,,,,,,,,,88.0171,24.4282,,,,vectorless,,26,35.0,796c16ba9ee9,uncommitted
r22_fanout_wire_load,H - physical / fanout wire load,openroad_syn,,retimed,unsupported,0.719,VIOLATED,,,,,,35537,,,,,,,,,,,,,,,,72.62140000000001,20.096200000000003,,,,vectorless,,25,33.0,796c16ba9ee9,uncommitted
r22_fanout_wire_load,H - physical / fanout wire load,openroad_syn,,retimed,unsupported,0.884,VIOLATED,,,,,,35537,,,,,,,,,,,,,,,,59.5425,16.414,,,,vectorless,,26,33.0,796c16ba9ee9,uncommitted
r22_fanout_wire_load,H - physical / fanout wire load,openroad_syn,,retimed,unsupported,1.075,VIOLATED,,,,,,35537,,,,,,,,,,,,,,,,49.4432,13.5605,,,,vectorless,,27,34.0,796c16ba9ee9,uncommitted
r22_fanout_wire_load,H - physical / fanout wire load,openroad_syn,,retimed,unsupported,1.302,VIOLATED,,,,,,35537,,,,,,,,,,,,,,,,41.196000000000005,11.225000000000001,,,,vectorless,,25,33.0,796c16ba9ee9,uncommitted
r22_fanout_wire_load,H - physical / fanout wire load,openroad_syn,,retimed,unsupported,1.569,VIOLATED,,,,,,35537,,,,,,,,,,,,,,,,34.5332,9.33806,,,,vectorless,,27,36.0,796c16ba9ee9,uncommitted
r22_fanout_wire_load,H - physical / fanout wire load,vivado-xc7a100t,2025.2,directive,on,5.0,VIOLATED,,,,,,,,,,,,,,,,,,,,,,388.0,,,,,vectorless,8142,1031,1089.0,,
r22_fanout_wire_load,H - physical / fanout wire load,vivado-xc7a100t,2025.2,orig,off,5.0,VIOLATED,,,,,,,,,,,,,,,,,,,,,,339.0,,,,,vectorless,8148,978,1027.0,,
r22_fanout_wire_load,H - physical / fanout wire load,vivado-xc7a100t,2025.2,orig,on,5.0,VIOLATED,,,,,,,,,,,,,,,,,,,,,,393.0,,,,,vectorless,8142,1011,1056.0,,
r22_fanout_wire_load,H - physical / fanout wire load,vivado-xc7a100t,2025.2,retimed,off,5.0,VIOLATED,,,,,,,,,,,,,,,,,,,,,,347.0,,,,,vectorless,8142,918,959.0,,
r22_fanout_wire_load,H - physical / fanout wire load,vivado-xcau7p,2025.2,directive,on,5.0,MET,,,,,,,,,,,,,,,,,,,,,,240.0,,,,,vectorless,3103,299,318.0,,
r22_fanout_wire_load,H - physical / fanout wire load,vivado-xcau7p,2025.2,orig,off,5.0,MET,,,,,,,,,,,,,,,,,,,,,,238.0,,,,,vectorless,3074,304,322.0,,
r22_fanout_wire_load,H - physical / fanout wire load,vivado-xcau7p,2025.2,orig,on,5.0,MET,,,,,,,,,,,,,,,,,,,,,,238.0,,,,,vectorless,3074,294,309.0,,
r22_fanout_wire_load,H - physical / fanout wire load,vivado-xcau7p,2025.2,retimed,off,5.0,MET,,,,,,,,,,,,,,,,,,,,,,237.0,,,,,vectorless,3002,449,465.0,,
r22_fanout_wire_load,H - physical / fanout wire load,vivado2023.1-xc7a100t,2023.1,directive,on,6.5,VIOLATED,,,,,,,,,,,,,,,,,,,,,,300.0,,,,,vectorless,8142,66,79.0,,
r22_fanout_wire_load,H - physical / fanout wire load,vivado2023.1-xc7a100t,2023.1,directive,on,8.0,VIOLATED,,,,,,,,,,,,,,,,,,,,,,255.0,,,,,vectorless,8142,76,86.0,,
r22_fanout_wire_load,H - physical / fanout wire load,vivado2023.1-xc7a100t,2023.1,directive,on,10.0,MET,,,,,,,,,,,,,,,,,,,,,,223.0,,,,,vectorless,8142,62,73.0,,
r22_fanout_wire_load,H - physical / fanout wire load,vivado2023.1-xc7a100t,2023.1,directive,on,12.0,MET,,,,,,,,,,,,,,,,,,,,,,200.0,,,,,vectorless,8142,63,75.0,,
r22_fanout_wire_load,H - physical / fanout wire load,vivado2023.1-xc7a100t,2023.1,directive,on,15.0,MET,,,,,,,,,,,,,,,,,,,,,,178.0,,,,,vectorless,8142,62,75.0,,
r22_fanout_wire_load,H - physical / fanout wire load,vivado2023.1-xc7a100t,2023.1,orig,off,6.5,VIOLATED,,,,,,,,,,,,,,,,,,,,,,267.0,,,,,vectorless,8148,66,76.0,,
r22_fanout_wire_load,H - physical / fanout wire load,vivado2023.1-xc7a100t,2023.1,orig,off,8.0,MET,,,,,,,,,,,,,,,,,,,,,,220.0,,,,,vectorless,8148,54,66.0,,
r22_fanout_wire_load,H - physical / fanout wire load,vivado2023.1-xc7a100t,2023.1,orig,off,10.0,MET,,,,,,,,,,,,,,,,,,,,,,193.0,,,,,vectorless,8148,53,67.0,,
r22_fanout_wire_load,H - physical / fanout wire load,vivado2023.1-xc7a100t,2023.1,orig,off,12.0,MET,,,,,,,,,,,,,,,,,,,,,,176.0,,,,,vectorless,8148,49,60.0,,
r22_fanout_wire_load,H - physical / fanout wire load,vivado2023.1-xc7a100t,2023.1,orig,off,15.0,MET,,,,,,,,,,,,,,,,,,,,,,159.0,,,,,vectorless,8148,47,57.0,,
r22_fanout_wire_load,H - physical / fanout wire load,vivado2023.1-xc7a100t,2023.1,orig,on,6.5,VIOLATED,,,,,,,,,,,,,,,,,,,,,,296.0,,,,,vectorless,8142,66,74.0,,
r22_fanout_wire_load,H - physical / fanout wire load,vivado2023.1-xc7a100t,2023.1,orig,on,8.0,VIOLATED,,,,,,,,,,,,,,,,,,,,,,254.0,,,,,vectorless,8142,78,90.0,,
r22_fanout_wire_load,H - physical / fanout wire load,vivado2023.1-xc7a100t,2023.1,orig,on,10.0,MET,,,,,,,,,,,,,,,,,,,,,,222.0,,,,,vectorless,8142,70,81.0,,
r22_fanout_wire_load,H - physical / fanout wire load,vivado2023.1-xc7a100t,2023.1,orig,on,12.0,MET,,,,,,,,,,,,,,,,,,,,,,200.0,,,,,vectorless,8142,69,81.0,,
r22_fanout_wire_load,H - physical / fanout wire load,vivado2023.1-xc7a100t,2023.1,orig,on,15.0,MET,,,,,,,,,,,,,,,,,,,,,,178.0,,,,,vectorless,8142,66,75.0,,
r22_fanout_wire_load,H - physical / fanout wire load,vivado2023.1-xc7a100t,2023.1,retimed,off,6.5,VIOLATED,,,,,,,,,,,,,,,,,,,,,,266.0,,,,,vectorless,8142,60,70.0,,
r22_fanout_wire_load,H - physical / fanout wire load,vivado2023.1-xc7a100t,2023.1,retimed,off,8.0,VIOLATED,,,,,,,,,,,,,,,,,,,,,,227.0,,,,,vectorless,8142,63,75.0,,
r22_fanout_wire_load,H - physical / fanout wire load,vivado2023.1-xc7a100t,2023.1,retimed,off,10.0,MET,,,,,,,,,,,,,,,,,,,,,,198.0,,,,,vectorless,8142,49,58.0,,
r22_fanout_wire_load,H - physical / fanout wire load,vivado2023.1-xc7a100t,2023.1,retimed,off,12.0,MET,,,,,,,,,,,,,,,,,,,,,,178.0,,,,,vectorless,8142,52,62.0,,
r22_fanout_wire_load,H - physical / fanout wire load,vivado2023.1-xc7a100t,2023.1,retimed,off,15.0,MET,,,,,,,,,,,,,,,,,,,,,,161.0,,,,,vectorless,8142,52,64.0,,
r22_fanout_wire_load,H - physical / fanout wire load,yosys,0.58,directive,on,0.589,VIOLATED,,,,,,20177,18254.25,,,,,,,,,,,,,,,55.300000000000004,18.8,,,,vectorless,,33.0,35.0,796c16ba9ee9,uncommitted
r22_fanout_wire_load,H - physical / fanout wire load,yosys,0.58,directive,on,0.719,VIOLATED,,,,,,20177,18254.25,,,,,,,,,,,,,,,45.5,15.4,,,,vectorless,,34.0,36.0,796c16ba9ee9,uncommitted
r22_fanout_wire_load,H - physical / fanout wire load,yosys,0.58,directive,on,0.884,VIOLATED,,,,,,20177,18254.25,,,,,,,,,,,,,,,37.1,12.6,,,,vectorless,,34.0,37.0,796c16ba9ee9,uncommitted
r22_fanout_wire_load,H - physical / fanout wire load,yosys,0.58,directive,on,1.075,VIOLATED,,,,,,20177,18254.25,,,,,,,,,,,,,,,30.700000000000003,10.3,,,,vectorless,,33.0,35.0,796c16ba9ee9,uncommitted
r22_fanout_wire_load,H - physical / fanout wire load,yosys,0.58,directive,on,1.302,VIOLATED,,,,,,20177,18254.25,,,,,,,,,,,,,,,25.5,8.52,,,,vectorless,,35.0,37.0,796c16ba9ee9,uncommitted
r22_fanout_wire_load,H - physical / fanout wire load,yosys,0.58,directive,on,1.569,VIOLATED,,,,,,20177,18254.25,,,,,,,,,,,,,,,21.4,7.07,,,,vectorless,,34.0,37.0,796c16ba9ee9,uncommitted
r22_fanout_wire_load,H - physical / fanout wire load,yosys,0.58,orig,off,0.589,VIOLATED,,,,,,19127,15844.556,,,,,,,,,,,,,,,55.300000000000004,15.299999999999999,,,,vectorless,,30.0,32.0,796c16ba9ee9,uncommitted
r22_fanout_wire_load,H - physical / fanout wire load,yosys,0.58,orig,off,0.719,VIOLATED,,,,,,19127,15844.556,,,,,,,,,,,,,,,45.699999999999996,12.6,,,,vectorless,,29.0,31.0,796c16ba9ee9,uncommitted
r22_fanout_wire_load,H - physical / fanout wire load,yosys,0.58,orig,off,0.884,VIOLATED,,,,,,19127,15844.556,,,,,,,,,,,,,,,37.5,10.3,,,,vectorless,,30.0,32.0,796c16ba9ee9,uncommitted
r22_fanout_wire_load,H - physical / fanout wire load,yosys,0.58,orig,off,1.075,VIOLATED,,,,,,19127,15844.556,,,,,,,,,,,,,,,31.2,8.55,,,,vectorless,,30.0,33.0,796c16ba9ee9,uncommitted
r22_fanout_wire_load,H - physical / fanout wire load,yosys,0.58,orig,off,1.302,VIOLATED,,,,,,19127,15844.556,,,,,,,,,,,,,,,26.1,7.1000000000000005,,,,vectorless,,30.0,32.0,796c16ba9ee9,uncommitted
r22_fanout_wire_load,H - physical / fanout wire load,yosys,0.58,orig,off,1.569,VIOLATED,,,,,,19127,15844.556,,,,,,,,,,,,,,,21.8,5.890000000000001,,,,vectorless,,29.0,32.0,796c16ba9ee9,uncommitted
r22_fanout_wire_load,H - physical / fanout wire load,yosys,0.58,orig,on,0.589,VIOLATED,,,,,,20177,18254.25,,,,,,,,,,,,,,,55.300000000000004,18.8,,,,vectorless,,33.0,36.0,796c16ba9ee9,uncommitted
r22_fanout_wire_load,H - physical / fanout wire load,yosys,0.58,orig,on,0.719,VIOLATED,,,,,,20177,18254.25,,,,,,,,,,,,,,,45.5,15.4,,,,vectorless,,34.0,36.0,796c16ba9ee9,uncommitted
r22_fanout_wire_load,H - physical / fanout wire load,yosys,0.58,orig,on,0.884,VIOLATED,,,,,,20177,18254.25,,,,,,,,,,,,,,,37.1,12.6,,,,vectorless,,35.0,38.0,796c16ba9ee9,uncommitted
r22_fanout_wire_load,H - physical / fanout wire load,yosys,0.58,orig,on,1.075,VIOLATED,,,,,,20177,18254.25,,,,,,,,,,,,,,,30.700000000000003,10.3,,,,vectorless,,35.0,38.0,796c16ba9ee9,uncommitted
r22_fanout_wire_load,H - physical / fanout wire load,yosys,0.58,orig,on,1.302,VIOLATED,,,,,,20177,18254.25,,,,,,,,,,,,,,,25.5,8.52,,,,vectorless,,34.0,36.0,796c16ba9ee9,uncommitted
r22_fanout_wire_load,H - physical / fanout wire load,yosys,0.58,orig,on,1.569,VIOLATED,,,,,,20177,18254.25,,,,,,,,,,,,,,,21.4,7.07,,,,vectorless,,34.0,36.0,796c16ba9ee9,uncommitted
r22_fanout_wire_load,H - physical / fanout wire load,yosys,0.58,retimed,off,0.589,VIOLATED,,,,,,19127,15844.556,,,,,,,,,,,,,,,55.300000000000004,15.299999999999999,,,,vectorless,,29.0,32.0,796c16ba9ee9,uncommitted
r22_fanout_wire_load,H - physical / fanout wire load,yosys,0.58,retimed,off,0.719,VIOLATED,,,,,,19127,15844.556,,,,,,,,,,,,,,,45.699999999999996,12.6,,,,vectorless,,29.0,32.0,796c16ba9ee9,uncommitted
r22_fanout_wire_load,H - physical / fanout wire load,yosys,0.58,retimed,off,0.884,VIOLATED,,,,,,19127,15844.556,,,,,,,,,,,,,,,37.5,10.3,,,,vectorless,,30.0,32.0,796c16ba9ee9,uncommitted
r22_fanout_wire_load,H - physical / fanout wire load,yosys,0.58,retimed,off,1.075,VIOLATED,,,,,,19127,15844.556,,,,,,,,,,,,,,,31.2,8.55,,,,vectorless,,29.0,32.0,796c16ba9ee9,uncommitted
r22_fanout_wire_load,H - physical / fanout wire load,yosys,0.58,retimed,off,1.302,VIOLATED,,,,,,19127,15844.556,,,,,,,,,,,,,,,26.1,7.1000000000000005,,,,vectorless,,30.0,32.0,796c16ba9ee9,uncommitted
r22_fanout_wire_load,H - physical / fanout wire load,yosys,0.58,retimed,off,1.569,VIOLATED,,,,,,19127,15844.556,,,,,,,,,,,,,,,21.8,5.890000000000001,,,,vectorless,,32.0,34.0,796c16ba9ee9,uncommitted
r24_loop_bound_control,I - negative control,genus,23.12-s086_1,directive,off,0.5172,VIOLATED,,,,,,946,2279.16504025,,,,,,,,,,,,,,,8.88272,4.65706,0.877341,7.950169999999999,0.0552127,probabilistic,,101,109.0,c14395fc5901,uncommitted
r24_loop_bound_control,I - negative control,genus,23.12-s086_1,directive,off,0.6335,VIOLATED,,,,55,48,923,2284.304755,,,,,,,,,,,,,,,7.21277,3.64038,0.9795330000000001,6.1385,0.0947372,probabilistic,,111,128.0,818ef79be998,4f7c7a48
r24_loop_bound_control,I - negative control,genus,23.12-s086_1,directive,off,0.7259,VIOLATED,,,,,,855,2063.643043,,,,,,,,,,,,,,,5.92458,3.10779,0.500396,5.386679999999999,0.0375052,probabilistic,,122,131.0,818ef79be998,bdf1989
r24_loop_bound_control,I - negative control,genus,23.12-s086_1,directive,off,0.7854,VIOLATED,,,,57,48,1070,2674.0480667499996,,,,,,,,,,,,,,,6.96994,3.49702,0.958314,5.93243,0.0791877,probabilistic,,169,184.0,818ef79be998,4f7c7a48
r24_loop_bound_control,I - negative control,genus,23.12-s086_1,directive,off,1.0681,VIOLATED,,,,,,868,2118.84263825,,,,,,,,,,,,,,,4.00992,2.05177,0.442615,3.5377400000000003,0.0295675,probabilistic,,90,98.0,c14395fc5901,uncommitted
r24_loop_bound_control,I - negative control,genus,23.12-s086_1,directive,off,1.1107,MET,,,,,,718,1736.74811275,,,,,,,,,,,,,,,3.18645,1.63246,0.358618,2.80409,0.023749,probabilistic,,41,51.0,c14395fc5901,uncommitted
r24_loop_bound_control,I - negative control,genus,23.12-s086_1,directive,off,1.284,MET,,,,,,519,1257.433816,,,,,,,,,,,,,,,1.83555,0.8984610000000001,0.2974,1.5193999999999999,0.018753099999999998,probabilistic,,24,32.0,c14395fc5901,uncommitted
r24_loop_bound_control,I - negative control,genus,23.12-s086_1,orig,off,0.5172,VIOLATED,,,,,,962,2282.988855,,,,,,,,,,,,,,,9.232330000000001,4.94507,0.5071159999999999,8.68965,0.0355607,probabilistic,,87,97.0,c14395fc5901,uncommitted
r24_loop_bound_control,I - negative control,genus,23.12-s086_1,orig,off,0.6335,VIOLATED,,,,48,48,969,2422.892094,,,,,,,,,,,,,,,7.7874099999999995,4.00689,0.809121,6.89501,0.08327699999999999,probabilistic,,154,170.0,818ef79be998,4f7c7a48
r24_loop_bound_control,I - negative control,genus,23.12-s086_1,orig,off,0.7259,VIOLATED,,,,,,942,2247.5178260000002,,,,,,,,,,,,,,,6.45454,3.4821,0.350263,6.08027,0.0240033,probabilistic,,88,98.0,818ef79be998,bdf1989
r24_loop_bound_control,I - negative control,genus,23.12-s086_1,orig,off,0.7854,VIOLATED,,,,48,48,911,2271.1215254999997,,,,,,,,,,,,,,,5.69803,2.91384,0.666459,4.96486,0.0667087,probabilistic,,134,148.0,818ef79be998,4f7c7a48
r24_loop_bound_control,I - negative control,genus,23.12-s086_1,orig,off,1.2844,MET,,,,,,832,2004.0411915,,,,,,,,,,,,,,,3.10823,1.64193,0.196845,2.89735,0.0140369,probabilistic,,41,51.0,c14395fc5901,uncommitted
r24_loop_bound_control,I - negative control,genus,23.12-s086_1,orig,on,0.5172,VIOLATED,,,,,,946,2279.16504025,,,,,,,,,,,,,,,8.88272,4.65706,0.877341,7.950169999999999,0.0552127,probabilistic,,100,110.0,c14395fc5901,uncommitted
r24_loop_bound_control,I - negative control,genus,23.12-s086_1,orig,on,0.6335,VIOLATED,,,,55,48,923,2284.304755,,,,,,,,,,,,,,,7.21277,3.64038,0.9795330000000001,6.1385,0.0947372,probabilistic,,128,140.0,818ef79be998,4f7c7a48
r24_loop_bound_control,I - negative control,genus,23.12-s086_1,orig,on,0.7259,VIOLATED,,,,,,855,2063.643043,,,,,,,,,,,,,,,5.92458,3.10779,0.500396,5.386679999999999,0.0375052,probabilistic,,123,132.0,818ef79be998,bdf1989
r24_loop_bound_control,I - negative control,genus,23.12-s086_1,orig,on,0.7854,VIOLATED,,,,57,48,1070,2674.0480667499996,,,,,,,,,,,,,,,6.96994,3.49702,0.958314,5.93243,0.0791877,probabilistic,,187,200.0,818ef79be998,4f7c7a48
r24_loop_bound_control,I - negative control,genus,23.12-s086_1,orig,on,1.0681,VIOLATED,,,,,,868,2118.84263825,,,,,,,,,,,,,,,4.00992,2.05177,0.442615,3.5377400000000003,0.0295675,probabilistic,,90,99.0,c14395fc5901,uncommitted
r24_loop_bound_control,I - negative control,genus,23.12-s086_1,orig,on,1.1107,MET,,,,,,718,1736.74811275,,,,,,,,,,,,,,,3.18645,1.63246,0.358618,2.80409,0.023749,probabilistic,,42,50.0,c14395fc5901,uncommitted
r24_loop_bound_control,I - negative control,genus,23.12-s086_1,orig,on,1.284,MET,,,,,,519,1257.433816,,,,,,,,,,,,,,,1.83555,0.8984610000000001,0.2974,1.5193999999999999,0.018753099999999998,probabilistic,,23,32.0,c14395fc5901,uncommitted
r24_loop_bound_control,I - negative control,genus,23.12-s086_1,retimed,off,0.5172,VIOLATED,,,,,,962,2282.988855,,,,,,,,,,,,,,,9.232330000000001,4.94507,0.5071159999999999,8.68965,0.0355607,probabilistic,,87,96.0,c14395fc5901,uncommitted
r24_loop_bound_control,I - negative control,genus,23.12-s086_1,retimed,off,0.6335,VIOLATED,,,,48,48,969,2422.892094,,,,,,,,,,,,,,,7.7874099999999995,4.00689,0.809121,6.89501,0.08327699999999999,probabilistic,,142,161.0,818ef79be998,4f7c7a48
r24_loop_bound_control,I - negative control,genus,23.12-s086_1,retimed,off,0.7259,VIOLATED,,,,,,942,2247.5178260000002,,,,,,,,,,,,,,,6.45454,3.4821,0.350263,6.08027,0.0240033,probabilistic,,88,98.0,818ef79be998,bdf1989
r24_loop_bound_control,I - negative control,genus,23.12-s086_1,retimed,off,0.7854,VIOLATED,,,,48,48,911,2271.1215254999997,,,,,,,,,,,,,,,5.69803,2.91384,0.666459,4.96486,0.0667087,probabilistic,,114,127.0,818ef79be998,4f7c7a48
r24_loop_bound_control,I - negative control,genus,23.12-s086_1,retimed,off,1.2844,MET,,,,,,832,2004.0411915,,,,,,,,,,,,,,,3.10823,1.64193,0.196845,2.89735,0.0140369,probabilistic,,41,50.0,c14395fc5901,uncommitted
r24_loop_bound_control,I - negative control,innovus-nangate45,23.12-s091_1,directive,off,0.6335,,-0.36,-10.314,31.0,55,,1054,,6861.03,94.051,0,0.0,0.0,0.75,0.929,0.007,,,,,10,0,9.14906157,4.80318464,,,0.0,probabilistic,,268,20.0,,
r24_loop_bound_control,I - negative control,innovus-nangate45,23.12-s091_1,directive,off,0.7259,,-0.224,-5.258,25.0,,,981,,5456.515,97.874,0,0.0,0.0,0.7,0.85,0.006,,,,,10,0,7.55664989,4.09909176,,,0.0,probabilistic,,146,165.0,,
r24_loop_bound_control,I - negative control,innovus-nangate45,23.12-s091_1,directive,off,1.284,,,,,,,527,,2991.035,54.799,0,0.0,0.0,0.09,1.135,0.001,,,,,10,0,1.27659569,0.63928392,,,0.0,probabilistic,,72,92.0,,
r24_loop_bound_control,I - negative control,innovus-nangate45,23.12-s091_1,orig,off,0.6335,,-0.367,-5.612,16.0,48,,1115,,7214.965,95.226,0,0.0,0.0,1.17,0.928,0.011,,,,,10,0,11.45648406,6.09390364,,,0.0,probabilistic,,291,21.0,,
r24_loop_bound_control,I - negative control,innovus-nangate45,23.12-s091_1,orig,off,0.7259,,-0.277,-4.193,16.0,,,1064,,6346.14,96.71,0,0.0,0.0,0.23,0.851,0.002,,,,,10,0,9.73123032,5.25945198,,,0.0,probabilistic,,144,163.0,,
r24_loop_bound_control,I - negative control,innovus-nangate45,23.12-s091_1,orig,off,1.2844,,,,,,,993,,5800.75,82.963,0,0.0,0.0,0.94,0.844,0.008,,,,,10,0,5.52418378,2.93776559,,,0.0,probabilistic,,101,122.0,,
r24_loop_bound_control,I - negative control,innovus-nangate45,23.12-s091_1,orig,on,0.6335,,-0.36,-10.314,31.0,55,,1054,,6861.03,94.051,0,0.0,0.0,0.75,0.929,0.007,,,,,10,0,9.14906157,4.80318464,,,0.0,probabilistic,,263,19.0,,
r24_loop_bound_control,I - negative control,innovus-nangate45,23.12-s091_1,orig,on,0.7259,,-0.224,-5.258,25.0,,,981,,5456.515,97.874,0,0.0,0.0,0.7,0.85,0.006,,,,,10,0,7.55664989,4.09909176,,,0.0,probabilistic,,147,166.0,,
r24_loop_bound_control,I - negative control,innovus-nangate45,23.12-s091_1,orig,on,1.284,,,,,,,527,,2991.035,54.799,0,0.0,0.0,0.09,1.135,0.001,,,,,10,0,1.27659569,0.63928392,,,0.0,probabilistic,,69,91.0,,
r24_loop_bound_control,I - negative control,innovus-nangate45,23.12-s091_1,retimed,off,0.6335,,-0.367,-5.612,16.0,48,,1115,,7214.965,95.226,0,0.0,0.0,1.17,0.928,0.011,,,,,10,0,11.45648406,6.09390364,,,0.0,probabilistic,,273,23.0,,
r24_loop_bound_control,I - negative control,innovus-nangate45,23.12-s091_1,retimed,off,0.7259,,-0.277,-4.193,16.0,,,1064,,6346.14,96.71,0,0.0,0.0,0.23,0.851,0.002,,,,,10,0,9.73123032,5.25945198,,,0.0,probabilistic,,144,163.0,,
r24_loop_bound_control,I - negative control,innovus-nangate45,23.12-s091_1,retimed,off,1.2844,,,,,,,993,,5800.75,82.963,0,0.0,0.0,0.94,0.844,0.008,,,,,10,0,5.52418378,2.93776559,,,0.0,probabilistic,,91,115.0,,
r24_loop_bound_control,I - negative control,openroad_syn,,directive,unsupported,1.126,VIOLATED,,,,,,290,,,,,,,,,,,,,,,,6.08327,2.83132,,,,vectorless,,0,1.0,818ef79be998,uncommitted
r24_loop_bound_control,I - negative control,openroad_syn,,directive,unsupported,1.374,VIOLATED,,,,,,290,,,,,,,,,,,,,,,,4.9892199999999995,2.32028,,,,vectorless,,0,1.0,818ef79be998,uncommitted
r24_loop_bound_control,I - negative control,openroad_syn,,directive,unsupported,1.689,VIOLATED,,,,,,290,,,,,,,,,,,,,,,,4.06306,1.88754,,,,vectorless,,1,1.0,818ef79be998,uncommitted
r24_loop_bound_control,I - negative control,openroad_syn,,directive,unsupported,2.055,VIOLATED,,,,,,290,,,,,,,,,,,,,,,,3.3439300000000003,1.5513700000000001,,,,vectorless,,1,1.0,818ef79be998,uncommitted
r24_loop_bound_control,I - negative control,openroad_syn,,directive,unsupported,2.487,VIOLATED,,,,,,290,,,,,,,,,,,,,,,,2.7674700000000003,1.28189,,,,vectorless,,0,0.0,818ef79be998,uncommitted
r24_loop_bound_control,I - negative control,openroad_syn,,directive,unsupported,2.998,VIOLATED,,,,,,290,,,,,,,,,,,,,,,,2.3003,1.0634,,,,vectorless,,0,1.0,818ef79be998,uncommitted
r24_loop_bound_control,I - negative control,openroad_syn,,orig,unsupported,1.126,VIOLATED,,,,,,290,,,,,,,,,,,,,,,,6.08327,2.83132,,,,vectorless,,0,1.0,818ef79be998,uncommitted
r24_loop_bound_control,I - negative control,openroad_syn,,orig,unsupported,1.374,VIOLATED,,,,,,290,,,,,,,,,,,,,,,,4.9892199999999995,2.32028,,,,vectorless,,0,1.0,818ef79be998,uncommitted
r24_loop_bound_control,I - negative control,openroad_syn,,orig,unsupported,1.689,VIOLATED,,,,,,290,,,,,,,,,,,,,,,,4.06306,1.88754,,,,vectorless,,0,1.0,818ef79be998,uncommitted
r24_loop_bound_control,I - negative control,openroad_syn,,orig,unsupported,2.055,VIOLATED,,,,,,290,,,,,,,,,,,,,,,,3.3439300000000003,1.5513700000000001,,,,vectorless,,0,1.0,818ef79be998,uncommitted
r24_loop_bound_control,I - negative control,openroad_syn,,orig,unsupported,2.487,VIOLATED,,,,,,290,,,,,,,,,,,,,,,,2.7674700000000003,1.28189,,,,vectorless,,1,1.0,818ef79be998,uncommitted
r24_loop_bound_control,I - negative control,openroad_syn,,orig,unsupported,2.998,VIOLATED,,,,,,290,,,,,,,,,,,,,,,,2.3003,1.0634,,,,vectorless,,0,1.0,818ef79be998,uncommitted
r24_loop_bound_control,I - negative control,openroad_syn,,retimed,unsupported,1.126,VIOLATED,,,,,,290,,,,,,,,,,,,,,,,6.08327,2.83132,,,,vectorless,,1,1.0,818ef79be998,uncommitted
r24_loop_bound_control,I - negative control,openroad_syn,,retimed,unsupported,1.374,VIOLATED,,,,,,290,,,,,,,,,,,,,,,,4.9892199999999995,2.32028,,,,vectorless,,1,1.0,818ef79be998,uncommitted
r24_loop_bound_control,I - negative control,openroad_syn,,retimed,unsupported,1.689,VIOLATED,,,,,,290,,,,,,,,,,,,,,,,4.06306,1.88754,,,,vectorless,,0,0.0,818ef79be998,uncommitted
r24_loop_bound_control,I - negative control,openroad_syn,,retimed,unsupported,2.055,VIOLATED,,,,,,290,,,,,,,,,,,,,,,,3.3439300000000003,1.5513700000000001,,,,vectorless,,0,1.0,818ef79be998,uncommitted
r24_loop_bound_control,I - negative control,openroad_syn,,retimed,unsupported,2.487,VIOLATED,,,,,,290,,,,,,,,,,,,,,,,2.7674700000000003,1.28189,,,,vectorless,,0,1.0,818ef79be998,uncommitted
r24_loop_bound_control,I - negative control,openroad_syn,,retimed,unsupported,2.998,VIOLATED,,,,,,290,,,,,,,,,,,,,,,,2.3003,1.0634,,,,vectorless,,0,1.0,818ef79be998,uncommitted
r24_loop_bound_control,I - negative control,vivado-xc7a100t,2025.2,directive,on,4.0,VIOLATED,,,,,,,,,,,,,,,,,,,,,,137.0,,,,,vectorless,104,351,380.0,,
r24_loop_bound_control,I - negative control,vivado-xc7a100t,2025.2,orig,off,4.0,VIOLATED,,,,,,,,,,,,,,,,,,,,,,137.0,,,,,vectorless,104,355,385.0,,
r24_loop_bound_control,I - negative control,vivado-xc7a100t,2025.2,orig,on,4.0,VIOLATED,,,,,,,,,,,,,,,,,,,,,,137.0,,,,,vectorless,104,361,388.0,,
r24_loop_bound_control,I - negative control,vivado-xc7a100t,2025.2,retimed,off,4.0,VIOLATED,,,,,,,,,,,,,,,,,,,,,,137.0,,,,,vectorless,104,349,378.0,,
r24_loop_bound_control,I - negative control,vivado-xcau7p,2025.2,directive,on,4.0,VIOLATED,,,,,,,,,,,,,,,,,,,,,,187.0,,,,,vectorless,159,198,216.0,,
r24_loop_bound_control,I - negative control,vivado-xcau7p,2025.2,orig,off,4.0,VIOLATED,,,,,,,,,,,,,,,,,,,,,,187.0,,,,,vectorless,159,212,228.0,,
r24_loop_bound_control,I - negative control,vivado-xcau7p,2025.2,orig,on,4.0,VIOLATED,,,,,,,,,,,,,,,,,,,,,,187.0,,,,,vectorless,159,204,220.0,,
r24_loop_bound_control,I - negative control,vivado-xcau7p,2025.2,retimed,off,4.0,VIOLATED,,,,,,,,,,,,,,,,,,,,,,187.0,,,,,vectorless,159,219,234.0,,
r24_loop_bound_control,I - negative control,vivado2023.1-xc7a100t,2023.1,directive,on,5.2,VIOLATED,,,,,,,,,,,,,,,,,,,,,,126.0,,,,,vectorless,104,30,39.0,,
r24_loop_bound_control,I - negative control,vivado2023.1-xc7a100t,2023.1,directive,on,6.4,VIOLATED,,,,,,,,,,,,,,,,,,,,,,119.0,,,,,vectorless,104,30,38.0,,
r24_loop_bound_control,I - negative control,vivado2023.1-xc7a100t,2023.1,directive,on,8.0,VIOLATED,,,,,,,,,,,,,,,,,,,,,,114.0,,,,,vectorless,104,30,38.0,,
r24_loop_bound_control,I - negative control,vivado2023.1-xc7a100t,2023.1,directive,on,9.6,VIOLATED,,,,,,,,,,,,,,,,,,,,,,110.0,,,,,vectorless,104,30,38.0,,
r24_loop_bound_control,I - negative control,vivado2023.1-xc7a100t,2023.1,directive,on,12.0,VIOLATED,,,,,,,,,,,,,,,,,,,,,,106.0,,,,,vectorless,104,29,38.0,,
r24_loop_bound_control,I - negative control,vivado2023.1-xc7a100t,2023.1,orig,off,5.2,VIOLATED,,,,,,,,,,,,,,,,,,,,,,126.0,,,,,vectorless,104,30,38.0,,
r24_loop_bound_control,I - negative control,vivado2023.1-xc7a100t,2023.1,orig,off,6.4,VIOLATED,,,,,,,,,,,,,,,,,,,,,,119.0,,,,,vectorless,104,31,39.0,,
r24_loop_bound_control,I - negative control,vivado2023.1-xc7a100t,2023.1,orig,off,8.0,VIOLATED,,,,,,,,,,,,,,,,,,,,,,114.0,,,,,vectorless,104,30,41.0,,
r24_loop_bound_control,I - negative control,vivado2023.1-xc7a100t,2023.1,orig,off,9.6,VIOLATED,,,,,,,,,,,,,,,,,,,,,,110.0,,,,,vectorless,104,30,38.0,,
r24_loop_bound_control,I - negative control,vivado2023.1-xc7a100t,2023.1,orig,off,12.0,VIOLATED,,,,,,,,,,,,,,,,,,,,,,106.0,,,,,vectorless,104,30,40.0,,
r24_loop_bound_control,I - negative control,vivado2023.1-xc7a100t,2023.1,orig,on,5.2,VIOLATED,,,,,,,,,,,,,,,,,,,,,,126.0,,,,,vectorless,104,30,37.0,,
r24_loop_bound_control,I - negative control,vivado2023.1-xc7a100t,2023.1,orig,on,6.4,VIOLATED,,,,,,,,,,,,,,,,,,,,,,119.0,,,,,vectorless,104,30,41.0,,
r24_loop_bound_control,I - negative control,vivado2023.1-xc7a100t,2023.1,orig,on,8.0,VIOLATED,,,,,,,,,,,,,,,,,,,,,,114.0,,,,,vectorless,104,31,38.0,,
r24_loop_bound_control,I - negative control,vivado2023.1-xc7a100t,2023.1,orig,on,9.6,VIOLATED,,,,,,,,,,,,,,,,,,,,,,110.0,,,,,vectorless,104,29,37.0,,
r24_loop_bound_control,I - negative control,vivado2023.1-xc7a100t,2023.1,orig,on,12.0,VIOLATED,,,,,,,,,,,,,,,,,,,,,,106.0,,,,,vectorless,104,31,38.0,,
r24_loop_bound_control,I - negative control,vivado2023.1-xc7a100t,2023.1,retimed,off,5.2,VIOLATED,,,,,,,,,,,,,,,,,,,,,,126.0,,,,,vectorless,104,31,39.0,,
r24_loop_bound_control,I - negative control,vivado2023.1-xc7a100t,2023.1,retimed,off,6.4,VIOLATED,,,,,,,,,,,,,,,,,,,,,,119.0,,,,,vectorless,104,31,40.0,,
r24_loop_bound_control,I - negative control,vivado2023.1-xc7a100t,2023.1,retimed,off,8.0,VIOLATED,,,,,,,,,,,,,,,,,,,,,,114.0,,,,,vectorless,104,30,38.0,,
r24_loop_bound_control,I - negative control,vivado2023.1-xc7a100t,2023.1,retimed,off,9.6,VIOLATED,,,,,,,,,,,,,,,,,,,,,,110.0,,,,,vectorless,104,30,39.0,,
r24_loop_bound_control,I - negative control,vivado2023.1-xc7a100t,2023.1,retimed,off,12.0,VIOLATED,,,,,,,,,,,,,,,,,,,,,,106.0,,,,,vectorless,104,30,38.0,,
r24_loop_bound_control,I - negative control,yosys,0.58,directive,on,1.126,VIOLATED,,,,,,418,677.502,,,,,,,,,,,,,,,13.4,6.94,,,,vectorless,,1.0,2.0,818ef79be998,uncommitted
r24_loop_bound_control,I - negative control,yosys,0.58,directive,on,1.374,MET,,,,,,418,677.502,,,,,,,,,,,,,,,11.0,5.6899999999999995,,,,vectorless,,1.0,2.0,818ef79be998,uncommitted
r24_loop_bound_control,I - negative control,yosys,0.58,directive,on,1.689,MET,,,,,,418,677.502,,,,,,,,,,,,,,,8.959999999999999,4.63,,,,vectorless,,1.0,1.0,818ef79be998,uncommitted
r24_loop_bound_control,I - negative control,yosys,0.58,directive,on,2.055,MET,,,,,,418,677.502,,,,,,,,,,,,,,,7.37,3.8,,,,vectorless,,1.0,2.0,818ef79be998,uncommitted
r24_loop_bound_control,I - negative control,yosys,0.58,directive,on,2.487,MET,,,,,,418,677.502,,,,,,,,,,,,,,,6.09,3.14,,,,vectorless,,1.0,2.0,818ef79be998,uncommitted
r24_loop_bound_control,I - negative control,yosys,0.58,directive,on,2.998,MET,,,,,,418,677.502,,,,,,,,,,,,,,,5.0600000000000005,2.61,,,,vectorless,,1.0,1.0,818ef79be998,uncommitted
r24_loop_bound_control,I - negative control,yosys,0.58,orig,off,1.126,VIOLATED,,,,,,402,400.862,,,,,,,,,,,,,,,10.9,4.930000000000001,,,,vectorless,,1.0,2.0,818ef79be998,uncommitted
r24_loop_bound_control,I - negative control,yosys,0.58,orig,off,1.374,VIOLATED,,,,,,402,400.862,,,,,,,,,,,,,,,8.9,4.04,,,,vectorless,,1.0,1.0,818ef79be998,uncommitted
r24_loop_bound_control,I - negative control,yosys,0.58,orig,off,1.689,VIOLATED,,,,,,402,400.862,,,,,,,,,,,,,,,7.25,3.29,,,,vectorless,,1.0,1.0,818ef79be998,uncommitted
r24_loop_bound_control,I - negative control,yosys,0.58,orig,off,2.055,VIOLATED,,,,,,402,400.862,,,,,,,,,,,,,,,5.96,2.7,,,,vectorless,,1.0,2.0,818ef79be998,uncommitted
r24_loop_bound_control,I - negative control,yosys,0.58,orig,off,2.487,VIOLATED,,,,,,402,400.862,,,,,,,,,,,,,,,4.930000000000001,2.2300000000000004,,,,vectorless,,1.0,1.0,818ef79be998,uncommitted
r24_loop_bound_control,I - negative control,yosys,0.58,orig,off,2.998,MET,,,,,,402,400.862,,,,,,,,,,,,,,,4.1000000000000005,1.85,,,,vectorless,,1.0,1.0,818ef79be998,uncommitted
r24_loop_bound_control,I - negative control,yosys,0.58,orig,on,1.126,VIOLATED,,,,,,418,677.502,,,,,,,,,,,,,,,13.4,6.94,,,,vectorless,,1.0,1.0,818ef79be998,uncommitted
r24_loop_bound_control,I - negative control,yosys,0.58,orig,on,1.374,MET,,,,,,418,677.502,,,,,,,,,,,,,,,11.0,5.6899999999999995,,,,vectorless,,1.0,2.0,818ef79be998,uncommitted
r24_loop_bound_control,I - negative control,yosys,0.58,orig,on,1.689,MET,,,,,,418,677.502,,,,,,,,,,,,,,,8.959999999999999,4.63,,,,vectorless,,1.0,2.0,818ef79be998,uncommitted
r24_loop_bound_control,I - negative control,yosys,0.58,orig,on,2.055,MET,,,,,,418,677.502,,,,,,,,,,,,,,,7.37,3.8,,,,vectorless,,1.0,1.0,818ef79be998,uncommitted
r24_loop_bound_control,I - negative control,yosys,0.58,orig,on,2.487,MET,,,,,,418,677.502,,,,,,,,,,,,,,,6.09,3.14,,,,vectorless,,1.0,1.0,818ef79be998,uncommitted
r24_loop_bound_control,I - negative control,yosys,0.58,orig,on,2.998,MET,,,,,,418,677.502,,,,,,,,,,,,,,,5.0600000000000005,2.61,,,,vectorless,,1.0,2.0,818ef79be998,uncommitted
r24_loop_bound_control,I - negative control,yosys,0.58,retimed,off,1.126,VIOLATED,,,,,,402,400.862,,,,,,,,,,,,,,,10.9,4.930000000000001,,,,vectorless,,1.0,2.0,818ef79be998,uncommitted
r24_loop_bound_control,I - negative control,yosys,0.58,retimed,off,1.374,VIOLATED,,,,,,402,400.862,,,,,,,,,,,,,,,8.9,4.04,,,,vectorless,,1.0,2.0,818ef79be998,uncommitted
r24_loop_bound_control,I - negative control,yosys,0.58,retimed,off,1.689,VIOLATED,,,,,,402,400.862,,,,,,,,,,,,,,,7.25,3.29,,,,vectorless,,1.0,1.0,818ef79be998,uncommitted
r24_loop_bound_control,I - negative control,yosys,0.58,retimed,off,2.055,VIOLATED,,,,,,402,400.862,,,,,,,,,,,,,,,5.96,2.7,,,,vectorless,,1.0,1.0,818ef79be998,uncommitted
r24_loop_bound_control,I - negative control,yosys,0.58,retimed,off,2.487,VIOLATED,,,,,,402,400.862,,,,,,,,,,,,,,,4.930000000000001,2.2300000000000004,,,,vectorless,,0.0,1.0,818ef79be998,uncommitted
r24_loop_bound_control,I - negative control,yosys,0.58,retimed,off,2.998,MET,,,,,,402,400.862,,,,,,,,,,,,,,,4.1000000000000005,1.85,,,,vectorless,,1.0,2.0,818ef79be998,uncommitted
r26_sdc_exception_invalidation,J - constraint interaction,genus,23.12-s086_1,directive,off,0.1678,VIOLATED,,,,,,1120,2737.59790475,,,,,,,,,,,,,,,25.8784,12.6168,4.83101,20.7063,0.34107899999999997,probabilistic,,57,65.0,23bca9631e47,bdf1989
r26_sdc_exception_invalidation,J - constraint interaction,genus,23.12-s086_1,directive,off,0.2397,VIOLATED,,,,,,957,2377.55749075,,,,,,,,,,,,,,,15.3276,7.388719999999999,2.8379299999999996,12.275599999999999,0.214034,probabilistic,,49,59.0,23bca9631e47,bdf1989
r26_sdc_exception_invalidation,J - constraint interaction,genus,23.12-s086_1,directive,off,0.28,VIOLATED,,,,101,64,892,2396.1730902500003,,,,,,,,,,,,,,,12.206399999999999,4.9657599999999995,4.16986,7.63638,0.400164,probabilistic,,61,76.0,23bca9631e47,4f7c7a48
r26_sdc_exception_invalidation,J - constraint interaction,genus,23.12-s086_1,directive,off,0.3425,VIOLATED,,,,,,976,2378.933069,,,,,,,,,,,,,,,10.5,5.02122,2.00285,8.344560000000001,0.152619,probabilistic,,48,58.0,23bca9631e47,bdf1989
r26_sdc_exception_invalidation,J - constraint interaction,genus,23.12-s086_1,directive,off,0.4404,VIOLATED,,,,97,64,1073,2763.0265985,,,,,,,,,,,,,,,9.67375,4.18042,2.78455,6.64412,0.24507700000000002,probabilistic,,61,72.0,23bca9631e47,4f7c7a48
r26_sdc_exception_invalidation,J - constraint interaction,genus,23.12-s086_1,directive,off,0.4893,VIOLATED,,,,,,1156,2878.3042285,,,,,,,,,,,,,,,8.952079999999999,4.4080200000000005,1.5411400000000002,7.29372,0.117216,probabilistic,,65,73.0,23bca9631e47,bdf1989
r26_sdc_exception_invalidation,J - constraint interaction,genus,23.12-s086_1,directive,off,0.612,VIOLATED,,,,,,1199,2960.62508425,,,,,,,,,,,,,,,7.19803,3.54784,1.14965,5.9601999999999995,0.0881797,probabilistic,,76,85.0,9f630751868f,uncommitted
r26_sdc_exception_invalidation,J - constraint interaction,genus,23.12-s086_1,directive,off,0.8209,MET,,,,,,1015,2491.12399025,,,,,,,,,,,,,,,4.76482,2.22288,1.03443,3.65403,0.0763528,probabilistic,,38,47.0,9f630751868f,uncommitted
r26_sdc_exception_invalidation,J - constraint interaction,genus,23.12-s086_1,directive,off,0.968,MET,,,,,,616,1604.40917275,,,,,,,,,,,,,,,2.48447,1.0061600000000002,0.768972,1.6535,0.062,probabilistic,,23,31.0,9f630751868f,uncommitted
r26_sdc_exception_invalidation,J - constraint interaction,genus,23.12-s086_1,orig,off,0.1678,VIOLATED,,,,,,1077,2549.977495,,,,,,,,,,,,,,,25.3571,13.315900000000001,2.08903,23.0604,0.207676,probabilistic,,109,119.0,23bca9631e47,bdf1989
r26_sdc_exception_invalidation,J - constraint interaction,genus,23.12-s086_1,orig,off,0.2397,VIOLATED,,,,,,1117,2655.9683645,,,,,,,,,,,,,,,18.3415,9.60746,1.5269000000000001,16.6687,0.14588700000000002,probabilistic,,104,114.0,23bca9631e47,bdf1989
r26_sdc_exception_invalidation,J - constraint interaction,genus,23.12-s086_1,orig,off,0.28,VIOLATED,,,,64,64,1144,2804.85035975,,,,,,,,,,,,,,,16.6247,8.32562,2.26865,14.107099999999999,0.24891399999999997,probabilistic,,116,131.0,23bca9631e47,4f7c7a48
r26_sdc_exception_invalidation,J - constraint interaction,genus,23.12-s086_1,orig,off,0.3425,VIOLATED,,,,,,1134,2703.0879990000003,,,,,,,,,,,,,,,13.7261,7.22249,1.05327,12.57,0.10280600000000001,probabilistic,,87,97.0,23bca9631e47,bdf1989
r26_sdc_exception_invalidation,J - constraint interaction,genus,23.12-s086_1,orig,off,0.4404,VIOLATED,,,,64,64,1166,2880.71679625,,,,,,,,,,,,,,,10.938,5.3565499999999995,1.5099099999999999,9.2693,0.158806,probabilistic,,111,124.0,23bca9631e47,4f7c7a48
r26_sdc_exception_invalidation,J - constraint interaction,genus,23.12-s086_1,orig,off,0.4893,VIOLATED,,,,,,1165,2764.6903977499996,,,,,,,,,,,,,,,9.705760000000001,5.07904,0.7995180000000001,8.83255,0.073693,probabilistic,,134,143.0,23bca9631e47,bdf1989
r26_sdc_exception_invalidation,J - constraint interaction,genus,23.12-s086_1,orig,off,0.612,VIOLATED,,,,,,1022,2397.93694075,,,,,,,,,,,,,,,5.71836,2.8367,0.727028,4.931620000000001,0.059709200000000004,probabilistic,,54,62.0,9f630751868f,uncommitted
r26_sdc_exception_invalidation,J - constraint interaction,genus,23.12-s086_1,orig,off,0.72,MET,,,,,,703,1711.07460675,,,,,,,,,,,,,,,3.4679200000000003,1.66221,0.51472,2.9044700000000003,0.048736100000000004,probabilistic,,16,24.0,9f630751868f,uncommitted
r26_sdc_exception_invalidation,J - constraint interaction,genus,23.12-s086_1,orig,off,0.968,MET,,,,,,512,1310.068112,,,,,,,,,,,,,,,1.98723,0.878745,0.373796,1.57744,0.036000000000000004,probabilistic,,9,18.0,9f630751868f,uncommitted
r26_sdc_exception_invalidation,J - constraint interaction,genus,23.12-s086_1,orig,on,0.1678,VIOLATED,,,,,,1086,2563.13017,,,,,,,,,,,,,,,25.0611,13.183399999999999,2.17173,22.6825,0.206955,probabilistic,,90,100.0,23bca9631e47,bdf1989
r26_sdc_exception_invalidation,J - constraint interaction,genus,23.12-s086_1,orig,on,0.2202,VIOLATED,,,,107,64,1092,2788.721913,,,,,,,,,,,,,,,18.0465,7.88225,5.21411,12.3021,0.530268,probabilistic,,65,77.0,23bca9631e47,4f7c7a48
r26_sdc_exception_invalidation,J - constraint interaction,genus,23.12-s086_1,orig,on,0.2397,VIOLATED,,,,,,1053,2512.36650475,,,,,,,,,,,,,,,17.383300000000002,9.008220000000001,1.4881600000000001,15.7498,0.145382,probabilistic,,83,93.0,23bca9631e47,bdf1989
r26_sdc_exception_invalidation,J - constraint interaction,genus,23.12-s086_1,orig,on,0.28,VIOLATED,,,,113,64,1224,3106.9447535,,,,,,,,,,,,,,,15.953800000000001,7.01141,4.31743,11.195500000000001,0.44078599999999996,probabilistic,,100,115.0,23bca9631e47,4f7c7a48
r26_sdc_exception_invalidation,J - constraint interaction,genus,23.12-s086_1,orig,on,0.3425,VIOLATED,,,,,,1173,2816.6079387500004,,,,,,,,,,,,,,,14.3317,7.57005,1.06017,13.1676,0.103866,probabilistic,,115,123.0,23bca9631e47,bdf1989
r26_sdc_exception_invalidation,J - constraint interaction,genus,23.12-s086_1,orig,on,0.4404,MET,,,,98,64,834,2248.9116125,,,,,,,,,,,,,,,7.57045,3.16241,2.50204,4.82444,0.243978,probabilistic,,38,52.0,23bca9631e47,4f7c7a48
r26_sdc_exception_invalidation,J - constraint interaction,genus,23.12-s086_1,orig,on,0.4893,VIOLATED,,,,,,1173,2787.81957525,,,,,,,,,,,,,,,9.69124,5.11536,0.744195,8.87533,0.0717147,probabilistic,,126,136.0,23bca9631e47,bdf1989
r26_sdc_exception_invalidation,J - constraint interaction,genus,23.12-s086_1,orig,on,0.612,VIOLATED,,,,,,996,2334.52883075,,,,,,,,,,,,,,,5.46007,2.709,0.714264,4.68649,0.059313700000000004,probabilistic,,42,50.0,9f630751868f,uncommitted
r26_sdc_exception_invalidation,J - constraint interaction,genus,23.12-s086_1,orig,on,0.72,MET,,,,,,718,1729.3139775,,,,,,,,,,,,,,,3.38428,1.59901,0.5183110000000001,2.81706,0.0489042,probabilistic,,20,29.0,9f630751868f,uncommitted
r26_sdc_exception_invalidation,J - constraint interaction,genus,23.12-s086_1,orig,on,0.968,MET,,,,,,512,1310.068112,,,,,,,,,,,,,,,1.98723,0.878745,0.373796,1.57744,0.036000000000000004,probabilistic,,9,17.0,9f630751868f,uncommitted
r26_sdc_exception_invalidation,J - constraint interaction,genus,23.12-s086_1,retimed,off,0.1678,VIOLATED,,,,,,1321,3152.6410255,,,,,,,,,,,,,,,29.584300000000002,15.303600000000001,2.75984,26.6103,0.21416600000000002,probabilistic,,89,99.0,23bca9631e47,bdf1989
r26_sdc_exception_invalidation,J - constraint interaction,genus,23.12-s086_1,retimed,off,0.2397,VIOLATED,,,,,,1260,2995.300138,,,,,,,,,,,,,,,19.386,9.97766,1.90006,17.3365,0.14942,probabilistic,,82,92.0,23bca9631e47,bdf1989
r26_sdc_exception_invalidation,J - constraint interaction,genus,23.12-s086_1,retimed,off,0.28,VIOLATED,,,,64,64,1153,2882.61134425,,,,,,,,,,,,,,,16.958199999999998,8.173160000000001,3.15164,13.5464,0.26015,probabilistic,,120,133.0,23bca9631e47,4f7c7a48
r26_sdc_exception_invalidation,J - constraint interaction,genus,23.12-s086_1,retimed,off,0.3425,VIOLATED,,,,,,1295,3097.7222460000003,,,,,,,,,,,,,,,14.387799999999999,7.41528,1.4044400000000001,12.8788,0.104572,probabilistic,,95,105.0,23bca9631e47,bdf1989
r26_sdc_exception_invalidation,J - constraint interaction,genus,23.12-s086_1,retimed,off,0.4404,VIOLATED,,,,64,64,1181,2969.064467,,,,,,,,,,,,,,,11.2112,5.315379999999999,2.03092,9.01484,0.16540000000000002,probabilistic,,97,109.0,23bca9631e47,4f7c7a48
r26_sdc_exception_invalidation,J - constraint interaction,genus,23.12-s086_1,retimed,off,0.4893,VIOLATED,,,,,,1310,3129.26955925,,,,,,,,,,,,,,,10.228900000000001,5.2994,0.919559,9.23593,0.07344569999999999,probabilistic,,87,96.0,23bca9631e47,bdf1989
r26_sdc_exception_invalidation,J - constraint interaction,genus,23.12-s086_1,retimed,off,0.612,VIOLATED,,,,,,1249,2934.766796,,,,,,,,,,,,,,,7.7352799999999995,3.92527,0.807682,6.86848,0.059116,probabilistic,,81,90.0,9f630751868f,uncommitted
r26_sdc_exception_invalidation,J - constraint interaction,genus,23.12-s086_1,retimed,off,0.9682,MET,,,,,,1028,2418.7265017500004,,,,,,,,,,,,,,,3.85214,1.91857,0.45851200000000003,3.3571400000000002,0.0364925,probabilistic,,31,39.0,9f630751868f,uncommitted
r26_sdc_exception_invalidation,J - constraint interaction,innovus-nangate45,23.12-s091_1,directive,off,0.1678,,-0.471,-13.607,32.0,,,1378,,7074.94,96.613,0,0.0,0.0,0.68,0.439,0.003,,,,,10,0,18.67015896,9.04733052,,,0.0,probabilistic,,109,127.0,,
r26_sdc_exception_invalidation,J - constraint interaction,innovus-nangate45,23.12-s091_1,directive,off,0.2397,,-0.458,-11.19,28.0,,,1185,,6690.24,94.889,0,0.0,0.0,1.15,0.428,0.005,,,,,10,0,11.07932137,5.39574084,,,0.0,probabilistic,,111,130.0,,
r26_sdc_exception_invalidation,J - constraint interaction,innovus-nangate45,23.12-s091_1,directive,off,0.28,,-0.237,-15.339,80.0,101,,1249,,6559.385,95.251,0,0.0,0.0,0.5,0.599,0.003,,,,,10,0,9.17549251,3.92547689,,,1.211,probabilistic,,245,21.0,,
r26_sdc_exception_invalidation,J - constraint interaction,innovus-nangate45,23.12-s091_1,directive,off,0.3425,,-0.379,-9.761,29.0,,,1214,,6455.56,97.387,0,0.0,0.0,1.21,0.408,0.005,,,,,10,0,8.15697652,3.9548188,,,0.0,probabilistic,,108,127.0,,
r26_sdc_exception_invalidation,J - constraint interaction,innovus-nangate45,23.12-s091_1,directive,off,0.4893,,-0.261,-5.647,24.0,,,1334,,7006.945,95.797,0,0.0,0.0,2.09,0.374,0.008,,,,,10,0,7.87064341,3.87729636,,,0.0,probabilistic,,126,144.0,,
r26_sdc_exception_invalidation,J - constraint interaction,innovus-nangate45,23.12-s091_1,directive,off,0.968,,,,,,,660,,3328.73,55.782,0,0.0,0.0,0.19,0.524,0.001,,,,,10,0,1.40023997,0.57250071,,,0.0,probabilistic,,72,97.0,,
r26_sdc_exception_invalidation,J - constraint interaction,innovus-nangate45,23.12-s091_1,orig,off,0.1678,,-0.469,-6.769,16.0,,,1330,,6357.335,99.661,4,0.26,0.0,0.96,1.035,0.01,,,,,10,0,42.21978441,22.27613402,,,1.227,probabilistic,,5047,5068.0,,
r26_sdc_exception_invalidation,J - constraint interaction,innovus-nangate45,23.12-s091_1,orig,off,0.2397,,0.005,0.0,0.0,,,1315,,7837.765,95.026,0,0.0,0.0,0.0,0.719,0.0,,,,,10,0,26.883219,14.18645528,,,1.087,probabilistic,,152,173.0,,
r26_sdc_exception_invalidation,J - constraint interaction,innovus-nangate45,23.12-s091_1,orig,off,0.28,,-0.696,-12.218,35.0,64,,1432,,6836.805,99.109,0,0.0,0.0,0.56,1.059,0.006,,,,,10,0,27.19943525,13.92305641,,,1.859,probabilistic,,7605,20.0,,
r26_sdc_exception_invalidation,J - constraint interaction,innovus-nangate45,23.12-s091_1,orig,off,0.3425,,-0.121,-0.689,6.0,,,1393,,7799.425,98.576,0,0.0,0.0,0.13,0.748,0.001,,,,,10,0,22.23026948,11.8923639,,,0.902,probabilistic,,183,202.0,,
r26_sdc_exception_invalidation,J - constraint interaction,innovus-nangate45,23.12-s091_1,orig,off,0.4893,,0.013,0.0,0.0,,,1338,,6604.935,92.756,0,0.0,0.0,0.3,0.329,0.001,,,,,10,0,14.78550815,7.92109411,,,0.2912,probabilistic,,134,153.0,,
r26_sdc_exception_invalidation,J - constraint interaction,innovus-nangate45,23.12-s091_1,orig,off,0.968,,,,,,,518,,2524.445,55.411,0,0.0,0.0,0.11,1.796,0.002,,,,,10,0,2.11254809,1.00935589,,,0.0,probabilistic,,70,91.0,,
r26_sdc_exception_invalidation,J - constraint interaction,innovus-nangate45,23.12-s091_1,orig,on,0.1678,,-0.644,-9.728,16.0,,,1360,,6258.905,100.0,0,0.0,0.0,0.45,1.105,0.005,,,,,10,0,41.8214707,22.36907969,,,1.376,probabilistic,,3214,3232.0,,
r26_sdc_exception_invalidation,J - constraint interaction,innovus-nangate45,23.12-s091_1,orig,on,0.2397,,-0.003,-0.003,2.0,,,1314,,7546.19,95.05,0,0.0,0.0,0.0,0.725,0.0,,,,,10,0,26.00571872,13.52608865,,,0.9806,probabilistic,,144,163.0,,
r26_sdc_exception_invalidation,J - constraint interaction,innovus-nangate45,23.12-s091_1,orig,on,0.28,,-0.115,-5.669,73.0,113,,1406,,9068.41,89.318,0,0.0,0.0,0.35,0.572,0.002,,,,,10,0,11.49906816,5.01299032,,,1.477,probabilistic,,231,25.0,,
r26_sdc_exception_invalidation,J - constraint interaction,innovus-nangate45,23.12-s091_1,orig,on,0.3425,,0.001,0.0,0.0,,,1310,,7116.455,88.843,0,0.0,0.0,0.31,0.325,0.001,,,,,10,0,20.15509723,11.01031766,,,0.5378,probabilistic,,149,168.0,,
r26_sdc_exception_invalidation,J - constraint interaction,innovus-nangate45,23.12-s091_1,orig,on,0.4893,,0.004,0.0,0.0,,,1215,,6707.13,80.013,1,0.06,0.0,0.2,1.012,0.002,,,,,10,0,12.20747758,6.7502506,,,0.2312,probabilistic,,121,139.0,,
r26_sdc_exception_invalidation,J - constraint interaction,innovus-nangate45,23.12-s091_1,orig,on,0.968,,,,,,,518,,2524.445,55.411,0,0.0,0.0,0.11,1.796,0.002,,,,,10,0,2.11254809,1.00935589,,,0.0,probabilistic,,72,96.0,,
r26_sdc_exception_invalidation,J - constraint interaction,innovus-nangate45,23.12-s091_1,retimed,off,0.1678,,-0.762,-11.968,16.0,,,1489,,7798.82,94.876,0,0.0,0.0,1.81,0.488,0.009,,,,,10,0,35.35165366,18.26604093,,,0.3881,probabilistic,,136,155.0,,
r26_sdc_exception_invalidation,J - constraint interaction,innovus-nangate45,23.12-s091_1,retimed,off,0.2397,,-0.664,-10.466,16.0,,,1442,,7517.225,96.051,0,0.0,0.0,0.91,0.435,0.004,,,,,10,0,23.23054386,11.95203769,,,0.9568,probabilistic,,142,160.0,,
r26_sdc_exception_invalidation,J - constraint interaction,innovus-nangate45,23.12-s091_1,retimed,off,0.28,,-0.629,-17.067,32.0,64,,1390,,8110.85,96.124,0,0.0,0.0,0.91,0.765,0.007,,,,,10,0,20.79468689,10.67089203,,,0.0,probabilistic,,351,19.0,,
r26_sdc_exception_invalidation,J - constraint interaction,innovus-nangate45,23.12-s091_1,retimed,off,0.3425,,-0.529,-8.114,16.0,,,1513,,8662.435,98.863,0,0.0,0.0,0.81,0.492,0.004,,,,,10,0,18.82990951,9.79605497,,,0.8207,probabilistic,,145,163.0,,
r26_sdc_exception_invalidation,J - constraint interaction,innovus-nangate45,23.12-s091_1,retimed,off,0.4893,,-0.387,-5.927,16.0,,,1551,,8364.735,98.695,0,0.0,0.0,1.59,0.496,0.008,,,,,10,0,12.57756435,6.48509991,,,0.4616,probabilistic,,154,174.0,,
r26_sdc_exception_invalidation,J - constraint interaction,innovus-nangate45,23.12-s091_1,retimed,off,0.9682,,,,,,,1218,,6401.235,74.905,0,0.0,0.0,0.84,0.824,0.007,,,,,10,0,4.399214,2.30121777,,,0.0,probabilistic,,111,136.0,,
r26_sdc_exception_invalidation,J - constraint interaction,openroad_syn,,directive,unsupported,0.631,VIOLATED,,,,,,429,,,,,,,,,,,,,,,,4.20664,1.84256,,,,vectorless,,0,1.0,23bca9631e47,uncommitted
r26_sdc_exception_invalidation,J - constraint interaction,openroad_syn,,directive,unsupported,0.771,VIOLATED,,,,,,429,,,,,,,,,,,,,,,,3.4477100000000003,1.5079799999999999,,,,vectorless,,1,1.0,23bca9631e47,uncommitted
r26_sdc_exception_invalidation,J - constraint interaction,openroad_syn,,directive,unsupported,0.947,VIOLATED,,,,,,429,,,,,,,,,,,,,,,,2.81314,1.22773,,,,vectorless,,0,1.0,23bca9631e47,uncommitted
r26_sdc_exception_invalidation,J - constraint interaction,openroad_syn,,directive,unsupported,1.152,VIOLATED,,,,,,429,,,,,,,,,,,,,,,,2.31889,1.00925,,,,vectorless,,0,0.0,23bca9631e47,uncommitted
r26_sdc_exception_invalidation,J - constraint interaction,openroad_syn,,directive,unsupported,1.395,VIOLATED,,,,,,429,,,,,,,,,,,,,,,,1.92117,0.833445,,,,vectorless,,1,1.0,23bca9631e47,uncommitted
r26_sdc_exception_invalidation,J - constraint interaction,openroad_syn,,directive,unsupported,1.681,VIOLATED,,,,,,429,,,,,,,,,,,,,,,,1.60076,0.691645,,,,vectorless,,0,1.0,23bca9631e47,uncommitted
r26_sdc_exception_invalidation,J - constraint interaction,openroad_syn,,orig,unsupported,0.631,VIOLATED,,,,,,429,,,,,,,,,,,,,,,,4.20664,1.84256,,,,vectorless,,0,0.0,23bca9631e47,uncommitted
r26_sdc_exception_invalidation,J - constraint interaction,openroad_syn,,orig,unsupported,0.771,VIOLATED,,,,,,429,,,,,,,,,,,,,,,,3.4477100000000003,1.5079799999999999,,,,vectorless,,1,1.0,23bca9631e47,uncommitted
r26_sdc_exception_invalidation,J - constraint interaction,openroad_syn,,orig,unsupported,0.947,VIOLATED,,,,,,429,,,,,,,,,,,,,,,,2.81314,1.22773,,,,vectorless,,0,1.0,23bca9631e47,uncommitted
r26_sdc_exception_invalidation,J - constraint interaction,openroad_syn,,orig,unsupported,1.152,VIOLATED,,,,,,429,,,,,,,,,,,,,,,,2.31889,1.00925,,,,vectorless,,0,1.0,23bca9631e47,uncommitted
r26_sdc_exception_invalidation,J - constraint interaction,openroad_syn,,orig,unsupported,1.395,VIOLATED,,,,,,429,,,,,,,,,,,,,,,,1.92117,0.833445,,,,vectorless,,1,1.0,23bca9631e47,uncommitted
r26_sdc_exception_invalidation,J - constraint interaction,openroad_syn,,orig,unsupported,1.681,VIOLATED,,,,,,429,,,,,,,,,,,,,,,,1.60076,0.691645,,,,vectorless,,0,1.0,23bca9631e47,uncommitted
r26_sdc_exception_invalidation,J - constraint interaction,openroad_syn,,retimed,unsupported,0.631,VIOLATED,,,,,,448,,,,,,,,,,,,,,,,3.3690700000000002,1.39563,,,,vectorless,,0,1.0,23bca9631e47,uncommitted
r26_sdc_exception_invalidation,J - constraint interaction,openroad_syn,,retimed,unsupported,0.771,VIOLATED,,,,,,448,,,,,,,,,,,,,,,,2.76239,1.14221,,,,vectorless,,1,1.0,23bca9631e47,uncommitted
r26_sdc_exception_invalidation,J - constraint interaction,openroad_syn,,retimed,unsupported,0.947,VIOLATED,,,,,,448,,,,,,,,,,,,,,,,2.25541,0.92993,,,,vectorless,,0,1.0,23bca9631e47,uncommitted
r26_sdc_exception_invalidation,J - constraint interaction,openroad_syn,,retimed,unsupported,1.152,VIOLATED,,,,,,448,,,,,,,,,,,,,,,,1.86065,0.764448,,,,vectorless,,0,1.0,23bca9631e47,uncommitted
r26_sdc_exception_invalidation,J - constraint interaction,openroad_syn,,retimed,unsupported,1.395,VIOLATED,,,,,,448,,,,,,,,,,,,,,,,1.54298,0.631286,,,,vectorless,,1,1.0,23bca9631e47,uncommitted
r26_sdc_exception_invalidation,J - constraint interaction,openroad_syn,,retimed,unsupported,1.681,VIOLATED,,,,,,448,,,,,,,,,,,,,,,,1.28718,0.52388,,,,vectorless,,0,1.0,23bca9631e47,uncommitted
r26_sdc_exception_invalidation,J - constraint interaction,vivado-xc7a100t,2025.2,directive,on,3.0,VIOLATED,,,,,,,,,,,,,,,,,,,,,,170.0,,,,,vectorless,128,457,486.0,,
r26_sdc_exception_invalidation,J - constraint interaction,vivado-xc7a100t,2025.2,orig,off,3.0,VIOLATED,,,,,,,,,,,,,,,,,,,,,,170.0,,,,,vectorless,128,449,480.0,,
r26_sdc_exception_invalidation,J - constraint interaction,vivado-xc7a100t,2025.2,orig,on,3.0,VIOLATED,,,,,,,,,,,,,,,,,,,,,,170.0,,,,,vectorless,128,466,496.0,,
r26_sdc_exception_invalidation,J - constraint interaction,vivado-xc7a100t,2025.2,retimed,off,3.0,VIOLATED,,,,,,,,,,,,,,,,,,,,,,153.0,,,,,vectorless,128,487,519.0,,
r26_sdc_exception_invalidation,J - constraint interaction,vivado-xcau7p,2025.2,directive,on,3.0,VIOLATED,,,,,,,,,,,,,,,,,,,,,,200.0,,,,,vectorless,178,112,127.0,,
r26_sdc_exception_invalidation,J - constraint interaction,vivado-xcau7p,2025.2,orig,off,3.0,VIOLATED,,,,,,,,,,,,,,,,,,,,,,200.0,,,,,vectorless,178,115,130.0,,
r26_sdc_exception_invalidation,J - constraint interaction,vivado-xcau7p,2025.2,orig,on,3.0,VIOLATED,,,,,,,,,,,,,,,,,,,,,,200.0,,,,,vectorless,178,113,128.0,,
r26_sdc_exception_invalidation,J - constraint interaction,vivado-xcau7p,2025.2,retimed,off,3.0,VIOLATED,,,,,,,,,,,,,,,,,,,,,,194.0,,,,,vectorless,177,109,122.0,,
r26_sdc_exception_invalidation,J - constraint interaction,vivado2023.1-xc7a100t,2023.1,directive,on,3.9,VIOLATED,,,,,,,,,,,,,,,,,,,,,,138.0,,,,,vectorless,128,28,41.0,,
r26_sdc_exception_invalidation,J - constraint interaction,vivado2023.1-xc7a100t,2023.1,directive,on,4.8,VIOLATED,,,,,,,,,,,,,,,,,,,,,,129.0,,,,,vectorless,128,29,37.0,,
r26_sdc_exception_invalidation,J - constraint interaction,vivado2023.1-xc7a100t,2023.1,directive,on,6.0,VIOLATED,,,,,,,,,,,,,,,,,,,,,,122.0,,,,,vectorless,128,29,37.0,,
r26_sdc_exception_invalidation,J - constraint interaction,vivado2023.1-xc7a100t,2023.1,directive,on,7.2,VIOLATED,,,,,,,,,,,,,,,,,,,,,,117.0,,,,,vectorless,128,29,37.0,,
r26_sdc_exception_invalidation,J - constraint interaction,vivado2023.1-xc7a100t,2023.1,directive,on,9.0,VIOLATED,,,,,,,,,,,,,,,,,,,,,,111.0,,,,,vectorless,128,28,37.0,,
r26_sdc_exception_invalidation,J - constraint interaction,vivado2023.1-xc7a100t,2023.1,orig,off,3.9,VIOLATED,,,,,,,,,,,,,,,,,,,,,,138.0,,,,,vectorless,128,29,41.0,,
r26_sdc_exception_invalidation,J - constraint interaction,vivado2023.1-xc7a100t,2023.1,orig,off,4.8,VIOLATED,,,,,,,,,,,,,,,,,,,,,,129.0,,,,,vectorless,128,33,42.0,,
r26_sdc_exception_invalidation,J - constraint interaction,vivado2023.1-xc7a100t,2023.1,orig,off,6.0,VIOLATED,,,,,,,,,,,,,,,,,,,,,,122.0,,,,,vectorless,128,30,43.0,,
r26_sdc_exception_invalidation,J - constraint interaction,vivado2023.1-xc7a100t,2023.1,orig,off,7.2,VIOLATED,,,,,,,,,,,,,,,,,,,,,,117.0,,,,,vectorless,128,33,43.0,,
r26_sdc_exception_invalidation,J - constraint interaction,vivado2023.1-xc7a100t,2023.1,orig,off,9.0,VIOLATED,,,,,,,,,,,,,,,,,,,,,,111.0,,,,,vectorless,128,34,45.0,,
r26_sdc_exception_invalidation,J - constraint interaction,vivado2023.1-xc7a100t,2023.1,orig,on,3.9,VIOLATED,,,,,,,,,,,,,,,,,,,,,,138.0,,,,,vectorless,128,29,38.0,,
r26_sdc_exception_invalidation,J - constraint interaction,vivado2023.1-xc7a100t,2023.1,orig,on,4.8,VIOLATED,,,,,,,,,,,,,,,,,,,,,,129.0,,,,,vectorless,128,29,38.0,,
r26_sdc_exception_invalidation,J - constraint interaction,vivado2023.1-xc7a100t,2023.1,orig,on,6.0,VIOLATED,,,,,,,,,,,,,,,,,,,,,,122.0,,,,,vectorless,128,29,37.0,,
r26_sdc_exception_invalidation,J - constraint interaction,vivado2023.1-xc7a100t,2023.1,orig,on,7.2,VIOLATED,,,,,,,,,,,,,,,,,,,,,,117.0,,,,,vectorless,128,28,39.0,,
r26_sdc_exception_invalidation,J - constraint interaction,vivado2023.1-xc7a100t,2023.1,orig,on,9.0,VIOLATED,,,,,,,,,,,,,,,,,,,,,,111.0,,,,,vectorless,128,29,40.0,,
r26_sdc_exception_invalidation,J - constraint interaction,vivado2023.1-xc7a100t,2023.1,retimed,off,3.9,VIOLATED,,,,,,,,,,,,,,,,,,,,,,138.0,,,,,vectorless,128,32,40.0,,
r26_sdc_exception_invalidation,J - constraint interaction,vivado2023.1-xc7a100t,2023.1,retimed,off,4.8,VIOLATED,,,,,,,,,,,,,,,,,,,,,,129.0,,,,,vectorless,128,32,42.0,,
r26_sdc_exception_invalidation,J - constraint interaction,vivado2023.1-xc7a100t,2023.1,retimed,off,6.0,VIOLATED,,,,,,,,,,,,,,,,,,,,,,121.0,,,,,vectorless,128,28,37.0,,
r26_sdc_exception_invalidation,J - constraint interaction,vivado2023.1-xc7a100t,2023.1,retimed,off,7.2,VIOLATED,,,,,,,,,,,,,,,,,,,,,,116.0,,,,,vectorless,128,28,36.0,,
r26_sdc_exception_invalidation,J - constraint interaction,vivado2023.1-xc7a100t,2023.1,retimed,off,9.0,VIOLATED,,,,,,,,,,,,,,,,,,,,,,111.0,,,,,vectorless,128,28,39.0,,
r26_sdc_exception_invalidation,J - constraint interaction,yosys,0.58,directive,on,0.631,VIOLATED,,,,,,591,773.528,,,,,,,,,,,,,,,12.200000000000001,6.18,,,,vectorless,,1.0,1.0,23bca9631e47,uncommitted
r26_sdc_exception_invalidation,J - constraint interaction,yosys,0.58,directive,on,0.771,VIOLATED,,,,,,591,773.528,,,,,,,,,,,,,,,10.0,5.0600000000000005,,,,vectorless,,2.0,2.0,23bca9631e47,uncommitted
r26_sdc_exception_invalidation,J - constraint interaction,yosys,0.58,directive,on,0.947,VIOLATED,,,,,,591,773.528,,,,,,,,,,,,,,,8.17,4.12,,,,vectorless,,1.0,2.0,23bca9631e47,uncommitted
r26_sdc_exception_invalidation,J - constraint interaction,yosys,0.58,directive,on,1.152,VIOLATED,,,,,,591,773.528,,,,,,,,,,,,,,,6.7299999999999995,3.3800000000000003,,,,vectorless,,1.0,2.0,23bca9631e47,uncommitted
r26_sdc_exception_invalidation,J - constraint interaction,yosys,0.58,directive,on,1.395,VIOLATED,,,,,,591,773.528,,,,,,,,,,,,,,,5.56,2.79,,,,vectorless,,2.0,2.0,23bca9631e47,uncommitted
r26_sdc_exception_invalidation,J - constraint interaction,yosys,0.58,directive,on,1.681,MET,,,,,,591,773.528,,,,,,,,,,,,,,,4.62,2.32,,,,vectorless,,2.0,2.0,23bca9631e47,uncommitted
r26_sdc_exception_invalidation,J - constraint interaction,yosys,0.58,orig,off,0.631,VIOLATED,,,,,,559,574.56,,,,,,,,,,,,,,,7.31,3.18,,,,vectorless,,0.0,1.0,23bca9631e47,uncommitted
r26_sdc_exception_invalidation,J - constraint interaction,yosys,0.58,orig,off,0.771,VIOLATED,,,,,,559,574.56,,,,,,,,,,,,,,,5.989999999999999,2.6,,,,vectorless,,1.0,2.0,23bca9631e47,uncommitted
r26_sdc_exception_invalidation,J - constraint interaction,yosys,0.58,orig,off,0.947,VIOLATED,,,,,,559,574.56,,,,,,,,,,,,,,,4.88,2.12,,,,vectorless,,1.0,1.0,23bca9631e47,uncommitted
r26_sdc_exception_invalidation,J - constraint interaction,yosys,0.58,orig,off,1.152,VIOLATED,,,,,,559,574.56,,,,,,,,,,,,,,,4.0200000000000005,1.74,,,,vectorless,,1.0,1.0,23bca9631e47,uncommitted
r26_sdc_exception_invalidation,J - constraint interaction,yosys,0.58,orig,off,1.395,VIOLATED,,,,,,559,574.56,,,,,,,,,,,,,,,3.33,1.4400000000000002,,,,vectorless,,1.0,1.0,23bca9631e47,uncommitted
r26_sdc_exception_invalidation,J - constraint interaction,yosys,0.58,orig,off,1.681,VIOLATED,,,,,,559,574.56,,,,,,,,,,,,,,,2.77,1.1900000000000002,,,,vectorless,,0.0,1.0,23bca9631e47,uncommitted
r26_sdc_exception_invalidation,J - constraint interaction,yosys,0.58,orig,on,0.631,VIOLATED,,,,,,591,773.528,,,,,,,,,,,,,,,12.200000000000001,6.18,,,,vectorless,,1.0,1.0,23bca9631e47,uncommitted
r26_sdc_exception_invalidation,J - constraint interaction,yosys,0.58,orig,on,0.771,VIOLATED,,,,,,591,773.528,,,,,,,,,,,,,,,10.0,5.0600000000000005,,,,vectorless,,1.0,2.0,23bca9631e47,uncommitted
r26_sdc_exception_invalidation,J - constraint interaction,yosys,0.58,orig,on,0.947,VIOLATED,,,,,,591,773.528,,,,,,,,,,,,,,,8.17,4.12,,,,vectorless,,2.0,2.0,23bca9631e47,uncommitted
r26_sdc_exception_invalidation,J - constraint interaction,yosys,0.58,orig,on,1.152,VIOLATED,,,,,,591,773.528,,,,,,,,,,,,,,,6.7299999999999995,3.3800000000000003,,,,vectorless,,2.0,2.0,23bca9631e47,uncommitted
r26_sdc_exception_invalidation,J - constraint interaction,yosys,0.58,orig,on,1.395,VIOLATED,,,,,,591,773.528,,,,,,,,,,,,,,,5.56,2.79,,,,vectorless,,1.0,1.0,23bca9631e47,uncommitted
r26_sdc_exception_invalidation,J - constraint interaction,yosys,0.58,orig,on,1.681,MET,,,,,,591,773.528,,,,,,,,,,,,,,,4.62,2.32,,,,vectorless,,1.0,1.0,23bca9631e47,uncommitted
r26_sdc_exception_invalidation,J - constraint interaction,yosys,0.58,retimed,off,0.631,VIOLATED,,,,,,552,568.974,,,,,,,,,,,,,,,5.56,2.2300000000000004,,,,vectorless,,1.0,2.0,23bca9631e47,uncommitted
r26_sdc_exception_invalidation,J - constraint interaction,yosys,0.58,retimed,off,0.771,VIOLATED,,,,,,552,568.974,,,,,,,,,,,,,,,4.55,1.83,,,,vectorless,,1.0,1.0,23bca9631e47,uncommitted
r26_sdc_exception_invalidation,J - constraint interaction,yosys,0.58,retimed,off,0.947,VIOLATED,,,,,,552,568.974,,,,,,,,,,,,,,,3.7100000000000004,1.49,,,,vectorless,,0.0,1.0,23bca9631e47,uncommitted
r26_sdc_exception_invalidation,J - constraint interaction,yosys,0.58,retimed,off,1.152,VIOLATED,,,,,,552,568.974,,,,,,,,,,,,,,,3.0599999999999996,1.22,,,,vectorless,,1.0,2.0,23bca9631e47,uncommitted
r26_sdc_exception_invalidation,J - constraint interaction,yosys,0.58,retimed,off,1.395,VIOLATED,,,,,,552,568.974,,,,,,,,,,,,,,,2.5300000000000002,1.01,,,,vectorless,,1.0,1.0,23bca9631e47,uncommitted
r26_sdc_exception_invalidation,J - constraint interaction,yosys,0.58,retimed,off,1.681,VIOLATED,,,,,,552,568.974,,,,,,,,,,,,,,,2.11,0.838,,,,vectorless,,1.0,2.0,23bca9631e47,uncommitted
r27_exception_scope_probe,J - constraint interaction,genus,23.12-s086_1,directive,off,0.2415,VIOLATED,,,,78,64,1423,3530.7681925,,,,,,,,,,,,,,,22.8124,11.059700000000001,3.77813,18.6835,0.35072499999999995,probabilistic,,694,761.0,9cefa9345b75,92f52de
r27_exception_scope_probe,J - constraint interaction,genus,23.12-s086_1,directive,off,0.2702,VIOLATED,,,,166,128,1556,4035.26696025,,,,,,,,,,,,,,,18.282799999999998,7.549980000000001,5.993530000000001,11.614799999999999,0.674412,probabilistic,,76,91.0,9cefa9345b75,4f7c7a48
r27_exception_scope_probe,J - constraint interaction,genus,23.12-s086_1,directive,off,0.3261,VIOLATED,,,,161,128,1543,3989.0432935,,,,,,,,,,,,,,,14.852300000000001,6.17262,4.89448,9.41945,0.538396,probabilistic,,88,14.0,9cefa9345b75,4f7c7a48
r27_exception_scope_probe,J - constraint interaction,genus,23.12-s086_1,directive,off,0.345,VIOLATED,,,,88,64,1526,3774.952741,,,,,,,,,,,,,,,16.6063,7.99069,2.8276299999999996,13.501600000000002,0.277072,probabilistic,,869,933.0,9cefa9345b75,92f52de
r27_exception_scope_probe,J - constraint interaction,genus,23.12-s086_1,directive,off,0.3702,VIOLATED,,,,,,1421,3469.0838894999997,,,,,,,,,,,,,,,13.1449,6.09654,2.8283,10.0571,0.259519,probabilistic,,77,87.0,e520ae02a1e7,uncommitted
r27_exception_scope_probe,J - constraint interaction,genus,23.12-s086_1,directive,off,0.4928,MET,,,,77,64,1165,2942.44090425,,,,,,,,,,,,,,,8.70552,3.99764,1.7173500000000002,6.81678,0.171384,probabilistic,,74,91.0,9cefa9345b75,92f52de
r27_exception_scope_probe,J - constraint interaction,genus,23.12-s086_1,directive,off,0.6522,MET,,,,126,128,842,2450.05539425,,,,,,,,,,,,,,,4.926780000000001,1.7535999999999998,2.01731,2.69834,0.21112799999999998,probabilistic,,44,55.0,9cefa9345b75,4f7c7a48
r27_exception_scope_probe,J - constraint interaction,genus,23.12-s086_1,directive,off,0.7251,MET,,,,,,1003,2574.272271,,,,,,,,,,,,,,,4.77772,2.00103,1.356,3.28906,0.132664,probabilistic,,36,45.0,e520ae02a1e7,uncommitted
r27_exception_scope_probe,J - constraint interaction,genus,23.12-s086_1,directive,off,1.066,MET,,,,,,741,1917.7460765,,,,,,,,,,,,,,,2.49832,1.04297,0.6033,1.8345200000000002,0.0605,probabilistic,,23,33.0,e520ae02a1e7,uncommitted
r27_exception_scope_probe,J - constraint interaction,genus,23.12-s086_1,orig,off,0.2415,VIOLATED,,,,56,64,1622,3889.8950245,,,,,,,,,,,,,,,24.5703,12.3296,2.7486300000000004,21.5701,0.25151999999999997,probabilistic,,861,925.0,9cefa9345b75,92f52de
r27_exception_scope_probe,J - constraint interaction,genus,23.12-s086_1,orig,off,0.2702,VIOLATED,,,,112,128,1556,3867.7403617499995,,,,,,,,,,,,,,,21.2818,10.1029,3.94787,16.8817,0.452295,probabilistic,,102,115.0,9cefa9345b75,4f7c7a48
r27_exception_scope_probe,J - constraint interaction,genus,23.12-s086_1,orig,off,0.345,VIOLATED,,,,56,64,1570,3676.3016355,,,,,,,,,,,,,,,14.7309,7.350169999999999,1.9153900000000001,12.636,0.179571,probabilistic,,593,660.0,9cefa9345b75,92f52de
r27_exception_scope_probe,J - constraint interaction,genus,23.12-s086_1,orig,off,0.3702,VIOLATED,,,,,,1167,2845.3775299999998,,,,,,,,,,,,,,,10.490599999999999,4.82809,1.9232,8.398100000000001,0.16930800000000001,probabilistic,,53,61.0,e520ae02a1e7,uncommitted
r27_exception_scope_probe,J - constraint interaction,genus,23.12-s086_1,orig,off,0.4928,VIOLATED,,,,56,64,1428,3447.67028025,,,,,,,,,,,,,,,9.38685,4.55206,1.34269,7.91992,0.124241,probabilistic,,136,154.0,9cefa9345b75,92f52de
r27_exception_scope_probe,J - constraint interaction,genus,23.12-s086_1,orig,off,0.6522,VIOLATED,,,,112,128,1541,3931.4290497499996,,,,,,,,,,,,,,,9.03389,4.200200000000001,1.70571,7.1408000000000005,0.187381,probabilistic,,140,150.0,9cefa9345b75,4f7c7a48
r27_exception_scope_probe,J - constraint interaction,genus,23.12-s086_1,orig,off,1.066,MET,,,,,,932,2371.96432525,,,,,,,,,,,,,,,3.16354,1.3989,0.626765,2.47911,0.0576623,probabilistic,,18,27.0,e520ae02a1e7,uncommitted
r27_exception_scope_probe,J - constraint interaction,genus,23.12-s086_1,orig,on,0.2415,VIOLATED,,,,78,64,1423,3530.7681925,,,,,,,,,,,,,,,22.8124,11.059700000000001,3.77813,18.6835,0.35072499999999995,probabilistic,,703,772.0,9cefa9345b75,92f52de
r27_exception_scope_probe,J - constraint interaction,genus,23.12-s086_1,orig,on,0.2702,VIOLATED,,,,166,128,1556,4035.26696025,,,,,,,,,,,,,,,18.282799999999998,7.549980000000001,5.993530000000001,11.614799999999999,0.674412,probabilistic,,76,89.0,9cefa9345b75,4f7c7a48
r27_exception_scope_probe,J - constraint interaction,genus,23.12-s086_1,orig,on,0.3261,VIOLATED,,,,161,128,1543,3989.0432935,,,,,,,,,,,,,,,14.852300000000001,6.17262,4.89448,9.41945,0.538396,probabilistic,,83,12.0,9cefa9345b75,4f7c7a48
r27_exception_scope_probe,J - constraint interaction,genus,23.12-s086_1,orig,on,0.345,VIOLATED,,,,88,64,1526,3774.952741,,,,,,,,,,,,,,,16.6063,7.99069,2.8276299999999996,13.501600000000002,0.277072,probabilistic,,886,946.0,9cefa9345b75,92f52de
r27_exception_scope_probe,J - constraint interaction,genus,23.12-s086_1,orig,on,0.3702,VIOLATED,,,,,,1421,3469.0838894999997,,,,,,,,,,,,,,,13.1449,6.09654,2.8283,10.0571,0.259519,probabilistic,,77,85.0,e520ae02a1e7,uncommitted
r27_exception_scope_probe,J - constraint interaction,genus,23.12-s086_1,orig,on,0.4928,MET,,,,77,64,1165,2942.44090425,,,,,,,,,,,,,,,8.70552,3.99764,1.7173500000000002,6.81678,0.171384,probabilistic,,79,97.0,9cefa9345b75,92f52de
r27_exception_scope_probe,J - constraint interaction,genus,23.12-s086_1,orig,on,0.6522,MET,,,,126,128,842,2450.05539425,,,,,,,,,,,,,,,4.926780000000001,1.7535999999999998,2.01731,2.69834,0.21112799999999998,probabilistic,,44,56.0,9cefa9345b75,4f7c7a48
r27_exception_scope_probe,J - constraint interaction,genus,23.12-s086_1,orig,on,0.7251,MET,,,,,,1003,2574.272271,,,,,,,,,,,,,,,4.77772,2.00103,1.356,3.28906,0.132664,probabilistic,,36,46.0,e520ae02a1e7,uncommitted
r27_exception_scope_probe,J - constraint interaction,genus,23.12-s086_1,orig,on,1.066,MET,,,,,,741,1917.7460765,,,,,,,,,,,,,,,2.49832,1.04297,0.6033,1.8345200000000002,0.0605,probabilistic,,23,31.0,e520ae02a1e7,uncommitted
r27_exception_scope_probe,J - constraint interaction,genus,23.12-s086_1,retimed,off,0.2415,VIOLATED,,,,56,64,1341,3222.04349425,,,,,,,,,,,,,,,19.0593,9.39854,2.53231,16.275000000000002,0.252021,probabilistic,,620,686.0,9cefa9345b75,92f52de
r27_exception_scope_probe,J - constraint interaction,genus,23.12-s086_1,retimed,off,0.2702,VIOLATED,,,,112,128,1439,3633.42247575,,,,,,,,,,,,,,,19.5994,9.14321,3.9637400000000005,15.1843,0.451399,probabilistic,,102,118.0,9cefa9345b75,4f7c7a48
r27_exception_scope_probe,J - constraint interaction,genus,23.12-s086_1,retimed,off,0.345,VIOLATED,,,,56,64,1584,3750.5206945,,,,,,,,,,,,,,,15.9681,8.12425,1.83537,13.9566,0.176064,probabilistic,,647,712.0,9cefa9345b75,92f52de
r27_exception_scope_probe,J - constraint interaction,genus,23.12-s086_1,retimed,off,0.3702,VIOLATED,,,,,,1575,3747.3505880000002,,,,,,,,,,,,,,,12.9687,6.40325,1.85139,10.9499,0.167347,probabilistic,,71,81.0,e520ae02a1e7,uncommitted
r27_exception_scope_probe,J - constraint interaction,genus,23.12-s086_1,retimed,off,0.4928,MET,,,,56,64,1320,3158.1579435,,,,,,,,,,,,,,,8.63018,4.2153,1.22799,7.27844,0.12375,probabilistic,,73,91.0,9cefa9345b75,92f52de
r27_exception_scope_probe,J - constraint interaction,genus,23.12-s086_1,retimed,off,0.6522,VIOLATED,,,,112,128,1483,3810.8041942500004,,,,,,,,,,,,,,,8.53984,3.97676,1.6231,6.72936,0.187381,probabilistic,,120,133.0,9cefa9345b75,4f7c7a48
r27_exception_scope_probe,J - constraint interaction,genus,23.12-s086_1,retimed,off,0.7323,MET,,,,,,968,2444.5857134999997,,,,,,,,,,,,,,,4.22391,1.85787,0.859198,3.28094,0.083773,probabilistic,,19,27.0,e520ae02a1e7,uncommitted
r27_exception_scope_probe,J - constraint interaction,genus,23.12-s086_1,retimed,off,1.066,MET,,,,,,702,1834.4680560000002,,,,,,,,,,,,,,,2.2189,0.9009050000000001,0.561143,1.6005500000000001,0.0572083,probabilistic,,12,20.0,e520ae02a1e7,uncommitted
r27_exception_scope_probe,J - constraint interaction,innovus-nangate45,23.12-s091_1,directive,off,0.2415,,-0.172,-3.504,38.0,78,,1824,,10112.865,98.062,0,0.0,0.0,0.15,0.679,0.001,,,,,10,0,30.18786568,15.09057096,,,3.02,probabilistic,,1131,1229.0,,
r27_exception_scope_probe,J - constraint interaction,innovus-nangate45,23.12-s091_1,directive,off,0.2702,,-0.112,-4.418,89.0,166,,1848,,10784.655,85.582,0,0.0,0.0,0.85,0.467,0.004,,,,,10,0,14.94125915,6.24037834,,,2.426,probabilistic,,188,16.0,,
r27_exception_scope_probe,J - constraint interaction,innovus-nangate45,23.12-s091_1,directive,off,0.345,,0.01,0.0,0.0,88,,1700,,9166.68,83.394,0,0.0,0.0,0.31,0.321,0.001,,,,,10,0,17.42453917,8.85397341,,,0.9391,probabilistic,,1075,1180.0,,
r27_exception_scope_probe,J - constraint interaction,innovus-nangate45,23.12-s091_1,directive,off,0.4928,,0.001,0.0,0.0,77,,1278,,7359.49,78.154,3,0.18,0.0,0.0,0.348,0.0,,,,,10,0,8.39890613,4.22566155,,,0.0,probabilistic,,170,200.0,,
r27_exception_scope_probe,J - constraint interaction,innovus-nangate45,23.12-s091_1,orig,off,0.2415,,-0.101,-0.266,11.0,56,,1975,,10665.3,97.79,0,0.0,0.0,0.51,0.587,0.003,,,,,10,0,36.40470501,18.77919594,,,2.122,probabilistic,,1176,1274.0,,
r27_exception_scope_probe,J - constraint interaction,innovus-nangate45,23.12-s091_1,orig,off,0.2702,,-0.424,-16.095,55.0,112,,2013,,10629.85,101.397,0,0.0,0.0,0.34,0.872,0.003,,,,,10,0,33.0863452,16.31464985,,,4.113,probabilistic,,3428,16.0,,
r27_exception_scope_probe,J - constraint interaction,innovus-nangate45,23.12-s091_1,orig,off,0.345,,0.0,0.0,0.0,56,,1842,,9742.745,97.044,1,0.07,0.0,1.51,0.586,0.009,,,,,10,0,22.40956539,11.75744478,,,1.419,probabilistic,,1148,1251.0,,
r27_exception_scope_probe,J - constraint interaction,innovus-nangate45,23.12-s091_1,orig,off,0.4928,,-0.014,-0.051,6.0,56,,1665,,8780.22,92.415,1,0.05,0.0,0.71,0.558,0.004,,,,,10,0,12.75688219,6.57367857,,,0.0,probabilistic,,451,495.0,,
r27_exception_scope_probe,J - constraint interaction,innovus-nangate45,23.12-s091_1,orig,on,0.2415,,-0.172,-3.504,38.0,78,,1824,,10112.865,98.062,0,0.0,0.0,0.15,0.679,0.001,,,,,10,0,30.18786568,15.09057096,,,3.02,probabilistic,,1167,1273.0,,
r27_exception_scope_probe,J - constraint interaction,innovus-nangate45,23.12-s091_1,orig,on,0.2702,,-0.112,-4.418,89.0,166,,1848,,10784.655,85.582,0,0.0,0.0,0.85,0.467,0.004,,,,,10,0,14.94125915,6.24037834,,,2.426,probabilistic,,184,16.0,,
r27_exception_scope_probe,J - constraint interaction,innovus-nangate45,23.12-s091_1,orig,on,0.345,,0.01,0.0,0.0,88,,1700,,9166.68,83.394,0,0.0,0.0,0.31,0.321,0.001,,,,,10,0,17.42453917,8.85397341,,,0.9391,probabilistic,,1075,1179.0,,
r27_exception_scope_probe,J - constraint interaction,innovus-nangate45,23.12-s091_1,orig,on,0.4928,,0.001,0.0,0.0,77,,1278,,7359.49,78.154,3,0.18,0.0,0.0,0.348,0.0,,,,,10,0,8.39890613,4.22566155,,,0.0,probabilistic,,177,209.0,,
r27_exception_scope_probe,J - constraint interaction,innovus-nangate45,23.12-s091_1,retimed,off,0.2702,,-0.422,-14.684,57.0,112,,1963,,9495.465,102.081,0,0.0,0.0,0.34,0.878,0.003,,,,,10,0,28.5700256,14.15203145,,,2.616,probabilistic,,404,17.0,,
r27_exception_scope_probe,J - constraint interaction,innovus-nangate45,23.12-s091_1,retimed,off,0.345,,-0.215,-4.687,24.0,56,,1898,,9856.16,97.896,0,0.0,0.0,0.59,1.007,0.006,,,,,10,0,21.89920219,11.33890133,,,0.7569,probabilistic,,1077,1168.0,,
r27_exception_scope_probe,J - constraint interaction,innovus-nangate45,23.12-s091_1,retimed,off,0.4928,,-0.001,-0.001,1.0,56,,1403,,7942.24,80.549,0,0.0,0.0,0.64,0.93,0.006,,,,,10,0,8.51012398,4.39139823,,,0.0,probabilistic,,194,224.0,,
r27_exception_scope_probe,J - constraint interaction,openroad_syn,,directive,unsupported,0.935,VIOLATED,,,,,,672,,,,,,,,,,,,,,,,3.3838000000000004,1.27916,,,,vectorless,,1,2.0,9cefa9345b75,uncommitted
r27_exception_scope_probe,J - constraint interaction,openroad_syn,,directive,unsupported,1.141,VIOLATED,,,,,,672,,,,,,,,,,,,,,,,2.78524,1.0482200000000002,,,,vectorless,,1,1.0,9cefa9345b75,uncommitted
r27_exception_scope_probe,J - constraint interaction,openroad_syn,,directive,unsupported,1.402,VIOLATED,,,,,,672,,,,,,,,,,,,,,,,2.27949,0.85308,,,,vectorless,,1,1.0,9cefa9345b75,uncommitted
r27_exception_scope_probe,J - constraint interaction,openroad_syn,,directive,unsupported,1.707,VIOLATED,,,,,,672,,,,,,,,,,,,,,,,1.88542,0.700655,,,,vectorless,,0,1.0,9cefa9345b75,uncommitted
r27_exception_scope_probe,J - constraint interaction,openroad_syn,,directive,unsupported,2.065,VIOLATED,,,,,,672,,,,,,,,,,,,,,,,1.57242,0.579185,,,,vectorless,,0,2.0,9cefa9345b75,uncommitted
r27_exception_scope_probe,J - constraint interaction,openroad_syn,,directive,unsupported,2.489,MET,,,,,,672,,,,,,,,,,,,,,,,1.31819,0.480522,,,,vectorless,,1,1.0,9cefa9345b75,uncommitted
r27_exception_scope_probe,J - constraint interaction,openroad_syn,,orig,unsupported,0.935,VIOLATED,,,,,,672,,,,,,,,,,,,,,,,3.3838000000000004,1.27916,,,,vectorless,,1,1.0,9cefa9345b75,uncommitted
r27_exception_scope_probe,J - constraint interaction,openroad_syn,,orig,unsupported,1.141,VIOLATED,,,,,,672,,,,,,,,,,,,,,,,2.78524,1.0482200000000002,,,,vectorless,,0,1.0,9cefa9345b75,uncommitted
r27_exception_scope_probe,J - constraint interaction,openroad_syn,,orig,unsupported,1.402,VIOLATED,,,,,,672,,,,,,,,,,,,,,,,2.27949,0.85308,,,,vectorless,,0,2.0,9cefa9345b75,uncommitted
r27_exception_scope_probe,J - constraint interaction,openroad_syn,,orig,unsupported,1.707,VIOLATED,,,,,,672,,,,,,,,,,,,,,,,1.88542,0.700655,,,,vectorless,,1,1.0,9cefa9345b75,uncommitted
r27_exception_scope_probe,J - constraint interaction,openroad_syn,,orig,unsupported,2.065,VIOLATED,,,,,,672,,,,,,,,,,,,,,,,1.57242,0.579185,,,,vectorless,,1,1.0,9cefa9345b75,uncommitted
r27_exception_scope_probe,J - constraint interaction,openroad_syn,,orig,unsupported,2.489,MET,,,,,,672,,,,,,,,,,,,,,,,1.31819,0.480522,,,,vectorless,,0,1.0,9cefa9345b75,uncommitted
r27_exception_scope_probe,J - constraint interaction,openroad_syn,,retimed,unsupported,0.935,VIOLATED,,,,,,657,,,,,,,,,,,,,,,,3.65883,1.43996,,,,vectorless,,0,1.0,9cefa9345b75,uncommitted
r27_exception_scope_probe,J - constraint interaction,openroad_syn,,retimed,unsupported,1.141,VIOLATED,,,,,,657,,,,,,,,,,,,,,,,3.01018,1.1799899999999999,,,,vectorless,,0,1.0,9cefa9345b75,uncommitted
r27_exception_scope_probe,J - constraint interaction,openroad_syn,,retimed,unsupported,1.402,VIOLATED,,,,,,657,,,,,,,,,,,,,,,,2.46209,0.9603160000000001,,,,vectorless,,0,1.0,9cefa9345b75,uncommitted
r27_exception_scope_probe,J - constraint interaction,openroad_syn,,retimed,unsupported,1.707,VIOLATED,,,,,,657,,,,,,,,,,,,,,,,2.03491,0.7887299999999999,,,,vectorless,,0,1.0,9cefa9345b75,uncommitted
r27_exception_scope_probe,J - constraint interaction,openroad_syn,,retimed,unsupported,2.065,VIOLATED,,,,,,657,,,,,,,,,,,,,,,,1.6954699999999998,0.651992,,,,vectorless,,1,1.0,9cefa9345b75,uncommitted
r27_exception_scope_probe,J - constraint interaction,openroad_syn,,retimed,unsupported,2.489,VIOLATED,,,,,,657,,,,,,,,,,,,,,,,1.41976,0.5409259999999999,,,,vectorless,,1,1.0,9cefa9345b75,uncommitted
r27_exception_scope_probe,J - constraint interaction,vivado-xc7a100t,2025.2,directive,on,3.0,VIOLATED,,,,,,,,,,,,,,,,,,,,,,211.0,,,,,vectorless,208,388,421.0,,
r27_exception_scope_probe,J - constraint interaction,vivado-xc7a100t,2025.2,orig,off,3.0,VIOLATED,,,,,,,,,,,,,,,,,,,,,,211.0,,,,,vectorless,208,397,431.0,,
r27_exception_scope_probe,J - constraint interaction,vivado-xc7a100t,2025.2,orig,on,3.0,VIOLATED,,,,,,,,,,,,,,,,,,,,,,211.0,,,,,vectorless,208,405,443.0,,
r27_exception_scope_probe,J - constraint interaction,vivado-xc7a100t,2025.2,retimed,off,3.0,VIOLATED,,,,,,,,,,,,,,,,,,,,,,229.0,,,,,vectorless,208,333,368.0,,
r27_exception_scope_probe,J - constraint interaction,vivado-xcau7p,2025.2,directive,on,3.0,VIOLATED,,,,,,,,,,,,,,,,,,,,,,246.0,,,,,vectorless,277,232,247.0,,
r27_exception_scope_probe,J - constraint interaction,vivado-xcau7p,2025.2,orig,off,3.0,VIOLATED,,,,,,,,,,,,,,,,,,,,,,246.0,,,,,vectorless,277,238,253.0,,
r27_exception_scope_probe,J - constraint interaction,vivado-xcau7p,2025.2,orig,on,3.0,VIOLATED,,,,,,,,,,,,,,,,,,,,,,246.0,,,,,vectorless,277,226,243.0,,
r27_exception_scope_probe,J - constraint interaction,vivado-xcau7p,2025.2,retimed,off,3.0,VIOLATED,,,,,,,,,,,,,,,,,,,,,,296.0,,,,,vectorless,249,135,145.0,,
r27_exception_scope_probe,J - constraint interaction,vivado2023.1-xc7a100t,2023.1,directive,on,3.9,VIOLATED,,,,,,,,,,,,,,,,,,,,,,182.0,,,,,vectorless,208,31,39.0,,
r27_exception_scope_probe,J - constraint interaction,vivado2023.1-xc7a100t,2023.1,directive,on,4.8,VIOLATED,,,,,,,,,,,,,,,,,,,,,,165.0,,,,,vectorless,208,30,39.0,,
r27_exception_scope_probe,J - constraint interaction,vivado2023.1-xc7a100t,2023.1,directive,on,6.0,VIOLATED,,,,,,,,,,,,,,,,,,,,,,150.0,,,,,vectorless,208,30,37.0,,
r27_exception_scope_probe,J - constraint interaction,vivado2023.1-xc7a100t,2023.1,directive,on,7.2,VIOLATED,,,,,,,,,,,,,,,,,,,,,,140.0,,,,,vectorless,208,33,52.0,,
r27_exception_scope_probe,J - constraint interaction,vivado2023.1-xc7a100t,2023.1,directive,on,9.0,VIOLATED,,,,,,,,,,,,,,,,,,,,,,130.0,,,,,vectorless,208,34,55.0,,
r27_exception_scope_probe,J - constraint interaction,vivado2023.1-xc7a100t,2023.1,orig,off,3.9,VIOLATED,,,,,,,,,,,,,,,,,,,,,,182.0,,,,,vectorless,208,30,40.0,,
r27_exception_scope_probe,J - constraint interaction,vivado2023.1-xc7a100t,2023.1,orig,off,4.8,VIOLATED,,,,,,,,,,,,,,,,,,,,,,165.0,,,,,vectorless,208,32,44.0,,
r27_exception_scope_probe,J - constraint interaction,vivado2023.1-xc7a100t,2023.1,orig,off,6.0,VIOLATED,,,,,,,,,,,,,,,,,,,,,,150.0,,,,,vectorless,208,32,45.0,,
r27_exception_scope_probe,J - constraint interaction,vivado2023.1-xc7a100t,2023.1,orig,off,7.2,VIOLATED,,,,,,,,,,,,,,,,,,,,,,140.0,,,,,vectorless,208,33,41.0,,
r27_exception_scope_probe,J - constraint interaction,vivado2023.1-xc7a100t,2023.1,orig,off,9.0,VIOLATED,,,,,,,,,,,,,,,,,,,,,,130.0,,,,,vectorless,208,33,41.0,,
r27_exception_scope_probe,J - constraint interaction,vivado2023.1-xc7a100t,2023.1,orig,on,3.9,VIOLATED,,,,,,,,,,,,,,,,,,,,,,182.0,,,,,vectorless,208,80,89.0,,
r27_exception_scope_probe,J - constraint interaction,vivado2023.1-xc7a100t,2023.1,orig,on,4.8,VIOLATED,,,,,,,,,,,,,,,,,,,,,,165.0,,,,,vectorless,208,88,96.0,,
r27_exception_scope_probe,J - constraint interaction,vivado2023.1-xc7a100t,2023.1,orig,on,6.0,VIOLATED,,,,,,,,,,,,,,,,,,,,,,150.0,,,,,vectorless,208,47,62.0,,
r27_exception_scope_probe,J - constraint interaction,vivado2023.1-xc7a100t,2023.1,orig,on,7.2,VIOLATED,,,,,,,,,,,,,,,,,,,,,,140.0,,,,,vectorless,208,47,63.0,,
r27_exception_scope_probe,J - constraint interaction,vivado2023.1-xc7a100t,2023.1,orig,on,9.0,VIOLATED,,,,,,,,,,,,,,,,,,,,,,130.0,,,,,vectorless,208,30,41.0,,
r27_exception_scope_probe,J - constraint interaction,vivado2023.1-xc7a100t,2023.1,retimed,off,3.9,VIOLATED,,,,,,,,,,,,,,,,,,,,,,182.0,,,,,vectorless,208,31,39.0,,
r27_exception_scope_probe,J - constraint interaction,vivado2023.1-xc7a100t,2023.1,retimed,off,4.8,VIOLATED,,,,,,,,,,,,,,,,,,,,,,165.0,,,,,vectorless,208,30,39.0,,
r27_exception_scope_probe,J - constraint interaction,vivado2023.1-xc7a100t,2023.1,retimed,off,6.0,VIOLATED,,,,,,,,,,,,,,,,,,,,,,151.0,,,,,vectorless,208,30,44.0,,
r27_exception_scope_probe,J - constraint interaction,vivado2023.1-xc7a100t,2023.1,retimed,off,7.2,VIOLATED,,,,,,,,,,,,,,,,,,,,,,140.0,,,,,vectorless,208,30,52.0,,
r27_exception_scope_probe,J - constraint interaction,vivado2023.1-xc7a100t,2023.1,retimed,off,9.0,VIOLATED,,,,,,,,,,,,,,,,,,,,,,130.0,,,,,vectorless,208,31,39.0,,
r27_exception_scope_probe,J - constraint interaction,yosys,0.58,directive,on,0.935,VIOLATED,,,,,,894,1225.728,,,,,,,,,,,,,,,6.67,3.1,,,,vectorless,,1.0,2.0,9cefa9345b75,uncommitted
r27_exception_scope_probe,J - constraint interaction,yosys,0.58,directive,on,1.141,VIOLATED,,,,,,894,1225.728,,,,,,,,,,,,,,,5.4799999999999995,2.54,,,,vectorless,,1.0,2.0,9cefa9345b75,uncommitted
r27_exception_scope_probe,J - constraint interaction,yosys,0.58,directive,on,1.402,MET,,,,,,894,1225.728,,,,,,,,,,,,,,,4.47,2.07,,,,vectorless,,1.0,2.0,9cefa9345b75,uncommitted
r27_exception_scope_probe,J - constraint interaction,yosys,0.58,directive,on,1.707,MET,,,,,,894,1225.728,,,,,,,,,,,,,,,3.68,1.7,,,,vectorless,,2.0,2.0,9cefa9345b75,uncommitted
r27_exception_scope_probe,J - constraint interaction,yosys,0.58,directive,on,2.065,MET,,,,,,894,1225.728,,,,,,,,,,,,,,,3.0599999999999996,1.41,,,,vectorless,,1.0,2.0,9cefa9345b75,uncommitted
r27_exception_scope_probe,J - constraint interaction,yosys,0.58,directive,on,2.489,MET,,,,,,894,1225.728,,,,,,,,,,,,,,,2.5500000000000003,1.17,,,,vectorless,,2.0,3.0,9cefa9345b75,uncommitted
r27_exception_scope_probe,J - constraint interaction,yosys,0.58,orig,off,0.935,VIOLATED,,,,,,838,908.124,,,,,,,,,,,,,,,5.01,2.0100000000000002,,,,vectorless,,1.0,2.0,9cefa9345b75,uncommitted
r27_exception_scope_probe,J - constraint interaction,yosys,0.58,orig,off,1.141,VIOLATED,,,,,,838,908.124,,,,,,,,,,,,,,,4.12,1.64,,,,vectorless,,1.0,2.0,9cefa9345b75,uncommitted
r27_exception_scope_probe,J - constraint interaction,yosys,0.58,orig,off,1.402,VIOLATED,,,,,,838,908.124,,,,,,,,,,,,,,,3.3600000000000003,1.34,,,,vectorless,,1.0,1.0,9cefa9345b75,uncommitted
r27_exception_scope_probe,J - constraint interaction,yosys,0.58,orig,off,1.707,VIOLATED,,,,,,838,908.124,,,,,,,,,,,,,,,2.77,1.1,,,,vectorless,,1.0,1.0,9cefa9345b75,uncommitted
r27_exception_scope_probe,J - constraint interaction,yosys,0.58,orig,off,2.065,VIOLATED,,,,,,838,908.124,,,,,,,,,,,,,,,2.31,0.909,,,,vectorless,,1.0,2.0,9cefa9345b75,uncommitted
r27_exception_scope_probe,J - constraint interaction,yosys,0.58,orig,off,2.489,MET,,,,,,838,908.124,,,,,,,,,,,,,,,1.9300000000000002,0.754,,,,vectorless,,1.0,2.0,9cefa9345b75,uncommitted
r27_exception_scope_probe,J - constraint interaction,yosys,0.58,orig,on,0.935,VIOLATED,,,,,,894,1225.728,,,,,,,,,,,,,,,6.67,3.1,,,,vectorless,,2.0,2.0,9cefa9345b75,uncommitted
r27_exception_scope_probe,J - constraint interaction,yosys,0.58,orig,on,1.141,VIOLATED,,,,,,894,1225.728,,,,,,,,,,,,,,,5.4799999999999995,2.54,,,,vectorless,,1.0,2.0,9cefa9345b75,uncommitted
r27_exception_scope_probe,J - constraint interaction,yosys,0.58,orig,on,1.402,MET,,,,,,894,1225.728,,,,,,,,,,,,,,,4.47,2.07,,,,vectorless,,2.0,2.0,9cefa9345b75,uncommitted
r27_exception_scope_probe,J - constraint interaction,yosys,0.58,orig,on,1.707,MET,,,,,,894,1225.728,,,,,,,,,,,,,,,3.68,1.7,,,,vectorless,,2.0,2.0,9cefa9345b75,uncommitted
r27_exception_scope_probe,J - constraint interaction,yosys,0.58,orig,on,2.065,MET,,,,,,894,1225.728,,,,,,,,,,,,,,,3.0599999999999996,1.41,,,,vectorless,,1.0,2.0,9cefa9345b75,uncommitted
r27_exception_scope_probe,J - constraint interaction,yosys,0.58,orig,on,2.489,MET,,,,,,894,1225.728,,,,,,,,,,,,,,,2.5500000000000003,1.17,,,,vectorless,,2.0,2.0,9cefa9345b75,uncommitted
r27_exception_scope_probe,J - constraint interaction,yosys,0.58,retimed,off,0.935,VIOLATED,,,,,,842,883.12,,,,,,,,,,,,,,,4.43,1.71,,,,vectorless,,1.0,1.0,9cefa9345b75,uncommitted
r27_exception_scope_probe,J - constraint interaction,yosys,0.58,retimed,off,1.141,VIOLATED,,,,,,842,883.12,,,,,,,,,,,,,,,3.64,1.4,,,,vectorless,,1.0,1.0,9cefa9345b75,uncommitted
r27_exception_scope_probe,J - constraint interaction,yosys,0.58,retimed,off,1.402,VIOLATED,,,,,,842,883.12,,,,,,,,,,,,,,,2.97,1.14,,,,vectorless,,1.0,2.0,9cefa9345b75,uncommitted
r27_exception_scope_probe,J - constraint interaction,yosys,0.58,retimed,off,1.707,VIOLATED,,,,,,842,883.12,,,,,,,,,,,,,,,2.4499999999999997,0.939,,,,vectorless,,1.0,2.0,9cefa9345b75,uncommitted
r27_exception_scope_probe,J - constraint interaction,yosys,0.58,retimed,off,2.065,VIOLATED,,,,,,842,883.12,,,,,,,,,,,,,,,2.04,0.776,,,,vectorless,,1.0,2.0,9cefa9345b75,uncommitted
r27_exception_scope_probe,J - constraint interaction,yosys,0.58,retimed,off,2.489,MET,,,,,,842,883.12,,,,,,,,,,,,,,,1.7,0.644,,,,vectorless,,1.0,1.0,9cefa9345b75,uncommitted
r28_congestion_wire_split,H - net delay dominates logic delay,,,directive,,8.0,,,,,,,,,,,,,,,,,,,,,,,,,,,,,,,169.0,,
r28_congestion_wire_split,H - net delay dominates logic delay,,,directive,,8.0,,,,,,,,,,,,,,,,,,,,,,,,,,,,,,,65.0,,
r28_congestion_wire_split,H - net delay dominates logic delay,,,orig,,8.0,,,,,,,,,,,,,,,,,,,,,,,,,,,,,,,186.0,,
r28_congestion_wire_split,H - net delay dominates logic delay,,,orig,,8.0,,,,,,,,,,,,,,,,,,,,,,,,,,,,,,,67.0,,
r28_congestion_wire_split,H - net delay dominates logic delay,,,orig,,8.0,,,,,,,,,,,,,,,,,,,,,,,,,,,,,,,185.0,,
r28_congestion_wire_split,H - net delay dominates logic delay,,,orig,,8.0,,,,,,,,,,,,,,,,,,,,,,,,,,,,,,,67.0,,
r28_congestion_wire_split,H - net delay dominates logic delay,,,retimed,,8.0,,,,,,,,,,,,,,,,,,,,,,,,,,,,,,,163.0,,
r28_congestion_wire_split,H - net delay dominates logic delay,,,retimed,,8.0,,,,,,,,,,,,,,,,,,,,,,,,,,,,,,,66.0,,
r28_congestion_wire_split,H - net delay dominates logic delay,genus,23.12-s086_1,directive,off,0.048,VIOLATED,,,,,,2202,7238.3603905,,,,,,,,,,,,,,,76.6001,16.9893,56.757299999999994,11.4466,8.396189999999999,probabilistic,,42,51.0,4eb57d17e126,uncommitted
r28_congestion_wire_split,H - net delay dominates logic delay,genus,23.12-s086_1,directive,off,0.1653,VIOLATED,,,,1811,1554,5615,17971.67067375,,,,,,,,,,,,,,,96.40020000000001,13.282,76.7188,19.6814,0.0,probabilistic,,172,14.0,7e03e5699d28,4f7c7a48
r28_congestion_wire_split,H - net delay dominates logic delay,genus,23.12-s086_1,directive,off,0.1722,VIOLATED,,,,1814,1554,4906,17256.30630125,,,,,,,,,,,,,,,88.3553,10.8888,74.6742,13.681000000000001,0.0,probabilistic,,189,204.0,7e03e5699d28,4f7c7a48
r28_congestion_wire_split,H - net delay dominates logic delay,genus,23.12-s086_1,directive,off,0.18,MET,,,,,,1854,6879.529867,,,,,,,,,,,,,,,38.4632,8.55052,28.3993,5.32067,4.743200000000001,probabilistic,,25,34.0,7e03e5699d28,bdf1989
r28_congestion_wire_split,H - net delay dominates logic delay,genus,23.12-s086_1,directive,off,0.2572,MET,,,,,,1842,6763.57951075,,,,,,,,,,,,,,,26.869899999999998,5.94748,19.787300000000002,3.81812,3.2644599999999997,probabilistic,,22,32.0,7e03e5699d28,bdf1989
r28_congestion_wire_split,H - net delay dominates logic delay,genus,23.12-s086_1,directive,off,0.3306,MET,,,,1825,1554,3719,14634.1934845,,,,,,,,,,,,,,,41.849,3.80308,37.432300000000005,4.41671,0.0,probabilistic,,74,14.0,7e03e5699d28,4f7c7a48
r28_congestion_wire_split,H - net delay dominates logic delay,genus,23.12-s086_1,directive,off,0.3675,MET,,,,,,1841,6750.884546,,,,,,,,,,,,,,,19.4971,4.225849999999999,14.226,2.9834,2.28764,probabilistic,,22,31.0,7e03e5699d28,bdf1989
r28_congestion_wire_split,H - net delay dominates logic delay,genus,23.12-s086_1,directive,off,0.5799,MET,,,,,,1847,6732.90935975,,,,,,,,,,,,,,,12.9049,2.69461,9.771,1.6749399999999999,1.45893,probabilistic,,23,32.0,4eb57d17e126,uncommitted
r28_congestion_wire_split,H - net delay dominates logic delay,genus,23.12-s086_1,orig,off,0.048,VIOLATED,,,,,,2346,7795.5242435,,,,,,,,,,,,,,,80.6066,17.7632,59.856899999999996,12.0764,8.67328,probabilistic,,28,38.0,4eb57d17e126,uncommitted
r28_congestion_wire_split,H - net delay dominates logic delay,genus,23.12-s086_1,orig,off,0.1653,VIOLATED,,,,1549,1554,4549,15167.898823,,,,,,,,,,,,,,,77.0829,9.24387,66.02189999999999,11.0609,0.0,probabilistic,,90,14.0,7e03e5699d28,4f7c7a48
r28_congestion_wire_split,H - net delay dominates logic delay,genus,23.12-s086_1,orig,off,0.1722,VIOLATED,,,,1549,1554,4456,15071.09931075,,,,,,,,,,,,,,,74.0039,8.915040000000001,63.3458,10.658100000000001,0.0,probabilistic,,130,148.0,7e03e5699d28,4f7c7a48
r28_congestion_wire_split,H - net delay dominates logic delay,genus,23.12-s086_1,orig,off,0.18,VIOLATED,,,,,,2301,7628.3699990000005,,,,,,,,,,,,,,,41.2154,9.857579999999999,29.2985,7.22885,4.68808,probabilistic,,27,35.0,7e03e5699d28,bdf1989
r28_congestion_wire_split,H - net delay dominates logic delay,genus,23.12-s086_1,orig,off,0.2572,MET,,,,,,1842,6737.245511749999,,,,,,,,,,,,,,,27.092299999999998,5.97741,19.918499999999998,3.9220899999999994,3.25176,probabilistic,,7,15.0,7e03e5699d28,bdf1989
r28_congestion_wire_split,H - net delay dominates logic delay,genus,23.12-s086_1,orig,off,0.3306,MET,,,,1549,1554,3764,13475.665426250001,,,,,,,,,,,,,,,37.3178,3.79242,32.634,4.6837800000000005,0.0,probabilistic,,20,30.0,7e03e5699d28,4f7c7a48
r28_congestion_wire_split,H - net delay dominates logic delay,genus,23.12-s086_1,orig,off,0.3675,MET,,,,,,1842,6727.137511499999,,,,,,,,,,,,,,,18.9885,4.18025,13.9866,2.72619,2.27579,probabilistic,,6,16.0,7e03e5699d28,bdf1989
r28_congestion_wire_split,H - net delay dominates logic delay,genus,23.12-s086_1,orig,off,0.5408,MET,,,,,,1845,6757.497123,,,,,,,,,,,,,,,14.269300000000001,2.89836,10.808,1.9147299999999998,1.54651,probabilistic,,7,16.0,4eb57d17e126,uncommitted
r28_congestion_wire_split,H - net delay dominates logic delay,genus,23.12-s086_1,orig,off,0.58,MET,,,,,,1844,6750.03725275,,,,,,,,,,,,,,,13.3162,2.68989,10.081,1.7932,1.4419899999999999,probabilistic,,6,15.0,4eb57d17e126,uncommitted
r28_congestion_wire_split,H - net delay dominates logic delay,genus,23.12-s086_1,orig,on,0.048,VIOLATED,,,,,,2202,7238.3603905,,,,,,,,,,,,,,,76.6001,16.9893,56.757299999999994,11.4466,8.396189999999999,probabilistic,,44,54.0,4eb57d17e126,uncommitted
r28_congestion_wire_split,H - net delay dominates logic delay,genus,23.12-s086_1,orig,on,0.1653,VIOLATED,,,,1811,1554,5615,17971.67067375,,,,,,,,,,,,,,,96.40020000000001,13.282,76.7188,19.6814,0.0,probabilistic,,172,14.0,7e03e5699d28,4f7c7a48
r28_congestion_wire_split,H - net delay dominates logic delay,genus,23.12-s086_1,orig,on,0.1722,VIOLATED,,,,1814,1554,4906,17256.30630125,,,,,,,,,,,,,,,88.3553,10.8888,74.6742,13.681000000000001,0.0,probabilistic,,187,203.0,7e03e5699d28,4f7c7a48
r28_congestion_wire_split,H - net delay dominates logic delay,genus,23.12-s086_1,orig,on,0.18,MET,,,,,,1854,6879.529867,,,,,,,,,,,,,,,38.4632,8.55052,28.3993,5.32067,4.743200000000001,probabilistic,,25,34.0,7e03e5699d28,bdf1989
r28_congestion_wire_split,H - net delay dominates logic delay,genus,23.12-s086_1,orig,on,0.2572,MET,,,,,,1842,6763.57951075,,,,,,,,,,,,,,,26.869899999999998,5.94748,19.787300000000002,3.81812,3.2644599999999997,probabilistic,,23,32.0,7e03e5699d28,bdf1989
r28_congestion_wire_split,H - net delay dominates logic delay,genus,23.12-s086_1,orig,on,0.3306,MET,,,,1825,1554,3719,14634.1934845,,,,,,,,,,,,,,,41.849,3.80308,37.432300000000005,4.41671,0.0,probabilistic,,65,75.0,7e03e5699d28,4f7c7a48
r28_congestion_wire_split,H - net delay dominates logic delay,genus,23.12-s086_1,orig,on,0.3675,MET,,,,,,1841,6750.884546,,,,,,,,,,,,,,,19.4971,4.225849999999999,14.226,2.9834,2.28764,probabilistic,,22,31.0,7e03e5699d28,bdf1989
r28_congestion_wire_split,H - net delay dominates logic delay,genus,23.12-s086_1,orig,on,0.5799,MET,,,,,,1847,6732.90935975,,,,,,,,,,,,,,,12.9049,2.69461,9.771,1.6749399999999999,1.45893,probabilistic,,24,33.0,4eb57d17e126,uncommitted
r28_congestion_wire_split,H - net delay dominates logic delay,genus,23.12-s086_1,retimed,off,0.048,VIOLATED,,,,,,2341,7836.973035749999,,,,,,,,,,,,,,,81.3773,16.8395,61.991699999999994,10.7124,8.67328,probabilistic,,32,40.0,4eb57d17e126,uncommitted
r28_congestion_wire_split,H - net delay dominates logic delay,genus,23.12-s086_1,retimed,off,0.1653,VIOLATED,,,,1549,1554,4571,15348.52784725,,,,,,,,,,,,,,,76.9897,8.25615,67.1803,9.80932,0.0,probabilistic,,120,14.0,7e03e5699d28,4f7c7a48
r28_congestion_wire_split,H - net delay dominates logic delay,genus,23.12-s086_1,retimed,off,0.1722,VIOLATED,,,,1549,1554,4481,15150.8470385,,,,,,,,,,,,,,,72.74369999999999,7.86768,63.397800000000004,9.34597,0.0,probabilistic,,133,151.0,7e03e5699d28,4f7c7a48
r28_congestion_wire_split,H - net delay dominates logic delay,genus,23.12-s086_1,retimed,off,0.18,MET,,,,,,2104,7339.7114385,,,,,,,,,,,,,,,39.7528,8.90081,29.831400000000002,5.27496,4.6464,probabilistic,,11,20.0,7e03e5699d28,bdf1989
r28_congestion_wire_split,H - net delay dominates logic delay,genus,23.12-s086_1,retimed,off,0.2572,MET,,,,,,1841,6787.7857855,,,,,,,,,,,,,,,27.0568,5.66766,20.3793,3.4258,3.25176,probabilistic,,6,15.0,7e03e5699d28,bdf1989
r28_congestion_wire_split,H - net delay dominates logic delay,genus,23.12-s086_1,retimed,off,0.3306,MET,,,,1549,1554,3507,13089.331529,,,,,,,,,,,,,,,36.7428,3.40121,32.8098,3.93301,0.0,probabilistic,,19,32.0,7e03e5699d28,4f7c7a48
r28_congestion_wire_split,H - net delay dominates logic delay,genus,23.12-s086_1,retimed,off,0.3675,MET,,,,,,1842,6780.34965625,,,,,,,,,,,,,,,18.973899999999997,3.96235,14.3193,2.37876,2.27579,probabilistic,,7,15.0,7e03e5699d28,bdf1989
r28_congestion_wire_split,H - net delay dominates logic delay,genus,23.12-s086_1,retimed,off,0.5408,MET,,,,,,1845,6811.241268,,,,,,,,,,,,,,,14.4139,2.73326,11.177100000000001,1.69026,1.54651,probabilistic,,8,17.0,4eb57d17e126,uncommitted
r28_congestion_wire_split,H - net delay dominates logic delay,genus,23.12-s086_1,retimed,off,0.58,MET,,,,,,1842,6779.8176567499995,,,,,,,,,,,,,,,13.3993,2.52035,10.4252,1.5321200000000001,1.4419899999999999,probabilistic,,6,15.0,4eb57d17e126,uncommitted
r28_congestion_wire_split,H - net delay dominates logic delay,innovus-nangate45,23.12-s091_1,directive,off,0.1722,,-0.06,-13.906,742.0,1814,,5681,,45481.92,78.211,0,0.0,0.0,7.98,0.15,0.013,,,,,10,0,119.51948251,35.2895545,,,30.37,probabilistic,,671,21.0,,
r28_congestion_wire_split,H - net delay dominates logic delay,innovus-nangate45,23.12-s091_1,directive,off,0.18,,-0.016,-0.655,120.0,,,2128,,35521.22,76.777,5,0.12,0.0,10.9,0.188,0.023,,,,,10,0,45.38294558,13.24413356,,,9.903,probabilistic,,120,141.0,,
r28_congestion_wire_split,H - net delay dominates logic delay,innovus-nangate45,23.12-s091_1,directive,off,0.2572,,0.021,0.0,0.0,,,1956,,30383.72,71.488,2,0.04,0.0,13.67,0.221,0.035,,,,,10,0,28.5673196,7.91712327,,,6.57,probabilistic,,72,94.0,,
r28_congestion_wire_split,H - net delay dominates logic delay,innovus-nangate45,23.12-s091_1,directive,off,0.3675,,0.126,0.0,0.0,,,1869,,32025.92,70.91,3,0.07,0.0,13.65,0.215,0.034,,,,,10,0,20.02141805,5.50349572,,,4.639,probabilistic,,61,82.0,,
r28_congestion_wire_split,H - net delay dominates logic delay,innovus-nangate45,23.12-s091_1,directive,off,0.5799,,,,,,,2007,,30334.535,93.744,9,0.26,0.0,3.34,0.289,0.01,,,,,10,0,13.13497444,3.70327025,,,2.172,probabilistic,,82,105.0,,
r28_congestion_wire_split,H - net delay dominates logic delay,innovus-nangate45,23.12-s091_1,orig,off,0.1722,,-0.124,-34.207,822.0,1549,,5383,,43195.095,81.58,0,0.0,0.0,1.56,0.378,0.006,,,,,10,0,104.38568427,30.65442098,,,30.79,probabilistic,,640,20.0,,
r28_congestion_wire_split,H - net delay dominates logic delay,innovus-nangate45,23.12-s091_1,orig,off,0.18,,-0.03,-2.387,206.0,,,2682,,37198.99,79.877,8,0.11,0.06,19.72,0.114,0.028,,,,,10,0,48.45109991,15.08439572,,,10.53,probabilistic,,166,188.0,,
r28_congestion_wire_split,H - net delay dominates logic delay,innovus-nangate45,23.12-s091_1,orig,off,0.2572,,0.027,0.0,0.0,,,1876,,29282.055,70.853,5,0.12,0.0,4.61,0.145,0.007,,,,,10,0,28.32801026,7.80219066,,,6.59,probabilistic,,69,89.0,,
r28_congestion_wire_split,H - net delay dominates logic delay,innovus-nangate45,23.12-s091_1,orig,off,0.3675,,0.14,0.0,0.0,,,1866,,29581.925,70.915,8,0.18,0.0,19.08,0.212,0.05,,,,,10,0,19.86480041,5.48454778,,,4.585,probabilistic,,66,85.0,,
r28_congestion_wire_split,H - net delay dominates logic delay,innovus-nangate45,23.12-s091_1,orig,off,0.58,,,,,,,1981,,27898.3,91.981,5,0.15,0.0,2.27,0.129,0.003,,,,,10,0,12.8009635,3.55325482,,,2.156,probabilistic,,82,106.0,,
r28_congestion_wire_split,H - net delay dominates logic delay,innovus-nangate45,23.12-s091_1,orig,on,0.1722,,-0.06,-13.906,742.0,1814,,5681,,45481.92,78.211,0,0.0,0.0,7.98,0.15,0.013,,,,,10,0,119.51948251,35.2895545,,,30.37,probabilistic,,670,19.0,,
r28_congestion_wire_split,H - net delay dominates logic delay,innovus-nangate45,23.12-s091_1,orig,on,0.18,,-0.016,-0.655,120.0,,,2128,,35521.22,76.777,5,0.12,0.0,10.9,0.188,0.023,,,,,10,0,45.38294558,13.24413356,,,9.903,probabilistic,,120,141.0,,
r28_congestion_wire_split,H - net delay dominates logic delay,innovus-nangate45,23.12-s091_1,orig,on,0.2572,,0.021,0.0,0.0,,,1956,,30383.72,71.488,2,0.04,0.0,13.67,0.221,0.035,,,,,10,0,28.5673196,7.91712327,,,6.57,probabilistic,,71,92.0,,
r28_congestion_wire_split,H - net delay dominates logic delay,innovus-nangate45,23.12-s091_1,orig,on,0.3675,,0.126,0.0,0.0,,,1869,,32025.92,70.91,3,0.07,0.0,13.65,0.215,0.034,,,,,10,0,20.02141805,5.50349572,,,4.639,probabilistic,,61,83.0,,
r28_congestion_wire_split,H - net delay dominates logic delay,innovus-nangate45,23.12-s091_1,orig,on,0.5799,,,,,,,2007,,30334.535,93.744,9,0.26,0.0,3.34,0.289,0.01,,,,,10,0,13.13497444,3.70327025,,,2.172,probabilistic,,79,103.0,,
r28_congestion_wire_split,H - net delay dominates logic delay,innovus-nangate45,23.12-s091_1,retimed,off,0.1722,,-0.107,-35.447,746.0,1549,,5149,,42269.185,79.277,0,0.0,0.0,0.97,0.307,0.003,,,,,10,0,101.82089,29.55061742,,,29.11,probabilistic,,652,19.0,,
r28_congestion_wire_split,H - net delay dominates logic delay,innovus-nangate45,23.12-s091_1,retimed,off,0.18,,-0.013,-0.156,45.0,,,2180,,37374.785,80.96,4,0.1,0.0,18.46,0.106,0.024,,,,,10,0,47.44259296,14.17871878,,,9.6,probabilistic,,145,164.0,,
r28_congestion_wire_split,H - net delay dominates logic delay,innovus-nangate45,23.12-s091_1,retimed,off,0.2572,,0.022,0.0,0.0,,,1873,,29754.215,70.837,9,0.2,0.0,12.82,0.136,0.02,,,,,10,0,28.26491295,7.75244543,,,6.622,probabilistic,,69,87.0,,
r28_congestion_wire_split,H - net delay dominates logic delay,innovus-nangate45,23.12-s091_1,retimed,off,0.3675,,0.131,0.0,0.0,,,1866,,29955.275,70.931,6,0.13,0.0,6.64,0.239,0.017,,,,,10,0,19.82537621,5.4330702,,,4.614,probabilistic,,66,85.0,,
r28_congestion_wire_split,H - net delay dominates logic delay,innovus-nangate45,23.12-s091_1,retimed,off,0.58,,,,,,,2005,,28544.165,93.192,4,0.11,0.0,5.26,0.126,0.007,,,,,10,0,13.01672736,3.62025999,,,2.233,probabilistic,,89,109.0,,
r28_congestion_wire_split,H - net delay dominates logic delay,innovus-nangate45-congested,23.12-s091_1,directive,off,0.5799,,,,,,,1997,,40313.605,77.092,160,0.0,3.15,10.84,0.288,0.035,,,,,3,0.3,13.71452635,4.18818235,,,2.21,probabilistic,,75,92.0,,
r28_congestion_wire_split,H - net delay dominates logic delay,innovus-nangate45-congested,23.12-s091_1,orig,off,0.58,,,,,,,1969,,31195.24,76.114,185,0.0,3.64,15.44,0.115,0.021,,,,,3,0.3,13.02790345,3.69865419,,,2.133,probabilistic,,97,122.0,,
r28_congestion_wire_split,H - net delay dominates logic delay,innovus-nangate45-congested,23.12-s091_1,orig,off,0.58,,,,,,,2516,,56068.63,100.06,893,0.04,17.5,60.96,1.281,2.0,,,,,3,0.3,65.97045015,49.05187102,,,24.42,probabilistic,,479,499.0,,
r28_congestion_wire_split,H - net delay dominates logic delay,innovus-nangate45-congested,23.12-s091_1,orig,off,0.58,,,,,,,1982,,34904.77,93.223,153,0.0,4.4,8.76,0.125,0.012,,,,,3,0,13.76072527,4.25536851,,,2.395,probabilistic,,94,114.0,,
r28_congestion_wire_split,H - net delay dominates logic delay,innovus-nangate45-congested,23.12-s091_1,orig,on,0.5799,,,,,,,1997,,40313.605,77.092,160,0.0,3.15,10.84,0.288,0.035,,,,,3,0.3,13.71452635,4.18818235,,,2.21,probabilistic,,83,107.0,,
r28_congestion_wire_split,H - net delay dominates logic delay,innovus-nangate45-congested,23.12-s091_1,retimed,off,0.58,,,,,,,1999,,38545.36,76.578,197,0.0,4.06,14.5,0.112,0.019,,,,,3,0.3,13.42222473,4.04923604,,,2.174,probabilistic,,79,106.0,,
r28_congestion_wire_split,H - net delay dominates logic delay,openroad_syn,,directive,unsupported,0.474,VIOLATED,,,,,,1857,,,,,,,,,,,,,,,,10.8423,0.627265,,,,vectorless,,0,1.0,7e03e5699d28,uncommitted
r28_congestion_wire_split,H - net delay dominates logic delay,openroad_syn,,directive,unsupported,0.579,VIOLATED,,,,,,1857,,,,,,,,,,,,,,,,8.94041,0.5135139999999999,,,,vectorless,,0,1.0,7e03e5699d28,uncommitted
r28_congestion_wire_split,H - net delay dominates logic delay,openroad_syn,,directive,unsupported,0.711,VIOLATED,,,,,,1857,,,,,,,,,,,,,,,,7.3464100000000006,0.41817699999999997,,,,vectorless,,1,1.0,7e03e5699d28,uncommitted
r28_congestion_wire_split,H - net delay dominates logic delay,openroad_syn,,directive,unsupported,0.865,VIOLATED,,,,,,1857,,,,,,,,,,,,,,,,6.1085899999999995,0.343726,,,,vectorless,,0,1.0,7e03e5699d28,uncommitted
r28_congestion_wire_split,H - net delay dominates logic delay,openroad_syn,,directive,unsupported,1.047,VIOLATED,,,,,,1857,,,,,,,,,,,,,,,,5.13161,0.28397900000000004,,,,vectorless,,0,1.0,7e03e5699d28,uncommitted
r28_congestion_wire_split,H - net delay dominates logic delay,openroad_syn,,directive,unsupported,1.262,VIOLATED,,,,,,1857,,,,,,,,,,,,,,,,4.340540000000001,0.2356,,,,vectorless,,0,2.0,7e03e5699d28,uncommitted
r28_congestion_wire_split,H - net delay dominates logic delay,openroad_syn,,orig,unsupported,0.474,VIOLATED,,,,,,1857,,,,,,,,,,,,,,,,10.8423,0.627265,,,,vectorless,,0,2.0,7e03e5699d28,uncommitted
r28_congestion_wire_split,H - net delay dominates logic delay,openroad_syn,,orig,unsupported,0.579,VIOLATED,,,,,,1857,,,,,,,,,,,,,,,,8.94041,0.5135139999999999,,,,vectorless,,1,1.0,7e03e5699d28,uncommitted
r28_congestion_wire_split,H - net delay dominates logic delay,openroad_syn,,orig,unsupported,0.711,VIOLATED,,,,,,1857,,,,,,,,,,,,,,,,7.3464100000000006,0.41817699999999997,,,,vectorless,,0,1.0,7e03e5699d28,uncommitted
r28_congestion_wire_split,H - net delay dominates logic delay,openroad_syn,,orig,unsupported,0.865,VIOLATED,,,,,,1857,,,,,,,,,,,,,,,,6.1085899999999995,0.343726,,,,vectorless,,1,1.0,7e03e5699d28,uncommitted
r28_congestion_wire_split,H - net delay dominates logic delay,openroad_syn,,orig,unsupported,1.047,VIOLATED,,,,,,1857,,,,,,,,,,,,,,,,5.13161,0.28397900000000004,,,,vectorless,,1,1.0,7e03e5699d28,uncommitted
r28_congestion_wire_split,H - net delay dominates logic delay,openroad_syn,,orig,unsupported,1.262,VIOLATED,,,,,,1857,,,,,,,,,,,,,,,,4.340540000000001,0.2356,,,,vectorless,,0,1.0,7e03e5699d28,uncommitted
r28_congestion_wire_split,H - net delay dominates logic delay,openroad_syn,,retimed,unsupported,0.474,VIOLATED,,,,,,1793,,,,,,,,,,,,,,,,10.6058,0.470439,,,,vectorless,,1,1.0,7e03e5699d28,uncommitted
r28_congestion_wire_split,H - net delay dominates logic delay,openroad_syn,,retimed,unsupported,0.579,VIOLATED,,,,,,1793,,,,,,,,,,,,,,,,8.75307,0.385123,,,,vectorless,,0,1.0,7e03e5699d28,uncommitted
r28_congestion_wire_split,H - net delay dominates logic delay,openroad_syn,,retimed,unsupported,0.711,VIOLATED,,,,,,1793,,,,,,,,,,,,,,,,7.2003900000000005,0.31362399999999996,,,,vectorless,,0,1.0,7e03e5699d28,uncommitted
r28_congestion_wire_split,H - net delay dominates logic delay,openroad_syn,,retimed,unsupported,0.865,VIOLATED,,,,,,1793,,,,,,,,,,,,,,,,5.99595,0.25778900000000005,,,,vectorless,,0,1.0,7e03e5699d28,uncommitted
r28_congestion_wire_split,H - net delay dominates logic delay,openroad_syn,,retimed,unsupported,1.047,VIOLATED,,,,,,1793,,,,,,,,,,,,,,,,5.04798,0.212977,,,,vectorless,,0,1.0,7e03e5699d28,uncommitted
r28_congestion_wire_split,H - net delay dominates logic delay,openroad_syn,,retimed,unsupported,1.262,VIOLATED,,,,,,1793,,,,,,,,,,,,,,,,4.280360000000001,0.176696,,,,vectorless,,0,1.0,7e03e5699d28,uncommitted
r28_congestion_wire_split,H - net delay dominates logic delay,yosys,0.58,directive,on,0.474,VIOLATED,,,,,,1920,5117.308,,,,,,,,,,,,,,,11.1,0.853,,,,vectorless,,1.0,2.0,7e03e5699d28,uncommitted
r28_congestion_wire_split,H - net delay dominates logic delay,yosys,0.58,directive,on,0.579,VIOLATED,,,,,,1920,5117.308,,,,,,,,,,,,,,,9.12,0.6980000000000001,,,,vectorless,,1.0,2.0,7e03e5699d28,uncommitted
r28_congestion_wire_split,H - net delay dominates logic delay,yosys,0.58,directive,on,0.711,VIOLATED,,,,,,1920,5117.308,,,,,,,,,,,,,,,7.5,0.569,,,,vectorless,,1.0,2.0,7e03e5699d28,uncommitted
r28_congestion_wire_split,H - net delay dominates logic delay,yosys,0.58,directive,on,0.865,MET,,,,,,1920,5117.308,,,,,,,,,,,,,,,6.24,0.467,,,,vectorless,,1.0,2.0,7e03e5699d28,uncommitted
r28_congestion_wire_split,H - net delay dominates logic delay,yosys,0.58,directive,on,1.047,MET,,,,,,1920,5117.308,,,,,,,,,,,,,,,5.24,0.386,,,,vectorless,,1.0,2.0,7e03e5699d28,uncommitted
r28_congestion_wire_split,H - net delay dominates logic delay,yosys,0.58,directive,on,1.262,MET,,,,,,1920,5117.308,,,,,,,,,,,,,,,4.44,0.32,,,,vectorless,,1.0,2.0,7e03e5699d28,uncommitted
r28_congestion_wire_split,H - net delay dominates logic delay,yosys,0.58,orig,off,0.474,VIOLATED,,,,,,1152,4664.576,,,,,,,,,,,,,,,10.7,0.525,,,,vectorless,,1.0,2.0,7e03e5699d28,uncommitted
r28_congestion_wire_split,H - net delay dominates logic delay,yosys,0.58,orig,off,0.579,VIOLATED,,,,,,1152,4664.576,,,,,,,,,,,,,,,8.83,0.43,,,,vectorless,,1.0,2.0,7e03e5699d28,uncommitted
r28_congestion_wire_split,H - net delay dominates logic delay,yosys,0.58,orig,off,0.711,VIOLATED,,,,,,1152,4664.576,,,,,,,,,,,,,,,7.26,0.35,,,,vectorless,,1.0,2.0,7e03e5699d28,uncommitted
r28_congestion_wire_split,H - net delay dominates logic delay,yosys,0.58,orig,off,0.865,MET,,,,,,1152,4664.576,,,,,,,,,,,,,,,6.04,0.28800000000000003,,,,vectorless,,1.0,2.0,7e03e5699d28,uncommitted
r28_congestion_wire_split,H - net delay dominates logic delay,yosys,0.58,orig,off,1.047,MET,,,,,,1152,4664.576,,,,,,,,,,,,,,,5.07,0.23800000000000002,,,,vectorless,,1.0,2.0,7e03e5699d28,uncommitted
r28_congestion_wire_split,H - net delay dominates logic delay,yosys,0.58,orig,off,1.262,MET,,,,,,1152,4664.576,,,,,,,,,,,,,,,4.29,0.19699999999999998,,,,vectorless,,1.0,2.0,7e03e5699d28,uncommitted
r28_congestion_wire_split,H - net delay dominates logic delay,yosys,0.58,orig,on,0.474,VIOLATED,,,,,,1920,5117.308,,,,,,,,,,,,,,,11.1,0.853,,,,vectorless,,1.0,2.0,7e03e5699d28,uncommitted
r28_congestion_wire_split,H - net delay dominates logic delay,yosys,0.58,orig,on,0.579,VIOLATED,,,,,,1920,5117.308,,,,,,,,,,,,,,,9.12,0.6980000000000001,,,,vectorless,,1.0,2.0,7e03e5699d28,uncommitted
r28_congestion_wire_split,H - net delay dominates logic delay,yosys,0.58,orig,on,0.711,VIOLATED,,,,,,1920,5117.308,,,,,,,,,,,,,,,7.5,0.569,,,,vectorless,,1.0,2.0,7e03e5699d28,uncommitted
r28_congestion_wire_split,H - net delay dominates logic delay,yosys,0.58,orig,on,0.865,MET,,,,,,1920,5117.308,,,,,,,,,,,,,,,6.24,0.467,,,,vectorless,,1.0,1.0,7e03e5699d28,uncommitted
r28_congestion_wire_split,H - net delay dominates logic delay,yosys,0.58,orig,on,1.047,MET,,,,,,1920,5117.308,,,,,,,,,,,,,,,5.24,0.386,,,,vectorless,,1.0,2.0,7e03e5699d28,uncommitted
r28_congestion_wire_split,H - net delay dominates logic delay,yosys,0.58,orig,on,1.262,MET,,,,,,1920,5117.308,,,,,,,,,,,,,,,4.44,0.32,,,,vectorless,,1.0,2.0,7e03e5699d28,uncommitted
r28_congestion_wire_split,H - net delay dominates logic delay,yosys,0.58,retimed,off,0.474,VIOLATED,,,,,,1152,4613.504,,,,,,,,,,,,,,,11.0,0.437,,,,vectorless,,1.0,2.0,7e03e5699d28,uncommitted
r28_congestion_wire_split,H - net delay dominates logic delay,yosys,0.58,retimed,off,0.579,VIOLATED,,,,,,1152,4613.504,,,,,,,,,,,,,,,9.07,0.358,,,,vectorless,,1.0,2.0,7e03e5699d28,uncommitted
r28_congestion_wire_split,H - net delay dominates logic delay,yosys,0.58,retimed,off,0.711,VIOLATED,,,,,,1152,4613.504,,,,,,,,,,,,,,,7.46,0.292,,,,vectorless,,1.0,2.0,7e03e5699d28,uncommitted
r28_congestion_wire_split,H - net delay dominates logic delay,yosys,0.58,retimed,off,0.865,MET,,,,,,1152,4613.504,,,,,,,,,,,,,,,6.21,0.24000000000000002,,,,vectorless,,1.0,2.0,7e03e5699d28,uncommitted
r28_congestion_wire_split,H - net delay dominates logic delay,yosys,0.58,retimed,off,1.047,MET,,,,,,1152,4613.504,,,,,,,,,,,,,,,5.22,0.19799999999999998,,,,vectorless,,1.0,2.0,7e03e5699d28,uncommitted
r28_congestion_wire_split,H - net delay dominates logic delay,yosys,0.58,retimed,off,1.262,MET,,,,,,1152,4613.504,,,,,,,,,,,,,,,4.43,0.164,,,,vectorless,,1.0,2.0,7e03e5699d28,uncommitted
r29_wide_crossing,"H - net delay dominates logic delay, at scale",,,directive,,0.467,,,,,,,,,,,,,,,,,,,,,,,,,,,,,,,18.0,,
r29_wide_crossing,"H - net delay dominates logic delay, at scale",,,directive,,8.0,,,,,,,,,,,,,,,,,,,,,,,,,,,,,,,1389.0,,
r29_wide_crossing,"H - net delay dominates logic delay, at scale",,,orig,,0.467,,,,,,,,,,,,,,,,,,,,,,,,,,,,,,,20.0,,
r29_wide_crossing,"H - net delay dominates logic delay, at scale",,,orig,,0.467,,,,,,,,,,,,,,,,,,,,,,,,,,,,,,,19.0,,
r29_wide_crossing,"H - net delay dominates logic delay, at scale",,,orig,,1.4,,,,,,,,,,,,,,,,,,,,,,,,,,,,,,,18.0,,
r29_wide_crossing,"H - net delay dominates logic delay, at scale",,,orig,,8.0,,,,,,,,,,,,,,,,,,,,,,,,,,,,,,,1399.0,,
r29_wide_crossing,"H - net delay dominates logic delay, at scale",,,orig,,8.0,,,,,,,,,,,,,,,,,,,,,,,,,,,,,,,1391.0,,
r29_wide_crossing,"H - net delay dominates logic delay, at scale",,,retimed,,1.4,,,,,,,,,,,,,,,,,,,,,,,,,,,,,,,18.0,,
r29_wide_crossing,"H - net delay dominates logic delay, at scale",genus,23.12-s086_1,directive,off,0.2086,VIOLATED,,,,2374,3278,34218,86917.34200425001,,,,,,,,,,,,,,,526.7049999999999,212.858,130.53799999999998,396.167,0.0,probabilistic,,588,610.0,eecde3f3f3fb,4f7c7a48
r29_wide_crossing,"H - net delay dominates logic delay, at scale",genus,23.12-s086_1,directive,off,0.2247,VIOLATED,,,,,,33942,84795.095139,,,,,,,,,,,,,,,486.999,203.936,105.821,381.178,0.0,probabilistic,,384,398.0,eecde3f3f3fb,bdf1989
r29_wide_crossing,"H - net delay dominates logic delay, at scale",genus,23.12-s086_1,directive,off,0.2534,VIOLATED,,,,,,33780,84313.0814505,,,,,,,,,,,,,,,429.502,179.397,93.7703,335.731,0.0,probabilistic,,370,383.0,eecde3f3f3fb,bdf1989
r29_wide_crossing,"H - net delay dominates logic delay, at scale",genus,23.12-s086_1,directive,off,0.36,VIOLATED,,,,2374,3278,36802,91461.79845525,,,,,,,,,,,,,,,324.63,136.02100000000002,74.11619999999999,250.51299999999998,0.0,probabilistic,,563,12.0,eecde3f3f3fb,4f7c7a48
r29_wide_crossing,"H - net delay dominates logic delay, at scale",genus,23.12-s086_1,directive,off,0.4027,MET,,,,,,34853,91072.6163795,,,,,,,,,,,,,,,268.572,102.01599999999999,72.9624,195.61,0.0,probabilistic,,349,365.0,eecde3f3f3fb,b1de3ea
r29_wide_crossing,"H - net delay dominates logic delay, at scale",genus,23.12-s086_1,directive,off,0.4481,MET,,,,,,24903,65347.748853749996,,,,,,,,,,,,,,,176.52499999999998,66.8382,50.0743,126.45100000000001,0.0,probabilistic,,139,152.0,eecde3f3f3fb,bdf1989
r29_wide_crossing,"H - net delay dominates logic delay, at scale",genus,23.12-s086_1,directive,off,0.467,MET,,,,,,25387,69582.85399825001,,,,,,,,,,,,,,,161.007,55.6068,62.2251,98.7817,0.0,probabilistic,,152,166.0,eecde3f3f3fb,b1de3ea
r29_wide_crossing,"H - net delay dominates logic delay, at scale",genus,23.12-s086_1,directive,off,0.72,MET,,,,2374,3278,22067,58943.5456865,,,,,,,,,,,,,,,90.28840000000001,30.6269,30.631999999999998,59.6564,0.0,probabilistic,,123,12.0,eecde3f3f3fb,4f7c7a48
r29_wide_crossing,"H - net delay dominates logic delay, at scale",genus,23.12-s086_1,orig,off,0.2086,VIOLATED,,,,2374,3278,34218,86917.34200425001,,,,,,,,,,,,,,,526.7049999999999,212.858,130.53799999999998,396.167,0.0,probabilistic,,599,618.0,eecde3f3f3fb,4f7c7a48
r29_wide_crossing,"H - net delay dominates logic delay, at scale",genus,23.12-s086_1,orig,off,0.2247,VIOLATED,,,,,,33942,84795.095139,,,,,,,,,,,,,,,486.999,203.936,105.821,381.178,0.0,probabilistic,,383,396.0,eecde3f3f3fb,bdf1989
r29_wide_crossing,"H - net delay dominates logic delay, at scale",genus,23.12-s086_1,orig,off,0.2534,VIOLATED,,,,,,33780,84313.0814505,,,,,,,,,,,,,,,429.502,179.397,93.7703,335.731,0.0,probabilistic,,370,383.0,eecde3f3f3fb,bdf1989
r29_wide_crossing,"H - net delay dominates logic delay, at scale",genus,23.12-s086_1,orig,off,0.36,VIOLATED,,,,2374,3278,36802,91461.79845525,,,,,,,,,,,,,,,324.63,136.02100000000002,74.11619999999999,250.51299999999998,0.0,probabilistic,,575,14.0,eecde3f3f3fb,4f7c7a48
r29_wide_crossing,"H - net delay dominates logic delay, at scale",genus,23.12-s086_1,orig,off,0.4027,MET,,,,,,34853,91072.6163795,,,,,,,,,,,,,,,268.572,102.01599999999999,72.9624,195.61,0.0,probabilistic,,350,367.0,eecde3f3f3fb,b1de3ea
r29_wide_crossing,"H - net delay dominates logic delay, at scale",genus,23.12-s086_1,orig,off,0.4481,MET,,,,,,24903,65347.748853749996,,,,,,,,,,,,,,,176.52499999999998,66.8382,50.0743,126.45100000000001,0.0,probabilistic,,138,151.0,eecde3f3f3fb,bdf1989
r29_wide_crossing,"H - net delay dominates logic delay, at scale",genus,23.12-s086_1,orig,off,0.467,MET,,,,,,25387,69582.85399825001,,,,,,,,,,,,,,,161.007,55.6068,62.2251,98.7817,0.0,probabilistic,,153,166.0,eecde3f3f3fb,b1de3ea
r29_wide_crossing,"H - net delay dominates logic delay, at scale",genus,23.12-s086_1,orig,off,0.72,MET,,,,2374,3278,22067,58943.5456865,,,,,,,,,,,,,,,90.28840000000001,30.6269,30.631999999999998,59.6564,0.0,probabilistic,,128,10.0,eecde3f3f3fb,4f7c7a48
r29_wide_crossing,"H - net delay dominates logic delay, at scale",genus,23.12-s086_1,orig,off,1.2,MET,,,,,,12099,33165.2786435,,,,,,,,,,,,,,,29.355900000000002,9.1953,11.5655,17.7904,0.0,probabilistic,,30,39.0,eecde3f3f3fb,b1de3ea
r29_wide_crossing,"H - net delay dominates logic delay, at scale",genus,23.12-s086_1,orig,off,1.4,MET,,,,,,24202,66349.38795775,,,,,,,,,,,,,,,50.714099999999995,15.7605,20.155800000000003,30.5583,0.0,probabilistic,,100,112.0,eecde3f3f3fb,b1de3ea
r29_wide_crossing,"H - net delay dominates logic delay, at scale",genus,23.12-s086_1,orig,on,0.18,VIOLATED,,,,4815,3278,31613,94128.14246225,,,,,,,,,,,,,,,558.631,181.112,288.846,269.785,0.0,probabilistic,,785,4.0,eecde3f3f3fb,4f7c7a48
r29_wide_crossing,"H - net delay dominates logic delay, at scale",genus,23.12-s086_1,orig,on,0.2086,VIOLATED,,,,4790,3278,32119,94802.53606474999,,,,,,,,,,,,,,,491.76599999999996,160.686,250.334,241.431,0.0,probabilistic,,847,864.0,eecde3f3f3fb,4f7c7a48
r29_wide_crossing,"H - net delay dominates logic delay, at scale",genus,23.12-s086_1,orig,on,0.2247,VIOLATED,,,,,,34882,94353.72210825,,,,,,,,,,,,,,,602.628,242.173,193.53400000000002,409.094,0.0,probabilistic,,1018,1036.0,eecde3f3f3fb,bdf1989
r29_wide_crossing,"H - net delay dominates logic delay, at scale",genus,23.12-s086_1,orig,on,0.2534,VIOLATED,,,,,,35387,94694.47387775,,,,,,,,,,,,,,,532.022,213.975,172.676,359.346,0.0,probabilistic,,1018,1033.0,eecde3f3f3fb,bdf1989
r29_wide_crossing,"H - net delay dominates logic delay, at scale",genus,23.12-s086_1,orig,on,0.3306,VIOLATED,,,,,,27345,76878.20068075,,,,,,,,,,,,,,,223.086,74.0817,93.7355,129.351,0.0,probabilistic,,707,721.0,eecde3f3f3fb,b1de3ea
r29_wide_crossing,"H - net delay dominates logic delay, at scale",genus,23.12-s086_1,orig,on,0.36,MET,,,,4709,3278,25320,75946.76063175,,,,,,,,,,,,,,,194.341,53.7056,106.965,87.3759,0.0,probabilistic,,565,14.0,eecde3f3f3fb,4f7c7a48
r29_wide_crossing,"H - net delay dominates logic delay, at scale",genus,23.12-s086_1,orig,on,0.3729,MET,,,,,,27648,76325.436262,,,,,,,,,,,,,,,279.32,106.625,97.9994,181.321,0.0,probabilistic,,472,486.0,eecde3f3f3fb,bdf1989
r29_wide_crossing,"H - net delay dominates logic delay, at scale",genus,23.12-s086_1,orig,on,0.467,MET,,,,,,24170,67896.51450425,,,,,,,,,,,,,,,138.829,44.5498,60.806,78.0235,0.0,probabilistic,,440,454.0,eecde3f3f3fb,b1de3ea
r29_wide_crossing,"H - net delay dominates logic delay, at scale",genus,23.12-s086_1,orig,on,0.72,MET,,,,1493,3278,23129,59421.0230645,,,,,,,,,,,,,,,79.595,32.0833,18.945300000000003,60.6497,0.0,probabilistic,,411,12.0,eecde3f3f3fb,4f7c7a48
r29_wide_crossing,"H - net delay dominates logic delay, at scale",genus,23.12-s086_1,orig,on,1.2,MET,,,,,,12442,34180.12293575,,,,,,,,,,,,,,,32.6476,10.9107,13.2636,19.3839,0.0,probabilistic,,151,160.0,eecde3f3f3fb,b1de3ea
r29_wide_crossing,"H - net delay dominates logic delay, at scale",genus,23.12-s086_1,orig,on,1.4,MET,,,,,,24579,67731.94386125001,,,,,,,,,,,,,,,55.0587,18.1788,22.686700000000002,32.372,0.0,probabilistic,,519,531.0,eecde3f3f3fb,b1de3ea
r29_wide_crossing,"H - net delay dominates logic delay, at scale",genus,23.12-s086_1,retimed,off,0.2086,VIOLATED,,,,2374,3278,34986,88558.11228775,,,,,,,,,,,,,,,568.1469999999999,235.396,135.78799999999998,432.36,0.0,probabilistic,,630,651.0,eecde3f3f3fb,4f7c7a48
r29_wide_crossing,"H - net delay dominates logic delay, at scale",genus,23.12-s086_1,retimed,off,0.2247,VIOLATED,,,,,,35011,86586.077796,,,,,,,,,,,,,,,514.791,219.79399999999998,110.836,403.955,0.0,probabilistic,,419,433.0,eecde3f3f3fb,bdf1989
r29_wide_crossing,"H - net delay dominates logic delay, at scale",genus,23.12-s086_1,retimed,off,0.2534,VIOLATED,,,,,,34749,86098.8996095,,,,,,,,,,,,,,,453.76800000000003,193.439,98.6455,355.122,0.0,probabilistic,,399,412.0,eecde3f3f3fb,bdf1989
r29_wide_crossing,"H - net delay dominates logic delay, at scale",genus,23.12-s086_1,retimed,off,0.36,VIOLATED,,,,2374,3278,33103,84886.39255575,,,,,,,,,,,,,,,310.238,127.87799999999999,78.1619,232.076,0.0,probabilistic,,532,14.0,eecde3f3f3fb,4f7c7a48
r29_wide_crossing,"H - net delay dominates logic delay, at scale",genus,23.12-s086_1,retimed,off,0.4666,MET,,,,,,30782,81245.9955025,,,,,,,,,,,,,,,194.976,69.7328,62.404399999999995,132.572,0.0,probabilistic,,242,256.0,eecde3f3f3fb,b1de3ea
r29_wide_crossing,"H - net delay dominates logic delay, at scale",genus,23.12-s086_1,retimed,off,0.4985,MET,,,,,,26946,70310.48262575001,,,,,,,,,,,,,,,174.87900000000002,67.3351,48.0182,126.861,0.0,probabilistic,,191,205.0,eecde3f3f3fb,bdf1989
r29_wide_crossing,"H - net delay dominates logic delay, at scale",genus,23.12-s086_1,retimed,off,0.72,MET,,,,2374,3278,22140,58672.571073,,,,,,,,,,,,,,,94.45190000000001,32.6789,31.35,63.1018,0.0,probabilistic,,121,12.0,eecde3f3f3fb,4f7c7a48
r29_wide_crossing,"H - net delay dominates logic delay, at scale",genus,23.12-s086_1,retimed,off,1.2,MET,,,,,,11880,32782.30649125,,,,,,,,,,,,,,,29.7676,9.30338,12.072299999999998,17.6953,0.0,probabilistic,,30,39.0,eecde3f3f3fb,b1de3ea
r29_wide_crossing,"H - net delay dominates logic delay, at scale",genus,23.12-s086_1,retimed,off,1.4,MET,,,,,,24024,65910.329902,,,,,,,,,,,,,,,51.1826,15.687199999999999,20.5595,30.6231,0.0,probabilistic,,91,104.0,eecde3f3f3fb,b1de3ea
r29_wide_crossing,"H - net delay dominates logic delay, at scale",innovus-nangate45,23.12-s091_1,directive,off,0.2086,,-0.338,-535.006,2830.0,2374,,46532,,646147.735,96.93,263,0.62,0.07,5.06,0.675,0.036,,,,,10,0,684.62056397,381.12158686,,,36.7,probabilistic,,3763,17.0,,
r29_wide_crossing,"H - net delay dominates logic delay, at scale",innovus-nangate45,23.12-s091_1,directive,off,0.2247,,-0.233,-236.254,1571.0,,,46034,,469568.365,95.962,40,0.11,0.0,2.82,0.828,0.024,,,,,10,0,589.98680631,317.75433355,,,34.05,probabilistic,,1866,1897.0,,
r29_wide_crossing,"H - net delay dominates logic delay, at scale",innovus-nangate45,23.12-s091_1,directive,off,0.2534,,-0.245,-286.185,1720.0,,,45842,,534973.575,97.892,105,0.28,0.0,2.27,0.774,0.018,,,,,10,0,548.1524242,300.4858524,,,29.44,probabilistic,,1832,1863.0,,
r29_wide_crossing,"H - net delay dominates logic delay, at scale",innovus-nangate45,23.12-s091_1,orig,off,0.2086,,-0.338,-535.006,2830.0,2374,,46532,,646147.735,96.93,263,0.62,0.07,5.06,0.675,0.036,,,,,10,0,684.62056397,381.12158686,,,36.7,probabilistic,,3844,17.0,,
r29_wide_crossing,"H - net delay dominates logic delay, at scale",innovus-nangate45,23.12-s091_1,orig,off,0.2247,,-0.233,-236.254,1571.0,,,46034,,469568.365,95.962,40,0.11,0.0,2.82,0.828,0.024,,,,,10,0,589.98680631,317.75433355,,,34.05,probabilistic,,1864,1895.0,,
r29_wide_crossing,"H - net delay dominates logic delay, at scale",innovus-nangate45,23.12-s091_1,orig,off,0.2534,,-0.245,-286.185,1720.0,,,45842,,534973.575,97.892,105,0.28,0.0,2.27,0.774,0.018,,,,,10,0,548.15242419,300.4858524,,,29.44,probabilistic,,1829,1859.0,,
r29_wide_crossing,"H - net delay dominates logic delay, at scale",innovus-nangate45,23.12-s091_1,orig,off,1.2,,,,,,,12065,,192593.23,69.938,14,0.09,0.0,11.61,0.632,0.083,,,,,10,0,25.94054906,11.38107742,,,2.182,probabilistic,,101,122.0,,
r29_wide_crossing,"H - net delay dominates logic delay, at scale",innovus-nangate45,23.12-s091_1,orig,on,0.2086,,-0.111,-810.098,12379.0,4790,,43499,,619346.305,91.779,42,0.09,0.01,2.25,0.478,0.011,,,,,10,0,505.47587638,234.02258291,,,69.15,probabilistic,,2916,16.0,,
r29_wide_crossing,"H - net delay dominates logic delay, at scale",innovus-nangate45,23.12-s091_1,orig,on,0.2247,,-0.138,-339.981,3775.0,,,46019,,499676.115,91.338,8,0.02,0.0,2.72,0.752,0.021,,,,,10,0,477.87335757,232.65127959,,,45.21,probabilistic,,1596,1624.0,,
r29_wide_crossing,"H - net delay dominates logic delay, at scale",innovus-nangate45,23.12-s091_1,orig,on,0.2534,,-0.113,-327.279,3857.0,,,45275,,551787.325,92.828,29,0.07,0.0,3.55,0.624,0.023,,,,,10,0,434.99524283,213.88023645,,,41.71,probabilistic,,1672,1703.0,,
r29_wide_crossing,"H - net delay dominates logic delay, at scale",innovus-nangate45,23.12-s091_1,retimed,off,0.2086,,-0.5,-735.657,2827.0,2374,,47263,,840538.91,98.748,693,1.07,0.7,3.18,0.974,0.032,,,,,10,0,843.30323718,495.59289162,,,38.04,probabilistic,,4148,16.0,,
r29_wide_crossing,"H - net delay dominates logic delay, at scale",innovus-nangate45,23.12-s091_1,retimed,off,0.2247,,-0.265,-256.948,1763.0,,,47644,,469418.82,95.741,18,0.05,0.0,2.88,0.877,0.026,,,,,10,0,655.00083086,355.31213464,,,35.01,probabilistic,,1906,1935.0,,
r29_wide_crossing,"H - net delay dominates logic delay, at scale",innovus-nangate45,23.12-s091_1,retimed,off,0.2534,,-0.12,-86.116,1333.0,,,46114,,481224.48,95.852,60,0.16,0.0,1.41,0.909,0.013,,,,,10,0,592.40194138,322.03593642,,,31.74,probabilistic,,1957,1985.0,,
r29_wide_crossing,"H - net delay dominates logic delay, at scale",innovus-nangate45,23.12-s091_1,retimed,off,1.2,,,,,,,11847,,191453.92,69.976,12,0.08,0.0,11.95,0.516,0.07,,,,,10,0,27.47643201,12.02028479,,,2.197,probabilistic,,100,120.0,,
r29_wide_crossing,"H - net delay dominates logic delay, at scale",innovus-nangate45-congested,23.12-s091_1,orig,off,1.2,,,,,,,12198,,266133.31,65.19,3920,5.07,16.13,16.92,0.722,0.147,,,,,4,0.15,29.57653001,14.61960475,,,2.429,probabilistic,,134,154.0,,
r29_wide_crossing,"H - net delay dominates logic delay, at scale",innovus-nangate45-congested,23.12-s091_1,retimed,off,1.2,,,,,,,11951,,268252.17,65.182,2279,4.87,7.55,6.15,1.098,0.072,,,,,4,0.15,30.93149007,15.09522354,,,2.348,probabilistic,,135,156.0,,
r29_wide_crossing,"H - net delay dominates logic delay, at scale",vivado-xc7a100t,2025.2,retimed,off,8.0,VIOLATED,,,,,,,,,,,,,,,,,,,,,,693.0,,,,,vectorless,9603,851,899.0,,
r29_wide_crossing,"H - net delay dominates logic delay, at scale",vivado-xcau15p,2025.2,directive,on,8.0,MET,,,,,,,,,,,,,,,,,,,,,,686.0,,,,,vectorless,9794,194,207.0,,
r29_wide_crossing,"H - net delay dominates logic delay, at scale",vivado-xcau15p,2025.2,orig,off,8.0,MET,,,,,,,,,,,,,,,,,,,,,,686.0,,,,,vectorless,9794,207,220.0,,
r29_wide_crossing,"H - net delay dominates logic delay, at scale",vivado-xcau15p,2025.2,orig,on,8.0,MET,,,,,,,,,,,,,,,,,,,,,,686.0,,,,,vectorless,9794,199,212.0,,
r29_wide_crossing,"H - net delay dominates logic delay, at scale",vivado-xcau15p,2025.2,retimed,off,8.0,MET,,,,,,,,,,,,,,,,,,,,,,613.0,,,,,vectorless,9602,182,195.0,,
r30_fsm_decode_fanout,"B/H - FSM decode fanout, real design",,,directive,,6.0,,,,,,,,,,,,,,,,,,,,,,,,,,,,,,,196.0,,
r30_fsm_decode_fanout,"B/H - FSM decode fanout, real design",,,directive,,6.0,,,,,,,,,,,,,,,,,,,,,,,,,,,,,,,72.0,,
r30_fsm_decode_fanout,"B/H - FSM decode fanout, real design",,,orig,,0.3276,,,,,,,,,,,,,,,,,,,,,,,,,,,,,,,21.0,,
r30_fsm_decode_fanout,"B/H - FSM decode fanout, real design",,,orig,,6.0,,,,,,,,,,,,,,,,,,,,,,,,,,,,,,,214.0,,
r30_fsm_decode_fanout,"B/H - FSM decode fanout, real design",,,orig,,6.0,,,,,,,,,,,,,,,,,,,,,,,,,,,,,,,74.0,,
r30_fsm_decode_fanout,"B/H - FSM decode fanout, real design",,,orig,,6.0,,,,,,,,,,,,,,,,,,,,,,,,,,,,,,,206.0,,
r30_fsm_decode_fanout,"B/H - FSM decode fanout, real design",,,orig,,6.0,,,,,,,,,,,,,,,,,,,,,,,,,,,,,,,80.0,,
r30_fsm_decode_fanout,"B/H - FSM decode fanout, real design",,,retimed,,6.0,,,,,,,,,,,,,,,,,,,,,,,,,,,,,,,238.0,,
r30_fsm_decode_fanout,"B/H - FSM decode fanout, real design",,,retimed,,6.0,,,,,,,,,,,,,,,,,,,,,,,,,,,,,,,69.0,,
r30_fsm_decode_fanout,"B/H - FSM decode fanout, real design",genus,23.12-s086_1,directive,off,0.3,VIOLATED,,,,2134,2134,36802,91622.62797625,,,,,,,,,,,,,,,136.214,47.934,57.1173,79.0972,0.0,probabilistic,,880,7.0,06cb52e75002,4f7c7a48
r30_fsm_decode_fanout,"B/H - FSM decode fanout, real design",genus,23.12-s086_1,directive,off,0.3255,VIOLATED,,,,,,33898,81356.08623375,,,,,,,,,,,,,,,107.769,46.4521,28.7317,79.03699999999999,0.0,probabilistic,,628,641.0,06cb52e75002,bdf1989
r30_fsm_decode_fanout,"B/H - FSM decode fanout, real design",genus,23.12-s086_1,directive,off,0.3276,VIOLATED,,,,2134,2134,37705,93859.94138275,,,,,,,,,,,,,,,128.994,45.5172,53.344,75.6497,0.0,probabilistic,,881,901.0,06cb52e75002,4f7c7a48
r30_fsm_decode_fanout,"B/H - FSM decode fanout, real design",genus,23.12-s086_1,directive,off,0.4882,MET,,,,,,27133,69052.85522200001,,,,,,,,,,,,,,,66.3338,27.1428,19.104400000000002,47.2294,0.0,probabilistic,,541,556.0,06cb52e75002,b1de3ea
r30_fsm_decode_fanout,"B/H - FSM decode fanout, real design",genus,23.12-s086_1,directive,off,0.496,MET,,,,,,25968,66221.423184,,,,,,,,,,,,,,,64.2296,26.2551,18.7108,45.5188,0.0,probabilistic,,393,406.0,06cb52e75002,b1de3ea
r30_fsm_decode_fanout,"B/H - FSM decode fanout, real design",genus,23.12-s086_1,directive,off,0.6,MET,,,,2134,2134,21865,62790.27095225,,,,,,,,,,,,,,,56.8325,16.623099999999997,29.9952,26.837300000000003,0.0,probabilistic,,324,14.0,06cb52e75002,4f7c7a48
r30_fsm_decode_fanout,"B/H - FSM decode fanout, real design",genus,23.12-s086_1,orig,off,0.3,VIOLATED,,,,2134,2134,36802,91622.62797625,,,,,,,,,,,,,,,136.214,47.934,57.1173,79.0972,0.0,probabilistic,,971,12.0,06cb52e75002,4f7c7a48
r30_fsm_decode_fanout,"B/H - FSM decode fanout, real design",genus,23.12-s086_1,orig,off,0.3255,VIOLATED,,,,,,33898,81356.08623375,,,,,,,,,,,,,,,107.769,46.4521,28.7317,79.03699999999999,0.0,probabilistic,,629,642.0,06cb52e75002,bdf1989
r30_fsm_decode_fanout,"B/H - FSM decode fanout, real design",genus,23.12-s086_1,orig,off,0.3276,VIOLATED,,,,2134,2134,37705,93859.94138275,,,,,,,,,,,,,,,128.994,45.5172,53.344,75.6497,0.0,probabilistic,,939,959.0,06cb52e75002,4f7c7a48
r30_fsm_decode_fanout,"B/H - FSM decode fanout, real design",genus,23.12-s086_1,orig,off,0.4882,MET,,,,,,27133,69052.85522200001,,,,,,,,,,,,,,,66.3338,27.1428,19.104400000000002,47.2294,0.0,probabilistic,,543,557.0,06cb52e75002,b1de3ea
r30_fsm_decode_fanout,"B/H - FSM decode fanout, real design",genus,23.12-s086_1,orig,off,0.496,MET,,,,,,25968,66221.423184,,,,,,,,,,,,,,,64.2296,26.2551,18.7108,45.5188,0.0,probabilistic,,394,408.0,06cb52e75002,b1de3ea
r30_fsm_decode_fanout,"B/H - FSM decode fanout, real design",genus,23.12-s086_1,orig,off,0.6,MET,,,,2134,2134,21865,62790.27095225,,,,,,,,,,,,,,,56.8325,16.623099999999997,29.9952,26.837300000000003,0.0,probabilistic,,300,10.0,06cb52e75002,4f7c7a48
r30_fsm_decode_fanout,"B/H - FSM decode fanout, real design",genus,23.12-s086_1,orig,on,0.3,VIOLATED,,,,3144,2134,48439,119912.401808,,,,,,,,,,,,,,,309.046,123.499,100.39399999999999,208.65200000000002,0.0,probabilistic,,1329,4.0,06cb52e75002,4f7c7a48
r30_fsm_decode_fanout,"B/H - FSM decode fanout, real design",genus,23.12-s086_1,orig,on,0.3255,VIOLATED,,,,,,42612,104243.48097875,,,,,,,,,,,,,,,269.65,120.234,63.1355,206.514,0.0,probabilistic,,1363,1379.0,06cb52e75002,bdf1989
r30_fsm_decode_fanout,"B/H - FSM decode fanout, real design",genus,23.12-s086_1,orig,on,0.3276,VIOLATED,,,,2432,2134,43682,108636.7546055,,,,,,,,,,,,,,,225.24,92.7731,67.6654,157.575,0.0,probabilistic,,1409,1428.0,06cb52e75002,4f7c7a48
r30_fsm_decode_fanout,"B/H - FSM decode fanout, real design",genus,23.12-s086_1,orig,on,0.4965,MET,,,,,,34415,118015.71934449999,,,,,,,,,,,,,,,293.89799999999997,86.4341,160.222,133.67499999999998,0.0,probabilistic,,659,676.0,06cb52e75002,b1de3ea
r30_fsm_decode_fanout,"B/H - FSM decode fanout, real design",genus,23.12-s086_1,orig,on,0.6,MET,,,,8942,2134,33280,122535.63844124999,,,,,,,,,,,,,,,257.524,62.770500000000006,166.536,90.9879,0.0,probabilistic,,733,12.0,06cb52e75002,4f7c7a48
r30_fsm_decode_fanout,"B/H - FSM decode fanout, real design",genus,23.12-s086_1,retimed,off,0.3,VIOLATED,,,,2138,2139,37020,92189.568156,,,,,,,,,,,,,,,147.41299999999998,53.40219999999999,58.8567,88.5566,0.0,probabilistic,,863,9.0,06cb52e75002,4f7c7a48
r30_fsm_decode_fanout,"B/H - FSM decode fanout, real design",genus,23.12-s086_1,retimed,off,0.3255,VIOLATED,,,,,,34720,83098.30929925,,,,,,,,,,,,,,,116.51100000000001,50.6749,29.9029,86.6076,0.0,probabilistic,,708,723.0,06cb52e75002,bdf1989
r30_fsm_decode_fanout,"B/H - FSM decode fanout, real design",genus,23.12-s086_1,retimed,off,0.3276,VIOLATED,,,,2138,2139,38474,94957.8825445,,,,,,,,,,,,,,,134.08700000000002,48.2327,53.9466,80.1402,0.0,probabilistic,,932,949.0,06cb52e75002,4f7c7a48
r30_fsm_decode_fanout,"B/H - FSM decode fanout, real design",genus,23.12-s086_1,retimed,off,0.479,MET,,,,,,27341,69304.4456675,,,,,,,,,,,,,,,74.7182,31.212899999999998,20.4377,54.2805,0.0,probabilistic,,514,529.0,06cb52e75002,b1de3ea
r30_fsm_decode_fanout,"B/H - FSM decode fanout, real design",genus,23.12-s086_1,retimed,off,0.496,MET,,,,,,24379,63678.44305,,,,,,,,,,,,,,,64.6327,25.909399999999998,19.036399999999997,45.5963,0.0,probabilistic,,381,395.0,06cb52e75002,b1de3ea
r30_fsm_decode_fanout,"B/H - FSM decode fanout, real design",genus,23.12-s086_1,retimed,off,0.6,MET,,,,2138,2139,21577,62608.400649999996,,,,,,,,,,,,,,,,,,,,probabilistic,,308,16.0,06cb52e75002,4f7c7a48
r30_fsm_decode_fanout,"B/H - FSM decode fanout, real design",innovus-nangate45,23.12-s091_1,directive,off,0.3255,,-0.141,-110.838,1024.0,,,43194,,438935.795,93.587,30,0.09,0.0,2.21,0.575,0.013,,,,,10,0,193.8781712,99.92860153,,,12.02,probabilistic,,1228,1257.0,,
r30_fsm_decode_fanout,"B/H - FSM decode fanout, real design",innovus-nangate45,23.12-s091_1,directive,off,0.3276,,-0.121,-115.52,2036.0,2134,,48561,,513772.42,92.446,51,0.13,0.0,2.31,0.592,0.014,,,,,10,0,237.2606072,115.86819481,,,21.13,probabilistic,,2556,17.0,,
r30_fsm_decode_fanout,"B/H - FSM decode fanout, real design",innovus-nangate45,23.12-s091_1,directive,off,0.496,,-0.0,0.0,1.0,,,29700,,319824.9,80.15,11,0.04,0.0,2.78,0.56,0.016,,,,,10,0,95.87230869,48.16463447,,,6.064,probabilistic,,614,641.0,,
r30_fsm_decode_fanout,"B/H - FSM decode fanout, real design",innovus-nangate45,23.12-s091_1,orig,off,0.3255,,-0.141,-110.838,1024.0,,,43194,,438935.795,93.587,30,0.09,0.0,2.21,0.575,0.013,,,,,10,0,193.8781712,99.92860153,,,12.02,probabilistic,,1233,1263.0,,
r30_fsm_decode_fanout,"B/H - FSM decode fanout, real design",innovus-nangate45,23.12-s091_1,orig,off,0.3276,,-0.121,-115.52,2036.0,2134,,48561,,513772.42,92.446,51,0.13,0.0,2.31,0.592,0.014,,,,,10,0,237.26060719,115.86819481,,,21.13,probabilistic,,2963,16.0,,
r30_fsm_decode_fanout,"B/H - FSM decode fanout, real design",innovus-nangate45,23.12-s091_1,orig,off,0.496,,,,,,,29700,,319824.9,80.15,11,0.04,0.0,2.78,0.56,0.016,,,,,10,0,95.87230869,48.16463447,,,6.064,probabilistic,,617,646.0,,
r30_fsm_decode_fanout,"B/H - FSM decode fanout, real design",innovus-nangate45,23.12-s091_1,orig,on,0.3255,,-0.226,-294.529,2145.0,,,56545,,736914.63,95.527,251,0.59,0.01,8.99,0.658,0.065,,,,,10,0,313.21753522,164.83884828,,,19.43,probabilistic,,1335,1366.0,,
r30_fsm_decode_fanout,"B/H - FSM decode fanout, real design",innovus-nangate45,23.12-s091_1,orig,on,0.6,,,,,,,34855,,581199.995,80.356,3,0.0,0.0,3.41,0.652,0.023,,,,,10,0,184.31874833,75.48277439,,,23.54,probabilistic,,541,571.0,,
r30_fsm_decode_fanout,"B/H - FSM decode fanout, real design",innovus-nangate45,23.12-s091_1,retimed,off,0.3255,,-0.132,-97.584,1024.0,,,44139,,468189.0,92.214,46,0.13,0.0,2.94,0.561,0.017,,,,,10,0,199.0925561,103.8288082,,,11.96,probabilistic,,1297,1326.0,,
r30_fsm_decode_fanout,"B/H - FSM decode fanout, real design",innovus-nangate45,23.12-s091_1,retimed,off,0.3276,,-0.122,-110.783,2014.0,2138,,48432,,534666.685,91.276,79,0.2,0.0,1.8,0.601,0.011,,,,,10,0,239.35317115,117.43470904,,,22.07,probabilistic,,2520,16.0,,
r30_fsm_decode_fanout,"B/H - FSM decode fanout, real design",innovus-nangate45,23.12-s091_1,retimed,off,0.496,,-0.002,-0.003,4.0,,,28467,,301747.06,,15,0.05,0.0,,,,,,,,10,0,,,,,,probabilistic,,627,653.0,,
r31_clone_distinct_reset,B - duplication with per-clone initial state,,,directive,,0.1904,,,,,,,,,,,,,,,,,,,,,,,,,,,,,,,17.0,,
r31_clone_distinct_reset,B - duplication with per-clone initial state,,,directive,,6.0,,,,,,,,,,,,,,,,,,,,,,,,,,,,,,,187.0,,
r31_clone_distinct_reset,B - duplication with per-clone initial state,,,directive,,6.0,,,,,,,,,,,,,,,,,,,,,,,,,,,,,,,60.0,,
r31_clone_distinct_reset,B - duplication with per-clone initial state,,,orig,,0.1904,,,,,,,,,,,,,,,,,,,,,,,,,,,,,,,17.0,,
r31_clone_distinct_reset,B - duplication with per-clone initial state,,,orig,,0.1904,,,,,,,,,,,,,,,,,,,,,,,,,,,,,,,17.0,,
r31_clone_distinct_reset,B - duplication with per-clone initial state,,,orig,,0.2802,,,,,,,,,,,,,,,,,,,,,,,,,,,,,,,,6a2b62dfaf1d,bdf1989
r31_clone_distinct_reset,B - duplication with per-clone initial state,,,orig,,6.0,,,,,,,,,,,,,,,,,,,,,,,,,,,,,,,169.0,,
r31_clone_distinct_reset,B - duplication with per-clone initial state,,,orig,,6.0,,,,,,,,,,,,,,,,,,,,,,,,,,,,,,,60.0,,
r31_clone_distinct_reset,B - duplication with per-clone initial state,,,orig,,6.0,,,,,,,,,,,,,,,,,,,,,,,,,,,,,,,201.0,,
r31_clone_distinct_reset,B - duplication with per-clone initial state,,,orig,,6.0,,,,,,,,,,,,,,,,,,,,,,,,,,,,,,,66.0,,
r31_clone_distinct_reset,B - duplication with per-clone initial state,,,retimed,,0.1904,,,,,,,,,,,,,,,,,,,,,,,,,,,,,,,18.0,,
r31_clone_distinct_reset,B - duplication with per-clone initial state,,,retimed,,6.0,,,,,,,,,,,,,,,,,,,,,,,,,,,,,,,234.0,,
r31_clone_distinct_reset,B - duplication with per-clone initial state,,,retimed,,6.0,,,,,,,,,,,,,,,,,,,,,,,,,,,,,,,58.0,,
r31_clone_distinct_reset,B - duplication with per-clone initial state,genus,23.12-s086_1,directive,off,0.175,VIOLATED,,,,878,1589,2343,8236.28192725,,,,,,,,,,,,,,,50.367799999999995,11.417300000000001,36.6007,8.303410000000001,5.4636700000000005,probabilistic,,76,93.0,6a2b62dfaf1d,4f7c7a48
r31_clone_distinct_reset,B - duplication with per-clone initial state,genus,23.12-s086_1,directive,off,0.1904,VIOLATED,,,,,,563,1694.53154575,,,,,,,,,,,,,,,6.69321,2.63577,2.6604200000000002,3.67817,0.354611,probabilistic,,27,36.0,6a2b62dfaf1d,bdf1989
r31_clone_distinct_reset,B - duplication with per-clone initial state,genus,23.12-s086_1,directive,off,0.3,VIOLATED,,,,878,1589,2297,8689.4400465,,,,,,,,,,,,,,,30.014300000000002,6.67705,22.0138,4.6955599999999995,3.30491,probabilistic,,73,1.0,6a2b62dfaf1d,4f7c7a48
r31_clone_distinct_reset,B - duplication with per-clone initial state,genus,23.12-s086_1,directive,off,0.3245,MET,,,,,,438,1427.937457,,,,,,,,,,,,,,,3.02916,1.05532,1.5141,1.30699,0.208068,probabilistic,,13,24.0,6a2b62dfaf1d,bdf1989
r31_clone_distinct_reset,B - duplication with per-clone initial state,genus,23.12-s086_1,directive,off,0.6,MET,,,,878,1589,2049,7491.60382125,,,,,,,,,,,,,,,14.0433,2.78563,10.8514,1.5983,1.5935700000000002,probabilistic,,18,7.0,6a2b62dfaf1d,4f7c7a48
r31_clone_distinct_reset,B - duplication with per-clone initial state,genus,23.12-s086_1,orig,off,0.175,VIOLATED,,,,878,1589,2343,8236.28192725,,,,,,,,,,,,,,,50.367799999999995,11.417300000000001,36.6007,8.303410000000001,5.4636700000000005,probabilistic,,80,97.0,6a2b62dfaf1d,4f7c7a48
r31_clone_distinct_reset,B - duplication with per-clone initial state,genus,23.12-s086_1,orig,off,0.1904,VIOLATED,,,,,,563,1694.53154575,,,,,,,,,,,,,,,6.69321,2.63577,2.6604200000000002,3.67817,0.354611,probabilistic,,27,37.0,6a2b62dfaf1d,bdf1989
r31_clone_distinct_reset,B - duplication with per-clone initial state,genus,23.12-s086_1,orig,off,0.3,VIOLATED,,,,878,1589,2297,8689.4400465,,,,,,,,,,,,,,,30.014300000000002,6.67705,22.0138,4.6955599999999995,3.30491,probabilistic,,68,8.0,6a2b62dfaf1d,4f7c7a48
r31_clone_distinct_reset,B - duplication with per-clone initial state,genus,23.12-s086_1,orig,off,0.3245,MET,,,,,,438,1427.937457,,,,,,,,,,,,,,,3.02916,1.05532,1.5141,1.30699,0.208068,probabilistic,,14,25.0,6a2b62dfaf1d,bdf1989
r31_clone_distinct_reset,B - duplication with per-clone initial state,genus,23.12-s086_1,orig,off,0.6,MET,,,,878,1589,2049,7491.60382125,,,,,,,,,,,,,,,14.0433,2.78563,10.8514,1.5983,1.5935700000000002,probabilistic,,21,14.0,6a2b62dfaf1d,4f7c7a48
r31_clone_distinct_reset,B - duplication with per-clone initial state,genus,23.12-s086_1,orig,on,0.15,VIOLATED,,,,1495,1589,4569,15314.28685875,,,,,,,,,,,,,,,84.2011,12.5626,69.2035,14.9977,0.0,probabilistic,,184,2.0,6a2b62dfaf1d,4f7c7a48
r31_clone_distinct_reset,B - duplication with per-clone initial state,genus,23.12-s086_1,orig,on,0.175,VIOLATED,,,,1547,1589,5193,16554.86576,,,,,,,,,,,,,,,73.44409999999999,9.96738,61.1074,12.3368,0.0,probabilistic,,206,222.0,6a2b62dfaf1d,4f7c7a48
r31_clone_distinct_reset,B - duplication with per-clone initial state,genus,23.12-s086_1,orig,on,0.1904,VIOLATED,,,,,,2114,7204.1567425,,,,,,,,,,,,,,,36.9585,9.42913,24.7534,8.73018,3.47494,probabilistic,,52,61.0,6a2b62dfaf1d,bdf1989
r31_clone_distinct_reset,B - duplication with per-clone initial state,genus,23.12-s086_1,orig,on,0.3,MET,,,,1456,1589,4152,14158.1202595,,,,,,,,,,,,,,,39.6043,4.45593,33.6295,5.974830000000001,0.0,probabilistic,,93,9.0,6a2b62dfaf1d,4f7c7a48
r31_clone_distinct_reset,B - duplication with per-clone initial state,genus,23.12-s086_1,orig,on,0.6,MET,,,,1449,1589,3542,13292.0246045,,,,,,,,,,,,,,,19.8214,2.08287,16.9142,2.9072,0.0,probabilistic,,84,16.0,6a2b62dfaf1d,4f7c7a48
r31_clone_distinct_reset,B - duplication with per-clone initial state,genus,23.12-s086_1,retimed,off,0.175,VIOLATED,,,,899,2357,2846,8977.6113245,,,,,,,,,,,,,,,51.2631,11.8122,37.211099999999995,8.4556,5.59642,probabilistic,,112,129.0,6a2b62dfaf1d,4f7c7a48
r31_clone_distinct_reset,B - duplication with per-clone initial state,genus,23.12-s086_1,retimed,off,0.1904,VIOLATED,,,,,,535,1685.9539169999998,,,,,,,,,,,,,,,7.975350000000001,2.92321,3.5841800000000004,3.9164600000000003,0.47472200000000003,probabilistic,,26,35.0,6a2b62dfaf1d,bdf1989
r31_clone_distinct_reset,B - duplication with per-clone initial state,genus,23.12-s086_1,retimed,off,0.3,VIOLATED,,,,903,2357,2303,8293.1829375,,,,,,,,,,,,,,,30.1459,6.7345,22.086499999999997,4.7891,3.2702299999999997,probabilistic,,72,8.0,6a2b62dfaf1d,4f7c7a48
r31_clone_distinct_reset,B - duplication with per-clone initial state,genus,23.12-s086_1,retimed,off,0.4182,MET,,,,,,475,1574.4224182500002,,,,,,,,,,,,,,,3.5970899999999997,1.23976,1.6884700000000001,1.6817799999999998,0.226839,probabilistic,,18,28.0,6a2b62dfaf1d,bdf1989
r31_clone_distinct_reset,B - duplication with per-clone initial state,genus,23.12-s086_1,retimed,off,0.6,MET,,,,907,2357,2119,7721.89094825,,,,,,,,,,,,,,,14.6318,2.93052,11.228800000000001,1.7568300000000001,1.64621,probabilistic,,16,16.0,6a2b62dfaf1d,4f7c7a48
r31_clone_distinct_reset,B - duplication with per-clone initial state,innovus-nangate45,23.12-s091_1,directive,off,0.175,,-0.132,-55.125,796.0,878,,2925,,23376.205,83.787,0,0.0,0.0,0.86,0.345,0.003,,,,,10,0,63.58121681,18.54345962,,,20.51,probabilistic,,609,21.0,,
r31_clone_distinct_reset,B - duplication with per-clone initial state,innovus-nangate45,23.12-s091_1,orig,off,0.175,,-0.132,-55.125,796.0,878,,2925,,23376.205,83.787,0,0.0,0.0,0.86,0.345,0.003,,,,,10,0,63.58121681,18.54345962,,,20.51,probabilistic,,531,21.0,,
r31_clone_distinct_reset,B - duplication with per-clone initial state,innovus-nangate45,23.12-s091_1,orig,on,0.175,,-0.071,-25.9,1202.0,1547,,5818,,48038.765,76.247,0,0.0,0.0,1.04,0.286,0.003,,,,,10,0,102.9008633,32.39673107,,,26.14,probabilistic,,633,25.0,,
r31_clone_distinct_reset,B - duplication with per-clone initial state,innovus-nangate45,23.12-s091_1,retimed,off,0.175,,-0.055,-6.995,493.0,899,,3285,,23302.97,78.37,0,0.0,0.0,6.38,0.044,0.003,,,,,10,0,59.41282324,17.29970288,,,16.05,probabilistic,,549,20.0,,
r32_backward_reset_preimage,A - backward retiming with no valid initial state,,,directive,,6.0,,,,,,,,,,,,,,,,,,,,,,,,,,,,,,,240.0,,
r32_backward_reset_preimage,A - backward retiming with no valid initial state,,,directive,,6.0,,,,,,,,,,,,,,,,,,,,,,,,,,,,,,,69.0,,
r32_backward_reset_preimage,A - backward retiming with no valid initial state,,,orig,,6.0,,,,,,,,,,,,,,,,,,,,,,,,,,,,,,,304.0,,
r32_backward_reset_preimage,A - backward retiming with no valid initial state,,,orig,,6.0,,,,,,,,,,,,,,,,,,,,,,,,,,,,,,,69.0,,
r32_backward_reset_preimage,A - backward retiming with no valid initial state,,,orig,,6.0,,,,,,,,,,,,,,,,,,,,,,,,,,,,,,,302.0,,
r32_backward_reset_preimage,A - backward retiming with no valid initial state,,,orig,,6.0,,,,,,,,,,,,,,,,,,,,,,,,,,,,,,,63.0,,
r32_backward_reset_preimage,A - backward retiming with no valid initial state,,,retimed,,0.2915,,,,,,,,,,,,,,,,,,,,,,,,,,,,,,,,797b53cd06b3,bdf1989
r32_backward_reset_preimage,A - backward retiming with no valid initial state,,,retimed,,6.0,,,,,,,,,,,,,,,,,,,,,,,,,,,,,,,279.0,,
r32_backward_reset_preimage,A - backward retiming with no valid initial state,,,retimed,,6.0,,,,,,,,,,,,,,,,,,,,,,,,,,,,,,,57.0,,
r32_backward_reset_preimage,A - backward retiming with no valid initial state,genus,23.12-s086_1,directive,off,0.182,VIOLATED,,,,,,5560,14877.546715249999,,,,,,,,,,,,,,,71.71940000000001,25.4379,32.5877,34.908,4.2237,probabilistic,,108,117.0,797b53cd06b3,bdf1989
r32_backward_reset_preimage,A - backward retiming with no valid initial state,genus,23.12-s086_1,directive,off,0.2163,VIOLATED,,,,1486,1554,7790,22225.948348,,,,,,,,,,,,,,,77.1645,16.4433,52.9482,24.2163,0.0,probabilistic,,198,216.0,797b53cd06b3,4f7c7a48
r32_backward_reset_preimage,A - backward retiming with no valid initial state,genus,23.12-s086_1,directive,off,0.3,VIOLATED,,,,1486,1554,7446,22148.597387499998,,,,,,,,,,,,,,,56.7558,12.5399,38.370000000000005,18.3858,0.0,probabilistic,,146,156.0,797b53cd06b3,4f7c7a48
r32_backward_reset_preimage,A - backward retiming with no valid initial state,genus,23.12-s086_1,directive,off,0.3574,VIOLATED,,,,,,7112,18497.494530750002,,,,,,,,,,,,,,,46.8508,18.2505,17.1385,27.560399999999998,2.1518599999999997,probabilistic,,138,149.0,797b53cd06b3,bdf1989
r32_backward_reset_preimage,A - backward retiming with no valid initial state,genus,23.12-s086_1,directive,off,0.6,MET,,,,1486,1554,5151,17510.1625745,,,,,,,,,,,,,,,24.6988,3.75269,18.781699999999997,5.9171,0.0,probabilistic,,27,3.0,797b53cd06b3,4f7c7a48
r32_backward_reset_preimage,A - backward retiming with no valid initial state,genus,23.12-s086_1,orig,off,0.182,VIOLATED,,,,,,5560,14877.546715249999,,,,,,,,,,,,,,,71.71940000000001,25.4379,32.5877,34.908,4.2237,probabilistic,,107,117.0,797b53cd06b3,bdf1989
r32_backward_reset_preimage,A - backward retiming with no valid initial state,genus,23.12-s086_1,orig,off,0.2163,VIOLATED,,,,1486,1554,7790,22225.948348,,,,,,,,,,,,,,,77.1645,16.4433,52.9482,24.2163,0.0,probabilistic,,226,242.0,797b53cd06b3,4f7c7a48
r32_backward_reset_preimage,A - backward retiming with no valid initial state,genus,23.12-s086_1,orig,off,0.3,VIOLATED,,,,1486,1554,7446,22148.597387499998,,,,,,,,,,,,,,,56.7558,12.5399,38.370000000000005,18.3858,0.0,probabilistic,,181,3.0,797b53cd06b3,4f7c7a48
r32_backward_reset_preimage,A - backward retiming with no valid initial state,genus,23.12-s086_1,orig,off,0.3574,VIOLATED,,,,,,7112,18497.494530750002,,,,,,,,,,,,,,,46.8508,18.2505,17.1385,27.560399999999998,2.1518599999999997,probabilistic,,140,150.0,797b53cd06b3,bdf1989
r32_backward_reset_preimage,A - backward retiming with no valid initial state,genus,23.12-s086_1,orig,off,0.6,MET,,,,1486,1554,5151,17510.1625745,,,,,,,,,,,,,,,24.6988,3.75269,18.781699999999997,5.9171,0.0,probabilistic,,28,7.0,797b53cd06b3,4f7c7a48
r32_backward_reset_preimage,A - backward retiming with no valid initial state,genus,23.12-s086_1,orig,on,0.15,VIOLATED,,,,,,5534,15092.354693500001,,,,,,,,,,,,,,,80.775,27.032799999999998,40.5867,34.7787,5.40951,probabilistic,,122,134.0,797b53cd06b3,bdf1989
r32_backward_reset_preimage,A - backward retiming with no valid initial state,genus,23.12-s086_1,orig,on,0.182,VIOLATED,,,,,,5454,14630.27351325,,,,,,,,,,,,,,,63.820600000000006,21.609099999999998,31.1395,28.5911,4.090070000000001,probabilistic,,111,122.0,797b53cd06b3,bdf1989
r32_backward_reset_preimage,A - backward retiming with no valid initial state,genus,23.12-s086_1,orig,on,0.2163,VIOLATED,,,,1673,1554,7863,23364.906792,,,,,,,,,,,,,,,79.5275,14.7723,58.047399999999996,21.4802,0.0,probabilistic,,260,275.0,797b53cd06b3,4f7c7a48
r32_backward_reset_preimage,A - backward retiming with no valid initial state,genus,23.12-s086_1,orig,on,0.2678,VIOLATED,,,,,,4284,12309.8257475,,,,,,,,,,,,,,,38.1861,11.821299999999999,19.627499999999998,15.956100000000001,2.60254,probabilistic,,92,103.0,797b53cd06b3,bdf1989
r32_backward_reset_preimage,A - backward retiming with no valid initial state,genus,23.12-s086_1,orig,on,0.3,VIOLATED,,,,2076,1554,6534,22099.119379750002,,,,,,,,,,,,,,,65.5642,10.0706,49.9576,15.6066,0.0,probabilistic,,120,3.0,797b53cd06b3,4f7c7a48
r32_backward_reset_preimage,A - backward retiming with no valid initial state,genus,23.12-s086_1,orig,on,0.6,MET,,,,1300,1554,4849,16201.21993575,,,,,,,,,,,,,,,24.6886,4.37246,16.8896,7.79906,0.0,probabilistic,,108,9.0,797b53cd06b3,4f7c7a48
r32_backward_reset_preimage,A - backward retiming with no valid initial state,genus,23.12-s086_1,retimed,off,0.15,VIOLATED,,,,1487,1555,8475,23557.589155499998,,,,,,,,,,,,,,,117.147,26.7792,74.151,42.9958,0.0,probabilistic,,136,147.0,797b53cd06b3,4f7c7a48
r32_backward_reset_preimage,A - backward retiming with no valid initial state,genus,23.12-s086_1,retimed,off,0.182,VIOLATED,,,,,,5239,14087.7199815,,,,,,,,,,,,,,,62.0768,21.127799999999997,29.553900000000002,28.3052,4.21771,probabilistic,,67,76.0,797b53cd06b3,bdf1989
r32_backward_reset_preimage,A - backward retiming with no valid initial state,genus,23.12-s086_1,retimed,off,0.2163,VIOLATED,,,,1487,1555,7873,21931.859162,,,,,,,,,,,,,,,71.8802,14.6261,49.8643,22.016000000000002,0.0,probabilistic,,196,210.0,797b53cd06b3,4f7c7a48
r32_backward_reset_preimage,A - backward retiming with no valid initial state,genus,23.12-s086_1,retimed,off,0.3,MET,,,,1487,1555,5526,17500.10931025,,,,,,,,,,,,,,,46.689,7.43233,36.012,10.677000000000001,0.0,probabilistic,,48,60.0,797b53cd06b3,4f7c7a48
r32_backward_reset_preimage,A - backward retiming with no valid initial state,genus,23.12-s086_1,retimed,off,0.6,MET,,,,1487,1555,5449,17466.6575955,,,,,,,,,,,,,,,24.2724,3.5995100000000004,18.5624,5.71002,0.0,probabilistic,,29,7.0,797b53cd06b3,4f7c7a48
r32_backward_reset_preimage,A - backward retiming with no valid initial state,innovus-nangate45,23.12-s091_1,directive,off,0.182,,-0.181,-32.091,443.0,,,6894,,73171.415,89.446,6,0.08,0.0,1.03,0.479,0.005,,,,,10,0,98.78443334,43.40800516,,,15.75,probabilistic,,369,388.0,,
r32_backward_reset_preimage,A - backward retiming with no valid initial state,innovus-nangate45,23.12-s091_1,directive,off,0.2163,,-0.116,-41.6,798.0,1486,,9463,,68911.42,85.39,0,0.0,0.0,4.04,0.404,0.017,,,,,10,0,119.55836418,45.84154371,,,24.77,probabilistic,,1281,18.0,,
r32_backward_reset_preimage,A - backward retiming with no valid initial state,innovus-nangate45,23.12-s091_1,orig,off,0.182,,-0.181,-32.091,443.0,,,6894,,73171.415,89.446,6,0.08,0.0,1.03,0.479,0.005,,,,,10,0,98.78443334,43.40800516,,,15.75,probabilistic,,367,386.0,,
r32_backward_reset_preimage,A - backward retiming with no valid initial state,innovus-nangate45,23.12-s091_1,orig,off,0.2163,,-0.116,-41.6,798.0,1486,,9463,,68911.42,85.39,0,0.0,0.0,4.04,0.404,0.017,,,,,10,0,119.55836418,45.84154371,,,24.77,probabilistic,,1333,20.0,,
r32_backward_reset_preimage,A - backward retiming with no valid initial state,innovus-nangate45,23.12-s091_1,orig,on,0.182,,-0.056,-6.85,301.0,,,6513,,67293.365,84.039,1,0.01,0.0,1.35,0.365,0.005,,,,,10,0,73.26750391,30.16992999,,,11.78,probabilistic,,235,257.0,,
r32_backward_reset_preimage,A - backward retiming with no valid initial state,innovus-nangate45,23.12-s091_1,orig,on,0.2163,,-0.072,-41.217,1346.0,1673,,9203,,80246.475,80.664,0,0.0,0.0,9.2,0.365,0.037,,,,,10,0,111.58345638,40.31895267,,,23.01,probabilistic,,1068,18.0,,
r32_backward_reset_preimage,A - backward retiming with no valid initial state,innovus-nangate45,23.12-s091_1,retimed,off,0.182,,-0.103,-31.966,380.0,,,6520,,72861.79,88.376,0,0.0,0.0,0.71,0.422,0.003,,,,,10,0,82.00031521,35.34337182,,,12.46,probabilistic,,349,369.0,,
r32_backward_reset_preimage,A - backward retiming with no valid initial state,innovus-nangate45,23.12-s091_1,retimed,off,0.2163,,-0.078,-34.134,811.0,1487,,9124,,69206.21,84.31,1,0.01,0.0,14.66,0.326,0.056,,,,,10,0,107.13511269,39.94492201,,,22.11,probabilistic,,1227,19.0,,
