=== [07:06] push wrapped + serialised RTL
28
=== [07:06] stage 1/3: floors for all 28 (wrapper changed every design's timing)
  r24_loop_bound_control          retimed   off  min_period=  0.979 ns   probed p0.7854, wns=-0.194
  r24_loop_bound_control          directive off  min_period=  0.905 ns   probed p0.7854, wns=-0.12
  r26_sdc_exception_invalidation  orig      off  min_period=  1.039 ns   probed p0.4404, wns=-0.599
  r26_sdc_exception_invalidation  orig      on   min_period=    0.4 ns   probed p0.2202, wns=-0.18
  r26_sdc_exception_invalidation  retimed   off  min_period=  0.897 ns   probed p0.4404, wns=-0.457
  r26_sdc_exception_invalidation  directive off  min_period=   0.61 ns   probed p0.4404, wns=-0.17
  r27_exception_scope_probe       orig      off  min_period=  0.921 ns   probed p0.6522, wns=-0.269
  r27_exception_scope_probe       orig      on   min_period=  0.386 ns   probed p0.3261, wns=-0.06
  r27_exception_scope_probe       retimed   off  min_period=  0.898 ns   probed p0.6522, wns=-0.246
  r27_exception_scope_probe       directive off  min_period=  0.386 ns   probed p0.3261, wns=-0.06
  r28_congestion_wire_split       orig      off  min_period=  0.293 ns   probed p0.1653, wns=-0.128
  r28_congestion_wire_split       orig      on   min_period=  0.246 ns   probed p0.1653, wns=-0.081
  r28_congestion_wire_split       retimed   off  min_period=  0.288 ns   probed p0.1653, wns=-0.123
  r28_congestion_wire_split       directive off  min_period=  0.246 ns   probed p0.1653, wns=-0.081
  r29_wide_crossing               orig      off  min_period=  0.424 ns   probed p0.36, wns=-0.064
  r29_wide_crossing               orig      on   min_period=  0.298 ns   probed p0.18, wns=-0.118
  r29_wide_crossing               retimed   off  min_period=  0.485 ns   probed p0.36, wns=-0.125
  r29_wide_crossing               directive off  min_period=  0.424 ns   probed p0.36, wns=-0.064
  r30_fsm_decode_fanout           orig      off  min_period=  0.472 ns   probed p0.3, wns=-0.172
  r30_fsm_decode_fanout           orig      on   min_period=  0.476 ns   probed p0.3, wns=-0.176
  r30_fsm_decode_fanout           retimed   off  min_period=  0.468 ns   probed p0.3, wns=-0.168
  r30_fsm_decode_fanout           directive off  min_period=  0.472 ns   probed p0.3, wns=-0.172
  r31_clone_distinct_reset        orig      off  min_period=   0.37 ns   probed p0.3, wns=-0.07
  r31_clone_distinct_reset        orig      on   min_period=   0.25 ns   probed p0.15, wns=-0.1
  r31_clone_distinct_reset        retimed   off  min_period=  0.404 ns   probed p0.3, wns=-0.104
  r31_clone_distinct_reset        directive off  min_period=   0.37 ns   probed p0.3, wns=-0.07
  r32_backward_reset_preimage     orig      off  min_period=  0.344 ns   probed p0.3, wns=-0.044
  r32_backward_reset_preimage     orig      on   min_period=  0.311 ns   probed p0.3, wns=-0.011
  r32_backward_reset_preimage     retimed   off  min_period=  0.309 ns   probed p0.15, wns=-0.159
  r32_backward_reset_preimage     directive off  min_period=  0.344 ns   probed p0.3, wns=-0.044

wrote /home/esifferm/GitHub/retiming/results/fmax_v2.json
  floors measured: 112
=== [08:07] stage 2/3: stress sweep, all 28, post-route
17 benchmark(s) already stressed, 11 to do
total concurrent tool jobs capped at 16

  r04_init_only_no_reset          STRESSED at p=0.1771
      orig      off WNS=    None TNS=      None viol=  None WL=      None
      orig      on  WNS=  -0.074 TNS=     -2.12 viol=  53.0 WL=  3654.425
      retimed   off WNS=  -0.274 TNS=    -6.285 viol=  28.0 WL=  3712.895
      directive off WNS=  -0.074 TNS=     -2.12 viol=  53.0 WL=  3654.425
  r09_unbalanced_mult_pipe        STRESSED at p=0.203
      orig      off WNS=  -0.494 TNS=   -16.928 viol=  64.0 WL=   30663.9
      orig      on  WNS=  -0.109 TNS=    -14.36 viol= 264.0 WL= 31200.775
      retimed   off WNS=  -0.409 TNS=   -21.069 viol=  80.0 WL=  32343.76
      directive off WNS=  -0.109 TNS=    -14.36 viol= 264.0 WL= 31200.775
  r10_long_carry_chain            STRESSED at p=0.1673
      orig      off WNS=    None TNS=      None viol=  None WL=      None
      orig      on  WNS=  -0.103 TNS=   -28.583 viol= 488.0 WL=   24265.4
      retimed   off WNS=  -0.289 TNS=    -33.08 viol= 291.0 WL=  24685.97
      directive off WNS=  -0.103 TNS=   -28.583 viol= 488.0 WL=   24265.4
  r11_deep_retime_distance        STRESSED at p=0.5201
      orig      off WNS=  -2.951 TNS=   -88.432 viol=  44.0 WL=  40698.55
      orig      on  WNS=  -0.242 TNS=   -31.896 viol= 173.0 WL=  35873.39
      retimed   off WNS=  -0.511 TNS=   -54.756 viol= 127.0 WL=  43272.52
      directive off WNS=  -0.242 TNS=   -31.896 viol= 173.0 WL=  35873.39
  r12_wide_reduction_tree         STRESSED at p=0.1764
      orig      off WNS=  -0.378 TNS=    -2.539 viol=   7.0 WL=  7990.975
      orig      on  WNS=  -0.064 TNS=    -1.671 viol=  46.0 WL=   6403.88
      retimed   off WNS=  -0.195 TNS=    -4.549 viol=  27.0 WL=   7304.26
      directive off WNS=  -0.064 TNS=    -1.671 viol=  46.0 WL=   6403.88
  r13_retime_around_sram          STRESSED at p=0.1771
      orig      off WNS=  -0.186 TNS=    -49.16 viol= 869.0 WL= 33526.565
      orig      on  WNS=  -0.086 TNS=    -11.37 viol= 437.0 WL= 61238.645
      retimed   off WNS=  -0.305 TNS=   -94.892 viol= 762.0 WL=  38896.34
      directive off WNS=  -0.086 TNS=    -11.37 viol= 437.0 WL= 61238.645
  r15_hier_boundary_block         STRESSED at p=0.1946
      orig      off WNS=  -0.496 TNS=    -7.833 viol=  21.0 WL=  4783.295
      orig      on  WNS=  -0.094 TNS=    -3.815 viol=  64.0 WL=  3995.815
      retimed   off WNS=  -0.252 TNS=     -5.14 viol=  24.0 WL=    4975.4
      directive off WNS=  -0.094 TNS=    -3.815 viol=  64.0 WL=  3995.815
  r17_clock_enable_barrier        STRESSED at p=0.2107
      orig      off WNS=  -0.024 TNS=    -0.307 viol=  16.0 WL=  5427.405
      orig      on  WNS=  -0.089 TNS=    -2.577 viol=  68.0 WL=  5935.325
      retimed   off WNS=   -0.29 TNS=    -5.258 viol=  24.0 WL=  4616.945
      directive off WNS=  -0.089 TNS=    -2.577 viol=  68.0 WL=  5935.325
  r18_clock_gated_region          STRESSED at p=0.2275
      orig      off WNS=  -0.235 TNS=     -8.93 viol=  63.0 WL=   6250.36
      orig      on  WNS=  -0.106 TNS=    -3.224 viol=  60.0 WL=   5316.24
      retimed   off WNS=  -0.235 TNS=    -7.866 viol=  57.0 WL=   6222.65
      directive off WNS=  -0.106 TNS=    -3.224 viol=  60.0 WL=   5316.24
  r19_power_activity_retime       STRESSED at p=0.1827
      orig      off WNS=   -0.38 TNS=    -2.882 viol=  11.0 WL=   8416.76
      orig      on  WNS=  -0.088 TNS=    -4.661 viol=  96.0 WL=  7020.625
      retimed   off WNS=  -0.356 TNS=    -2.401 viol=   8.0 WL=  6984.505
      directive off WNS=  -0.096 TNS=    -5.725 viol=  92.0 WL=  7630.085
  r27_exception_scope_probe       STRESSED at p=0.2702
      orig      off WNS=    None TNS=      None viol=  None WL=      None
      orig      on  WNS=  -0.112 TNS=    -4.418 viol=  89.0 WL= 10784.655
      retimed   off WNS=  -0.422 TNS=   -14.684 viol=  57.0 WL=  9495.465
      directive off WNS=  -0.112 TNS=    -4.418 viol=  89.0 WL= 10784.655
  benchmarks stressed: 11 / 28
!!! [09:12] ABORT: only 11 benchmarks stressed
=== [09:42] push wrapped + serialised RTL
28
=== [09:42] stage 1/3: floors for all 28 (wrapper changed every design's timing)
  r24_loop_bound_control          retimed   off  min_period=  0.979 ns   probed p0.7854, wns=-0.194
  r24_loop_bound_control          directive off  min_period=  0.905 ns   probed p0.7854, wns=-0.12
  r26_sdc_exception_invalidation  orig      off  min_period=  1.039 ns   probed p0.4404, wns=-0.599
  r26_sdc_exception_invalidation  orig      on   min_period=    0.4 ns   probed p0.2202, wns=-0.18
  r26_sdc_exception_invalidation  retimed   off  min_period=  0.897 ns   probed p0.4404, wns=-0.457
  r26_sdc_exception_invalidation  directive off  min_period=   0.61 ns   probed p0.4404, wns=-0.17
  r27_exception_scope_probe       orig      off  min_period=  0.921 ns   probed p0.6522, wns=-0.269
  r27_exception_scope_probe       orig      on   min_period=  0.386 ns   probed p0.3261, wns=-0.06
  r27_exception_scope_probe       retimed   off  min_period=  0.898 ns   probed p0.6522, wns=-0.246
  r27_exception_scope_probe       directive off  min_period=  0.386 ns   probed p0.3261, wns=-0.06
  r28_congestion_wire_split       orig      off  min_period=  0.293 ns   probed p0.1653, wns=-0.128
  r28_congestion_wire_split       orig      on   min_period=  0.246 ns   probed p0.1653, wns=-0.081
  r28_congestion_wire_split       retimed   off  min_period=  0.288 ns   probed p0.1653, wns=-0.123
  r28_congestion_wire_split       directive off  min_period=  0.246 ns   probed p0.1653, wns=-0.081
  r29_wide_crossing               orig      off  min_period=  0.424 ns   probed p0.36, wns=-0.064
  r29_wide_crossing               orig      on   min_period=  0.298 ns   probed p0.18, wns=-0.118
  r29_wide_crossing               retimed   off  min_period=  0.485 ns   probed p0.36, wns=-0.125
  r29_wide_crossing               directive off  min_period=  0.424 ns   probed p0.36, wns=-0.064
  r30_fsm_decode_fanout           orig      off  min_period=  0.472 ns   probed p0.3, wns=-0.172
  r30_fsm_decode_fanout           orig      on   min_period=  0.476 ns   probed p0.3, wns=-0.176
  r30_fsm_decode_fanout           retimed   off  min_period=  0.468 ns   probed p0.3, wns=-0.168
  r30_fsm_decode_fanout           directive off  min_period=  0.472 ns   probed p0.3, wns=-0.172
  r31_clone_distinct_reset        orig      off  min_period=   0.37 ns   probed p0.3, wns=-0.07
  r31_clone_distinct_reset        orig      on   min_period=   0.25 ns   probed p0.15, wns=-0.1
  r31_clone_distinct_reset        retimed   off  min_period=  0.404 ns   probed p0.3, wns=-0.104
  r31_clone_distinct_reset        directive off  min_period=   0.37 ns   probed p0.3, wns=-0.07
  r32_backward_reset_preimage     orig      off  min_period=  0.344 ns   probed p0.3, wns=-0.044
  r32_backward_reset_preimage     orig      on   min_period=  0.311 ns   probed p0.3, wns=-0.011
  r32_backward_reset_preimage     retimed   off  min_period=  0.309 ns   probed p0.15, wns=-0.159
  r32_backward_reset_preimage     directive off  min_period=  0.344 ns   probed p0.3, wns=-0.044

wrote /home/esifferm/GitHub/retiming/results/fmax_v2.json
  floors measured: 112
=== [10:42] stage 2/3: stress sweep, all 28, post-route
17 benchmark(s) already stressed, 11 to do
total concurrent tool jobs capped at 16

  r04_init_only_no_reset          STRESSED at p=0.1771
      orig      off WNS=    None TNS=      None viol=  None WL=      None
      orig      on  WNS=  -0.074 TNS=     -2.12 viol=  53.0 WL=  3654.425
      retimed   off WNS=  -0.274 TNS=    -6.285 viol=  28.0 WL=  3712.895
      directive off WNS=  -0.074 TNS=     -2.12 viol=  53.0 WL=  3654.425
  r09_unbalanced_mult_pipe        STRESSED at p=0.203
      orig      off WNS=  -0.494 TNS=   -16.928 viol=  64.0 WL=   30663.9
      orig      on  WNS=  -0.109 TNS=    -14.36 viol= 264.0 WL= 31200.775
      retimed   off WNS=  -0.409 TNS=   -21.069 viol=  80.0 WL=  32343.76
      directive off WNS=  -0.109 TNS=    -14.36 viol= 264.0 WL= 31200.775
  r10_long_carry_chain            STRESSED at p=0.1673
      orig      off WNS=  -0.334 TNS=   -32.456 viol= 275.0 WL= 23001.825
      orig      on  WNS=  -0.103 TNS=   -28.583 viol= 488.0 WL=   24265.4
      retimed   off WNS=  -0.289 TNS=    -33.08 viol= 291.0 WL=  24685.97
      directive off WNS=  -0.103 TNS=   -28.583 viol= 488.0 WL=   24265.4
  r11_deep_retime_distance        STRESSED at p=0.5201
      orig      off WNS=  -2.951 TNS=   -88.432 viol=  44.0 WL=  40698.55
      orig      on  WNS=  -0.242 TNS=   -31.896 viol= 173.0 WL=  35873.39
      retimed   off WNS=  -0.511 TNS=   -54.756 viol= 127.0 WL=  43272.52
      directive off WNS=  -0.242 TNS=   -31.896 viol= 173.0 WL=  35873.39
  r12_wide_reduction_tree         STRESSED at p=0.1764
      orig      off WNS=  -0.378 TNS=    -2.539 viol=   7.0 WL=  7990.975
      orig      on  WNS=  -0.064 TNS=    -1.671 viol=  46.0 WL=   6403.88
      retimed   off WNS=  -0.195 TNS=    -4.549 viol=  27.0 WL=   7304.26
      directive off WNS=  -0.064 TNS=    -1.671 viol=  46.0 WL=   6403.88
  r13_retime_around_sram          STRESSED at p=0.1771
      orig      off WNS=  -0.186 TNS=    -49.16 viol= 869.0 WL= 33526.565
      orig      on  WNS=  -0.086 TNS=    -11.37 viol= 437.0 WL= 61238.645
      retimed   off WNS=  -0.305 TNS=   -94.892 viol= 762.0 WL=  38896.34
      directive off WNS=  -0.086 TNS=    -11.37 viol= 437.0 WL= 61238.645
  r15_hier_boundary_block         STRESSED at p=0.1946
      orig      off WNS=  -0.496 TNS=    -7.833 viol=  21.0 WL=  4783.295
      orig      on  WNS=  -0.094 TNS=    -3.815 viol=  64.0 WL=  3995.815
      retimed   off WNS=  -0.252 TNS=     -5.14 viol=  24.0 WL=    4975.4
      directive off WNS=  -0.094 TNS=    -3.815 viol=  64.0 WL=  3995.815
  r17_clock_enable_barrier        STRESSED at p=0.2107
      orig      off WNS=  -0.024 TNS=    -0.307 viol=  16.0 WL=  5427.405
      orig      on  WNS=  -0.089 TNS=    -2.577 viol=  68.0 WL=  5935.325
      retimed   off WNS=   -0.29 TNS=    -5.258 viol=  24.0 WL=  4616.945
      directive off WNS=  -0.089 TNS=    -2.577 viol=  68.0 WL=  5935.325
  r18_clock_gated_region          STRESSED at p=0.2275
      orig      off WNS=  -0.235 TNS=     -8.93 viol=  63.0 WL=   6250.36
      orig      on  WNS=  -0.106 TNS=    -3.224 viol=  60.0 WL=   5316.24
      retimed   off WNS=  -0.235 TNS=    -7.866 viol=  57.0 WL=   6222.65
      directive off WNS=  -0.106 TNS=    -3.224 viol=  60.0 WL=   5316.24
  r19_power_activity_retime       STRESSED at p=0.1827
      orig      off WNS=   -0.38 TNS=    -2.882 viol=  11.0 WL=   8416.76
      orig      on  WNS=  -0.088 TNS=    -4.661 viol=  96.0 WL=  7020.625
      retimed   off WNS=  -0.356 TNS=    -2.401 viol=   8.0 WL=  6984.505
      directive off WNS=  -0.096 TNS=    -5.725 viol=  92.0 WL=  7630.085
  r27_exception_scope_probe       STRESSED at p=0.2702
      orig      off WNS=    None TNS=      None viol=  None WL=      None
      orig      on  WNS=  -0.112 TNS=    -4.418 viol=  89.0 WL= 10784.655
      retimed   off WNS=  -0.422 TNS=   -14.684 viol=  57.0 WL=  9495.465
      directive off WNS=  -0.112 TNS=    -4.418 viol=  89.0 WL= 10784.655
  benchmarks stressed: 11 / 28
!!! [11:46] ABORT: only 11 benchmarks stressed
=== [12:02] push wrapped + serialised RTL
28
=== [12:02] stage 1/3: floors for all 28 (wrapper changed every design's timing)
  r24_loop_bound_control          retimed   off  min_period=  0.979 ns   probed p0.7854, wns=-0.194
  r24_loop_bound_control          directive off  min_period=  0.905 ns   probed p0.7854, wns=-0.12
  r26_sdc_exception_invalidation  orig      off  min_period=  1.039 ns   probed p0.4404, wns=-0.599
  r26_sdc_exception_invalidation  orig      on   min_period=    0.4 ns   probed p0.2202, wns=-0.18
  r26_sdc_exception_invalidation  retimed   off  min_period=  0.897 ns   probed p0.4404, wns=-0.457
  r26_sdc_exception_invalidation  directive off  min_period=   0.61 ns   probed p0.4404, wns=-0.17
  r27_exception_scope_probe       orig      off  min_period=  0.921 ns   probed p0.6522, wns=-0.269
  r27_exception_scope_probe       orig      on   min_period=  0.386 ns   probed p0.3261, wns=-0.06
  r27_exception_scope_probe       retimed   off  min_period=  0.898 ns   probed p0.6522, wns=-0.246
  r27_exception_scope_probe       directive off  min_period=  0.386 ns   probed p0.3261, wns=-0.06
  r28_congestion_wire_split       orig      off  min_period=  0.293 ns   probed p0.1653, wns=-0.128
  r28_congestion_wire_split       orig      on   min_period=  0.246 ns   probed p0.1653, wns=-0.081
  r28_congestion_wire_split       retimed   off  min_period=  0.288 ns   probed p0.1653, wns=-0.123
  r28_congestion_wire_split       directive off  min_period=  0.246 ns   probed p0.1653, wns=-0.081
  r29_wide_crossing               orig      off  min_period=  0.424 ns   probed p0.36, wns=-0.064
  r29_wide_crossing               orig      on   min_period=  0.298 ns   probed p0.18, wns=-0.118
  r29_wide_crossing               retimed   off  min_period=  0.485 ns   probed p0.36, wns=-0.125
  r29_wide_crossing               directive off  min_period=  0.424 ns   probed p0.36, wns=-0.064
  r30_fsm_decode_fanout           orig      off  min_period=  0.472 ns   probed p0.3, wns=-0.172
  r30_fsm_decode_fanout           orig      on   min_period=  0.476 ns   probed p0.3, wns=-0.176
  r30_fsm_decode_fanout           retimed   off  min_period=  0.468 ns   probed p0.3, wns=-0.168
  r30_fsm_decode_fanout           directive off  min_period=  0.472 ns   probed p0.3, wns=-0.172
  r31_clone_distinct_reset        orig      off  min_period=   0.37 ns   probed p0.3, wns=-0.07
  r31_clone_distinct_reset        orig      on   min_period=   0.25 ns   probed p0.15, wns=-0.1
  r31_clone_distinct_reset        retimed   off  min_period=  0.404 ns   probed p0.3, wns=-0.104
  r31_clone_distinct_reset        directive off  min_period=   0.37 ns   probed p0.3, wns=-0.07
  r32_backward_reset_preimage     orig      off  min_period=  0.344 ns   probed p0.3, wns=-0.044
  r32_backward_reset_preimage     orig      on   min_period=  0.311 ns   probed p0.3, wns=-0.011
  r32_backward_reset_preimage     retimed   off  min_period=  0.309 ns   probed p0.15, wns=-0.159
  r32_backward_reset_preimage     directive off  min_period=  0.344 ns   probed p0.3, wns=-0.044

wrote /home/esifferm/GitHub/retiming/results/fmax_v2.json
  floors measured: 112
=== [12:59] stage 2/3: stress sweep, all 28, post-route
17 benchmark(s) already stressed, 11 to do
total concurrent tool jobs capped at 16

  r04_init_only_no_reset          STRESSED at p=0.1771
      orig      off WNS=    None TNS=      None viol=  None WL=      None
      orig      on  WNS=  -0.074 TNS=     -2.12 viol=  53.0 WL=  3654.425
      retimed   off WNS=  -0.274 TNS=    -6.285 viol=  28.0 WL=  3712.895
      directive off WNS=  -0.074 TNS=     -2.12 viol=  53.0 WL=  3654.425
  r09_unbalanced_mult_pipe        STRESSED at p=0.203
      orig      off WNS=  -0.494 TNS=   -16.928 viol=  64.0 WL=   30663.9
      orig      on  WNS=  -0.109 TNS=    -14.36 viol= 264.0 WL= 31200.775
      retimed   off WNS=  -0.409 TNS=   -21.069 viol=  80.0 WL=  32343.76
      directive off WNS=  -0.109 TNS=    -14.36 viol= 264.0 WL= 31200.775
  r10_long_carry_chain            STRESSED at p=0.1673
      orig      off WNS=  -0.334 TNS=   -32.456 viol= 275.0 WL= 23001.825
      orig      on  WNS=  -0.103 TNS=   -28.583 viol= 488.0 WL=   24265.4
      retimed   off WNS=  -0.289 TNS=    -33.08 viol= 291.0 WL=  24685.97
      directive off WNS=  -0.103 TNS=   -28.583 viol= 488.0 WL=   24265.4
  r11_deep_retime_distance        STRESSED at p=0.5201
      orig      off WNS=  -2.951 TNS=   -88.432 viol=  44.0 WL=  40698.55
      orig      on  WNS=  -0.242 TNS=   -31.896 viol= 173.0 WL=  35873.39
      retimed   off WNS=  -0.511 TNS=   -54.756 viol= 127.0 WL=  43272.52
      directive off WNS=  -0.242 TNS=   -31.896 viol= 173.0 WL=  35873.39
  r12_wide_reduction_tree         STRESSED at p=0.1764
      orig      off WNS=  -0.378 TNS=    -2.539 viol=   7.0 WL=  7990.975
      orig      on  WNS=  -0.064 TNS=    -1.671 viol=  46.0 WL=   6403.88
      retimed   off WNS=  -0.195 TNS=    -4.549 viol=  27.0 WL=   7304.26
      directive off WNS=  -0.064 TNS=    -1.671 viol=  46.0 WL=   6403.88
  r13_retime_around_sram          STRESSED at p=0.1771
      orig      off WNS=  -0.186 TNS=    -49.16 viol= 869.0 WL= 33526.565
      orig      on  WNS=  -0.086 TNS=    -11.37 viol= 437.0 WL= 61238.645
      retimed   off WNS=  -0.305 TNS=   -94.892 viol= 762.0 WL=  38896.34
      directive off WNS=  -0.086 TNS=    -11.37 viol= 437.0 WL= 61238.645
  r15_hier_boundary_block         STRESSED at p=0.1946
      orig      off WNS=  -0.496 TNS=    -7.833 viol=  21.0 WL=  4783.295
      orig      on  WNS=  -0.094 TNS=    -3.815 viol=  64.0 WL=  3995.815
      retimed   off WNS=  -0.252 TNS=     -5.14 viol=  24.0 WL=    4975.4
      directive off WNS=  -0.094 TNS=    -3.815 viol=  64.0 WL=  3995.815
  r17_clock_enable_barrier        STRESSED at p=0.2107
      orig      off WNS=  -0.024 TNS=    -0.307 viol=  16.0 WL=  5427.405
      orig      on  WNS=  -0.089 TNS=    -2.577 viol=  68.0 WL=  5935.325
      retimed   off WNS=   -0.29 TNS=    -5.258 viol=  24.0 WL=  4616.945
      directive off WNS=  -0.089 TNS=    -2.577 viol=  68.0 WL=  5935.325
  r18_clock_gated_region          STRESSED at p=0.2275
      orig      off WNS=  -0.235 TNS=     -8.93 viol=  63.0 WL=   6250.36
      orig      on  WNS=  -0.106 TNS=    -3.224 viol=  60.0 WL=   5316.24
      retimed   off WNS=  -0.235 TNS=    -7.866 viol=  57.0 WL=   6222.65
      directive off WNS=  -0.106 TNS=    -3.224 viol=  60.0 WL=   5316.24
  r19_power_activity_retime       STRESSED at p=0.1827
      orig      off WNS=   -0.38 TNS=    -2.882 viol=  11.0 WL=   8416.76
      orig      on  WNS=  -0.088 TNS=    -4.661 viol=  96.0 WL=  7020.625
      retimed   off WNS=  -0.356 TNS=    -2.401 viol=   8.0 WL=  6984.505
      directive off WNS=  -0.096 TNS=    -5.725 viol=  92.0 WL=  7630.085
  r27_exception_scope_probe       STRESSED at p=0.2702
      orig      off WNS=    None TNS=      None viol=  None WL=      None
      orig      on  WNS=  -0.112 TNS=    -4.418 viol=  89.0 WL= 10784.655
      retimed   off WNS=  -0.422 TNS=   -14.684 viol=  57.0 WL=  9495.465
      directive off WNS=  -0.112 TNS=    -4.418 viol=  89.0 WL= 10784.655
  benchmarks stressed: 11 / 28
!!! [14:03] ABORT: only 11 benchmarks stressed
=== [14:22] push wrapped + serialised RTL
28
=== [14:22] stage 1/3: floors for all 28 (wrapper changed every design's timing)
  r24_loop_bound_control          retimed   off  min_period=  0.979 ns   probed p0.7854, wns=-0.194
  r24_loop_bound_control          directive off  min_period=  0.905 ns   probed p0.7854, wns=-0.12
  r26_sdc_exception_invalidation  orig      off  min_period=  1.039 ns   probed p0.4404, wns=-0.599
  r26_sdc_exception_invalidation  orig      on   min_period=    0.4 ns   probed p0.2202, wns=-0.18
  r26_sdc_exception_invalidation  retimed   off  min_period=  0.897 ns   probed p0.4404, wns=-0.457
  r26_sdc_exception_invalidation  directive off  min_period=   0.61 ns   probed p0.4404, wns=-0.17
  r27_exception_scope_probe       orig      off  min_period=  0.921 ns   probed p0.6522, wns=-0.269
  r27_exception_scope_probe       orig      on   min_period=  0.386 ns   probed p0.3261, wns=-0.06
  r27_exception_scope_probe       retimed   off  min_period=  0.898 ns   probed p0.6522, wns=-0.246
  r27_exception_scope_probe       directive off  min_period=  0.386 ns   probed p0.3261, wns=-0.06
  r28_congestion_wire_split       orig      off  min_period=  0.293 ns   probed p0.1653, wns=-0.128
  r28_congestion_wire_split       orig      on   min_period=  0.246 ns   probed p0.1653, wns=-0.081
  r28_congestion_wire_split       retimed   off  min_period=  0.288 ns   probed p0.1653, wns=-0.123
  r28_congestion_wire_split       directive off  min_period=  0.246 ns   probed p0.1653, wns=-0.081
  r29_wide_crossing               orig      off  min_period=  0.424 ns   probed p0.36, wns=-0.064
  r29_wide_crossing               orig      on   min_period=  0.298 ns   probed p0.18, wns=-0.118
  r29_wide_crossing               retimed   off  min_period=  0.485 ns   probed p0.36, wns=-0.125
  r29_wide_crossing               directive off  min_period=  0.424 ns   probed p0.36, wns=-0.064
  r30_fsm_decode_fanout           orig      off  min_period=  0.472 ns   probed p0.3, wns=-0.172
  r30_fsm_decode_fanout           orig      on   min_period=  0.476 ns   probed p0.3, wns=-0.176
  r30_fsm_decode_fanout           retimed   off  min_period=  0.468 ns   probed p0.3, wns=-0.168
  r30_fsm_decode_fanout           directive off  min_period=  0.472 ns   probed p0.3, wns=-0.172
  r31_clone_distinct_reset        orig      off  min_period=   0.37 ns   probed p0.3, wns=-0.07
  r31_clone_distinct_reset        orig      on   min_period=   0.25 ns   probed p0.15, wns=-0.1
  r31_clone_distinct_reset        retimed   off  min_period=  0.404 ns   probed p0.3, wns=-0.104
  r31_clone_distinct_reset        directive off  min_period=   0.37 ns   probed p0.3, wns=-0.07
  r32_backward_reset_preimage     orig      off  min_period=  0.344 ns   probed p0.3, wns=-0.044
  r32_backward_reset_preimage     orig      on   min_period=  0.311 ns   probed p0.3, wns=-0.011
  r32_backward_reset_preimage     retimed   off  min_period=  0.309 ns   probed p0.15, wns=-0.159
  r32_backward_reset_preimage     directive off  min_period=  0.344 ns   probed p0.3, wns=-0.044

wrote /home/esifferm/GitHub/retiming/results/fmax_v2.json
  floors measured: 112
=== [15:19] stage 2/3: stress sweep, all 28, post-route
  r02_reset_no_valid_init         STRESSED at p=0.1862
      orig      off WNS=    None TNS=      None viol=  None WL=      None
      orig      on  WNS=  -0.076 TNS=    -4.118 viol=  81.0 WL=  4809.805
      retimed   off WNS=    None TNS=      None viol=  None WL=      None
      directive off WNS=  -0.076 TNS=    -4.118 viol=  81.0 WL=  4809.805
  r03_async_reset_blocker         STRESSED at p=0.1841
      orig      off WNS=  -0.007 TNS=    -0.019 viol=   7.0 WL=  7135.095
      orig      on  WNS=  -0.071 TNS=    -3.084 viol=  62.0 WL=   5127.13
      retimed   off WNS=  -0.283 TNS=    -6.744 viol=  30.0 WL=  3864.005
      directive off WNS=  -0.071 TNS=    -3.084 viol=  62.0 WL=   5127.13
  r05_fsm_high_fanout             STRESSED at p=0.147
      orig      off WNS=  -0.194 TNS=    -5.857 viol=  66.0 WL= 11610.505
      orig      on  WNS=  -0.086 TNS=   -10.382 viol= 244.0 WL= 13226.885
      retimed   off WNS=  -0.118 TNS=    -9.057 viol= 125.0 WL=   12850.3
      directive off WNS=  -0.086 TNS=    -9.461 viol= 235.0 WL=  13183.77
  r06_fsm_high_fanin              STRESSED at p=0.3724
      orig      off WNS=  -0.125 TNS=    -1.111 viol=  11.0 WL=  24415.41
      orig      on  WNS=  -0.141 TNS=    -8.671 viol=  85.0 WL= 19380.015
      retimed   off WNS=  -0.119 TNS=    -0.776 viol=   8.0 WL=  21679.97
      directive off WNS=  -0.141 TNS=    -8.671 viol=  85.0 WL= 19380.015
  r08_fsm_output_decode           STRESSED at p=0.245
      orig      off WNS=  -0.452 TNS=    -4.017 viol=  21.0 WL=   5722.64
      orig      on  WNS=  -0.113 TNS=    -3.941 viol=  60.0 WL=    5767.7
      retimed   off WNS=  -0.209 TNS=    -5.991 viol=  32.0 WL=  5094.505
      directive off WNS=  -0.113 TNS=    -3.941 viol=  60.0 WL=    5767.7
  r16_dont_touch_conflict         STRESSED at p=0.217
      orig      off WNS=   -0.53 TNS=     -8.31 viol=  34.0 WL=   7593.46
      orig      on  WNS=  -0.099 TNS=     -4.75 viol=  84.0 WL=   6356.93
      retimed   off WNS=  -0.313 TNS=    -9.047 viol=  47.0 WL=  5910.665
      directive off WNS=  -0.099 TNS=     -4.75 viol=  84.0 WL=   6356.93
  r20_glitch_absorb               STRESSED at p=0.1603
      orig      off WNS=  -0.298 TNS=    -7.189 viol=  38.0 WL=  7870.755
      orig      on  WNS=  -0.081 TNS=    -4.015 viol=  90.0 WL=   6931.87
      retimed   off WNS=  -0.155 TNS=     -5.23 viol=  54.0 WL=   6826.13
      directive off WNS=  -0.076 TNS=    -3.861 viol=  97.0 WL=   6871.12
  r21_wire_pipeline_cross_die     STRESSED at p=0.1911
      orig      off WNS=  -0.276 TNS=   -30.618 viol= 141.0 WL= 17864.195
      orig      on  WNS=  -0.091 TNS=   -11.126 viol= 228.0 WL=  20847.56
      retimed   off WNS=  -0.132 TNS=   -16.385 viol= 196.0 WL=  19950.48
      directive off WNS=  -0.091 TNS=   -11.126 viol= 228.0 WL=  20847.56
  r22_fanout_wire_load            STRESSED at p=0.3598
      orig      off WNS=  -0.216 TNS=   -93.355 viol=1287.0 WL=327264.505
      orig      on  WNS=  -0.109 TNS=    -10.83 viol= 206.0 WL= 281703.53
      retimed   off WNS=  -0.108 TNS=   -24.665 viol= 854.0 WL=292908.625
      directive off WNS=  -0.054 TNS=    -2.158 viol= 212.0 WL= 274800.76
  r24_loop_bound_control          STRESSED at p=0.6335
      orig      off WNS=  -0.367 TNS=    -5.612 viol=  16.0 WL=  7214.965
      orig      on  WNS=   -0.36 TNS=   -10.314 viol=  31.0 WL=   6861.03
      retimed   off WNS=  -0.367 TNS=    -5.612 viol=  16.0 WL=  7214.965
      directive off WNS=   -0.36 TNS=   -10.314 viol=  31.0 WL=   6861.03
  r26_sdc_exception_invalidation  STRESSED at p=0.28
      orig      off WNS=    None TNS=      None viol=  None WL=      None
      orig      on  WNS=  -0.115 TNS=    -5.669 viol=  73.0 WL=   9068.41
      retimed   off WNS=  -0.629 TNS=   -17.067 viol=  32.0 WL=   8110.85
      directive off WNS=  -0.237 TNS=   -15.339 viol=  80.0 WL=  6559.385
  r28_congestion_wire_split       STRESSED at p=0.1722
      orig      off WNS=  -0.124 TNS=   -34.207 viol= 822.0 WL= 43195.095
      orig      on  WNS=   -0.06 TNS=   -13.906 viol= 742.0 WL=  45481.92
      retimed   off WNS=  -0.107 TNS=   -35.447 viol= 746.0 WL= 42269.185
      directive off WNS=   -0.06 TNS=   -13.906 viol= 742.0 WL=  45481.92
  r29_wide_crossing               STRESSED at p=0.2086
      orig      off WNS=    None TNS=      None viol=  None WL=      None
      orig      on  WNS=    None TNS=      None viol=  None WL=      None
      retimed   off WNS=    None TNS=      None viol=  None WL=      None
      directive off WNS=    None TNS=      None viol=  None WL=      None
  r30_fsm_decode_fanout           STRESSED at p=0.3276
      orig      off WNS=    None TNS=      None viol=  None WL=      None
      orig      on  WNS=    None TNS=      None viol=  None WL=      None
      retimed   off WNS=  -0.122 TNS=  -110.783 viol=2014.0 WL=534666.685
      directive off WNS=  -0.121 TNS=   -115.52 viol=2036.0 WL= 513772.42
  r31_clone_distinct_reset        STRESSED at p=0.175
      orig      off WNS=  -0.132 TNS=   -55.125 viol= 796.0 WL= 23376.205
      orig      on  WNS=  -0.071 TNS=     -25.9 viol=1202.0 WL= 48038.765
      retimed   off WNS=  -0.055 TNS=    -6.995 viol= 493.0 WL=  23302.97
      directive off WNS=  -0.132 TNS=   -55.125 viol= 796.0 WL= 23376.205
  r32_backward_reset_preimage     STRESSED at p=0.2163
      orig      off WNS=  -0.116 TNS=     -41.6 viol= 798.0 WL=  68911.42
      orig      on  WNS=  -0.072 TNS=   -41.217 viol=1346.0 WL= 80246.475
      retimed   off WNS=  -0.078 TNS=   -34.134 viol= 811.0 WL=  69206.21
      directive off WNS=  -0.116 TNS=     -41.6 viol= 798.0 WL=  68911.42
  benchmarks stressed: 17 / 28
!!! [17:11] ABORT: only 17 benchmarks stressed
=== [18:02] push wrapped + serialised RTL
28
=== [18:02] stage 1/3: floors for all 28 (wrapper changed every design's timing)
  r24_loop_bound_control          retimed   off  min_period=  0.979 ns   probed p0.7854, wns=-0.194
  r24_loop_bound_control          directive off  min_period=  0.905 ns   probed p0.7854, wns=-0.12
  r26_sdc_exception_invalidation  orig      off  min_period=  1.039 ns   probed p0.4404, wns=-0.599
  r26_sdc_exception_invalidation  orig      on   min_period=    0.4 ns   probed p0.2202, wns=-0.18
  r26_sdc_exception_invalidation  retimed   off  min_period=  0.897 ns   probed p0.4404, wns=-0.457
  r26_sdc_exception_invalidation  directive off  min_period=   0.61 ns   probed p0.4404, wns=-0.17
  r27_exception_scope_probe       orig      off  min_period=  0.921 ns   probed p0.6522, wns=-0.269
  r27_exception_scope_probe       orig      on   min_period=  0.386 ns   probed p0.3261, wns=-0.06
  r27_exception_scope_probe       retimed   off  min_period=  0.898 ns   probed p0.6522, wns=-0.246
  r27_exception_scope_probe       directive off  min_period=  0.386 ns   probed p0.3261, wns=-0.06
  r28_congestion_wire_split       orig      off  min_period=  0.293 ns   probed p0.1653, wns=-0.128
  r28_congestion_wire_split       orig      on   min_period=  0.246 ns   probed p0.1653, wns=-0.081
  r28_congestion_wire_split       retimed   off  min_period=  0.288 ns   probed p0.1653, wns=-0.123
  r28_congestion_wire_split       directive off  min_period=  0.246 ns   probed p0.1653, wns=-0.081
  r29_wide_crossing               orig      off  min_period=  0.424 ns   probed p0.36, wns=-0.064
  r29_wide_crossing               orig      on   min_period=  0.298 ns   probed p0.18, wns=-0.118
  r29_wide_crossing               retimed   off  min_period=  0.485 ns   probed p0.36, wns=-0.125
  r29_wide_crossing               directive off  min_period=  0.424 ns   probed p0.36, wns=-0.064
  r30_fsm_decode_fanout           orig      off  min_period=  0.472 ns   probed p0.3, wns=-0.172
  r30_fsm_decode_fanout           orig      on   min_period=  0.476 ns   probed p0.3, wns=-0.176
  r30_fsm_decode_fanout           retimed   off  min_period=  0.468 ns   probed p0.3, wns=-0.168
  r30_fsm_decode_fanout           directive off  min_period=  0.472 ns   probed p0.3, wns=-0.172
  r31_clone_distinct_reset        orig      off  min_period=   0.37 ns   probed p0.3, wns=-0.07
  r31_clone_distinct_reset        orig      on   min_period=   0.25 ns   probed p0.15, wns=-0.1
  r31_clone_distinct_reset        retimed   off  min_period=  0.404 ns   probed p0.3, wns=-0.104
  r31_clone_distinct_reset        directive off  min_period=   0.37 ns   probed p0.3, wns=-0.07
  r32_backward_reset_preimage     orig      off  min_period=  0.344 ns   probed p0.3, wns=-0.044
  r32_backward_reset_preimage     orig      on   min_period=  0.311 ns   probed p0.3, wns=-0.011
  r32_backward_reset_preimage     retimed   off  min_period=  0.309 ns   probed p0.15, wns=-0.159
  r32_backward_reset_preimage     directive off  min_period=  0.344 ns   probed p0.3, wns=-0.044

wrote /home/esifferm/GitHub/retiming/results/fmax_v2.json
  floors measured: 112
=== [19:01] stage 2/3: stress sweep, all 28, post-route
17 benchmark(s) already stressed, 11 to do
total concurrent tool jobs capped at 16

  r04_init_only_no_reset          STRESSED at p=0.1771
      orig      off WNS=  -0.237 TNS=     -4.39 viol=  20.0 WL=  3508.745
      orig      on  WNS=  -0.074 TNS=     -2.12 viol=  53.0 WL=  3654.425
      retimed   off WNS=  -0.274 TNS=    -6.285 viol=  28.0 WL=  3712.895
      directive off WNS=  -0.074 TNS=     -2.12 viol=  53.0 WL=  3654.425
  r09_unbalanced_mult_pipe        STRESSED at p=0.203
      orig      off WNS=  -0.494 TNS=   -16.928 viol=  64.0 WL=   30663.9
      orig      on  WNS=  -0.109 TNS=    -14.36 viol= 264.0 WL= 31200.775
      retimed   off WNS=  -0.409 TNS=   -21.069 viol=  80.0 WL=  32343.76
      directive off WNS=  -0.109 TNS=    -14.36 viol= 264.0 WL= 31200.775
  r10_long_carry_chain            STRESSED at p=0.1673
      orig      off WNS=  -0.334 TNS=   -32.456 viol= 275.0 WL= 23001.825
      orig      on  WNS=  -0.103 TNS=   -28.583 viol= 488.0 WL=   24265.4
      retimed   off WNS=  -0.289 TNS=    -33.08 viol= 291.0 WL=  24685.97
      directive off WNS=  -0.103 TNS=   -28.583 viol= 488.0 WL=   24265.4
  r11_deep_retime_distance        STRESSED at p=0.5201
      orig      off WNS=  -2.951 TNS=   -88.432 viol=  44.0 WL=  40698.55
      orig      on  WNS=  -0.242 TNS=   -31.896 viol= 173.0 WL=  35873.39
      retimed   off WNS=  -0.511 TNS=   -54.756 viol= 127.0 WL=  43272.52
      directive off WNS=  -0.242 TNS=   -31.896 viol= 173.0 WL=  35873.39
  r12_wide_reduction_tree         STRESSED at p=0.1764
      orig      off WNS=  -0.378 TNS=    -2.539 viol=   7.0 WL=  7990.975
      orig      on  WNS=  -0.064 TNS=    -1.671 viol=  46.0 WL=   6403.88
      retimed   off WNS=  -0.195 TNS=    -4.549 viol=  27.0 WL=   7304.26
      directive off WNS=  -0.064 TNS=    -1.671 viol=  46.0 WL=   6403.88
  r13_retime_around_sram          STRESSED at p=0.1771
      orig      off WNS=  -0.186 TNS=    -49.16 viol= 869.0 WL= 33526.565
      orig      on  WNS=  -0.086 TNS=    -11.37 viol= 437.0 WL= 61238.645
      retimed   off WNS=  -0.305 TNS=   -94.892 viol= 762.0 WL=  38896.34
      directive off WNS=  -0.086 TNS=    -11.37 viol= 437.0 WL= 61238.645
  r15_hier_boundary_block         STRESSED at p=0.1946
      orig      off WNS=  -0.496 TNS=    -7.833 viol=  21.0 WL=  4783.295
      orig      on  WNS=  -0.094 TNS=    -3.815 viol=  64.0 WL=  3995.815
      retimed   off WNS=  -0.252 TNS=     -5.14 viol=  24.0 WL=    4975.4
      directive off WNS=  -0.094 TNS=    -3.815 viol=  64.0 WL=  3995.815
  r17_clock_enable_barrier        STRESSED at p=0.2107
      orig      off WNS=  -0.024 TNS=    -0.307 viol=  16.0 WL=  5427.405
      orig      on  WNS=  -0.089 TNS=    -2.577 viol=  68.0 WL=  5935.325
      retimed   off WNS=   -0.29 TNS=    -5.258 viol=  24.0 WL=  4616.945
      directive off WNS=  -0.089 TNS=    -2.577 viol=  68.0 WL=  5935.325
  r18_clock_gated_region          STRESSED at p=0.2275
      orig      off WNS=  -0.235 TNS=     -8.93 viol=  63.0 WL=   6250.36
      orig      on  WNS=  -0.106 TNS=    -3.224 viol=  60.0 WL=   5316.24
      retimed   off WNS=  -0.235 TNS=    -7.866 viol=  57.0 WL=   6222.65
      directive off WNS=  -0.106 TNS=    -3.224 viol=  60.0 WL=   5316.24
  r19_power_activity_retime       STRESSED at p=0.1827
      orig      off WNS=   -0.38 TNS=    -2.882 viol=  11.0 WL=   8416.76
      orig      on  WNS=  -0.088 TNS=    -4.661 viol=  96.0 WL=  7020.625
      retimed   off WNS=  -0.356 TNS=    -2.401 viol=   8.0 WL=  6984.505
      directive off WNS=  -0.096 TNS=    -5.725 viol=  92.0 WL=  7630.085
  r27_exception_scope_probe       STRESSED at p=0.2702
      orig      off WNS=  -0.424 TNS=   -16.095 viol=  55.0 WL=  10629.85
      orig      on  WNS=  -0.112 TNS=    -4.418 viol=  89.0 WL= 10784.655
      retimed   off WNS=  -0.422 TNS=   -14.684 viol=  57.0 WL=  9495.465
      directive off WNS=  -0.112 TNS=    -4.418 viol=  89.0 WL= 10784.655
  benchmarks stressed: 11 / 28
!!! [19:12] ABORT: only 11 benchmarks stressed
=== [19:22] push wrapped + serialised RTL
28
=== [19:22] stage 1/3: floors for all 28 (wrapper changed every design's timing)
  r24_loop_bound_control          retimed   off  min_period=  0.979 ns   probed p0.7854, wns=-0.194
  r24_loop_bound_control          directive off  min_period=  0.905 ns   probed p0.7854, wns=-0.12
  r26_sdc_exception_invalidation  orig      off  min_period=  1.039 ns   probed p0.4404, wns=-0.599
  r26_sdc_exception_invalidation  orig      on   min_period=    0.4 ns   probed p0.2202, wns=-0.18
  r26_sdc_exception_invalidation  retimed   off  min_period=  0.897 ns   probed p0.4404, wns=-0.457
  r26_sdc_exception_invalidation  directive off  min_period=   0.61 ns   probed p0.4404, wns=-0.17
  r27_exception_scope_probe       orig      off  min_period=  0.921 ns   probed p0.6522, wns=-0.269
  r27_exception_scope_probe       orig      on   min_period=  0.386 ns   probed p0.3261, wns=-0.06
  r27_exception_scope_probe       retimed   off  min_period=  0.898 ns   probed p0.6522, wns=-0.246
  r27_exception_scope_probe       directive off  min_period=  0.386 ns   probed p0.3261, wns=-0.06
  r28_congestion_wire_split       orig      off  min_period=  0.293 ns   probed p0.1653, wns=-0.128
  r28_congestion_wire_split       orig      on   min_period=  0.246 ns   probed p0.1653, wns=-0.081
  r28_congestion_wire_split       retimed   off  min_period=  0.288 ns   probed p0.1653, wns=-0.123
  r28_congestion_wire_split       directive off  min_period=  0.246 ns   probed p0.1653, wns=-0.081
  r29_wide_crossing               orig      off  min_period=  0.424 ns   probed p0.36, wns=-0.064
  r29_wide_crossing               orig      on   min_period=  0.298 ns   probed p0.18, wns=-0.118
  r29_wide_crossing               retimed   off  min_period=  0.485 ns   probed p0.36, wns=-0.125
  r29_wide_crossing               directive off  min_period=  0.424 ns   probed p0.36, wns=-0.064
  r30_fsm_decode_fanout           orig      off  min_period=  0.472 ns   probed p0.3, wns=-0.172
  r30_fsm_decode_fanout           orig      on   min_period=  0.476 ns   probed p0.3, wns=-0.176
  r30_fsm_decode_fanout           retimed   off  min_period=  0.468 ns   probed p0.3, wns=-0.168
  r30_fsm_decode_fanout           directive off  min_period=  0.472 ns   probed p0.3, wns=-0.172
  r31_clone_distinct_reset        orig      off  min_period=   0.37 ns   probed p0.3, wns=-0.07
  r31_clone_distinct_reset        orig      on   min_period=   0.25 ns   probed p0.15, wns=-0.1
  r31_clone_distinct_reset        retimed   off  min_period=  0.404 ns   probed p0.3, wns=-0.104
  r31_clone_distinct_reset        directive off  min_period=   0.37 ns   probed p0.3, wns=-0.07
  r32_backward_reset_preimage     orig      off  min_period=  0.344 ns   probed p0.3, wns=-0.044
  r32_backward_reset_preimage     orig      on   min_period=  0.311 ns   probed p0.3, wns=-0.011
  r32_backward_reset_preimage     retimed   off  min_period=  0.309 ns   probed p0.15, wns=-0.159
  r32_backward_reset_preimage     directive off  min_period=  0.344 ns   probed p0.3, wns=-0.044

wrote /home/esifferm/GitHub/retiming/results/fmax_v2.json
  floors measured: 112
=== [20:20] stage 2/3: stress sweep, all 28, post-route
  r02_reset_no_valid_init         STRESSED at p=0.1862
      orig      off WNS=    None TNS=      None viol=  None WL=      None
      orig      on  WNS=  -0.076 TNS=    -4.118 viol=  81.0 WL=  4809.805
      retimed   off WNS=   -0.24 TNS=    -4.578 viol=  24.0 WL=   4274.36
      directive off WNS=  -0.076 TNS=    -4.118 viol=  81.0 WL=  4809.805
  r03_async_reset_blocker         STRESSED at p=0.1841
      orig      off WNS=  -0.007 TNS=    -0.019 viol=   7.0 WL=  7135.095
      orig      on  WNS=  -0.071 TNS=    -3.084 viol=  62.0 WL=   5127.13
      retimed   off WNS=  -0.283 TNS=    -6.744 viol=  30.0 WL=  3864.005
      directive off WNS=  -0.071 TNS=    -3.084 viol=  62.0 WL=   5127.13
  r05_fsm_high_fanout             STRESSED at p=0.147
      orig      off WNS=  -0.194 TNS=    -5.857 viol=  66.0 WL= 11610.505
      orig      on  WNS=  -0.086 TNS=   -10.382 viol= 244.0 WL= 13226.885
      retimed   off WNS=  -0.118 TNS=    -9.057 viol= 125.0 WL=   12850.3
      directive off WNS=  -0.086 TNS=    -9.461 viol= 235.0 WL=  13183.77
  r06_fsm_high_fanin              STRESSED at p=0.3724
      orig      off WNS=  -0.125 TNS=    -1.111 viol=  11.0 WL=  24415.41
      orig      on  WNS=  -0.141 TNS=    -8.671 viol=  85.0 WL= 19380.015
      retimed   off WNS=  -0.119 TNS=    -0.776 viol=   8.0 WL=  21679.97
      directive off WNS=  -0.141 TNS=    -8.671 viol=  85.0 WL= 19380.015
  r08_fsm_output_decode           STRESSED at p=0.245
      orig      off WNS=  -0.452 TNS=    -4.017 viol=  21.0 WL=   5722.64
      orig      on  WNS=  -0.113 TNS=    -3.941 viol=  60.0 WL=    5767.7
      retimed   off WNS=  -0.209 TNS=    -5.991 viol=  32.0 WL=  5094.505
      directive off WNS=  -0.113 TNS=    -3.941 viol=  60.0 WL=    5767.7
  r16_dont_touch_conflict         STRESSED at p=0.217
      orig      off WNS=   -0.53 TNS=     -8.31 viol=  34.0 WL=   7593.46
      orig      on  WNS=  -0.099 TNS=     -4.75 viol=  84.0 WL=   6356.93
      retimed   off WNS=  -0.313 TNS=    -9.047 viol=  47.0 WL=  5910.665
      directive off WNS=  -0.099 TNS=     -4.75 viol=  84.0 WL=   6356.93
  r20_glitch_absorb               STRESSED at p=0.1603
      orig      off WNS=  -0.298 TNS=    -7.189 viol=  38.0 WL=  7870.755
      orig      on  WNS=  -0.081 TNS=    -4.015 viol=  90.0 WL=   6931.87
      retimed   off WNS=  -0.155 TNS=     -5.23 viol=  54.0 WL=   6826.13
      directive off WNS=  -0.076 TNS=    -3.861 viol=  97.0 WL=   6871.12
  r21_wire_pipeline_cross_die     STRESSED at p=0.1911
      orig      off WNS=  -0.276 TNS=   -30.618 viol= 141.0 WL= 17864.195
      orig      on  WNS=  -0.091 TNS=   -11.126 viol= 228.0 WL=  20847.56
      retimed   off WNS=  -0.132 TNS=   -16.385 viol= 196.0 WL=  19950.48
      directive off WNS=  -0.091 TNS=   -11.126 viol= 228.0 WL=  20847.56
  r22_fanout_wire_load            STRESSED at p=0.3598
      orig      off WNS=  -0.216 TNS=   -93.355 viol=1287.0 WL=327264.505
      orig      on  WNS=  -0.109 TNS=    -10.83 viol= 206.0 WL= 281703.53
      retimed   off WNS=  -0.108 TNS=   -24.665 viol= 854.0 WL=292908.625
      directive off WNS=  -0.054 TNS=    -2.158 viol= 212.0 WL= 274800.76
  r24_loop_bound_control          STRESSED at p=0.6335
      orig      off WNS=  -0.367 TNS=    -5.612 viol=  16.0 WL=  7214.965
      orig      on  WNS=   -0.36 TNS=   -10.314 viol=  31.0 WL=   6861.03
      retimed   off WNS=  -0.367 TNS=    -5.612 viol=  16.0 WL=  7214.965
      directive off WNS=   -0.36 TNS=   -10.314 viol=  31.0 WL=   6861.03
  r26_sdc_exception_invalidation  STRESSED at p=0.28
      orig      off WNS=  -0.696 TNS=   -12.218 viol=  35.0 WL=  6836.805
      orig      on  WNS=  -0.115 TNS=    -5.669 viol=  73.0 WL=   9068.41
      retimed   off WNS=  -0.629 TNS=   -17.067 viol=  32.0 WL=   8110.85
      directive off WNS=  -0.237 TNS=   -15.339 viol=  80.0 WL=  6559.385
  r28_congestion_wire_split       STRESSED at p=0.1722
      orig      off WNS=  -0.124 TNS=   -34.207 viol= 822.0 WL= 43195.095
      orig      on  WNS=   -0.06 TNS=   -13.906 viol= 742.0 WL=  45481.92
      retimed   off WNS=  -0.107 TNS=   -35.447 viol= 746.0 WL= 42269.185
      directive off WNS=   -0.06 TNS=   -13.906 viol= 742.0 WL=  45481.92
  r29_wide_crossing               STRESSED at p=0.2086
      orig      off WNS=  -0.338 TNS=  -535.006 viol=2830.0 WL=646147.735
      orig      on  WNS=  -0.111 TNS=  -810.098 viol=12379.0 WL=619346.305
      retimed   off WNS=    -0.5 TNS=  -735.657 viol=2827.0 WL= 840538.91
      directive off WNS=  -0.338 TNS=  -535.006 viol=2830.0 WL=646147.735
  r30_fsm_decode_fanout           STRESSED at p=0.3276
      orig      off WNS=  -0.121 TNS=   -115.52 viol=2036.0 WL= 513772.42
      orig      on  WNS=    None TNS=      None viol=  None WL=      None
      retimed   off WNS=  -0.122 TNS=  -110.783 viol=2014.0 WL=534666.685
      directive off WNS=  -0.121 TNS=   -115.52 viol=2036.0 WL= 513772.42
  r31_clone_distinct_reset        STRESSED at p=0.175
      orig      off WNS=  -0.132 TNS=   -55.125 viol= 796.0 WL= 23376.205
      orig      on  WNS=  -0.071 TNS=     -25.9 viol=1202.0 WL= 48038.765
      retimed   off WNS=  -0.055 TNS=    -6.995 viol= 493.0 WL=  23302.97
      directive off WNS=  -0.132 TNS=   -55.125 viol= 796.0 WL= 23376.205
  r32_backward_reset_preimage     STRESSED at p=0.2163
      orig      off WNS=  -0.116 TNS=     -41.6 viol= 798.0 WL=  68911.42
      orig      on  WNS=  -0.072 TNS=   -41.217 viol=1346.0 WL= 80246.475
      retimed   off WNS=  -0.078 TNS=   -34.134 viol= 811.0 WL=  69206.21
      directive off WNS=  -0.116 TNS=     -41.6 viol= 798.0 WL=  68911.42
  benchmarks stressed: 17 / 28
!!! [20:52] ABORT: only 17 benchmarks stressed
=== [21:02] push wrapped + serialised RTL
28
=== [21:02] stage 1/3: floors for all 28 (wrapper changed every design's timing)
  r24_loop_bound_control          retimed   off  min_period=  0.979 ns   probed p0.7854, wns=-0.194
  r24_loop_bound_control          directive off  min_period=  0.905 ns   probed p0.7854, wns=-0.12
  r26_sdc_exception_invalidation  orig      off  min_period=  1.039 ns   probed p0.4404, wns=-0.599
  r26_sdc_exception_invalidation  orig      on   min_period=    0.4 ns   probed p0.2202, wns=-0.18
  r26_sdc_exception_invalidation  retimed   off  min_period=  0.897 ns   probed p0.4404, wns=-0.457
  r26_sdc_exception_invalidation  directive off  min_period=   0.61 ns   probed p0.4404, wns=-0.17
  r27_exception_scope_probe       orig      off  min_period=  0.921 ns   probed p0.6522, wns=-0.269
  r27_exception_scope_probe       orig      on   min_period=  0.386 ns   probed p0.3261, wns=-0.06
  r27_exception_scope_probe       retimed   off  min_period=  0.898 ns   probed p0.6522, wns=-0.246
  r27_exception_scope_probe       directive off  min_period=  0.386 ns   probed p0.3261, wns=-0.06
  r28_congestion_wire_split       orig      off  min_period=  0.293 ns   probed p0.1653, wns=-0.128
  r28_congestion_wire_split       orig      on   min_period=  0.246 ns   probed p0.1653, wns=-0.081
  r28_congestion_wire_split       retimed   off  min_period=  0.288 ns   probed p0.1653, wns=-0.123
  r28_congestion_wire_split       directive off  min_period=  0.246 ns   probed p0.1653, wns=-0.081
  r29_wide_crossing               orig      off  min_period=  0.424 ns   probed p0.36, wns=-0.064
  r29_wide_crossing               orig      on   min_period=  0.298 ns   probed p0.18, wns=-0.118
  r29_wide_crossing               retimed   off  min_period=  0.485 ns   probed p0.36, wns=-0.125
  r29_wide_crossing               directive off  min_period=  0.424 ns   probed p0.36, wns=-0.064
  r30_fsm_decode_fanout           orig      off  min_period=  0.472 ns   probed p0.3, wns=-0.172
  r30_fsm_decode_fanout           orig      on   min_period=  0.476 ns   probed p0.3, wns=-0.176
  r30_fsm_decode_fanout           retimed   off  min_period=  0.468 ns   probed p0.3, wns=-0.168
  r30_fsm_decode_fanout           directive off  min_period=  0.472 ns   probed p0.3, wns=-0.172
  r31_clone_distinct_reset        orig      off  min_period=   0.37 ns   probed p0.3, wns=-0.07
  r31_clone_distinct_reset        orig      on   min_period=   0.25 ns   probed p0.15, wns=-0.1
  r31_clone_distinct_reset        retimed   off  min_period=  0.404 ns   probed p0.3, wns=-0.104
  r31_clone_distinct_reset        directive off  min_period=   0.37 ns   probed p0.3, wns=-0.07
  r32_backward_reset_preimage     orig      off  min_period=  0.344 ns   probed p0.3, wns=-0.044
  r32_backward_reset_preimage     orig      on   min_period=  0.311 ns   probed p0.3, wns=-0.011
  r32_backward_reset_preimage     retimed   off  min_period=  0.309 ns   probed p0.15, wns=-0.159
  r32_backward_reset_preimage     directive off  min_period=  0.344 ns   probed p0.3, wns=-0.044

wrote /home/esifferm/GitHub/retiming/results/fmax_v2.json
  floors measured: 112
=== [22:01] stage 2/3: stress sweep, all 28, post-route
17 benchmark(s) already stressed, 11 to do
total concurrent tool jobs capped at 16

  r04_init_only_no_reset          STRESSED at p=0.1771
      orig      off WNS=  -0.237 TNS=     -4.39 viol=  20.0 WL=  3508.745
      orig      on  WNS=  -0.074 TNS=     -2.12 viol=  53.0 WL=  3654.425
      retimed   off WNS=  -0.274 TNS=    -6.285 viol=  28.0 WL=  3712.895
      directive off WNS=  -0.074 TNS=     -2.12 viol=  53.0 WL=  3654.425
  r09_unbalanced_mult_pipe        STRESSED at p=0.203
      orig      off WNS=  -0.494 TNS=   -16.928 viol=  64.0 WL=   30663.9
      orig      on  WNS=  -0.109 TNS=    -14.36 viol= 264.0 WL= 31200.775
      retimed   off WNS=  -0.409 TNS=   -21.069 viol=  80.0 WL=  32343.76
      directive off WNS=  -0.109 TNS=    -14.36 viol= 264.0 WL= 31200.775
  r10_long_carry_chain            STRESSED at p=0.1673
      orig      off WNS=  -0.334 TNS=   -32.456 viol= 275.0 WL= 23001.825
      orig      on  WNS=  -0.103 TNS=   -28.583 viol= 488.0 WL=   24265.4
      retimed   off WNS=  -0.289 TNS=    -33.08 viol= 291.0 WL=  24685.97
      directive off WNS=  -0.103 TNS=   -28.583 viol= 488.0 WL=   24265.4
  r11_deep_retime_distance        STRESSED at p=0.5201
      orig      off WNS=  -2.951 TNS=   -88.432 viol=  44.0 WL=  40698.55
      orig      on  WNS=  -0.242 TNS=   -31.896 viol= 173.0 WL=  35873.39
      retimed   off WNS=  -0.511 TNS=   -54.756 viol= 127.0 WL=  43272.52
      directive off WNS=  -0.242 TNS=   -31.896 viol= 173.0 WL=  35873.39
  r12_wide_reduction_tree         STRESSED at p=0.1764
      orig      off WNS=  -0.378 TNS=    -2.539 viol=   7.0 WL=  7990.975
      orig      on  WNS=  -0.064 TNS=    -1.671 viol=  46.0 WL=   6403.88
      retimed   off WNS=  -0.195 TNS=    -4.549 viol=  27.0 WL=   7304.26
      directive off WNS=  -0.064 TNS=    -1.671 viol=  46.0 WL=   6403.88
  r13_retime_around_sram          STRESSED at p=0.1771
      orig      off WNS=  -0.186 TNS=    -49.16 viol= 869.0 WL= 33526.565
      orig      on  WNS=  -0.086 TNS=    -11.37 viol= 437.0 WL= 61238.645
      retimed   off WNS=  -0.305 TNS=   -94.892 viol= 762.0 WL=  38896.34
      directive off WNS=  -0.086 TNS=    -11.37 viol= 437.0 WL= 61238.645
  r15_hier_boundary_block         STRESSED at p=0.1946
      orig      off WNS=  -0.496 TNS=    -7.833 viol=  21.0 WL=  4783.295
      orig      on  WNS=  -0.094 TNS=    -3.815 viol=  64.0 WL=  3995.815
      retimed   off WNS=  -0.252 TNS=     -5.14 viol=  24.0 WL=    4975.4
      directive off WNS=  -0.094 TNS=    -3.815 viol=  64.0 WL=  3995.815
  r17_clock_enable_barrier        STRESSED at p=0.2107
      orig      off WNS=  -0.024 TNS=    -0.307 viol=  16.0 WL=  5427.405
      orig      on  WNS=  -0.089 TNS=    -2.577 viol=  68.0 WL=  5935.325
      retimed   off WNS=   -0.29 TNS=    -5.258 viol=  24.0 WL=  4616.945
      directive off WNS=  -0.089 TNS=    -2.577 viol=  68.0 WL=  5935.325
  r18_clock_gated_region          STRESSED at p=0.2275
      orig      off WNS=  -0.235 TNS=     -8.93 viol=  63.0 WL=   6250.36
      orig      on  WNS=  -0.106 TNS=    -3.224 viol=  60.0 WL=   5316.24
      retimed   off WNS=  -0.235 TNS=    -7.866 viol=  57.0 WL=   6222.65
      directive off WNS=  -0.106 TNS=    -3.224 viol=  60.0 WL=   5316.24
  r19_power_activity_retime       STRESSED at p=0.1827
      orig      off WNS=   -0.38 TNS=    -2.882 viol=  11.0 WL=   8416.76
      orig      on  WNS=  -0.088 TNS=    -4.661 viol=  96.0 WL=  7020.625
      retimed   off WNS=  -0.356 TNS=    -2.401 viol=   8.0 WL=  6984.505
      directive off WNS=  -0.096 TNS=    -5.725 viol=  92.0 WL=  7630.085
  r27_exception_scope_probe       STRESSED at p=0.2702
      orig      off WNS=  -0.424 TNS=   -16.095 viol=  55.0 WL=  10629.85
      orig      on  WNS=  -0.112 TNS=    -4.418 viol=  89.0 WL= 10784.655
      retimed   off WNS=  -0.422 TNS=   -14.684 viol=  57.0 WL=  9495.465
      directive off WNS=  -0.112 TNS=    -4.418 viol=  89.0 WL= 10784.655
  benchmarks stressed: 11 / 28
!!! [22:10] ABORT: only 11 benchmarks stressed
=== [22:23] push wrapped + serialised RTL
28
=== [22:23] stage 1/3: floors for all 28 (wrapper changed every design's timing)
  r24_loop_bound_control          retimed   off  min_period=  0.979 ns   probed p0.7854, wns=-0.194
  r24_loop_bound_control          directive off  min_period=  0.905 ns   probed p0.7854, wns=-0.12
  r26_sdc_exception_invalidation  orig      off  min_period=  1.039 ns   probed p0.4404, wns=-0.599
  r26_sdc_exception_invalidation  orig      on   min_period=    0.4 ns   probed p0.2202, wns=-0.18
  r26_sdc_exception_invalidation  retimed   off  min_period=  0.897 ns   probed p0.4404, wns=-0.457
  r26_sdc_exception_invalidation  directive off  min_period=   0.61 ns   probed p0.4404, wns=-0.17
  r27_exception_scope_probe       orig      off  min_period=  0.921 ns   probed p0.6522, wns=-0.269
  r27_exception_scope_probe       orig      on   min_period=  0.386 ns   probed p0.3261, wns=-0.06
  r27_exception_scope_probe       retimed   off  min_period=  0.898 ns   probed p0.6522, wns=-0.246
  r27_exception_scope_probe       directive off  min_period=  0.386 ns   probed p0.3261, wns=-0.06
  r28_congestion_wire_split       orig      off  min_period=  0.293 ns   probed p0.1653, wns=-0.128
  r28_congestion_wire_split       orig      on   min_period=  0.246 ns   probed p0.1653, wns=-0.081
  r28_congestion_wire_split       retimed   off  min_period=  0.288 ns   probed p0.1653, wns=-0.123
  r28_congestion_wire_split       directive off  min_period=  0.246 ns   probed p0.1653, wns=-0.081
  r29_wide_crossing               orig      off  min_period=  0.424 ns   probed p0.36, wns=-0.064
  r29_wide_crossing               orig      on   min_period=  0.298 ns   probed p0.18, wns=-0.118
  r29_wide_crossing               retimed   off  min_period=  0.485 ns   probed p0.36, wns=-0.125
  r29_wide_crossing               directive off  min_period=  0.424 ns   probed p0.36, wns=-0.064
  r30_fsm_decode_fanout           orig      off  min_period=  0.472 ns   probed p0.3, wns=-0.172
  r30_fsm_decode_fanout           orig      on   min_period=  0.476 ns   probed p0.3, wns=-0.176
  r30_fsm_decode_fanout           retimed   off  min_period=  0.468 ns   probed p0.3, wns=-0.168
  r30_fsm_decode_fanout           directive off  min_period=  0.472 ns   probed p0.3, wns=-0.172
  r31_clone_distinct_reset        orig      off  min_period=   0.37 ns   probed p0.3, wns=-0.07
  r31_clone_distinct_reset        orig      on   min_period=   0.25 ns   probed p0.15, wns=-0.1
  r31_clone_distinct_reset        retimed   off  min_period=  0.404 ns   probed p0.3, wns=-0.104
  r31_clone_distinct_reset        directive off  min_period=   0.37 ns   probed p0.3, wns=-0.07
  r32_backward_reset_preimage     orig      off  min_period=  0.344 ns   probed p0.3, wns=-0.044
  r32_backward_reset_preimage     orig      on   min_period=  0.311 ns   probed p0.3, wns=-0.011
  r32_backward_reset_preimage     retimed   off  min_period=  0.309 ns   probed p0.15, wns=-0.159
  r32_backward_reset_preimage     directive off  min_period=  0.344 ns   probed p0.3, wns=-0.044

wrote /home/esifferm/GitHub/retiming/results/fmax_v2.json
  floors measured: 112
=== [23:20] stage 2/3: stress sweep, all 28, post-route
  r02_reset_no_valid_init         STRESSED at p=0.1862
      orig      off WNS=    None TNS=      None viol=  None WL=      None
      orig      on  WNS=  -0.076 TNS=    -4.118 viol=  81.0 WL=  4809.805
      retimed   off WNS=   -0.24 TNS=    -4.578 viol=  24.0 WL=   4274.36
      directive off WNS=  -0.076 TNS=    -4.118 viol=  81.0 WL=  4809.805
  r03_async_reset_blocker         STRESSED at p=0.1841
      orig      off WNS=  -0.007 TNS=    -0.019 viol=   7.0 WL=  7135.095
      orig      on  WNS=  -0.071 TNS=    -3.084 viol=  62.0 WL=   5127.13
      retimed   off WNS=  -0.283 TNS=    -6.744 viol=  30.0 WL=  3864.005
      directive off WNS=  -0.071 TNS=    -3.084 viol=  62.0 WL=   5127.13
  r05_fsm_high_fanout             STRESSED at p=0.147
      orig      off WNS=  -0.194 TNS=    -5.857 viol=  66.0 WL= 11610.505
      orig      on  WNS=  -0.086 TNS=   -10.382 viol= 244.0 WL= 13226.885
      retimed   off WNS=  -0.118 TNS=    -9.057 viol= 125.0 WL=   12850.3
      directive off WNS=  -0.086 TNS=    -9.461 viol= 235.0 WL=  13183.77
  r06_fsm_high_fanin              STRESSED at p=0.3724
      orig      off WNS=  -0.125 TNS=    -1.111 viol=  11.0 WL=  24415.41
      orig      on  WNS=  -0.141 TNS=    -8.671 viol=  85.0 WL= 19380.015
      retimed   off WNS=  -0.119 TNS=    -0.776 viol=   8.0 WL=  21679.97
      directive off WNS=  -0.141 TNS=    -8.671 viol=  85.0 WL= 19380.015
  r08_fsm_output_decode           STRESSED at p=0.245
      orig      off WNS=  -0.452 TNS=    -4.017 viol=  21.0 WL=   5722.64
      orig      on  WNS=  -0.113 TNS=    -3.941 viol=  60.0 WL=    5767.7
      retimed   off WNS=  -0.209 TNS=    -5.991 viol=  32.0 WL=  5094.505
      directive off WNS=  -0.113 TNS=    -3.941 viol=  60.0 WL=    5767.7
  r16_dont_touch_conflict         STRESSED at p=0.217
      orig      off WNS=   -0.53 TNS=     -8.31 viol=  34.0 WL=   7593.46
      orig      on  WNS=  -0.099 TNS=     -4.75 viol=  84.0 WL=   6356.93
      retimed   off WNS=  -0.313 TNS=    -9.047 viol=  47.0 WL=  5910.665
      directive off WNS=  -0.099 TNS=     -4.75 viol=  84.0 WL=   6356.93
  r20_glitch_absorb               STRESSED at p=0.1603
      orig      off WNS=  -0.298 TNS=    -7.189 viol=  38.0 WL=  7870.755
      orig      on  WNS=  -0.081 TNS=    -4.015 viol=  90.0 WL=   6931.87
      retimed   off WNS=  -0.155 TNS=     -5.23 viol=  54.0 WL=   6826.13
      directive off WNS=  -0.076 TNS=    -3.861 viol=  97.0 WL=   6871.12
  r21_wire_pipeline_cross_die     STRESSED at p=0.1911
      orig      off WNS=  -0.276 TNS=   -30.618 viol= 141.0 WL= 17864.195
      orig      on  WNS=  -0.091 TNS=   -11.126 viol= 228.0 WL=  20847.56
      retimed   off WNS=  -0.132 TNS=   -16.385 viol= 196.0 WL=  19950.48
      directive off WNS=  -0.091 TNS=   -11.126 viol= 228.0 WL=  20847.56
  r22_fanout_wire_load            STRESSED at p=0.3598
      orig      off WNS=  -0.216 TNS=   -93.355 viol=1287.0 WL=327264.505
      orig      on  WNS=  -0.109 TNS=    -10.83 viol= 206.0 WL= 281703.53
      retimed   off WNS=  -0.108 TNS=   -24.665 viol= 854.0 WL=292908.625
      directive off WNS=  -0.054 TNS=    -2.158 viol= 212.0 WL= 274800.76
  r24_loop_bound_control          STRESSED at p=0.6335
      orig      off WNS=  -0.367 TNS=    -5.612 viol=  16.0 WL=  7214.965
      orig      on  WNS=   -0.36 TNS=   -10.314 viol=  31.0 WL=   6861.03
      retimed   off WNS=  -0.367 TNS=    -5.612 viol=  16.0 WL=  7214.965
      directive off WNS=   -0.36 TNS=   -10.314 viol=  31.0 WL=   6861.03
  r26_sdc_exception_invalidation  STRESSED at p=0.28
      orig      off WNS=  -0.696 TNS=   -12.218 viol=  35.0 WL=  6836.805
      orig      on  WNS=  -0.115 TNS=    -5.669 viol=  73.0 WL=   9068.41
      retimed   off WNS=  -0.629 TNS=   -17.067 viol=  32.0 WL=   8110.85
      directive off WNS=  -0.237 TNS=   -15.339 viol=  80.0 WL=  6559.385
  r28_congestion_wire_split       STRESSED at p=0.1722
      orig      off WNS=  -0.124 TNS=   -34.207 viol= 822.0 WL= 43195.095
      orig      on  WNS=   -0.06 TNS=   -13.906 viol= 742.0 WL=  45481.92
      retimed   off WNS=  -0.107 TNS=   -35.447 viol= 746.0 WL= 42269.185
      directive off WNS=   -0.06 TNS=   -13.906 viol= 742.0 WL=  45481.92
  r29_wide_crossing               STRESSED at p=0.2086
      orig      off WNS=  -0.338 TNS=  -535.006 viol=2830.0 WL=646147.735
      orig      on  WNS=  -0.111 TNS=  -810.098 viol=12379.0 WL=619346.305
      retimed   off WNS=    -0.5 TNS=  -735.657 viol=2827.0 WL= 840538.91
      directive off WNS=  -0.338 TNS=  -535.006 viol=2830.0 WL=646147.735
  r30_fsm_decode_fanout           STRESSED at p=0.3276
      orig      off WNS=  -0.121 TNS=   -115.52 viol=2036.0 WL= 513772.42
      orig      on  WNS=    None TNS=      None viol=  None WL=      None
      retimed   off WNS=  -0.122 TNS=  -110.783 viol=2014.0 WL=534666.685
      directive off WNS=  -0.121 TNS=   -115.52 viol=2036.0 WL= 513772.42
  r31_clone_distinct_reset        STRESSED at p=0.175
      orig      off WNS=  -0.132 TNS=   -55.125 viol= 796.0 WL= 23376.205
      orig      on  WNS=  -0.071 TNS=     -25.9 viol=1202.0 WL= 48038.765
      retimed   off WNS=  -0.055 TNS=    -6.995 viol= 493.0 WL=  23302.97
      directive off WNS=  -0.132 TNS=   -55.125 viol= 796.0 WL= 23376.205
  r32_backward_reset_preimage     STRESSED at p=0.2163
      orig      off WNS=  -0.116 TNS=     -41.6 viol= 798.0 WL=  68911.42
      orig      on  WNS=  -0.072 TNS=   -41.217 viol=1346.0 WL= 80246.475
      retimed   off WNS=  -0.078 TNS=   -34.134 viol= 811.0 WL=  69206.21
      directive off WNS=  -0.116 TNS=     -41.6 viol= 798.0 WL=  68911.42
  benchmarks stressed: 17 / 28
!!! [23:52] ABORT: only 17 benchmarks stressed
=== [00:03] push wrapped + serialised RTL
28
=== [00:03] stage 1/3: floors for all 28 (wrapper changed every design's timing)
  r24_loop_bound_control          retimed   off  min_period=  0.979 ns   probed p0.7854, wns=-0.194
  r24_loop_bound_control          directive off  min_period=  0.905 ns   probed p0.7854, wns=-0.12
  r26_sdc_exception_invalidation  orig      off  min_period=  1.039 ns   probed p0.4404, wns=-0.599
  r26_sdc_exception_invalidation  orig      on   min_period=    0.4 ns   probed p0.2202, wns=-0.18
  r26_sdc_exception_invalidation  retimed   off  min_period=  0.897 ns   probed p0.4404, wns=-0.457
  r26_sdc_exception_invalidation  directive off  min_period=   0.61 ns   probed p0.4404, wns=-0.17
  r27_exception_scope_probe       orig      off  min_period=  0.921 ns   probed p0.6522, wns=-0.269
  r27_exception_scope_probe       orig      on   min_period=  0.386 ns   probed p0.3261, wns=-0.06
  r27_exception_scope_probe       retimed   off  min_period=  0.898 ns   probed p0.6522, wns=-0.246
  r27_exception_scope_probe       directive off  min_period=  0.386 ns   probed p0.3261, wns=-0.06
  r28_congestion_wire_split       orig      off  min_period=  0.293 ns   probed p0.1653, wns=-0.128
  r28_congestion_wire_split       orig      on   min_period=  0.246 ns   probed p0.1653, wns=-0.081
  r28_congestion_wire_split       retimed   off  min_period=  0.288 ns   probed p0.1653, wns=-0.123
  r28_congestion_wire_split       directive off  min_period=  0.246 ns   probed p0.1653, wns=-0.081
  r29_wide_crossing               orig      off  min_period=  0.424 ns   probed p0.36, wns=-0.064
  r29_wide_crossing               orig      on   min_period=  0.298 ns   probed p0.18, wns=-0.118
  r29_wide_crossing               retimed   off  min_period=  0.485 ns   probed p0.36, wns=-0.125
  r29_wide_crossing               directive off  min_period=  0.424 ns   probed p0.36, wns=-0.064
  r30_fsm_decode_fanout           orig      off  min_period=  0.472 ns   probed p0.3, wns=-0.172
  r30_fsm_decode_fanout           orig      on   min_period=  0.476 ns   probed p0.3, wns=-0.176
  r30_fsm_decode_fanout           retimed   off  min_period=  0.468 ns   probed p0.3, wns=-0.168
  r30_fsm_decode_fanout           directive off  min_period=  0.472 ns   probed p0.3, wns=-0.172
  r31_clone_distinct_reset        orig      off  min_period=   0.37 ns   probed p0.3, wns=-0.07
  r31_clone_distinct_reset        orig      on   min_period=   0.25 ns   probed p0.15, wns=-0.1
  r31_clone_distinct_reset        retimed   off  min_period=  0.404 ns   probed p0.3, wns=-0.104
  r31_clone_distinct_reset        directive off  min_period=   0.37 ns   probed p0.3, wns=-0.07
  r32_backward_reset_preimage     orig      off  min_period=  0.344 ns   probed p0.3, wns=-0.044
  r32_backward_reset_preimage     orig      on   min_period=  0.311 ns   probed p0.3, wns=-0.011
  r32_backward_reset_preimage     retimed   off  min_period=  0.309 ns   probed p0.15, wns=-0.159
  r32_backward_reset_preimage     directive off  min_period=  0.344 ns   probed p0.3, wns=-0.044

wrote /home/esifferm/GitHub/retiming/results/fmax_v2.json
  floors measured: 112
=== [01:10] stage 2/3: stress sweep, all 28, post-route
17 benchmark(s) already stressed, 11 to do
total concurrent tool jobs capped at 16

  r04_init_only_no_reset          STRESSED at p=0.1771
      orig      off WNS=  -0.237 TNS=     -4.39 viol=  20.0 WL=  3508.745
      orig      on  WNS=  -0.074 TNS=     -2.12 viol=  53.0 WL=  3654.425
      retimed   off WNS=  -0.274 TNS=    -6.285 viol=  28.0 WL=  3712.895
      directive off WNS=  -0.074 TNS=     -2.12 viol=  53.0 WL=  3654.425
  r09_unbalanced_mult_pipe        STRESSED at p=0.203
      orig      off WNS=  -0.494 TNS=   -16.928 viol=  64.0 WL=   30663.9
      orig      on  WNS=  -0.109 TNS=    -14.36 viol= 264.0 WL= 31200.775
      retimed   off WNS=  -0.409 TNS=   -21.069 viol=  80.0 WL=  32343.76
      directive off WNS=  -0.109 TNS=    -14.36 viol= 264.0 WL= 31200.775
  r10_long_carry_chain            STRESSED at p=0.1673
      orig      off WNS=  -0.334 TNS=   -32.456 viol= 275.0 WL= 23001.825
      orig      on  WNS=  -0.103 TNS=   -28.583 viol= 488.0 WL=   24265.4
      retimed   off WNS=  -0.289 TNS=    -33.08 viol= 291.0 WL=  24685.97
      directive off WNS=  -0.103 TNS=   -28.583 viol= 488.0 WL=   24265.4
  r11_deep_retime_distance        STRESSED at p=0.5201
      orig      off WNS=  -2.951 TNS=   -88.432 viol=  44.0 WL=  40698.55
      orig      on  WNS=  -0.242 TNS=   -31.896 viol= 173.0 WL=  35873.39
      retimed   off WNS=  -0.511 TNS=   -54.756 viol= 127.0 WL=  43272.52
      directive off WNS=  -0.242 TNS=   -31.896 viol= 173.0 WL=  35873.39
  r12_wide_reduction_tree         STRESSED at p=0.1764
      orig      off WNS=  -0.378 TNS=    -2.539 viol=   7.0 WL=  7990.975
      orig      on  WNS=  -0.064 TNS=    -1.671 viol=  46.0 WL=   6403.88
      retimed   off WNS=  -0.195 TNS=    -4.549 viol=  27.0 WL=   7304.26
      directive off WNS=  -0.064 TNS=    -1.671 viol=  46.0 WL=   6403.88
  r13_retime_around_sram          STRESSED at p=0.1771
      orig      off WNS=  -0.186 TNS=    -49.16 viol= 869.0 WL= 33526.565
      orig      on  WNS=  -0.086 TNS=    -11.37 viol= 437.0 WL= 61238.645
      retimed   off WNS=  -0.305 TNS=   -94.892 viol= 762.0 WL=  38896.34
      directive off WNS=  -0.086 TNS=    -11.37 viol= 437.0 WL= 61238.645
  r15_hier_boundary_block         STRESSED at p=0.1946
      orig      off WNS=  -0.496 TNS=    -7.833 viol=  21.0 WL=  4783.295
      orig      on  WNS=  -0.094 TNS=    -3.815 viol=  64.0 WL=  3995.815
      retimed   off WNS=  -0.252 TNS=     -5.14 viol=  24.0 WL=    4975.4
      directive off WNS=  -0.094 TNS=    -3.815 viol=  64.0 WL=  3995.815
  r17_clock_enable_barrier        STRESSED at p=0.2107
      orig      off WNS=  -0.024 TNS=    -0.307 viol=  16.0 WL=  5427.405
      orig      on  WNS=  -0.089 TNS=    -2.577 viol=  68.0 WL=  5935.325
      retimed   off WNS=   -0.29 TNS=    -5.258 viol=  24.0 WL=  4616.945
      directive off WNS=  -0.089 TNS=    -2.577 viol=  68.0 WL=  5935.325
  r18_clock_gated_region          STRESSED at p=0.2275
      orig      off WNS=  -0.235 TNS=     -8.93 viol=  63.0 WL=   6250.36
      orig      on  WNS=  -0.106 TNS=    -3.224 viol=  60.0 WL=   5316.24
      retimed   off WNS=  -0.235 TNS=    -7.866 viol=  57.0 WL=   6222.65
      directive off WNS=  -0.106 TNS=    -3.224 viol=  60.0 WL=   5316.24
  r19_power_activity_retime       STRESSED at p=0.1827
      orig      off WNS=   -0.38 TNS=    -2.882 viol=  11.0 WL=   8416.76
      orig      on  WNS=  -0.088 TNS=    -4.661 viol=  96.0 WL=  7020.625
      retimed   off WNS=  -0.356 TNS=    -2.401 viol=   8.0 WL=  6984.505
      directive off WNS=  -0.096 TNS=    -5.725 viol=  92.0 WL=  7630.085
  r27_exception_scope_probe       STRESSED at p=0.2702
      orig      off WNS=  -0.424 TNS=   -16.095 viol=  55.0 WL=  10629.85
      orig      on  WNS=  -0.112 TNS=    -4.418 viol=  89.0 WL= 10784.655
      retimed   off WNS=  -0.422 TNS=   -14.684 viol=  57.0 WL=  9495.465
      directive off WNS=  -0.112 TNS=    -4.418 viol=  89.0 WL= 10784.655
  benchmarks stressed: 11 / 28
!!! [01:20] ABORT: only 11 benchmarks stressed
=== [01:23] push wrapped + serialised RTL
28
=== [01:23] stage 1/3: floors for all 28 (wrapper changed every design's timing)
  r24_loop_bound_control          retimed   off  min_period=  0.979 ns   probed p0.7854, wns=-0.194
  r24_loop_bound_control          directive off  min_period=  0.905 ns   probed p0.7854, wns=-0.12
  r26_sdc_exception_invalidation  orig      off  min_period=  1.039 ns   probed p0.4404, wns=-0.599
  r26_sdc_exception_invalidation  orig      on   min_period=    0.4 ns   probed p0.2202, wns=-0.18
  r26_sdc_exception_invalidation  retimed   off  min_period=  0.897 ns   probed p0.4404, wns=-0.457
  r26_sdc_exception_invalidation  directive off  min_period=   0.61 ns   probed p0.4404, wns=-0.17
  r27_exception_scope_probe       orig      off  min_period=  0.921 ns   probed p0.6522, wns=-0.269
  r27_exception_scope_probe       orig      on   min_period=  0.386 ns   probed p0.3261, wns=-0.06
  r27_exception_scope_probe       retimed   off  min_period=  0.898 ns   probed p0.6522, wns=-0.246
  r27_exception_scope_probe       directive off  min_period=  0.386 ns   probed p0.3261, wns=-0.06
  r28_congestion_wire_split       orig      off  min_period=  0.293 ns   probed p0.1653, wns=-0.128
  r28_congestion_wire_split       orig      on   min_period=  0.246 ns   probed p0.1653, wns=-0.081
  r28_congestion_wire_split       retimed   off  min_period=  0.288 ns   probed p0.1653, wns=-0.123
  r28_congestion_wire_split       directive off  min_period=  0.246 ns   probed p0.1653, wns=-0.081
  r29_wide_crossing               orig      off  min_period=  0.424 ns   probed p0.36, wns=-0.064
  r29_wide_crossing               orig      on   min_period=  0.298 ns   probed p0.18, wns=-0.118
  r29_wide_crossing               retimed   off  min_period=  0.485 ns   probed p0.36, wns=-0.125
  r29_wide_crossing               directive off  min_period=  0.424 ns   probed p0.36, wns=-0.064
  r30_fsm_decode_fanout           orig      off  min_period=  0.472 ns   probed p0.3, wns=-0.172
  r30_fsm_decode_fanout           orig      on   min_period=  0.476 ns   probed p0.3, wns=-0.176
  r30_fsm_decode_fanout           retimed   off  min_period=  0.468 ns   probed p0.3, wns=-0.168
  r30_fsm_decode_fanout           directive off  min_period=  0.472 ns   probed p0.3, wns=-0.172
  r31_clone_distinct_reset        orig      off  min_period=   0.37 ns   probed p0.3, wns=-0.07
  r31_clone_distinct_reset        orig      on   min_period=   0.25 ns   probed p0.15, wns=-0.1
  r31_clone_distinct_reset        retimed   off  min_period=  0.404 ns   probed p0.3, wns=-0.104
  r31_clone_distinct_reset        directive off  min_period=   0.37 ns   probed p0.3, wns=-0.07
  r32_backward_reset_preimage     orig      off  min_period=  0.344 ns   probed p0.3, wns=-0.044
  r32_backward_reset_preimage     orig      on   min_period=  0.311 ns   probed p0.3, wns=-0.011
  r32_backward_reset_preimage     retimed   off  min_period=  0.309 ns   probed p0.15, wns=-0.159
  r32_backward_reset_preimage     directive off  min_period=  0.344 ns   probed p0.3, wns=-0.044

wrote /home/esifferm/GitHub/retiming/results/fmax_v2.json
  floors measured: 112
=== [02:20] stage 2/3: stress sweep, all 28, post-route
  r02_reset_no_valid_init         STRESSED at p=0.1862
      orig      off WNS=    None TNS=      None viol=  None WL=      None
      orig      on  WNS=  -0.076 TNS=    -4.118 viol=  81.0 WL=  4809.805
      retimed   off WNS=   -0.24 TNS=    -4.578 viol=  24.0 WL=   4274.36
      directive off WNS=  -0.076 TNS=    -4.118 viol=  81.0 WL=  4809.805
  r03_async_reset_blocker         STRESSED at p=0.1841
      orig      off WNS=  -0.007 TNS=    -0.019 viol=   7.0 WL=  7135.095
      orig      on  WNS=  -0.071 TNS=    -3.084 viol=  62.0 WL=   5127.13
      retimed   off WNS=  -0.283 TNS=    -6.744 viol=  30.0 WL=  3864.005
      directive off WNS=  -0.071 TNS=    -3.084 viol=  62.0 WL=   5127.13
  r05_fsm_high_fanout             STRESSED at p=0.147
      orig      off WNS=  -0.194 TNS=    -5.857 viol=  66.0 WL= 11610.505
      orig      on  WNS=  -0.086 TNS=   -10.382 viol= 244.0 WL= 13226.885
      retimed   off WNS=  -0.118 TNS=    -9.057 viol= 125.0 WL=   12850.3
      directive off WNS=  -0.086 TNS=    -9.461 viol= 235.0 WL=  13183.77
  r06_fsm_high_fanin              STRESSED at p=0.3724
      orig      off WNS=  -0.125 TNS=    -1.111 viol=  11.0 WL=  24415.41
      orig      on  WNS=  -0.141 TNS=    -8.671 viol=  85.0 WL= 19380.015
      retimed   off WNS=  -0.119 TNS=    -0.776 viol=   8.0 WL=  21679.97
      directive off WNS=  -0.141 TNS=    -8.671 viol=  85.0 WL= 19380.015
  r08_fsm_output_decode           STRESSED at p=0.245
      orig      off WNS=  -0.452 TNS=    -4.017 viol=  21.0 WL=   5722.64
      orig      on  WNS=  -0.113 TNS=    -3.941 viol=  60.0 WL=    5767.7
      retimed   off WNS=  -0.209 TNS=    -5.991 viol=  32.0 WL=  5094.505
      directive off WNS=  -0.113 TNS=    -3.941 viol=  60.0 WL=    5767.7
  r16_dont_touch_conflict         STRESSED at p=0.217
      orig      off WNS=   -0.53 TNS=     -8.31 viol=  34.0 WL=   7593.46
      orig      on  WNS=  -0.099 TNS=     -4.75 viol=  84.0 WL=   6356.93
      retimed   off WNS=  -0.313 TNS=    -9.047 viol=  47.0 WL=  5910.665
      directive off WNS=  -0.099 TNS=     -4.75 viol=  84.0 WL=   6356.93
  r20_glitch_absorb               STRESSED at p=0.1603
      orig      off WNS=  -0.298 TNS=    -7.189 viol=  38.0 WL=  7870.755
      orig      on  WNS=  -0.081 TNS=    -4.015 viol=  90.0 WL=   6931.87
      retimed   off WNS=  -0.155 TNS=     -5.23 viol=  54.0 WL=   6826.13
      directive off WNS=  -0.076 TNS=    -3.861 viol=  97.0 WL=   6871.12
  r21_wire_pipeline_cross_die     STRESSED at p=0.1911
      orig      off WNS=  -0.276 TNS=   -30.618 viol= 141.0 WL= 17864.195
      orig      on  WNS=  -0.091 TNS=   -11.126 viol= 228.0 WL=  20847.56
      retimed   off WNS=  -0.132 TNS=   -16.385 viol= 196.0 WL=  19950.48
      directive off WNS=  -0.091 TNS=   -11.126 viol= 228.0 WL=  20847.56
  r22_fanout_wire_load            STRESSED at p=0.3598
      orig      off WNS=  -0.216 TNS=   -93.355 viol=1287.0 WL=327264.505
      orig      on  WNS=  -0.109 TNS=    -10.83 viol= 206.0 WL= 281703.53
      retimed   off WNS=  -0.108 TNS=   -24.665 viol= 854.0 WL=292908.625
      directive off WNS=  -0.054 TNS=    -2.158 viol= 212.0 WL= 274800.76
  r24_loop_bound_control          STRESSED at p=0.6335
      orig      off WNS=  -0.367 TNS=    -5.612 viol=  16.0 WL=  7214.965
      orig      on  WNS=   -0.36 TNS=   -10.314 viol=  31.0 WL=   6861.03
      retimed   off WNS=  -0.367 TNS=    -5.612 viol=  16.0 WL=  7214.965
      directive off WNS=   -0.36 TNS=   -10.314 viol=  31.0 WL=   6861.03
  r26_sdc_exception_invalidation  STRESSED at p=0.28
      orig      off WNS=  -0.696 TNS=   -12.218 viol=  35.0 WL=  6836.805
      orig      on  WNS=  -0.115 TNS=    -5.669 viol=  73.0 WL=   9068.41
      retimed   off WNS=  -0.629 TNS=   -17.067 viol=  32.0 WL=   8110.85
      directive off WNS=  -0.237 TNS=   -15.339 viol=  80.0 WL=  6559.385
  r28_congestion_wire_split       STRESSED at p=0.1722
      orig      off WNS=  -0.124 TNS=   -34.207 viol= 822.0 WL= 43195.095
      orig      on  WNS=   -0.06 TNS=   -13.906 viol= 742.0 WL=  45481.92
      retimed   off WNS=  -0.107 TNS=   -35.447 viol= 746.0 WL= 42269.185
      directive off WNS=   -0.06 TNS=   -13.906 viol= 742.0 WL=  45481.92
  r29_wide_crossing               STRESSED at p=0.2086
      orig      off WNS=  -0.338 TNS=  -535.006 viol=2830.0 WL=646147.735
      orig      on  WNS=  -0.111 TNS=  -810.098 viol=12379.0 WL=619346.305
      retimed   off WNS=    -0.5 TNS=  -735.657 viol=2827.0 WL= 840538.91
      directive off WNS=  -0.338 TNS=  -535.006 viol=2830.0 WL=646147.735
  r30_fsm_decode_fanout           STRESSED at p=0.3276
      orig      off WNS=  -0.121 TNS=   -115.52 viol=2036.0 WL= 513772.42
      orig      on  WNS=    None TNS=      None viol=  None WL=      None
      retimed   off WNS=  -0.122 TNS=  -110.783 viol=2014.0 WL=534666.685
      directive off WNS=  -0.121 TNS=   -115.52 viol=2036.0 WL= 513772.42
  r31_clone_distinct_reset        STRESSED at p=0.175
      orig      off WNS=  -0.132 TNS=   -55.125 viol= 796.0 WL= 23376.205
      orig      on  WNS=  -0.071 TNS=     -25.9 viol=1202.0 WL= 48038.765
      retimed   off WNS=  -0.055 TNS=    -6.995 viol= 493.0 WL=  23302.97
      directive off WNS=  -0.132 TNS=   -55.125 viol= 796.0 WL= 23376.205
  r32_backward_reset_preimage     STRESSED at p=0.2163
      orig      off WNS=  -0.116 TNS=     -41.6 viol= 798.0 WL=  68911.42
      orig      on  WNS=  -0.072 TNS=   -41.217 viol=1346.0 WL= 80246.475
      retimed   off WNS=  -0.078 TNS=   -34.134 viol= 811.0 WL=  69206.21
      directive off WNS=  -0.116 TNS=     -41.6 viol= 798.0 WL=  68911.42
  benchmarks stressed: 17 / 28
!!! [02:53] ABORT: only 17 benchmarks stressed
=== [03:03] push wrapped + serialised RTL
28
=== [03:03] stage 1/3: floors for all 28 (wrapper changed every design's timing)
  r24_loop_bound_control          retimed   off  min_period=  0.979 ns   probed p0.7854, wns=-0.194
  r24_loop_bound_control          directive off  min_period=  0.905 ns   probed p0.7854, wns=-0.12
  r26_sdc_exception_invalidation  orig      off  min_period=  1.039 ns   probed p0.4404, wns=-0.599
  r26_sdc_exception_invalidation  orig      on   min_period=    0.4 ns   probed p0.2202, wns=-0.18
  r26_sdc_exception_invalidation  retimed   off  min_period=  0.897 ns   probed p0.4404, wns=-0.457
  r26_sdc_exception_invalidation  directive off  min_period=   0.61 ns   probed p0.4404, wns=-0.17
  r27_exception_scope_probe       orig      off  min_period=  0.921 ns   probed p0.6522, wns=-0.269
  r27_exception_scope_probe       orig      on   min_period=  0.386 ns   probed p0.3261, wns=-0.06
  r27_exception_scope_probe       retimed   off  min_period=  0.898 ns   probed p0.6522, wns=-0.246
  r27_exception_scope_probe       directive off  min_period=  0.386 ns   probed p0.3261, wns=-0.06
  r28_congestion_wire_split       orig      off  min_period=  0.293 ns   probed p0.1653, wns=-0.128
  r28_congestion_wire_split       orig      on   min_period=  0.246 ns   probed p0.1653, wns=-0.081
  r28_congestion_wire_split       retimed   off  min_period=  0.288 ns   probed p0.1653, wns=-0.123
  r28_congestion_wire_split       directive off  min_period=  0.246 ns   probed p0.1653, wns=-0.081
  r29_wide_crossing               orig      off  min_period=  0.424 ns   probed p0.36, wns=-0.064
  r29_wide_crossing               orig      on   min_period=  0.298 ns   probed p0.18, wns=-0.118
  r29_wide_crossing               retimed   off  min_period=  0.485 ns   probed p0.36, wns=-0.125
  r29_wide_crossing               directive off  min_period=  0.424 ns   probed p0.36, wns=-0.064
  r30_fsm_decode_fanout           orig      off  min_period=  0.472 ns   probed p0.3, wns=-0.172
  r30_fsm_decode_fanout           orig      on   min_period=  0.476 ns   probed p0.3, wns=-0.176
  r30_fsm_decode_fanout           retimed   off  min_period=  0.468 ns   probed p0.3, wns=-0.168
  r30_fsm_decode_fanout           directive off  min_period=  0.472 ns   probed p0.3, wns=-0.172
  r31_clone_distinct_reset        orig      off  min_period=   0.37 ns   probed p0.3, wns=-0.07
  r31_clone_distinct_reset        orig      on   min_period=   0.25 ns   probed p0.15, wns=-0.1
  r31_clone_distinct_reset        retimed   off  min_period=  0.404 ns   probed p0.3, wns=-0.104
  r31_clone_distinct_reset        directive off  min_period=   0.37 ns   probed p0.3, wns=-0.07
  r32_backward_reset_preimage     orig      off  min_period=  0.344 ns   probed p0.3, wns=-0.044
  r32_backward_reset_preimage     orig      on   min_period=  0.311 ns   probed p0.3, wns=-0.011
  r32_backward_reset_preimage     retimed   off  min_period=  0.309 ns   probed p0.15, wns=-0.159
  r32_backward_reset_preimage     directive off  min_period=  0.344 ns   probed p0.3, wns=-0.044

wrote /home/esifferm/GitHub/retiming/results/fmax_v2.json
  floors measured: 112
=== [04:01] stage 2/3: stress sweep, all 28, post-route
17 benchmark(s) already stressed, 11 to do
total concurrent tool jobs capped at 16

  r04_init_only_no_reset          STRESSED at p=0.1771
      orig      off WNS=  -0.237 TNS=     -4.39 viol=  20.0 WL=  3508.745
      orig      on  WNS=  -0.074 TNS=     -2.12 viol=  53.0 WL=  3654.425
      retimed   off WNS=  -0.274 TNS=    -6.285 viol=  28.0 WL=  3712.895
      directive off WNS=  -0.074 TNS=     -2.12 viol=  53.0 WL=  3654.425
  r09_unbalanced_mult_pipe        STRESSED at p=0.203
      orig      off WNS=  -0.494 TNS=   -16.928 viol=  64.0 WL=   30663.9
      orig      on  WNS=  -0.109 TNS=    -14.36 viol= 264.0 WL= 31200.775
      retimed   off WNS=  -0.409 TNS=   -21.069 viol=  80.0 WL=  32343.76
      directive off WNS=  -0.109 TNS=    -14.36 viol= 264.0 WL= 31200.775
  r10_long_carry_chain            STRESSED at p=0.1673
      orig      off WNS=  -0.334 TNS=   -32.456 viol= 275.0 WL= 23001.825
      orig      on  WNS=  -0.103 TNS=   -28.583 viol= 488.0 WL=   24265.4
      retimed   off WNS=  -0.289 TNS=    -33.08 viol= 291.0 WL=  24685.97
      directive off WNS=  -0.103 TNS=   -28.583 viol= 488.0 WL=   24265.4
  r11_deep_retime_distance        STRESSED at p=0.5201
      orig      off WNS=  -2.951 TNS=   -88.432 viol=  44.0 WL=  40698.55
      orig      on  WNS=  -0.242 TNS=   -31.896 viol= 173.0 WL=  35873.39
      retimed   off WNS=  -0.511 TNS=   -54.756 viol= 127.0 WL=  43272.52
      directive off WNS=  -0.242 TNS=   -31.896 viol= 173.0 WL=  35873.39
  r12_wide_reduction_tree         STRESSED at p=0.1764
      orig      off WNS=  -0.378 TNS=    -2.539 viol=   7.0 WL=  7990.975
      orig      on  WNS=  -0.064 TNS=    -1.671 viol=  46.0 WL=   6403.88
      retimed   off WNS=  -0.195 TNS=    -4.549 viol=  27.0 WL=   7304.26
      directive off WNS=  -0.064 TNS=    -1.671 viol=  46.0 WL=   6403.88
  r13_retime_around_sram          STRESSED at p=0.1771
      orig      off WNS=  -0.186 TNS=    -49.16 viol= 869.0 WL= 33526.565
      orig      on  WNS=  -0.086 TNS=    -11.37 viol= 437.0 WL= 61238.645
      retimed   off WNS=  -0.305 TNS=   -94.892 viol= 762.0 WL=  38896.34
      directive off WNS=  -0.086 TNS=    -11.37 viol= 437.0 WL= 61238.645
  r15_hier_boundary_block         STRESSED at p=0.1946
      orig      off WNS=  -0.496 TNS=    -7.833 viol=  21.0 WL=  4783.295
      orig      on  WNS=  -0.094 TNS=    -3.815 viol=  64.0 WL=  3995.815
      retimed   off WNS=  -0.252 TNS=     -5.14 viol=  24.0 WL=    4975.4
      directive off WNS=  -0.094 TNS=    -3.815 viol=  64.0 WL=  3995.815
  r17_clock_enable_barrier        STRESSED at p=0.2107
      orig      off WNS=  -0.024 TNS=    -0.307 viol=  16.0 WL=  5427.405
      orig      on  WNS=  -0.089 TNS=    -2.577 viol=  68.0 WL=  5935.325
      retimed   off WNS=   -0.29 TNS=    -5.258 viol=  24.0 WL=  4616.945
      directive off WNS=  -0.089 TNS=    -2.577 viol=  68.0 WL=  5935.325
  r18_clock_gated_region          STRESSED at p=0.2275
      orig      off WNS=  -0.235 TNS=     -8.93 viol=  63.0 WL=   6250.36
      orig      on  WNS=  -0.106 TNS=    -3.224 viol=  60.0 WL=   5316.24
      retimed   off WNS=  -0.235 TNS=    -7.866 viol=  57.0 WL=   6222.65
      directive off WNS=  -0.106 TNS=    -3.224 viol=  60.0 WL=   5316.24
  r19_power_activity_retime       STRESSED at p=0.1827
      orig      off WNS=   -0.38 TNS=    -2.882 viol=  11.0 WL=   8416.76
      orig      on  WNS=  -0.088 TNS=    -4.661 viol=  96.0 WL=  7020.625
      retimed   off WNS=  -0.356 TNS=    -2.401 viol=   8.0 WL=  6984.505
      directive off WNS=  -0.096 TNS=    -5.725 viol=  92.0 WL=  7630.085
  r27_exception_scope_probe       STRESSED at p=0.2702
      orig      off WNS=  -0.424 TNS=   -16.095 viol=  55.0 WL=  10629.85
      orig      on  WNS=  -0.112 TNS=    -4.418 viol=  89.0 WL= 10784.655
      retimed   off WNS=  -0.422 TNS=   -14.684 viol=  57.0 WL=  9495.465
      directive off WNS=  -0.112 TNS=    -4.418 viol=  89.0 WL= 10784.655
  benchmarks stressed: 11 / 28
!!! [04:10] ABORT: only 11 benchmarks stressed
=== [04:23] push wrapped + serialised RTL
28
=== [04:23] stage 1/3: floors for all 28 (wrapper changed every design's timing)
  r24_loop_bound_control          retimed   off  min_period=  0.979 ns   probed p0.7854, wns=-0.194
  r24_loop_bound_control          directive off  min_period=  0.905 ns   probed p0.7854, wns=-0.12
  r26_sdc_exception_invalidation  orig      off  min_period=  1.039 ns   probed p0.4404, wns=-0.599
  r26_sdc_exception_invalidation  orig      on   min_period=    0.4 ns   probed p0.2202, wns=-0.18
  r26_sdc_exception_invalidation  retimed   off  min_period=  0.897 ns   probed p0.4404, wns=-0.457
  r26_sdc_exception_invalidation  directive off  min_period=   0.61 ns   probed p0.4404, wns=-0.17
  r27_exception_scope_probe       orig      off  min_period=  0.921 ns   probed p0.6522, wns=-0.269
  r27_exception_scope_probe       orig      on   min_period=  0.386 ns   probed p0.3261, wns=-0.06
  r27_exception_scope_probe       retimed   off  min_period=  0.898 ns   probed p0.6522, wns=-0.246
  r27_exception_scope_probe       directive off  min_period=  0.386 ns   probed p0.3261, wns=-0.06
  r28_congestion_wire_split       orig      off  min_period=  0.293 ns   probed p0.1653, wns=-0.128
  r28_congestion_wire_split       orig      on   min_period=  0.246 ns   probed p0.1653, wns=-0.081
  r28_congestion_wire_split       retimed   off  min_period=  0.288 ns   probed p0.1653, wns=-0.123
  r28_congestion_wire_split       directive off  min_period=  0.246 ns   probed p0.1653, wns=-0.081
  r29_wide_crossing               orig      off  min_period=  0.424 ns   probed p0.36, wns=-0.064
  r29_wide_crossing               orig      on   min_period=  0.298 ns   probed p0.18, wns=-0.118
  r29_wide_crossing               retimed   off  min_period=  0.485 ns   probed p0.36, wns=-0.125
  r29_wide_crossing               directive off  min_period=  0.424 ns   probed p0.36, wns=-0.064
  r30_fsm_decode_fanout           orig      off  min_period=  0.472 ns   probed p0.3, wns=-0.172
  r30_fsm_decode_fanout           orig      on   min_period=  0.476 ns   probed p0.3, wns=-0.176
  r30_fsm_decode_fanout           retimed   off  min_period=  0.468 ns   probed p0.3, wns=-0.168
  r30_fsm_decode_fanout           directive off  min_period=  0.472 ns   probed p0.3, wns=-0.172
  r31_clone_distinct_reset        orig      off  min_period=   0.37 ns   probed p0.3, wns=-0.07
  r31_clone_distinct_reset        orig      on   min_period=   0.25 ns   probed p0.15, wns=-0.1
  r31_clone_distinct_reset        retimed   off  min_period=  0.404 ns   probed p0.3, wns=-0.104
  r31_clone_distinct_reset        directive off  min_period=   0.37 ns   probed p0.3, wns=-0.07
  r32_backward_reset_preimage     orig      off  min_period=  0.344 ns   probed p0.3, wns=-0.044
  r32_backward_reset_preimage     orig      on   min_period=  0.311 ns   probed p0.3, wns=-0.011
  r32_backward_reset_preimage     retimed   off  min_period=  0.309 ns   probed p0.15, wns=-0.159
  r32_backward_reset_preimage     directive off  min_period=  0.344 ns   probed p0.3, wns=-0.044

wrote /home/esifferm/GitHub/retiming/results/fmax_v2.json
  floors measured: 112
=== [05:21] stage 2/3: stress sweep, all 28, post-route
  r02_reset_no_valid_init         STRESSED at p=0.1862
      orig      off WNS=    None TNS=      None viol=  None WL=      None
      orig      on  WNS=  -0.076 TNS=    -4.118 viol=  81.0 WL=  4809.805
      retimed   off WNS=   -0.24 TNS=    -4.578 viol=  24.0 WL=   4274.36
      directive off WNS=  -0.076 TNS=    -4.118 viol=  81.0 WL=  4809.805
  r03_async_reset_blocker         STRESSED at p=0.1841
      orig      off WNS=  -0.007 TNS=    -0.019 viol=   7.0 WL=  7135.095
      orig      on  WNS=  -0.071 TNS=    -3.084 viol=  62.0 WL=   5127.13
      retimed   off WNS=  -0.283 TNS=    -6.744 viol=  30.0 WL=  3864.005
      directive off WNS=  -0.071 TNS=    -3.084 viol=  62.0 WL=   5127.13
  r05_fsm_high_fanout             STRESSED at p=0.147
      orig      off WNS=  -0.194 TNS=    -5.857 viol=  66.0 WL= 11610.505
      orig      on  WNS=  -0.086 TNS=   -10.382 viol= 244.0 WL= 13226.885
      retimed   off WNS=  -0.118 TNS=    -9.057 viol= 125.0 WL=   12850.3
      directive off WNS=  -0.086 TNS=    -9.461 viol= 235.0 WL=  13183.77
  r06_fsm_high_fanin              STRESSED at p=0.3724
      orig      off WNS=  -0.125 TNS=    -1.111 viol=  11.0 WL=  24415.41
      orig      on  WNS=  -0.141 TNS=    -8.671 viol=  85.0 WL= 19380.015
      retimed   off WNS=  -0.119 TNS=    -0.776 viol=   8.0 WL=  21679.97
      directive off WNS=  -0.141 TNS=    -8.671 viol=  85.0 WL= 19380.015
  r08_fsm_output_decode           STRESSED at p=0.245
      orig      off WNS=  -0.452 TNS=    -4.017 viol=  21.0 WL=   5722.64
      orig      on  WNS=  -0.113 TNS=    -3.941 viol=  60.0 WL=    5767.7
      retimed   off WNS=  -0.209 TNS=    -5.991 viol=  32.0 WL=  5094.505
      directive off WNS=  -0.113 TNS=    -3.941 viol=  60.0 WL=    5767.7
  r16_dont_touch_conflict         STRESSED at p=0.217
      orig      off WNS=   -0.53 TNS=     -8.31 viol=  34.0 WL=   7593.46
      orig      on  WNS=  -0.099 TNS=     -4.75 viol=  84.0 WL=   6356.93
      retimed   off WNS=  -0.313 TNS=    -9.047 viol=  47.0 WL=  5910.665
      directive off WNS=  -0.099 TNS=     -4.75 viol=  84.0 WL=   6356.93
  r20_glitch_absorb               STRESSED at p=0.1603
      orig      off WNS=  -0.298 TNS=    -7.189 viol=  38.0 WL=  7870.755
      orig      on  WNS=  -0.081 TNS=    -4.015 viol=  90.0 WL=   6931.87
      retimed   off WNS=  -0.155 TNS=     -5.23 viol=  54.0 WL=   6826.13
      directive off WNS=  -0.076 TNS=    -3.861 viol=  97.0 WL=   6871.12
  r21_wire_pipeline_cross_die     STRESSED at p=0.1911
      orig      off WNS=  -0.276 TNS=   -30.618 viol= 141.0 WL= 17864.195
      orig      on  WNS=  -0.091 TNS=   -11.126 viol= 228.0 WL=  20847.56
      retimed   off WNS=  -0.132 TNS=   -16.385 viol= 196.0 WL=  19950.48
      directive off WNS=  -0.091 TNS=   -11.126 viol= 228.0 WL=  20847.56
  r22_fanout_wire_load            STRESSED at p=0.3598
      orig      off WNS=  -0.216 TNS=   -93.355 viol=1287.0 WL=327264.505
      orig      on  WNS=  -0.109 TNS=    -10.83 viol= 206.0 WL= 281703.53
      retimed   off WNS=  -0.108 TNS=   -24.665 viol= 854.0 WL=292908.625
      directive off WNS=  -0.054 TNS=    -2.158 viol= 212.0 WL= 274800.76
  r24_loop_bound_control          STRESSED at p=0.6335
      orig      off WNS=  -0.367 TNS=    -5.612 viol=  16.0 WL=  7214.965
      orig      on  WNS=   -0.36 TNS=   -10.314 viol=  31.0 WL=   6861.03
      retimed   off WNS=  -0.367 TNS=    -5.612 viol=  16.0 WL=  7214.965
      directive off WNS=   -0.36 TNS=   -10.314 viol=  31.0 WL=   6861.03
  r26_sdc_exception_invalidation  STRESSED at p=0.28
      orig      off WNS=  -0.696 TNS=   -12.218 viol=  35.0 WL=  6836.805
      orig      on  WNS=  -0.115 TNS=    -5.669 viol=  73.0 WL=   9068.41
      retimed   off WNS=  -0.629 TNS=   -17.067 viol=  32.0 WL=   8110.85
      directive off WNS=  -0.237 TNS=   -15.339 viol=  80.0 WL=  6559.385
  r28_congestion_wire_split       STRESSED at p=0.1722
      orig      off WNS=  -0.124 TNS=   -34.207 viol= 822.0 WL= 43195.095
      orig      on  WNS=   -0.06 TNS=   -13.906 viol= 742.0 WL=  45481.92
      retimed   off WNS=  -0.107 TNS=   -35.447 viol= 746.0 WL= 42269.185
      directive off WNS=   -0.06 TNS=   -13.906 viol= 742.0 WL=  45481.92
  r29_wide_crossing               STRESSED at p=0.2086
      orig      off WNS=  -0.338 TNS=  -535.006 viol=2830.0 WL=646147.735
      orig      on  WNS=  -0.111 TNS=  -810.098 viol=12379.0 WL=619346.305
      retimed   off WNS=    -0.5 TNS=  -735.657 viol=2827.0 WL= 840538.91
      directive off WNS=  -0.338 TNS=  -535.006 viol=2830.0 WL=646147.735
  r30_fsm_decode_fanout           STRESSED at p=0.3276
      orig      off WNS=  -0.121 TNS=   -115.52 viol=2036.0 WL= 513772.42
      orig      on  WNS=    None TNS=      None viol=  None WL=      None
      retimed   off WNS=  -0.122 TNS=  -110.783 viol=2014.0 WL=534666.685
      directive off WNS=  -0.121 TNS=   -115.52 viol=2036.0 WL= 513772.42
  r31_clone_distinct_reset        STRESSED at p=0.175
      orig      off WNS=  -0.132 TNS=   -55.125 viol= 796.0 WL= 23376.205
      orig      on  WNS=  -0.071 TNS=     -25.9 viol=1202.0 WL= 48038.765
      retimed   off WNS=  -0.055 TNS=    -6.995 viol= 493.0 WL=  23302.97
      directive off WNS=  -0.132 TNS=   -55.125 viol= 796.0 WL= 23376.205
  r32_backward_reset_preimage     STRESSED at p=0.2163
      orig      off WNS=  -0.116 TNS=     -41.6 viol= 798.0 WL=  68911.42
      orig      on  WNS=  -0.072 TNS=   -41.217 viol=1346.0 WL= 80246.475
      retimed   off WNS=  -0.078 TNS=   -34.134 viol= 811.0 WL=  69206.21
      directive off WNS=  -0.116 TNS=     -41.6 viol= 798.0 WL=  68911.42
  benchmarks stressed: 17 / 28
!!! [05:53] ABORT: only 17 benchmarks stressed
=== [06:03] push wrapped + serialised RTL
28
=== [06:03] stage 1/3: floors for all 28 (wrapper changed every design's timing)
  r24_loop_bound_control          retimed   off  min_period=  0.979 ns   probed p0.7854, wns=-0.194
  r24_loop_bound_control          directive off  min_period=  0.905 ns   probed p0.7854, wns=-0.12
  r26_sdc_exception_invalidation  orig      off  min_period=  1.039 ns   probed p0.4404, wns=-0.599
  r26_sdc_exception_invalidation  orig      on   min_period=    0.4 ns   probed p0.2202, wns=-0.18
  r26_sdc_exception_invalidation  retimed   off  min_period=  0.897 ns   probed p0.4404, wns=-0.457
  r26_sdc_exception_invalidation  directive off  min_period=   0.61 ns   probed p0.4404, wns=-0.17
  r27_exception_scope_probe       orig      off  min_period=  0.921 ns   probed p0.6522, wns=-0.269
  r27_exception_scope_probe       orig      on   min_period=  0.386 ns   probed p0.3261, wns=-0.06
  r27_exception_scope_probe       retimed   off  min_period=  0.898 ns   probed p0.6522, wns=-0.246
  r27_exception_scope_probe       directive off  min_period=  0.386 ns   probed p0.3261, wns=-0.06
  r28_congestion_wire_split       orig      off  min_period=  0.293 ns   probed p0.1653, wns=-0.128
  r28_congestion_wire_split       orig      on   min_period=  0.246 ns   probed p0.1653, wns=-0.081
  r28_congestion_wire_split       retimed   off  min_period=  0.288 ns   probed p0.1653, wns=-0.123
  r28_congestion_wire_split       directive off  min_period=  0.246 ns   probed p0.1653, wns=-0.081
  r29_wide_crossing               orig      off  min_period=  0.424 ns   probed p0.36, wns=-0.064
  r29_wide_crossing               orig      on   min_period=  0.298 ns   probed p0.18, wns=-0.118
  r29_wide_crossing               retimed   off  min_period=  0.485 ns   probed p0.36, wns=-0.125
  r29_wide_crossing               directive off  min_period=  0.424 ns   probed p0.36, wns=-0.064
  r30_fsm_decode_fanout           orig      off  min_period=  0.472 ns   probed p0.3, wns=-0.172
  r30_fsm_decode_fanout           orig      on   min_period=  0.476 ns   probed p0.3, wns=-0.176
  r30_fsm_decode_fanout           retimed   off  min_period=  0.468 ns   probed p0.3, wns=-0.168
  r30_fsm_decode_fanout           directive off  min_period=  0.472 ns   probed p0.3, wns=-0.172
  r31_clone_distinct_reset        orig      off  min_period=   0.37 ns   probed p0.3, wns=-0.07
  r31_clone_distinct_reset        orig      on   min_period=   0.25 ns   probed p0.15, wns=-0.1
  r31_clone_distinct_reset        retimed   off  min_period=  0.404 ns   probed p0.3, wns=-0.104
  r31_clone_distinct_reset        directive off  min_period=   0.37 ns   probed p0.3, wns=-0.07
  r32_backward_reset_preimage     orig      off  min_period=  0.344 ns   probed p0.3, wns=-0.044
  r32_backward_reset_preimage     orig      on   min_period=  0.311 ns   probed p0.3, wns=-0.011
  r32_backward_reset_preimage     retimed   off  min_period=  0.309 ns   probed p0.15, wns=-0.159
  r32_backward_reset_preimage     directive off  min_period=  0.344 ns   probed p0.3, wns=-0.044

wrote /home/esifferm/GitHub/retiming/results/fmax_v2.json
  floors measured: 112
=== [07:02] stage 2/3: stress sweep, all 28, post-route
17 benchmark(s) already stressed, 11 to do
total concurrent tool jobs capped at 16

  r04_init_only_no_reset          STRESSED at p=0.1771
      orig      off WNS=  -0.237 TNS=     -4.39 viol=  20.0 WL=  3508.745
      orig      on  WNS=  -0.074 TNS=     -2.12 viol=  53.0 WL=  3654.425
      retimed   off WNS=  -0.274 TNS=    -6.285 viol=  28.0 WL=  3712.895
      directive off WNS=  -0.074 TNS=     -2.12 viol=  53.0 WL=  3654.425
  r09_unbalanced_mult_pipe        STRESSED at p=0.203
      orig      off WNS=  -0.494 TNS=   -16.928 viol=  64.0 WL=   30663.9
      orig      on  WNS=  -0.109 TNS=    -14.36 viol= 264.0 WL= 31200.775
      retimed   off WNS=  -0.409 TNS=   -21.069 viol=  80.0 WL=  32343.76
      directive off WNS=  -0.109 TNS=    -14.36 viol= 264.0 WL= 31200.775
  r10_long_carry_chain            STRESSED at p=0.1673
      orig      off WNS=  -0.334 TNS=   -32.456 viol= 275.0 WL= 23001.825
      orig      on  WNS=  -0.103 TNS=   -28.583 viol= 488.0 WL=   24265.4
      retimed   off WNS=  -0.289 TNS=    -33.08 viol= 291.0 WL=  24685.97
      directive off WNS=  -0.103 TNS=   -28.583 viol= 488.0 WL=   24265.4
  r11_deep_retime_distance        STRESSED at p=0.5201
      orig      off WNS=  -2.951 TNS=   -88.432 viol=  44.0 WL=  40698.55
      orig      on  WNS=  -0.242 TNS=   -31.896 viol= 173.0 WL=  35873.39
      retimed   off WNS=  -0.511 TNS=   -54.756 viol= 127.0 WL=  43272.52
      directive off WNS=  -0.242 TNS=   -31.896 viol= 173.0 WL=  35873.39
  r12_wide_reduction_tree         STRESSED at p=0.1764
      orig      off WNS=  -0.378 TNS=    -2.539 viol=   7.0 WL=  7990.975
      orig      on  WNS=  -0.064 TNS=    -1.671 viol=  46.0 WL=   6403.88
      retimed   off WNS=  -0.195 TNS=    -4.549 viol=  27.0 WL=   7304.26
      directive off WNS=  -0.064 TNS=    -1.671 viol=  46.0 WL=   6403.88
  r13_retime_around_sram          STRESSED at p=0.1771
      orig      off WNS=  -0.186 TNS=    -49.16 viol= 869.0 WL= 33526.565
      orig      on  WNS=  -0.086 TNS=    -11.37 viol= 437.0 WL= 61238.645
      retimed   off WNS=  -0.305 TNS=   -94.892 viol= 762.0 WL=  38896.34
      directive off WNS=  -0.086 TNS=    -11.37 viol= 437.0 WL= 61238.645
  r15_hier_boundary_block         STRESSED at p=0.1946
      orig      off WNS=  -0.496 TNS=    -7.833 viol=  21.0 WL=  4783.295
      orig      on  WNS=  -0.094 TNS=    -3.815 viol=  64.0 WL=  3995.815
      retimed   off WNS=  -0.252 TNS=     -5.14 viol=  24.0 WL=    4975.4
      directive off WNS=  -0.094 TNS=    -3.815 viol=  64.0 WL=  3995.815
  r17_clock_enable_barrier        STRESSED at p=0.2107
      orig      off WNS=  -0.024 TNS=    -0.307 viol=  16.0 WL=  5427.405
      orig      on  WNS=  -0.089 TNS=    -2.577 viol=  68.0 WL=  5935.325
      retimed   off WNS=   -0.29 TNS=    -5.258 viol=  24.0 WL=  4616.945
      directive off WNS=  -0.089 TNS=    -2.577 viol=  68.0 WL=  5935.325
  r18_clock_gated_region          STRESSED at p=0.2275
      orig      off WNS=  -0.235 TNS=     -8.93 viol=  63.0 WL=   6250.36
      orig      on  WNS=  -0.106 TNS=    -3.224 viol=  60.0 WL=   5316.24
      retimed   off WNS=  -0.235 TNS=    -7.866 viol=  57.0 WL=   6222.65
      directive off WNS=  -0.106 TNS=    -3.224 viol=  60.0 WL=   5316.24
  r19_power_activity_retime       STRESSED at p=0.1827
      orig      off WNS=   -0.38 TNS=    -2.882 viol=  11.0 WL=   8416.76
      orig      on  WNS=  -0.088 TNS=    -4.661 viol=  96.0 WL=  7020.625
      retimed   off WNS=  -0.356 TNS=    -2.401 viol=   8.0 WL=  6984.505
      directive off WNS=  -0.096 TNS=    -5.725 viol=  92.0 WL=  7630.085
  r27_exception_scope_probe       STRESSED at p=0.2702
      orig      off WNS=  -0.424 TNS=   -16.095 viol=  55.0 WL=  10629.85
      orig      on  WNS=  -0.112 TNS=    -4.418 viol=  89.0 WL= 10784.655
      retimed   off WNS=  -0.422 TNS=   -14.684 viol=  57.0 WL=  9495.465
      directive off WNS=  -0.112 TNS=    -4.418 viol=  89.0 WL= 10784.655
  benchmarks stressed: 11 / 28
!!! [07:11] ABORT: only 11 benchmarks stressed
=== [07:23] push wrapped + serialised RTL
28
=== [07:23] stage 1/3: floors for all 28 (wrapper changed every design's timing)
  r24_loop_bound_control          retimed   off  min_period=  0.979 ns   probed p0.7854, wns=-0.194
  r24_loop_bound_control          directive off  min_period=  0.905 ns   probed p0.7854, wns=-0.12
  r26_sdc_exception_invalidation  orig      off  min_period=  1.039 ns   probed p0.4404, wns=-0.599
  r26_sdc_exception_invalidation  orig      on   min_period=    0.4 ns   probed p0.2202, wns=-0.18
  r26_sdc_exception_invalidation  retimed   off  min_period=  0.897 ns   probed p0.4404, wns=-0.457
  r26_sdc_exception_invalidation  directive off  min_period=   0.61 ns   probed p0.4404, wns=-0.17
  r27_exception_scope_probe       orig      off  min_period=  0.921 ns   probed p0.6522, wns=-0.269
  r27_exception_scope_probe       orig      on   min_period=  0.386 ns   probed p0.3261, wns=-0.06
  r27_exception_scope_probe       retimed   off  min_period=  0.898 ns   probed p0.6522, wns=-0.246
  r27_exception_scope_probe       directive off  min_period=  0.386 ns   probed p0.3261, wns=-0.06
  r28_congestion_wire_split       orig      off  min_period=  0.293 ns   probed p0.1653, wns=-0.128
  r28_congestion_wire_split       orig      on   min_period=  0.246 ns   probed p0.1653, wns=-0.081
  r28_congestion_wire_split       retimed   off  min_period=  0.288 ns   probed p0.1653, wns=-0.123
  r28_congestion_wire_split       directive off  min_period=  0.246 ns   probed p0.1653, wns=-0.081
  r29_wide_crossing               orig      off  min_period=  0.424 ns   probed p0.36, wns=-0.064
  r29_wide_crossing               orig      on   min_period=  0.298 ns   probed p0.18, wns=-0.118
  r29_wide_crossing               retimed   off  min_period=  0.485 ns   probed p0.36, wns=-0.125
  r29_wide_crossing               directive off  min_period=  0.424 ns   probed p0.36, wns=-0.064
  r30_fsm_decode_fanout           orig      off  min_period=  0.472 ns   probed p0.3, wns=-0.172
  r30_fsm_decode_fanout           orig      on   min_period=  0.476 ns   probed p0.3, wns=-0.176
  r30_fsm_decode_fanout           retimed   off  min_period=  0.468 ns   probed p0.3, wns=-0.168
  r30_fsm_decode_fanout           directive off  min_period=  0.472 ns   probed p0.3, wns=-0.172
  r31_clone_distinct_reset        orig      off  min_period=   0.37 ns   probed p0.3, wns=-0.07
  r31_clone_distinct_reset        orig      on   min_period=   0.25 ns   probed p0.15, wns=-0.1
  r31_clone_distinct_reset        retimed   off  min_period=  0.404 ns   probed p0.3, wns=-0.104
  r31_clone_distinct_reset        directive off  min_period=   0.37 ns   probed p0.3, wns=-0.07
  r32_backward_reset_preimage     orig      off  min_period=  0.344 ns   probed p0.3, wns=-0.044
  r32_backward_reset_preimage     orig      on   min_period=  0.311 ns   probed p0.3, wns=-0.011
  r32_backward_reset_preimage     retimed   off  min_period=  0.309 ns   probed p0.15, wns=-0.159
  r32_backward_reset_preimage     directive off  min_period=  0.344 ns   probed p0.3, wns=-0.044

wrote /home/esifferm/GitHub/retiming/results/fmax_v2.json
  floors measured: 112
=== [08:21] stage 2/3: stress sweep, all 28, post-route
  r02_reset_no_valid_init         STRESSED at p=0.1862
      orig      off WNS=    None TNS=      None viol=  None WL=      None
      orig      on  WNS=  -0.076 TNS=    -4.118 viol=  81.0 WL=  4809.805
      retimed   off WNS=   -0.24 TNS=    -4.578 viol=  24.0 WL=   4274.36
      directive off WNS=  -0.076 TNS=    -4.118 viol=  81.0 WL=  4809.805
  r03_async_reset_blocker         STRESSED at p=0.1841
      orig      off WNS=  -0.007 TNS=    -0.019 viol=   7.0 WL=  7135.095
      orig      on  WNS=  -0.071 TNS=    -3.084 viol=  62.0 WL=   5127.13
      retimed   off WNS=  -0.283 TNS=    -6.744 viol=  30.0 WL=  3864.005
      directive off WNS=  -0.071 TNS=    -3.084 viol=  62.0 WL=   5127.13
  r05_fsm_high_fanout             STRESSED at p=0.147
      orig      off WNS=  -0.194 TNS=    -5.857 viol=  66.0 WL= 11610.505
      orig      on  WNS=  -0.086 TNS=   -10.382 viol= 244.0 WL= 13226.885
      retimed   off WNS=  -0.118 TNS=    -9.057 viol= 125.0 WL=   12850.3
      directive off WNS=  -0.086 TNS=    -9.461 viol= 235.0 WL=  13183.77
  r06_fsm_high_fanin              STRESSED at p=0.3724
      orig      off WNS=  -0.125 TNS=    -1.111 viol=  11.0 WL=  24415.41
      orig      on  WNS=  -0.141 TNS=    -8.671 viol=  85.0 WL= 19380.015
      retimed   off WNS=  -0.119 TNS=    -0.776 viol=   8.0 WL=  21679.97
      directive off WNS=  -0.141 TNS=    -8.671 viol=  85.0 WL= 19380.015
  r08_fsm_output_decode           STRESSED at p=0.245
      orig      off WNS=  -0.452 TNS=    -4.017 viol=  21.0 WL=   5722.64
      orig      on  WNS=  -0.113 TNS=    -3.941 viol=  60.0 WL=    5767.7
      retimed   off WNS=  -0.209 TNS=    -5.991 viol=  32.0 WL=  5094.505
      directive off WNS=  -0.113 TNS=    -3.941 viol=  60.0 WL=    5767.7
  r16_dont_touch_conflict         STRESSED at p=0.217
      orig      off WNS=   -0.53 TNS=     -8.31 viol=  34.0 WL=   7593.46
      orig      on  WNS=  -0.099 TNS=     -4.75 viol=  84.0 WL=   6356.93
      retimed   off WNS=  -0.313 TNS=    -9.047 viol=  47.0 WL=  5910.665
      directive off WNS=  -0.099 TNS=     -4.75 viol=  84.0 WL=   6356.93
  r20_glitch_absorb               STRESSED at p=0.1603
      orig      off WNS=  -0.298 TNS=    -7.189 viol=  38.0 WL=  7870.755
      orig      on  WNS=  -0.081 TNS=    -4.015 viol=  90.0 WL=   6931.87
      retimed   off WNS=  -0.155 TNS=     -5.23 viol=  54.0 WL=   6826.13
      directive off WNS=  -0.076 TNS=    -3.861 viol=  97.0 WL=   6871.12
  r21_wire_pipeline_cross_die     STRESSED at p=0.1911
      orig      off WNS=  -0.276 TNS=   -30.618 viol= 141.0 WL= 17864.195
      orig      on  WNS=  -0.091 TNS=   -11.126 viol= 228.0 WL=  20847.56
      retimed   off WNS=  -0.132 TNS=   -16.385 viol= 196.0 WL=  19950.48
      directive off WNS=  -0.091 TNS=   -11.126 viol= 228.0 WL=  20847.56
  r22_fanout_wire_load            STRESSED at p=0.3598
      orig      off WNS=  -0.216 TNS=   -93.355 viol=1287.0 WL=327264.505
      orig      on  WNS=  -0.109 TNS=    -10.83 viol= 206.0 WL= 281703.53
      retimed   off WNS=  -0.108 TNS=   -24.665 viol= 854.0 WL=292908.625
      directive off WNS=  -0.054 TNS=    -2.158 viol= 212.0 WL= 274800.76
  r24_loop_bound_control          STRESSED at p=0.6335
      orig      off WNS=  -0.367 TNS=    -5.612 viol=  16.0 WL=  7214.965
      orig      on  WNS=   -0.36 TNS=   -10.314 viol=  31.0 WL=   6861.03
      retimed   off WNS=  -0.367 TNS=    -5.612 viol=  16.0 WL=  7214.965
      directive off WNS=   -0.36 TNS=   -10.314 viol=  31.0 WL=   6861.03
  r26_sdc_exception_invalidation  STRESSED at p=0.28
      orig      off WNS=  -0.696 TNS=   -12.218 viol=  35.0 WL=  6836.805
      orig      on  WNS=  -0.115 TNS=    -5.669 viol=  73.0 WL=   9068.41
      retimed   off WNS=  -0.629 TNS=   -17.067 viol=  32.0 WL=   8110.85
      directive off WNS=  -0.237 TNS=   -15.339 viol=  80.0 WL=  6559.385
  r28_congestion_wire_split       STRESSED at p=0.1722
      orig      off WNS=  -0.124 TNS=   -34.207 viol= 822.0 WL= 43195.095
      orig      on  WNS=   -0.06 TNS=   -13.906 viol= 742.0 WL=  45481.92
      retimed   off WNS=  -0.107 TNS=   -35.447 viol= 746.0 WL= 42269.185
      directive off WNS=   -0.06 TNS=   -13.906 viol= 742.0 WL=  45481.92
  r29_wide_crossing               STRESSED at p=0.2086
      orig      off WNS=  -0.338 TNS=  -535.006 viol=2830.0 WL=646147.735
      orig      on  WNS=  -0.111 TNS=  -810.098 viol=12379.0 WL=619346.305
      retimed   off WNS=    -0.5 TNS=  -735.657 viol=2827.0 WL= 840538.91
      directive off WNS=  -0.338 TNS=  -535.006 viol=2830.0 WL=646147.735
  r30_fsm_decode_fanout           STRESSED at p=0.3276
      orig      off WNS=  -0.121 TNS=   -115.52 viol=2036.0 WL= 513772.42
      orig      on  WNS=    None TNS=      None viol=  None WL=      None
      retimed   off WNS=  -0.122 TNS=  -110.783 viol=2014.0 WL=534666.685
      directive off WNS=  -0.121 TNS=   -115.52 viol=2036.0 WL= 513772.42
  r31_clone_distinct_reset        STRESSED at p=0.175
      orig      off WNS=  -0.132 TNS=   -55.125 viol= 796.0 WL= 23376.205
      orig      on  WNS=  -0.071 TNS=     -25.9 viol=1202.0 WL= 48038.765
      retimed   off WNS=  -0.055 TNS=    -6.995 viol= 493.0 WL=  23302.97
      directive off WNS=  -0.132 TNS=   -55.125 viol= 796.0 WL= 23376.205
  r32_backward_reset_preimage     STRESSED at p=0.2163
      orig      off WNS=  -0.116 TNS=     -41.6 viol= 798.0 WL=  68911.42
      orig      on  WNS=  -0.072 TNS=   -41.217 viol=1346.0 WL= 80246.475
      retimed   off WNS=  -0.078 TNS=   -34.134 viol= 811.0 WL=  69206.21
      directive off WNS=  -0.116 TNS=     -41.6 viol= 798.0 WL=  68911.42
  benchmarks stressed: 17 / 28
!!! [08:53] ABORT: only 17 benchmarks stressed
=== [09:04] push wrapped + serialised RTL
28
=== [09:04] stage 1/3: floors for all 28 (wrapper changed every design's timing)
  r24_loop_bound_control          retimed   off  min_period=  0.979 ns   probed p0.7854, wns=-0.194
  r24_loop_bound_control          directive off  min_period=  0.905 ns   probed p0.7854, wns=-0.12
  r26_sdc_exception_invalidation  orig      off  min_period=  1.039 ns   probed p0.4404, wns=-0.599
  r26_sdc_exception_invalidation  orig      on   min_period=    0.4 ns   probed p0.2202, wns=-0.18
  r26_sdc_exception_invalidation  retimed   off  min_period=  0.897 ns   probed p0.4404, wns=-0.457
  r26_sdc_exception_invalidation  directive off  min_period=   0.61 ns   probed p0.4404, wns=-0.17
  r27_exception_scope_probe       orig      off  min_period=  0.921 ns   probed p0.6522, wns=-0.269
  r27_exception_scope_probe       orig      on   min_period=  0.386 ns   probed p0.3261, wns=-0.06
  r27_exception_scope_probe       retimed   off  min_period=  0.898 ns   probed p0.6522, wns=-0.246
  r27_exception_scope_probe       directive off  min_period=  0.386 ns   probed p0.3261, wns=-0.06
  r28_congestion_wire_split       orig      off  min_period=  0.293 ns   probed p0.1653, wns=-0.128
  r28_congestion_wire_split       orig      on   min_period=  0.246 ns   probed p0.1653, wns=-0.081
  r28_congestion_wire_split       retimed   off  min_period=  0.288 ns   probed p0.1653, wns=-0.123
  r28_congestion_wire_split       directive off  min_period=  0.246 ns   probed p0.1653, wns=-0.081
  r29_wide_crossing               orig      off  min_period=  0.424 ns   probed p0.36, wns=-0.064
  r29_wide_crossing               orig      on   min_period=  0.298 ns   probed p0.18, wns=-0.118
  r29_wide_crossing               retimed   off  min_period=  0.485 ns   probed p0.36, wns=-0.125
  r29_wide_crossing               directive off  min_period=  0.424 ns   probed p0.36, wns=-0.064
  r30_fsm_decode_fanout           orig      off  min_period=  0.472 ns   probed p0.3, wns=-0.172
  r30_fsm_decode_fanout           orig      on   min_period=  0.476 ns   probed p0.3, wns=-0.176
  r30_fsm_decode_fanout           retimed   off  min_period=  0.468 ns   probed p0.3, wns=-0.168
  r30_fsm_decode_fanout           directive off  min_period=  0.472 ns   probed p0.3, wns=-0.172
  r31_clone_distinct_reset        orig      off  min_period=   0.37 ns   probed p0.3, wns=-0.07
  r31_clone_distinct_reset        orig      on   min_period=   0.25 ns   probed p0.15, wns=-0.1
  r31_clone_distinct_reset        retimed   off  min_period=  0.404 ns   probed p0.3, wns=-0.104
  r31_clone_distinct_reset        directive off  min_period=   0.37 ns   probed p0.3, wns=-0.07
  r32_backward_reset_preimage     orig      off  min_period=  0.344 ns   probed p0.3, wns=-0.044
  r32_backward_reset_preimage     orig      on   min_period=  0.311 ns   probed p0.3, wns=-0.011
  r32_backward_reset_preimage     retimed   off  min_period=  0.309 ns   probed p0.15, wns=-0.159
  r32_backward_reset_preimage     directive off  min_period=  0.344 ns   probed p0.3, wns=-0.044

wrote /home/esifferm/GitHub/retiming/results/fmax_v2.json
  floors measured: 112
=== [10:02] stage 2/3: stress sweep, all 28, post-route
17 benchmark(s) already stressed, 11 to do
total concurrent tool jobs capped at 16

  r04_init_only_no_reset          STRESSED at p=0.1771
      orig      off WNS=  -0.237 TNS=     -4.39 viol=  20.0 WL=  3508.745
      orig      on  WNS=  -0.074 TNS=     -2.12 viol=  53.0 WL=  3654.425
      retimed   off WNS=  -0.274 TNS=    -6.285 viol=  28.0 WL=  3712.895
      directive off WNS=  -0.074 TNS=     -2.12 viol=  53.0 WL=  3654.425
  r09_unbalanced_mult_pipe        STRESSED at p=0.203
      orig      off WNS=  -0.494 TNS=   -16.928 viol=  64.0 WL=   30663.9
      orig      on  WNS=  -0.109 TNS=    -14.36 viol= 264.0 WL= 31200.775
      retimed   off WNS=  -0.409 TNS=   -21.069 viol=  80.0 WL=  32343.76
      directive off WNS=  -0.109 TNS=    -14.36 viol= 264.0 WL= 31200.775
  r10_long_carry_chain            STRESSED at p=0.1673
      orig      off WNS=  -0.334 TNS=   -32.456 viol= 275.0 WL= 23001.825
      orig      on  WNS=  -0.103 TNS=   -28.583 viol= 488.0 WL=   24265.4
      retimed   off WNS=  -0.289 TNS=    -33.08 viol= 291.0 WL=  24685.97
      directive off WNS=  -0.103 TNS=   -28.583 viol= 488.0 WL=   24265.4
  r11_deep_retime_distance        STRESSED at p=0.5201
      orig      off WNS=  -2.951 TNS=   -88.432 viol=  44.0 WL=  40698.55
      orig      on  WNS=  -0.242 TNS=   -31.896 viol= 173.0 WL=  35873.39
      retimed   off WNS=  -0.511 TNS=   -54.756 viol= 127.0 WL=  43272.52
      directive off WNS=  -0.242 TNS=   -31.896 viol= 173.0 WL=  35873.39
  r12_wide_reduction_tree         STRESSED at p=0.1764
      orig      off WNS=  -0.378 TNS=    -2.539 viol=   7.0 WL=  7990.975
      orig      on  WNS=  -0.064 TNS=    -1.671 viol=  46.0 WL=   6403.88
      retimed   off WNS=  -0.195 TNS=    -4.549 viol=  27.0 WL=   7304.26
      directive off WNS=  -0.064 TNS=    -1.671 viol=  46.0 WL=   6403.88
  r13_retime_around_sram          STRESSED at p=0.1771
      orig      off WNS=  -0.186 TNS=    -49.16 viol= 869.0 WL= 33526.565
      orig      on  WNS=  -0.086 TNS=    -11.37 viol= 437.0 WL= 61238.645
      retimed   off WNS=  -0.305 TNS=   -94.892 viol= 762.0 WL=  38896.34
      directive off WNS=  -0.086 TNS=    -11.37 viol= 437.0 WL= 61238.645
  r15_hier_boundary_block         STRESSED at p=0.1946
      orig      off WNS=  -0.496 TNS=    -7.833 viol=  21.0 WL=  4783.295
      orig      on  WNS=  -0.094 TNS=    -3.815 viol=  64.0 WL=  3995.815
      retimed   off WNS=  -0.252 TNS=     -5.14 viol=  24.0 WL=    4975.4
      directive off WNS=  -0.094 TNS=    -3.815 viol=  64.0 WL=  3995.815
  r17_clock_enable_barrier        STRESSED at p=0.2107
      orig      off WNS=  -0.024 TNS=    -0.307 viol=  16.0 WL=  5427.405
      orig      on  WNS=  -0.089 TNS=    -2.577 viol=  68.0 WL=  5935.325
      retimed   off WNS=   -0.29 TNS=    -5.258 viol=  24.0 WL=  4616.945
      directive off WNS=  -0.089 TNS=    -2.577 viol=  68.0 WL=  5935.325
  r18_clock_gated_region          STRESSED at p=0.2275
      orig      off WNS=  -0.235 TNS=     -8.93 viol=  63.0 WL=   6250.36
      orig      on  WNS=  -0.106 TNS=    -3.224 viol=  60.0 WL=   5316.24
      retimed   off WNS=  -0.235 TNS=    -7.866 viol=  57.0 WL=   6222.65
      directive off WNS=  -0.106 TNS=    -3.224 viol=  60.0 WL=   5316.24
  r19_power_activity_retime       STRESSED at p=0.1827
      orig      off WNS=   -0.38 TNS=    -2.882 viol=  11.0 WL=   8416.76
      orig      on  WNS=  -0.088 TNS=    -4.661 viol=  96.0 WL=  7020.625
      retimed   off WNS=  -0.356 TNS=    -2.401 viol=   8.0 WL=  6984.505
      directive off WNS=  -0.096 TNS=    -5.725 viol=  92.0 WL=  7630.085
  r27_exception_scope_probe       STRESSED at p=0.2702
      orig      off WNS=  -0.424 TNS=   -16.095 viol=  55.0 WL=  10629.85
      orig      on  WNS=  -0.112 TNS=    -4.418 viol=  89.0 WL= 10784.655
      retimed   off WNS=  -0.422 TNS=   -14.684 viol=  57.0 WL=  9495.465
      directive off WNS=  -0.112 TNS=    -4.418 viol=  89.0 WL= 10784.655
  benchmarks stressed: 11 / 28
!!! [10:13] ABORT: only 11 benchmarks stressed
=== [10:24] push wrapped + serialised RTL
28
=== [10:24] stage 1/3: floors for all 28 (wrapper changed every design's timing)
  r24_loop_bound_control          retimed   off  min_period=  0.979 ns   probed p0.7854, wns=-0.194
  r24_loop_bound_control          directive off  min_period=  0.905 ns   probed p0.7854, wns=-0.12
  r26_sdc_exception_invalidation  orig      off  min_period=  1.039 ns   probed p0.4404, wns=-0.599
  r26_sdc_exception_invalidation  orig      on   min_period=    0.4 ns   probed p0.2202, wns=-0.18
  r26_sdc_exception_invalidation  retimed   off  min_period=  0.897 ns   probed p0.4404, wns=-0.457
  r26_sdc_exception_invalidation  directive off  min_period=   0.61 ns   probed p0.4404, wns=-0.17
  r27_exception_scope_probe       orig      off  min_period=  0.921 ns   probed p0.6522, wns=-0.269
  r27_exception_scope_probe       orig      on   min_period=  0.386 ns   probed p0.3261, wns=-0.06
  r27_exception_scope_probe       retimed   off  min_period=  0.898 ns   probed p0.6522, wns=-0.246
  r27_exception_scope_probe       directive off  min_period=  0.386 ns   probed p0.3261, wns=-0.06
  r28_congestion_wire_split       orig      off  min_period=  0.293 ns   probed p0.1653, wns=-0.128
  r28_congestion_wire_split       orig      on   min_period=  0.246 ns   probed p0.1653, wns=-0.081
  r28_congestion_wire_split       retimed   off  min_period=  0.288 ns   probed p0.1653, wns=-0.123
  r28_congestion_wire_split       directive off  min_period=  0.246 ns   probed p0.1653, wns=-0.081
  r29_wide_crossing               orig      off  min_period=  0.424 ns   probed p0.36, wns=-0.064
  r29_wide_crossing               orig      on   min_period=  0.298 ns   probed p0.18, wns=-0.118
  r29_wide_crossing               retimed   off  min_period=  0.485 ns   probed p0.36, wns=-0.125
  r29_wide_crossing               directive off  min_period=  0.424 ns   probed p0.36, wns=-0.064
  r30_fsm_decode_fanout           orig      off  min_period=  0.472 ns   probed p0.3, wns=-0.172
  r30_fsm_decode_fanout           orig      on   min_period=  0.476 ns   probed p0.3, wns=-0.176
  r30_fsm_decode_fanout           retimed   off  min_period=  0.468 ns   probed p0.3, wns=-0.168
  r30_fsm_decode_fanout           directive off  min_period=  0.472 ns   probed p0.3, wns=-0.172
  r31_clone_distinct_reset        orig      off  min_period=   0.37 ns   probed p0.3, wns=-0.07
  r31_clone_distinct_reset        orig      on   min_period=   0.25 ns   probed p0.15, wns=-0.1
  r31_clone_distinct_reset        retimed   off  min_period=  0.404 ns   probed p0.3, wns=-0.104
  r31_clone_distinct_reset        directive off  min_period=   0.37 ns   probed p0.3, wns=-0.07
  r32_backward_reset_preimage     orig      off  min_period=  0.344 ns   probed p0.3, wns=-0.044
  r32_backward_reset_preimage     orig      on   min_period=  0.311 ns   probed p0.3, wns=-0.011
  r32_backward_reset_preimage     retimed   off  min_period=  0.309 ns   probed p0.15, wns=-0.159
  r32_backward_reset_preimage     directive off  min_period=  0.344 ns   probed p0.3, wns=-0.044

wrote /home/esifferm/GitHub/retiming/results/fmax_v2.json
  floors measured: 112
=== [11:22] stage 2/3: stress sweep, all 28, post-route
  r02_reset_no_valid_init         STRESSED at p=0.1862
      orig      off WNS=    None TNS=      None viol=  None WL=      None
      orig      on  WNS=  -0.076 TNS=    -4.118 viol=  81.0 WL=  4809.805
      retimed   off WNS=   -0.24 TNS=    -4.578 viol=  24.0 WL=   4274.36
      directive off WNS=  -0.076 TNS=    -4.118 viol=  81.0 WL=  4809.805
  r03_async_reset_blocker         STRESSED at p=0.1841
      orig      off WNS=  -0.007 TNS=    -0.019 viol=   7.0 WL=  7135.095
      orig      on  WNS=  -0.071 TNS=    -3.084 viol=  62.0 WL=   5127.13
      retimed   off WNS=  -0.283 TNS=    -6.744 viol=  30.0 WL=  3864.005
      directive off WNS=  -0.071 TNS=    -3.084 viol=  62.0 WL=   5127.13
  r05_fsm_high_fanout             STRESSED at p=0.147
      orig      off WNS=  -0.194 TNS=    -5.857 viol=  66.0 WL= 11610.505
      orig      on  WNS=  -0.086 TNS=   -10.382 viol= 244.0 WL= 13226.885
      retimed   off WNS=  -0.118 TNS=    -9.057 viol= 125.0 WL=   12850.3
      directive off WNS=  -0.086 TNS=    -9.461 viol= 235.0 WL=  13183.77
  r06_fsm_high_fanin              STRESSED at p=0.3724
      orig      off WNS=  -0.125 TNS=    -1.111 viol=  11.0 WL=  24415.41
      orig      on  WNS=  -0.141 TNS=    -8.671 viol=  85.0 WL= 19380.015
      retimed   off WNS=  -0.119 TNS=    -0.776 viol=   8.0 WL=  21679.97
      directive off WNS=  -0.141 TNS=    -8.671 viol=  85.0 WL= 19380.015
  r08_fsm_output_decode           STRESSED at p=0.245
      orig      off WNS=  -0.452 TNS=    -4.017 viol=  21.0 WL=   5722.64
      orig      on  WNS=  -0.113 TNS=    -3.941 viol=  60.0 WL=    5767.7
      retimed   off WNS=  -0.209 TNS=    -5.991 viol=  32.0 WL=  5094.505
      directive off WNS=  -0.113 TNS=    -3.941 viol=  60.0 WL=    5767.7
  r16_dont_touch_conflict         STRESSED at p=0.217
      orig      off WNS=   -0.53 TNS=     -8.31 viol=  34.0 WL=   7593.46
      orig      on  WNS=  -0.099 TNS=     -4.75 viol=  84.0 WL=   6356.93
      retimed   off WNS=  -0.313 TNS=    -9.047 viol=  47.0 WL=  5910.665
      directive off WNS=  -0.099 TNS=     -4.75 viol=  84.0 WL=   6356.93
  r20_glitch_absorb               STRESSED at p=0.1603
      orig      off WNS=  -0.298 TNS=    -7.189 viol=  38.0 WL=  7870.755
      orig      on  WNS=  -0.081 TNS=    -4.015 viol=  90.0 WL=   6931.87
      retimed   off WNS=  -0.155 TNS=     -5.23 viol=  54.0 WL=   6826.13
      directive off WNS=  -0.076 TNS=    -3.861 viol=  97.0 WL=   6871.12
  r21_wire_pipeline_cross_die     STRESSED at p=0.1911
      orig      off WNS=  -0.276 TNS=   -30.618 viol= 141.0 WL= 17864.195
      orig      on  WNS=  -0.091 TNS=   -11.126 viol= 228.0 WL=  20847.56
      retimed   off WNS=  -0.132 TNS=   -16.385 viol= 196.0 WL=  19950.48
      directive off WNS=  -0.091 TNS=   -11.126 viol= 228.0 WL=  20847.56
  r22_fanout_wire_load            STRESSED at p=0.3598
      orig      off WNS=  -0.216 TNS=   -93.355 viol=1287.0 WL=327264.505
      orig      on  WNS=  -0.109 TNS=    -10.83 viol= 206.0 WL= 281703.53
      retimed   off WNS=  -0.108 TNS=   -24.665 viol= 854.0 WL=292908.625
      directive off WNS=  -0.054 TNS=    -2.158 viol= 212.0 WL= 274800.76
  r24_loop_bound_control          STRESSED at p=0.6335
      orig      off WNS=  -0.367 TNS=    -5.612 viol=  16.0 WL=  7214.965
      orig      on  WNS=   -0.36 TNS=   -10.314 viol=  31.0 WL=   6861.03
      retimed   off WNS=  -0.367 TNS=    -5.612 viol=  16.0 WL=  7214.965
      directive off WNS=   -0.36 TNS=   -10.314 viol=  31.0 WL=   6861.03
  r26_sdc_exception_invalidation  STRESSED at p=0.28
      orig      off WNS=  -0.696 TNS=   -12.218 viol=  35.0 WL=  6836.805
      orig      on  WNS=  -0.115 TNS=    -5.669 viol=  73.0 WL=   9068.41
      retimed   off WNS=  -0.629 TNS=   -17.067 viol=  32.0 WL=   8110.85
      directive off WNS=  -0.237 TNS=   -15.339 viol=  80.0 WL=  6559.385
  r28_congestion_wire_split       STRESSED at p=0.1722
      orig      off WNS=  -0.124 TNS=   -34.207 viol= 822.0 WL= 43195.095
      orig      on  WNS=   -0.06 TNS=   -13.906 viol= 742.0 WL=  45481.92
      retimed   off WNS=  -0.107 TNS=   -35.447 viol= 746.0 WL= 42269.185
      directive off WNS=   -0.06 TNS=   -13.906 viol= 742.0 WL=  45481.92
  r29_wide_crossing               STRESSED at p=0.2086
      orig      off WNS=  -0.338 TNS=  -535.006 viol=2830.0 WL=646147.735
      orig      on  WNS=  -0.111 TNS=  -810.098 viol=12379.0 WL=619346.305
      retimed   off WNS=    -0.5 TNS=  -735.657 viol=2827.0 WL= 840538.91
      directive off WNS=  -0.338 TNS=  -535.006 viol=2830.0 WL=646147.735
  r30_fsm_decode_fanout           STRESSED at p=0.3276
      orig      off WNS=  -0.121 TNS=   -115.52 viol=2036.0 WL= 513772.42
      orig      on  WNS=    None TNS=      None viol=  None WL=      None
      retimed   off WNS=  -0.122 TNS=  -110.783 viol=2014.0 WL=534666.685
      directive off WNS=  -0.121 TNS=   -115.52 viol=2036.0 WL= 513772.42
  r31_clone_distinct_reset        STRESSED at p=0.175
      orig      off WNS=  -0.132 TNS=   -55.125 viol= 796.0 WL= 23376.205
      orig      on  WNS=  -0.071 TNS=     -25.9 viol=1202.0 WL= 48038.765
      retimed   off WNS=  -0.055 TNS=    -6.995 viol= 493.0 WL=  23302.97
      directive off WNS=  -0.132 TNS=   -55.125 viol= 796.0 WL= 23376.205
  r32_backward_reset_preimage     STRESSED at p=0.2163
      orig      off WNS=  -0.116 TNS=     -41.6 viol= 798.0 WL=  68911.42
      orig      on  WNS=  -0.072 TNS=   -41.217 viol=1346.0 WL= 80246.475
      retimed   off WNS=  -0.078 TNS=   -34.134 viol= 811.0 WL=  69206.21
      directive off WNS=  -0.116 TNS=     -41.6 viol= 798.0 WL=  68911.42
  benchmarks stressed: 17 / 28
!!! [11:54] ABORT: only 17 benchmarks stressed
=== [12:04] push wrapped + serialised RTL
28
=== [12:04] stage 1/3: floors for all 28 (wrapper changed every design's timing)
  r24_loop_bound_control          retimed   off  min_period=  0.979 ns   probed p0.7854, wns=-0.194
  r24_loop_bound_control          directive off  min_period=  0.905 ns   probed p0.7854, wns=-0.12
  r26_sdc_exception_invalidation  orig      off  min_period=  1.039 ns   probed p0.4404, wns=-0.599
  r26_sdc_exception_invalidation  orig      on   min_period=    0.4 ns   probed p0.2202, wns=-0.18
  r26_sdc_exception_invalidation  retimed   off  min_period=  0.897 ns   probed p0.4404, wns=-0.457
  r26_sdc_exception_invalidation  directive off  min_period=   0.61 ns   probed p0.4404, wns=-0.17
  r27_exception_scope_probe       orig      off  min_period=  0.921 ns   probed p0.6522, wns=-0.269
  r27_exception_scope_probe       orig      on   min_period=  0.386 ns   probed p0.3261, wns=-0.06
  r27_exception_scope_probe       retimed   off  min_period=  0.898 ns   probed p0.6522, wns=-0.246
  r27_exception_scope_probe       directive off  min_period=  0.386 ns   probed p0.3261, wns=-0.06
  r28_congestion_wire_split       orig      off  min_period=  0.293 ns   probed p0.1653, wns=-0.128
  r28_congestion_wire_split       orig      on   min_period=  0.246 ns   probed p0.1653, wns=-0.081
  r28_congestion_wire_split       retimed   off  min_period=  0.288 ns   probed p0.1653, wns=-0.123
  r28_congestion_wire_split       directive off  min_period=  0.246 ns   probed p0.1653, wns=-0.081
  r29_wide_crossing               orig      off  min_period=  0.424 ns   probed p0.36, wns=-0.064
  r29_wide_crossing               orig      on   min_period=  0.298 ns   probed p0.18, wns=-0.118
  r29_wide_crossing               retimed   off  min_period=  0.485 ns   probed p0.36, wns=-0.125
  r29_wide_crossing               directive off  min_period=  0.424 ns   probed p0.36, wns=-0.064
  r30_fsm_decode_fanout           orig      off  min_period=  0.472 ns   probed p0.3, wns=-0.172
  r30_fsm_decode_fanout           orig      on   min_period=  0.476 ns   probed p0.3, wns=-0.176
  r30_fsm_decode_fanout           retimed   off  min_period=  0.468 ns   probed p0.3, wns=-0.168
  r30_fsm_decode_fanout           directive off  min_period=  0.472 ns   probed p0.3, wns=-0.172
  r31_clone_distinct_reset        orig      off  min_period=   0.37 ns   probed p0.3, wns=-0.07
  r31_clone_distinct_reset        orig      on   min_period=   0.25 ns   probed p0.15, wns=-0.1
  r31_clone_distinct_reset        retimed   off  min_period=  0.404 ns   probed p0.3, wns=-0.104
  r31_clone_distinct_reset        directive off  min_period=   0.37 ns   probed p0.3, wns=-0.07
  r32_backward_reset_preimage     orig      off  min_period=  0.344 ns   probed p0.3, wns=-0.044
  r32_backward_reset_preimage     orig      on   min_period=  0.311 ns   probed p0.3, wns=-0.011
  r32_backward_reset_preimage     retimed   off  min_period=  0.309 ns   probed p0.15, wns=-0.159
  r32_backward_reset_preimage     directive off  min_period=  0.344 ns   probed p0.3, wns=-0.044

wrote /home/esifferm/GitHub/retiming/results/fmax_v2.json
  floors measured: 112
=== [13:02] stage 2/3: stress sweep, all 28, post-route
17 benchmark(s) already stressed, 11 to do
total concurrent tool jobs capped at 16

  r04_init_only_no_reset          STRESSED at p=0.1771
      orig      off WNS=  -0.237 TNS=     -4.39 viol=  20.0 WL=  3508.745
      orig      on  WNS=  -0.074 TNS=     -2.12 viol=  53.0 WL=  3654.425
      retimed   off WNS=  -0.274 TNS=    -6.285 viol=  28.0 WL=  3712.895
      directive off WNS=  -0.074 TNS=     -2.12 viol=  53.0 WL=  3654.425
  r09_unbalanced_mult_pipe        STRESSED at p=0.203
      orig      off WNS=  -0.494 TNS=   -16.928 viol=  64.0 WL=   30663.9
      orig      on  WNS=  -0.109 TNS=    -14.36 viol= 264.0 WL= 31200.775
      retimed   off WNS=  -0.409 TNS=   -21.069 viol=  80.0 WL=  32343.76
      directive off WNS=  -0.109 TNS=    -14.36 viol= 264.0 WL= 31200.775
  r10_long_carry_chain            STRESSED at p=0.1673
      orig      off WNS=  -0.334 TNS=   -32.456 viol= 275.0 WL= 23001.825
      orig      on  WNS=  -0.103 TNS=   -28.583 viol= 488.0 WL=   24265.4
      retimed   off WNS=  -0.289 TNS=    -33.08 viol= 291.0 WL=  24685.97
      directive off WNS=  -0.103 TNS=   -28.583 viol= 488.0 WL=   24265.4
  r11_deep_retime_distance        STRESSED at p=0.5201
      orig      off WNS=  -2.951 TNS=   -88.432 viol=  44.0 WL=  40698.55
      orig      on  WNS=  -0.242 TNS=   -31.896 viol= 173.0 WL=  35873.39
      retimed   off WNS=  -0.511 TNS=   -54.756 viol= 127.0 WL=  43272.52
      directive off WNS=  -0.242 TNS=   -31.896 viol= 173.0 WL=  35873.39
  r12_wide_reduction_tree         STRESSED at p=0.1764
      orig      off WNS=  -0.378 TNS=    -2.539 viol=   7.0 WL=  7990.975
      orig      on  WNS=  -0.064 TNS=    -1.671 viol=  46.0 WL=   6403.88
      retimed   off WNS=  -0.195 TNS=    -4.549 viol=  27.0 WL=   7304.26
      directive off WNS=  -0.064 TNS=    -1.671 viol=  46.0 WL=   6403.88
  r13_retime_around_sram          STRESSED at p=0.1771
      orig      off WNS=  -0.186 TNS=    -49.16 viol= 869.0 WL= 33526.565
      orig      on  WNS=  -0.086 TNS=    -11.37 viol= 437.0 WL= 61238.645
      retimed   off WNS=  -0.305 TNS=   -94.892 viol= 762.0 WL=  38896.34
      directive off WNS=  -0.086 TNS=    -11.37 viol= 437.0 WL= 61238.645
  r15_hier_boundary_block         STRESSED at p=0.1946
      orig      off WNS=  -0.496 TNS=    -7.833 viol=  21.0 WL=  4783.295
      orig      on  WNS=  -0.094 TNS=    -3.815 viol=  64.0 WL=  3995.815
      retimed   off WNS=  -0.252 TNS=     -5.14 viol=  24.0 WL=    4975.4
      directive off WNS=  -0.094 TNS=    -3.815 viol=  64.0 WL=  3995.815
  r17_clock_enable_barrier        STRESSED at p=0.2107
      orig      off WNS=  -0.024 TNS=    -0.307 viol=  16.0 WL=  5427.405
      orig      on  WNS=  -0.089 TNS=    -2.577 viol=  68.0 WL=  5935.325
      retimed   off WNS=   -0.29 TNS=    -5.258 viol=  24.0 WL=  4616.945
      directive off WNS=  -0.089 TNS=    -2.577 viol=  68.0 WL=  5935.325
  r18_clock_gated_region          STRESSED at p=0.2275
      orig      off WNS=  -0.235 TNS=     -8.93 viol=  63.0 WL=   6250.36
      orig      on  WNS=  -0.106 TNS=    -3.224 viol=  60.0 WL=   5316.24
      retimed   off WNS=  -0.235 TNS=    -7.866 viol=  57.0 WL=   6222.65
      directive off WNS=  -0.106 TNS=    -3.224 viol=  60.0 WL=   5316.24
  r19_power_activity_retime       STRESSED at p=0.1827
      orig      off WNS=   -0.38 TNS=    -2.882 viol=  11.0 WL=   8416.76
      orig      on  WNS=  -0.088 TNS=    -4.661 viol=  96.0 WL=  7020.625
      retimed   off WNS=  -0.356 TNS=    -2.401 viol=   8.0 WL=  6984.505
      directive off WNS=  -0.096 TNS=    -5.725 viol=  92.0 WL=  7630.085
  r27_exception_scope_probe       STRESSED at p=0.2702
      orig      off WNS=  -0.424 TNS=   -16.095 viol=  55.0 WL=  10629.85
      orig      on  WNS=  -0.112 TNS=    -4.418 viol=  89.0 WL= 10784.655
      retimed   off WNS=  -0.422 TNS=   -14.684 viol=  57.0 WL=  9495.465
      directive off WNS=  -0.112 TNS=    -4.418 viol=  89.0 WL= 10784.655
  benchmarks stressed: 11 / 28
!!! [13:12] ABORT: only 11 benchmarks stressed
=== [13:24] push wrapped + serialised RTL
28
=== [13:24] stage 1/3: floors for all 28 (wrapper changed every design's timing)
  r24_loop_bound_control          retimed   off  min_period=  0.979 ns   probed p0.7854, wns=-0.194
  r24_loop_bound_control          directive off  min_period=  0.905 ns   probed p0.7854, wns=-0.12
  r26_sdc_exception_invalidation  orig      off  min_period=  1.039 ns   probed p0.4404, wns=-0.599
  r26_sdc_exception_invalidation  orig      on   min_period=    0.4 ns   probed p0.2202, wns=-0.18
  r26_sdc_exception_invalidation  retimed   off  min_period=  0.897 ns   probed p0.4404, wns=-0.457
  r26_sdc_exception_invalidation  directive off  min_period=   0.61 ns   probed p0.4404, wns=-0.17
  r27_exception_scope_probe       orig      off  min_period=  0.921 ns   probed p0.6522, wns=-0.269
  r27_exception_scope_probe       orig      on   min_period=  0.386 ns   probed p0.3261, wns=-0.06
  r27_exception_scope_probe       retimed   off  min_period=  0.898 ns   probed p0.6522, wns=-0.246
  r27_exception_scope_probe       directive off  min_period=  0.386 ns   probed p0.3261, wns=-0.06
  r28_congestion_wire_split       orig      off  min_period=  0.293 ns   probed p0.1653, wns=-0.128
  r28_congestion_wire_split       orig      on   min_period=  0.246 ns   probed p0.1653, wns=-0.081
  r28_congestion_wire_split       retimed   off  min_period=  0.288 ns   probed p0.1653, wns=-0.123
  r28_congestion_wire_split       directive off  min_period=  0.246 ns   probed p0.1653, wns=-0.081
  r29_wide_crossing               orig      off  min_period=  0.424 ns   probed p0.36, wns=-0.064
  r29_wide_crossing               orig      on   min_period=  0.298 ns   probed p0.18, wns=-0.118
  r29_wide_crossing               retimed   off  min_period=  0.485 ns   probed p0.36, wns=-0.125
  r29_wide_crossing               directive off  min_period=  0.424 ns   probed p0.36, wns=-0.064
  r30_fsm_decode_fanout           orig      off  min_period=  0.472 ns   probed p0.3, wns=-0.172
  r30_fsm_decode_fanout           orig      on   min_period=  0.476 ns   probed p0.3, wns=-0.176
  r30_fsm_decode_fanout           retimed   off  min_period=  0.468 ns   probed p0.3, wns=-0.168
  r30_fsm_decode_fanout           directive off  min_period=  0.472 ns   probed p0.3, wns=-0.172
  r31_clone_distinct_reset        orig      off  min_period=   0.37 ns   probed p0.3, wns=-0.07
  r31_clone_distinct_reset        orig      on   min_period=   0.25 ns   probed p0.15, wns=-0.1
  r31_clone_distinct_reset        retimed   off  min_period=  0.404 ns   probed p0.3, wns=-0.104
  r31_clone_distinct_reset        directive off  min_period=   0.37 ns   probed p0.3, wns=-0.07
  r32_backward_reset_preimage     orig      off  min_period=  0.344 ns   probed p0.3, wns=-0.044
  r32_backward_reset_preimage     orig      on   min_period=  0.311 ns   probed p0.3, wns=-0.011
  r32_backward_reset_preimage     retimed   off  min_period=  0.309 ns   probed p0.15, wns=-0.159
  r32_backward_reset_preimage     directive off  min_period=  0.344 ns   probed p0.3, wns=-0.044

wrote /home/esifferm/GitHub/retiming/results/fmax_v2.json
  floors measured: 112
=== [14:22] stage 2/3: stress sweep, all 28, post-route
  r02_reset_no_valid_init         STRESSED at p=0.1862
      orig      off WNS=    None TNS=      None viol=  None WL=      None
      orig      on  WNS=  -0.076 TNS=    -4.118 viol=  81.0 WL=  4809.805
      retimed   off WNS=   -0.24 TNS=    -4.578 viol=  24.0 WL=   4274.36
      directive off WNS=  -0.076 TNS=    -4.118 viol=  81.0 WL=  4809.805
  r03_async_reset_blocker         STRESSED at p=0.1841
      orig      off WNS=  -0.007 TNS=    -0.019 viol=   7.0 WL=  7135.095
      orig      on  WNS=  -0.071 TNS=    -3.084 viol=  62.0 WL=   5127.13
      retimed   off WNS=  -0.283 TNS=    -6.744 viol=  30.0 WL=  3864.005
      directive off WNS=  -0.071 TNS=    -3.084 viol=  62.0 WL=   5127.13
  r05_fsm_high_fanout             STRESSED at p=0.147
      orig      off WNS=  -0.194 TNS=    -5.857 viol=  66.0 WL= 11610.505
      orig      on  WNS=  -0.086 TNS=   -10.382 viol= 244.0 WL= 13226.885
      retimed   off WNS=  -0.118 TNS=    -9.057 viol= 125.0 WL=   12850.3
      directive off WNS=  -0.086 TNS=    -9.461 viol= 235.0 WL=  13183.77
  r06_fsm_high_fanin              STRESSED at p=0.3724
      orig      off WNS=  -0.125 TNS=    -1.111 viol=  11.0 WL=  24415.41
      orig      on  WNS=  -0.141 TNS=    -8.671 viol=  85.0 WL= 19380.015
      retimed   off WNS=  -0.119 TNS=    -0.776 viol=   8.0 WL=  21679.97
      directive off WNS=  -0.141 TNS=    -8.671 viol=  85.0 WL= 19380.015
  r08_fsm_output_decode           STRESSED at p=0.245
      orig      off WNS=  -0.452 TNS=    -4.017 viol=  21.0 WL=   5722.64
      orig      on  WNS=  -0.113 TNS=    -3.941 viol=  60.0 WL=    5767.7
      retimed   off WNS=  -0.209 TNS=    -5.991 viol=  32.0 WL=  5094.505
      directive off WNS=  -0.113 TNS=    -3.941 viol=  60.0 WL=    5767.7
  r16_dont_touch_conflict         STRESSED at p=0.217
      orig      off WNS=   -0.53 TNS=     -8.31 viol=  34.0 WL=   7593.46
      orig      on  WNS=  -0.099 TNS=     -4.75 viol=  84.0 WL=   6356.93
      retimed   off WNS=  -0.313 TNS=    -9.047 viol=  47.0 WL=  5910.665
      directive off WNS=  -0.099 TNS=     -4.75 viol=  84.0 WL=   6356.93
  r20_glitch_absorb               STRESSED at p=0.1603
      orig      off WNS=  -0.298 TNS=    -7.189 viol=  38.0 WL=  7870.755
      orig      on  WNS=  -0.081 TNS=    -4.015 viol=  90.0 WL=   6931.87
      retimed   off WNS=  -0.155 TNS=     -5.23 viol=  54.0 WL=   6826.13
      directive off WNS=  -0.076 TNS=    -3.861 viol=  97.0 WL=   6871.12
  r21_wire_pipeline_cross_die     STRESSED at p=0.1911
      orig      off WNS=  -0.276 TNS=   -30.618 viol= 141.0 WL= 17864.195
      orig      on  WNS=  -0.091 TNS=   -11.126 viol= 228.0 WL=  20847.56
      retimed   off WNS=  -0.132 TNS=   -16.385 viol= 196.0 WL=  19950.48
      directive off WNS=  -0.091 TNS=   -11.126 viol= 228.0 WL=  20847.56
  r22_fanout_wire_load            STRESSED at p=0.3598
      orig      off WNS=  -0.216 TNS=   -93.355 viol=1287.0 WL=327264.505
      orig      on  WNS=  -0.109 TNS=    -10.83 viol= 206.0 WL= 281703.53
      retimed   off WNS=  -0.108 TNS=   -24.665 viol= 854.0 WL=292908.625
      directive off WNS=  -0.054 TNS=    -2.158 viol= 212.0 WL= 274800.76
  r24_loop_bound_control          STRESSED at p=0.6335
      orig      off WNS=  -0.367 TNS=    -5.612 viol=  16.0 WL=  7214.965
      orig      on  WNS=   -0.36 TNS=   -10.314 viol=  31.0 WL=   6861.03
      retimed   off WNS=  -0.367 TNS=    -5.612 viol=  16.0 WL=  7214.965
      directive off WNS=   -0.36 TNS=   -10.314 viol=  31.0 WL=   6861.03
  r26_sdc_exception_invalidation  STRESSED at p=0.28
      orig      off WNS=  -0.696 TNS=   -12.218 viol=  35.0 WL=  6836.805
      orig      on  WNS=  -0.115 TNS=    -5.669 viol=  73.0 WL=   9068.41
      retimed   off WNS=  -0.629 TNS=   -17.067 viol=  32.0 WL=   8110.85
      directive off WNS=  -0.237 TNS=   -15.339 viol=  80.0 WL=  6559.385
  r28_congestion_wire_split       STRESSED at p=0.1722
      orig      off WNS=  -0.124 TNS=   -34.207 viol= 822.0 WL= 43195.095
      orig      on  WNS=   -0.06 TNS=   -13.906 viol= 742.0 WL=  45481.92
      retimed   off WNS=  -0.107 TNS=   -35.447 viol= 746.0 WL= 42269.185
      directive off WNS=   -0.06 TNS=   -13.906 viol= 742.0 WL=  45481.92
  r29_wide_crossing               STRESSED at p=0.2086
      orig      off WNS=  -0.338 TNS=  -535.006 viol=2830.0 WL=646147.735
      orig      on  WNS=  -0.111 TNS=  -810.098 viol=12379.0 WL=619346.305
      retimed   off WNS=    -0.5 TNS=  -735.657 viol=2827.0 WL= 840538.91
      directive off WNS=  -0.338 TNS=  -535.006 viol=2830.0 WL=646147.735
  r30_fsm_decode_fanout           STRESSED at p=0.3276
      orig      off WNS=  -0.121 TNS=   -115.52 viol=2036.0 WL= 513772.42
      orig      on  WNS=    None TNS=      None viol=  None WL=      None
      retimed   off WNS=  -0.122 TNS=  -110.783 viol=2014.0 WL=534666.685
      directive off WNS=  -0.121 TNS=   -115.52 viol=2036.0 WL= 513772.42
  r31_clone_distinct_reset        STRESSED at p=0.175
      orig      off WNS=  -0.132 TNS=   -55.125 viol= 796.0 WL= 23376.205
      orig      on  WNS=  -0.071 TNS=     -25.9 viol=1202.0 WL= 48038.765
      retimed   off WNS=  -0.055 TNS=    -6.995 viol= 493.0 WL=  23302.97
      directive off WNS=  -0.132 TNS=   -55.125 viol= 796.0 WL= 23376.205
  r32_backward_reset_preimage     STRESSED at p=0.2163
      orig      off WNS=  -0.116 TNS=     -41.6 viol= 798.0 WL=  68911.42
      orig      on  WNS=  -0.072 TNS=   -41.217 viol=1346.0 WL= 80246.475
      retimed   off WNS=  -0.078 TNS=   -34.134 viol= 811.0 WL=  69206.21
      directive off WNS=  -0.116 TNS=     -41.6 viol= 798.0 WL=  68911.42
  benchmarks stressed: 17 / 28
!!! [14:54] ABORT: only 17 benchmarks stressed
=== [15:04] push wrapped + serialised RTL
28
=== [15:04] stage 1/3: floors for all 28 (wrapper changed every design's timing)
  r24_loop_bound_control          retimed   off  min_period=  0.979 ns   probed p0.7854, wns=-0.194
  r24_loop_bound_control          directive off  min_period=  0.905 ns   probed p0.7854, wns=-0.12
  r26_sdc_exception_invalidation  orig      off  min_period=  1.039 ns   probed p0.4404, wns=-0.599
  r26_sdc_exception_invalidation  orig      on   min_period=    0.4 ns   probed p0.2202, wns=-0.18
  r26_sdc_exception_invalidation  retimed   off  min_period=  0.897 ns   probed p0.4404, wns=-0.457
  r26_sdc_exception_invalidation  directive off  min_period=   0.61 ns   probed p0.4404, wns=-0.17
  r27_exception_scope_probe       orig      off  min_period=  0.921 ns   probed p0.6522, wns=-0.269
  r27_exception_scope_probe       orig      on   min_period=  0.386 ns   probed p0.3261, wns=-0.06
  r27_exception_scope_probe       retimed   off  min_period=  0.898 ns   probed p0.6522, wns=-0.246
  r27_exception_scope_probe       directive off  min_period=  0.386 ns   probed p0.3261, wns=-0.06
  r28_congestion_wire_split       orig      off  min_period=  0.293 ns   probed p0.1653, wns=-0.128
  r28_congestion_wire_split       orig      on   min_period=  0.246 ns   probed p0.1653, wns=-0.081
  r28_congestion_wire_split       retimed   off  min_period=  0.288 ns   probed p0.1653, wns=-0.123
  r28_congestion_wire_split       directive off  min_period=  0.246 ns   probed p0.1653, wns=-0.081
  r29_wide_crossing               orig      off  min_period=  0.424 ns   probed p0.36, wns=-0.064
  r29_wide_crossing               orig      on   min_period=  0.298 ns   probed p0.18, wns=-0.118
  r29_wide_crossing               retimed   off  min_period=  0.485 ns   probed p0.36, wns=-0.125
  r29_wide_crossing               directive off  min_period=  0.424 ns   probed p0.36, wns=-0.064
  r30_fsm_decode_fanout           orig      off  min_period=  0.472 ns   probed p0.3, wns=-0.172
  r30_fsm_decode_fanout           orig      on   min_period=  0.476 ns   probed p0.3, wns=-0.176
  r30_fsm_decode_fanout           retimed   off  min_period=  0.468 ns   probed p0.3, wns=-0.168
  r30_fsm_decode_fanout           directive off  min_period=  0.472 ns   probed p0.3, wns=-0.172
  r31_clone_distinct_reset        orig      off  min_period=   0.37 ns   probed p0.3, wns=-0.07
  r31_clone_distinct_reset        orig      on   min_period=   0.25 ns   probed p0.15, wns=-0.1
  r31_clone_distinct_reset        retimed   off  min_period=  0.404 ns   probed p0.3, wns=-0.104
  r31_clone_distinct_reset        directive off  min_period=   0.37 ns   probed p0.3, wns=-0.07
  r32_backward_reset_preimage     orig      off  min_period=  0.344 ns   probed p0.3, wns=-0.044
  r32_backward_reset_preimage     orig      on   min_period=  0.311 ns   probed p0.3, wns=-0.011
  r32_backward_reset_preimage     retimed   off  min_period=  0.309 ns   probed p0.15, wns=-0.159
  r32_backward_reset_preimage     directive off  min_period=  0.344 ns   probed p0.3, wns=-0.044

wrote /home/esifferm/GitHub/retiming/results/fmax_v2.json
  floors measured: 112
=== [16:02] stage 2/3: stress sweep, all 28, post-route
17 benchmark(s) already stressed, 11 to do
total concurrent tool jobs capped at 16

  r04_init_only_no_reset          STRESSED at p=0.1771
      orig      off WNS=  -0.237 TNS=     -4.39 viol=  20.0 WL=  3508.745
      orig      on  WNS=  -0.074 TNS=     -2.12 viol=  53.0 WL=  3654.425
      retimed   off WNS=  -0.274 TNS=    -6.285 viol=  28.0 WL=  3712.895
      directive off WNS=  -0.074 TNS=     -2.12 viol=  53.0 WL=  3654.425
  r09_unbalanced_mult_pipe        STRESSED at p=0.203
      orig      off WNS=  -0.494 TNS=   -16.928 viol=  64.0 WL=   30663.9
      orig      on  WNS=  -0.109 TNS=    -14.36 viol= 264.0 WL= 31200.775
      retimed   off WNS=  -0.409 TNS=   -21.069 viol=  80.0 WL=  32343.76
      directive off WNS=  -0.109 TNS=    -14.36 viol= 264.0 WL= 31200.775
  r10_long_carry_chain            STRESSED at p=0.1673
      orig      off WNS=  -0.334 TNS=   -32.456 viol= 275.0 WL= 23001.825
      orig      on  WNS=  -0.103 TNS=   -28.583 viol= 488.0 WL=   24265.4
      retimed   off WNS=  -0.289 TNS=    -33.08 viol= 291.0 WL=  24685.97
      directive off WNS=  -0.103 TNS=   -28.583 viol= 488.0 WL=   24265.4
  r11_deep_retime_distance        STRESSED at p=0.5201
      orig      off WNS=  -2.951 TNS=   -88.432 viol=  44.0 WL=  40698.55
      orig      on  WNS=  -0.242 TNS=   -31.896 viol= 173.0 WL=  35873.39
      retimed   off WNS=  -0.511 TNS=   -54.756 viol= 127.0 WL=  43272.52
      directive off WNS=  -0.242 TNS=   -31.896 viol= 173.0 WL=  35873.39
  r12_wide_reduction_tree         STRESSED at p=0.1764
      orig      off WNS=  -0.378 TNS=    -2.539 viol=   7.0 WL=  7990.975
      orig      on  WNS=  -0.064 TNS=    -1.671 viol=  46.0 WL=   6403.88
      retimed   off WNS=  -0.195 TNS=    -4.549 viol=  27.0 WL=   7304.26
      directive off WNS=  -0.064 TNS=    -1.671 viol=  46.0 WL=   6403.88
  r13_retime_around_sram          STRESSED at p=0.1771
      orig      off WNS=  -0.186 TNS=    -49.16 viol= 869.0 WL= 33526.565
      orig      on  WNS=  -0.086 TNS=    -11.37 viol= 437.0 WL= 61238.645
      retimed   off WNS=  -0.305 TNS=   -94.892 viol= 762.0 WL=  38896.34
      directive off WNS=  -0.086 TNS=    -11.37 viol= 437.0 WL= 61238.645
  r15_hier_boundary_block         STRESSED at p=0.1946
      orig      off WNS=  -0.496 TNS=    -7.833 viol=  21.0 WL=  4783.295
      orig      on  WNS=  -0.094 TNS=    -3.815 viol=  64.0 WL=  3995.815
      retimed   off WNS=  -0.252 TNS=     -5.14 viol=  24.0 WL=    4975.4
      directive off WNS=  -0.094 TNS=    -3.815 viol=  64.0 WL=  3995.815
  r17_clock_enable_barrier        STRESSED at p=0.2107
      orig      off WNS=  -0.024 TNS=    -0.307 viol=  16.0 WL=  5427.405
      orig      on  WNS=  -0.089 TNS=    -2.577 viol=  68.0 WL=  5935.325
      retimed   off WNS=   -0.29 TNS=    -5.258 viol=  24.0 WL=  4616.945
      directive off WNS=  -0.089 TNS=    -2.577 viol=  68.0 WL=  5935.325
  r18_clock_gated_region          STRESSED at p=0.2275
      orig      off WNS=  -0.235 TNS=     -8.93 viol=  63.0 WL=   6250.36
      orig      on  WNS=  -0.106 TNS=    -3.224 viol=  60.0 WL=   5316.24
      retimed   off WNS=  -0.235 TNS=    -7.866 viol=  57.0 WL=   6222.65
      directive off WNS=  -0.106 TNS=    -3.224 viol=  60.0 WL=   5316.24
  r19_power_activity_retime       STRESSED at p=0.1827
      orig      off WNS=   -0.38 TNS=    -2.882 viol=  11.0 WL=   8416.76
      orig      on  WNS=  -0.088 TNS=    -4.661 viol=  96.0 WL=  7020.625
      retimed   off WNS=  -0.356 TNS=    -2.401 viol=   8.0 WL=  6984.505
      directive off WNS=  -0.096 TNS=    -5.725 viol=  92.0 WL=  7630.085
  r27_exception_scope_probe       STRESSED at p=0.2702
      orig      off WNS=  -0.424 TNS=   -16.095 viol=  55.0 WL=  10629.85
      orig      on  WNS=  -0.112 TNS=    -4.418 viol=  89.0 WL= 10784.655
      retimed   off WNS=  -0.422 TNS=   -14.684 viol=  57.0 WL=  9495.465
      directive off WNS=  -0.112 TNS=    -4.418 viol=  89.0 WL= 10784.655
  benchmarks stressed: 11 / 28
!!! [16:11] ABORT: only 11 benchmarks stressed
=== [16:24] push wrapped + serialised RTL
28
=== [16:24] stage 1/3: floors for all 28 (wrapper changed every design's timing)
  r24_loop_bound_control          retimed   off  min_period=  0.979 ns   probed p0.7854, wns=-0.194
  r24_loop_bound_control          directive off  min_period=  0.905 ns   probed p0.7854, wns=-0.12
  r26_sdc_exception_invalidation  orig      off  min_period=  1.039 ns   probed p0.4404, wns=-0.599
  r26_sdc_exception_invalidation  orig      on   min_period=    0.4 ns   probed p0.2202, wns=-0.18
  r26_sdc_exception_invalidation  retimed   off  min_period=  0.897 ns   probed p0.4404, wns=-0.457
  r26_sdc_exception_invalidation  directive off  min_period=   0.61 ns   probed p0.4404, wns=-0.17
  r27_exception_scope_probe       orig      off  min_period=  0.921 ns   probed p0.6522, wns=-0.269
  r27_exception_scope_probe       orig      on   min_period=  0.386 ns   probed p0.3261, wns=-0.06
  r27_exception_scope_probe       retimed   off  min_period=  0.898 ns   probed p0.6522, wns=-0.246
  r27_exception_scope_probe       directive off  min_period=  0.386 ns   probed p0.3261, wns=-0.06
  r28_congestion_wire_split       orig      off  min_period=  0.293 ns   probed p0.1653, wns=-0.128
  r28_congestion_wire_split       orig      on   min_period=  0.246 ns   probed p0.1653, wns=-0.081
  r28_congestion_wire_split       retimed   off  min_period=  0.288 ns   probed p0.1653, wns=-0.123
  r28_congestion_wire_split       directive off  min_period=  0.246 ns   probed p0.1653, wns=-0.081
  r29_wide_crossing               orig      off  min_period=  0.424 ns   probed p0.36, wns=-0.064
  r29_wide_crossing               orig      on   min_period=  0.298 ns   probed p0.18, wns=-0.118
  r29_wide_crossing               retimed   off  min_period=  0.485 ns   probed p0.36, wns=-0.125
  r29_wide_crossing               directive off  min_period=  0.424 ns   probed p0.36, wns=-0.064
  r30_fsm_decode_fanout           orig      off  min_period=  0.472 ns   probed p0.3, wns=-0.172
  r30_fsm_decode_fanout           orig      on   min_period=  0.476 ns   probed p0.3, wns=-0.176
  r30_fsm_decode_fanout           retimed   off  min_period=  0.468 ns   probed p0.3, wns=-0.168
  r30_fsm_decode_fanout           directive off  min_period=  0.472 ns   probed p0.3, wns=-0.172
  r31_clone_distinct_reset        orig      off  min_period=   0.37 ns   probed p0.3, wns=-0.07
  r31_clone_distinct_reset        orig      on   min_period=   0.25 ns   probed p0.15, wns=-0.1
  r31_clone_distinct_reset        retimed   off  min_period=  0.404 ns   probed p0.3, wns=-0.104
  r31_clone_distinct_reset        directive off  min_period=   0.37 ns   probed p0.3, wns=-0.07
  r32_backward_reset_preimage     orig      off  min_period=  0.344 ns   probed p0.3, wns=-0.044
  r32_backward_reset_preimage     orig      on   min_period=  0.311 ns   probed p0.3, wns=-0.011
  r32_backward_reset_preimage     retimed   off  min_period=  0.309 ns   probed p0.15, wns=-0.159
  r32_backward_reset_preimage     directive off  min_period=  0.344 ns   probed p0.3, wns=-0.044

wrote /home/esifferm/GitHub/retiming/results/fmax_v2.json
  floors measured: 112
=== [17:22] stage 2/3: stress sweep, all 28, post-route
  r02_reset_no_valid_init         STRESSED at p=0.1862
      orig      off WNS=    None TNS=      None viol=  None WL=      None
      orig      on  WNS=  -0.076 TNS=    -4.118 viol=  81.0 WL=  4809.805
      retimed   off WNS=   -0.24 TNS=    -4.578 viol=  24.0 WL=   4274.36
      directive off WNS=  -0.076 TNS=    -4.118 viol=  81.0 WL=  4809.805
  r03_async_reset_blocker         STRESSED at p=0.1841
      orig      off WNS=  -0.007 TNS=    -0.019 viol=   7.0 WL=  7135.095
      orig      on  WNS=  -0.071 TNS=    -3.084 viol=  62.0 WL=   5127.13
      retimed   off WNS=  -0.283 TNS=    -6.744 viol=  30.0 WL=  3864.005
      directive off WNS=  -0.071 TNS=    -3.084 viol=  62.0 WL=   5127.13
  r05_fsm_high_fanout             STRESSED at p=0.147
      orig      off WNS=  -0.194 TNS=    -5.857 viol=  66.0 WL= 11610.505
      orig      on  WNS=  -0.086 TNS=   -10.382 viol= 244.0 WL= 13226.885
      retimed   off WNS=  -0.118 TNS=    -9.057 viol= 125.0 WL=   12850.3
      directive off WNS=  -0.086 TNS=    -9.461 viol= 235.0 WL=  13183.77
  r06_fsm_high_fanin              STRESSED at p=0.3724
      orig      off WNS=  -0.125 TNS=    -1.111 viol=  11.0 WL=  24415.41
      orig      on  WNS=  -0.141 TNS=    -8.671 viol=  85.0 WL= 19380.015
      retimed   off WNS=  -0.119 TNS=    -0.776 viol=   8.0 WL=  21679.97
      directive off WNS=  -0.141 TNS=    -8.671 viol=  85.0 WL= 19380.015
  r08_fsm_output_decode           STRESSED at p=0.245
      orig      off WNS=  -0.452 TNS=    -4.017 viol=  21.0 WL=   5722.64
      orig      on  WNS=  -0.113 TNS=    -3.941 viol=  60.0 WL=    5767.7
      retimed   off WNS=  -0.209 TNS=    -5.991 viol=  32.0 WL=  5094.505
      directive off WNS=  -0.113 TNS=    -3.941 viol=  60.0 WL=    5767.7
  r16_dont_touch_conflict         STRESSED at p=0.217
      orig      off WNS=   -0.53 TNS=     -8.31 viol=  34.0 WL=   7593.46
      orig      on  WNS=  -0.099 TNS=     -4.75 viol=  84.0 WL=   6356.93
      retimed   off WNS=  -0.313 TNS=    -9.047 viol=  47.0 WL=  5910.665
      directive off WNS=  -0.099 TNS=     -4.75 viol=  84.0 WL=   6356.93
  r20_glitch_absorb               STRESSED at p=0.1603
      orig      off WNS=  -0.298 TNS=    -7.189 viol=  38.0 WL=  7870.755
      orig      on  WNS=  -0.081 TNS=    -4.015 viol=  90.0 WL=   6931.87
      retimed   off WNS=  -0.155 TNS=     -5.23 viol=  54.0 WL=   6826.13
      directive off WNS=  -0.076 TNS=    -3.861 viol=  97.0 WL=   6871.12
  r21_wire_pipeline_cross_die     STRESSED at p=0.1911
      orig      off WNS=  -0.276 TNS=   -30.618 viol= 141.0 WL= 17864.195
      orig      on  WNS=  -0.091 TNS=   -11.126 viol= 228.0 WL=  20847.56
      retimed   off WNS=  -0.132 TNS=   -16.385 viol= 196.0 WL=  19950.48
      directive off WNS=  -0.091 TNS=   -11.126 viol= 228.0 WL=  20847.56
  r22_fanout_wire_load            STRESSED at p=0.3598
      orig      off WNS=  -0.216 TNS=   -93.355 viol=1287.0 WL=327264.505
      orig      on  WNS=  -0.109 TNS=    -10.83 viol= 206.0 WL= 281703.53
      retimed   off WNS=  -0.108 TNS=   -24.665 viol= 854.0 WL=292908.625
      directive off WNS=  -0.054 TNS=    -2.158 viol= 212.0 WL= 274800.76
  r24_loop_bound_control          STRESSED at p=0.6335
      orig      off WNS=  -0.367 TNS=    -5.612 viol=  16.0 WL=  7214.965
      orig      on  WNS=   -0.36 TNS=   -10.314 viol=  31.0 WL=   6861.03
      retimed   off WNS=  -0.367 TNS=    -5.612 viol=  16.0 WL=  7214.965
      directive off WNS=   -0.36 TNS=   -10.314 viol=  31.0 WL=   6861.03
  r26_sdc_exception_invalidation  STRESSED at p=0.28
      orig      off WNS=  -0.696 TNS=   -12.218 viol=  35.0 WL=  6836.805
      orig      on  WNS=  -0.115 TNS=    -5.669 viol=  73.0 WL=   9068.41
      retimed   off WNS=  -0.629 TNS=   -17.067 viol=  32.0 WL=   8110.85
      directive off WNS=  -0.237 TNS=   -15.339 viol=  80.0 WL=  6559.385
  r28_congestion_wire_split       STRESSED at p=0.1722
      orig      off WNS=  -0.124 TNS=   -34.207 viol= 822.0 WL= 43195.095
      orig      on  WNS=   -0.06 TNS=   -13.906 viol= 742.0 WL=  45481.92
      retimed   off WNS=  -0.107 TNS=   -35.447 viol= 746.0 WL= 42269.185
      directive off WNS=   -0.06 TNS=   -13.906 viol= 742.0 WL=  45481.92
  r29_wide_crossing               STRESSED at p=0.2086
      orig      off WNS=  -0.338 TNS=  -535.006 viol=2830.0 WL=646147.735
      orig      on  WNS=  -0.111 TNS=  -810.098 viol=12379.0 WL=619346.305
      retimed   off WNS=    -0.5 TNS=  -735.657 viol=2827.0 WL= 840538.91
      directive off WNS=  -0.338 TNS=  -535.006 viol=2830.0 WL=646147.735
  r30_fsm_decode_fanout           STRESSED at p=0.3276
      orig      off WNS=  -0.121 TNS=   -115.52 viol=2036.0 WL= 513772.42
      orig      on  WNS=    None TNS=      None viol=  None WL=      None
      retimed   off WNS=  -0.122 TNS=  -110.783 viol=2014.0 WL=534666.685
      directive off WNS=  -0.121 TNS=   -115.52 viol=2036.0 WL= 513772.42
  r31_clone_distinct_reset        STRESSED at p=0.175
      orig      off WNS=  -0.132 TNS=   -55.125 viol= 796.0 WL= 23376.205
      orig      on  WNS=  -0.071 TNS=     -25.9 viol=1202.0 WL= 48038.765
      retimed   off WNS=  -0.055 TNS=    -6.995 viol= 493.0 WL=  23302.97
      directive off WNS=  -0.132 TNS=   -55.125 viol= 796.0 WL= 23376.205
  r32_backward_reset_preimage     STRESSED at p=0.2163
      orig      off WNS=  -0.116 TNS=     -41.6 viol= 798.0 WL=  68911.42
      orig      on  WNS=  -0.072 TNS=   -41.217 viol=1346.0 WL= 80246.475
      retimed   off WNS=  -0.078 TNS=   -34.134 viol= 811.0 WL=  69206.21
      directive off WNS=  -0.116 TNS=     -41.6 viol= 798.0 WL=  68911.42
  benchmarks stressed: 17 / 28
!!! [17:53] ABORT: only 17 benchmarks stressed
=== [18:04] push wrapped + serialised RTL
28
=== [18:04] stage 1/3: floors for all 28 (wrapper changed every design's timing)
  r24_loop_bound_control          retimed   off  min_period=  0.979 ns   probed p0.7854, wns=-0.194
  r24_loop_bound_control          directive off  min_period=  0.905 ns   probed p0.7854, wns=-0.12
  r26_sdc_exception_invalidation  orig      off  min_period=  1.039 ns   probed p0.4404, wns=-0.599
  r26_sdc_exception_invalidation  orig      on   min_period=    0.4 ns   probed p0.2202, wns=-0.18
  r26_sdc_exception_invalidation  retimed   off  min_period=  0.897 ns   probed p0.4404, wns=-0.457
  r26_sdc_exception_invalidation  directive off  min_period=   0.61 ns   probed p0.4404, wns=-0.17
  r27_exception_scope_probe       orig      off  min_period=  0.921 ns   probed p0.6522, wns=-0.269
  r27_exception_scope_probe       orig      on   min_period=  0.386 ns   probed p0.3261, wns=-0.06
  r27_exception_scope_probe       retimed   off  min_period=  0.898 ns   probed p0.6522, wns=-0.246
  r27_exception_scope_probe       directive off  min_period=  0.386 ns   probed p0.3261, wns=-0.06
  r28_congestion_wire_split       orig      off  min_period=  0.293 ns   probed p0.1653, wns=-0.128
  r28_congestion_wire_split       orig      on   min_period=  0.246 ns   probed p0.1653, wns=-0.081
  r28_congestion_wire_split       retimed   off  min_period=  0.288 ns   probed p0.1653, wns=-0.123
  r28_congestion_wire_split       directive off  min_period=  0.246 ns   probed p0.1653, wns=-0.081
  r29_wide_crossing               orig      off  min_period=  0.424 ns   probed p0.36, wns=-0.064
  r29_wide_crossing               orig      on   min_period=  0.298 ns   probed p0.18, wns=-0.118
  r29_wide_crossing               retimed   off  min_period=  0.485 ns   probed p0.36, wns=-0.125
  r29_wide_crossing               directive off  min_period=  0.424 ns   probed p0.36, wns=-0.064
  r30_fsm_decode_fanout           orig      off  min_period=  0.472 ns   probed p0.3, wns=-0.172
  r30_fsm_decode_fanout           orig      on   min_period=  0.476 ns   probed p0.3, wns=-0.176
  r30_fsm_decode_fanout           retimed   off  min_period=  0.468 ns   probed p0.3, wns=-0.168
  r30_fsm_decode_fanout           directive off  min_period=  0.472 ns   probed p0.3, wns=-0.172
  r31_clone_distinct_reset        orig      off  min_period=   0.37 ns   probed p0.3, wns=-0.07
  r31_clone_distinct_reset        orig      on   min_period=   0.25 ns   probed p0.15, wns=-0.1
  r31_clone_distinct_reset        retimed   off  min_period=  0.404 ns   probed p0.3, wns=-0.104
  r31_clone_distinct_reset        directive off  min_period=   0.37 ns   probed p0.3, wns=-0.07
  r32_backward_reset_preimage     orig      off  min_period=  0.344 ns   probed p0.3, wns=-0.044
  r32_backward_reset_preimage     orig      on   min_period=  0.311 ns   probed p0.3, wns=-0.011
  r32_backward_reset_preimage     retimed   off  min_period=  0.309 ns   probed p0.15, wns=-0.159
  r32_backward_reset_preimage     directive off  min_period=  0.344 ns   probed p0.3, wns=-0.044

wrote /home/esifferm/GitHub/retiming/results/fmax_v2.json
  floors measured: 112
=== [19:02] stage 2/3: stress sweep, all 28, post-route
17 benchmark(s) already stressed, 11 to do
total concurrent tool jobs capped at 16

  r04_init_only_no_reset          STRESSED at p=0.1771
      orig      off WNS=  -0.237 TNS=     -4.39 viol=  20.0 WL=  3508.745
      orig      on  WNS=  -0.074 TNS=     -2.12 viol=  53.0 WL=  3654.425
      retimed   off WNS=  -0.274 TNS=    -6.285 viol=  28.0 WL=  3712.895
      directive off WNS=  -0.074 TNS=     -2.12 viol=  53.0 WL=  3654.425
  r09_unbalanced_mult_pipe        STRESSED at p=0.203
      orig      off WNS=  -0.494 TNS=   -16.928 viol=  64.0 WL=   30663.9
      orig      on  WNS=  -0.109 TNS=    -14.36 viol= 264.0 WL= 31200.775
      retimed   off WNS=  -0.409 TNS=   -21.069 viol=  80.0 WL=  32343.76
      directive off WNS=  -0.109 TNS=    -14.36 viol= 264.0 WL= 31200.775
  r10_long_carry_chain            STRESSED at p=0.1673
      orig      off WNS=  -0.334 TNS=   -32.456 viol= 275.0 WL= 23001.825
      orig      on  WNS=  -0.103 TNS=   -28.583 viol= 488.0 WL=   24265.4
      retimed   off WNS=  -0.289 TNS=    -33.08 viol= 291.0 WL=  24685.97
      directive off WNS=  -0.103 TNS=   -28.583 viol= 488.0 WL=   24265.4
  r11_deep_retime_distance        STRESSED at p=0.5201
      orig      off WNS=  -2.951 TNS=   -88.432 viol=  44.0 WL=  40698.55
      orig      on  WNS=  -0.242 TNS=   -31.896 viol= 173.0 WL=  35873.39
      retimed   off WNS=  -0.511 TNS=   -54.756 viol= 127.0 WL=  43272.52
      directive off WNS=  -0.242 TNS=   -31.896 viol= 173.0 WL=  35873.39
  r12_wide_reduction_tree         STRESSED at p=0.1764
      orig      off WNS=  -0.378 TNS=    -2.539 viol=   7.0 WL=  7990.975
      orig      on  WNS=  -0.064 TNS=    -1.671 viol=  46.0 WL=   6403.88
      retimed   off WNS=  -0.195 TNS=    -4.549 viol=  27.0 WL=   7304.26
      directive off WNS=  -0.064 TNS=    -1.671 viol=  46.0 WL=   6403.88
  r13_retime_around_sram          STRESSED at p=0.1771
      orig      off WNS=  -0.186 TNS=    -49.16 viol= 869.0 WL= 33526.565
      orig      on  WNS=  -0.086 TNS=    -11.37 viol= 437.0 WL= 61238.645
      retimed   off WNS=  -0.305 TNS=   -94.892 viol= 762.0 WL=  38896.34
      directive off WNS=  -0.086 TNS=    -11.37 viol= 437.0 WL= 61238.645
  r15_hier_boundary_block         STRESSED at p=0.1946
      orig      off WNS=  -0.496 TNS=    -7.833 viol=  21.0 WL=  4783.295
      orig      on  WNS=  -0.094 TNS=    -3.815 viol=  64.0 WL=  3995.815
      retimed   off WNS=  -0.252 TNS=     -5.14 viol=  24.0 WL=    4975.4
      directive off WNS=  -0.094 TNS=    -3.815 viol=  64.0 WL=  3995.815
  r17_clock_enable_barrier        STRESSED at p=0.2107
      orig      off WNS=  -0.024 TNS=    -0.307 viol=  16.0 WL=  5427.405
      orig      on  WNS=  -0.089 TNS=    -2.577 viol=  68.0 WL=  5935.325
      retimed   off WNS=   -0.29 TNS=    -5.258 viol=  24.0 WL=  4616.945
      directive off WNS=  -0.089 TNS=    -2.577 viol=  68.0 WL=  5935.325
  r18_clock_gated_region          STRESSED at p=0.2275
      orig      off WNS=  -0.235 TNS=     -8.93 viol=  63.0 WL=   6250.36
      orig      on  WNS=  -0.106 TNS=    -3.224 viol=  60.0 WL=   5316.24
      retimed   off WNS=  -0.235 TNS=    -7.866 viol=  57.0 WL=   6222.65
      directive off WNS=  -0.106 TNS=    -3.224 viol=  60.0 WL=   5316.24
  r19_power_activity_retime       STRESSED at p=0.1827
      orig      off WNS=   -0.38 TNS=    -2.882 viol=  11.0 WL=   8416.76
      orig      on  WNS=  -0.088 TNS=    -4.661 viol=  96.0 WL=  7020.625
      retimed   off WNS=  -0.356 TNS=    -2.401 viol=   8.0 WL=  6984.505
      directive off WNS=  -0.096 TNS=    -5.725 viol=  92.0 WL=  7630.085
  r27_exception_scope_probe       STRESSED at p=0.2702
      orig      off WNS=  -0.424 TNS=   -16.095 viol=  55.0 WL=  10629.85
      orig      on  WNS=  -0.112 TNS=    -4.418 viol=  89.0 WL= 10784.655
      retimed   off WNS=  -0.422 TNS=   -14.684 viol=  57.0 WL=  9495.465
      directive off WNS=  -0.112 TNS=    -4.418 viol=  89.0 WL= 10784.655
  benchmarks stressed: 11 / 28
!!! [19:11] ABORT: only 11 benchmarks stressed
=== [19:25] push wrapped + serialised RTL
28
=== [19:25] stage 1/3: floors for all 28 (wrapper changed every design's timing)
  r24_loop_bound_control          retimed   off  min_period=  0.979 ns   probed p0.7854, wns=-0.194
  r24_loop_bound_control          directive off  min_period=  0.905 ns   probed p0.7854, wns=-0.12
  r26_sdc_exception_invalidation  orig      off  min_period=  1.039 ns   probed p0.4404, wns=-0.599
  r26_sdc_exception_invalidation  orig      on   min_period=    0.4 ns   probed p0.2202, wns=-0.18
  r26_sdc_exception_invalidation  retimed   off  min_period=  0.897 ns   probed p0.4404, wns=-0.457
  r26_sdc_exception_invalidation  directive off  min_period=   0.61 ns   probed p0.4404, wns=-0.17
  r27_exception_scope_probe       orig      off  min_period=  0.921 ns   probed p0.6522, wns=-0.269
  r27_exception_scope_probe       orig      on   min_period=  0.386 ns   probed p0.3261, wns=-0.06
  r27_exception_scope_probe       retimed   off  min_period=  0.898 ns   probed p0.6522, wns=-0.246
  r27_exception_scope_probe       directive off  min_period=  0.386 ns   probed p0.3261, wns=-0.06
  r28_congestion_wire_split       orig      off  min_period=  0.293 ns   probed p0.1653, wns=-0.128
  r28_congestion_wire_split       orig      on   min_period=  0.246 ns   probed p0.1653, wns=-0.081
  r28_congestion_wire_split       retimed   off  min_period=  0.288 ns   probed p0.1653, wns=-0.123
  r28_congestion_wire_split       directive off  min_period=  0.246 ns   probed p0.1653, wns=-0.081
  r29_wide_crossing               orig      off  min_period=  0.424 ns   probed p0.36, wns=-0.064
  r29_wide_crossing               orig      on   min_period=  0.298 ns   probed p0.18, wns=-0.118
  r29_wide_crossing               retimed   off  min_period=  0.485 ns   probed p0.36, wns=-0.125
  r29_wide_crossing               directive off  min_period=  0.424 ns   probed p0.36, wns=-0.064
  r30_fsm_decode_fanout           orig      off  min_period=  0.472 ns   probed p0.3, wns=-0.172
  r30_fsm_decode_fanout           orig      on   min_period=  0.476 ns   probed p0.3, wns=-0.176
  r30_fsm_decode_fanout           retimed   off  min_period=  0.468 ns   probed p0.3, wns=-0.168
  r30_fsm_decode_fanout           directive off  min_period=  0.472 ns   probed p0.3, wns=-0.172
  r31_clone_distinct_reset        orig      off  min_period=   0.37 ns   probed p0.3, wns=-0.07
  r31_clone_distinct_reset        orig      on   min_period=   0.25 ns   probed p0.15, wns=-0.1
  r31_clone_distinct_reset        retimed   off  min_period=  0.404 ns   probed p0.3, wns=-0.104
  r31_clone_distinct_reset        directive off  min_period=   0.37 ns   probed p0.3, wns=-0.07
  r32_backward_reset_preimage     orig      off  min_period=  0.344 ns   probed p0.3, wns=-0.044
  r32_backward_reset_preimage     orig      on   min_period=  0.311 ns   probed p0.3, wns=-0.011
  r32_backward_reset_preimage     retimed   off  min_period=  0.309 ns   probed p0.15, wns=-0.159
  r32_backward_reset_preimage     directive off  min_period=  0.344 ns   probed p0.3, wns=-0.044

wrote /home/esifferm/GitHub/retiming/results/fmax_v2.json
  floors measured: 112
=== [20:24] stage 2/3: stress sweep, all 28, post-route
  r02_reset_no_valid_init         STRESSED at p=0.1862
      orig      off WNS=    None TNS=      None viol=  None WL=      None
      orig      on  WNS=  -0.076 TNS=    -4.118 viol=  81.0 WL=  4809.805
      retimed   off WNS=   -0.24 TNS=    -4.578 viol=  24.0 WL=   4274.36
      directive off WNS=  -0.076 TNS=    -4.118 viol=  81.0 WL=  4809.805
  r03_async_reset_blocker         STRESSED at p=0.1841
      orig      off WNS=  -0.007 TNS=    -0.019 viol=   7.0 WL=  7135.095
      orig      on  WNS=  -0.071 TNS=    -3.084 viol=  62.0 WL=   5127.13
      retimed   off WNS=  -0.283 TNS=    -6.744 viol=  30.0 WL=  3864.005
      directive off WNS=  -0.071 TNS=    -3.084 viol=  62.0 WL=   5127.13
  r05_fsm_high_fanout             STRESSED at p=0.147
      orig      off WNS=  -0.194 TNS=    -5.857 viol=  66.0 WL= 11610.505
      orig      on  WNS=  -0.086 TNS=   -10.382 viol= 244.0 WL= 13226.885
      retimed   off WNS=  -0.118 TNS=    -9.057 viol= 125.0 WL=   12850.3
      directive off WNS=  -0.086 TNS=    -9.461 viol= 235.0 WL=  13183.77
  r06_fsm_high_fanin              STRESSED at p=0.3724
      orig      off WNS=  -0.125 TNS=    -1.111 viol=  11.0 WL=  24415.41
      orig      on  WNS=  -0.141 TNS=    -8.671 viol=  85.0 WL= 19380.015
      retimed   off WNS=  -0.119 TNS=    -0.776 viol=   8.0 WL=  21679.97
      directive off WNS=  -0.141 TNS=    -8.671 viol=  85.0 WL= 19380.015
  r08_fsm_output_decode           STRESSED at p=0.245
      orig      off WNS=  -0.452 TNS=    -4.017 viol=  21.0 WL=   5722.64
      orig      on  WNS=  -0.113 TNS=    -3.941 viol=  60.0 WL=    5767.7
      retimed   off WNS=  -0.209 TNS=    -5.991 viol=  32.0 WL=  5094.505
      directive off WNS=  -0.113 TNS=    -3.941 viol=  60.0 WL=    5767.7
  r16_dont_touch_conflict         STRESSED at p=0.217
      orig      off WNS=   -0.53 TNS=     -8.31 viol=  34.0 WL=   7593.46
      orig      on  WNS=  -0.099 TNS=     -4.75 viol=  84.0 WL=   6356.93
      retimed   off WNS=  -0.313 TNS=    -9.047 viol=  47.0 WL=  5910.665
      directive off WNS=  -0.099 TNS=     -4.75 viol=  84.0 WL=   6356.93
  r20_glitch_absorb               STRESSED at p=0.1603
      orig      off WNS=  -0.298 TNS=    -7.189 viol=  38.0 WL=  7870.755
      orig      on  WNS=  -0.081 TNS=    -4.015 viol=  90.0 WL=   6931.87
      retimed   off WNS=  -0.155 TNS=     -5.23 viol=  54.0 WL=   6826.13
      directive off WNS=  -0.076 TNS=    -3.861 viol=  97.0 WL=   6871.12
  r21_wire_pipeline_cross_die     STRESSED at p=0.1911
      orig      off WNS=  -0.276 TNS=   -30.618 viol= 141.0 WL= 17864.195
      orig      on  WNS=  -0.091 TNS=   -11.126 viol= 228.0 WL=  20847.56
      retimed   off WNS=  -0.132 TNS=   -16.385 viol= 196.0 WL=  19950.48
      directive off WNS=  -0.091 TNS=   -11.126 viol= 228.0 WL=  20847.56
  r22_fanout_wire_load            STRESSED at p=0.3598
      orig      off WNS=  -0.216 TNS=   -93.355 viol=1287.0 WL=327264.505
      orig      on  WNS=  -0.109 TNS=    -10.83 viol= 206.0 WL= 281703.53
      retimed   off WNS=  -0.108 TNS=   -24.665 viol= 854.0 WL=292908.625
      directive off WNS=  -0.054 TNS=    -2.158 viol= 212.0 WL= 274800.76
  r24_loop_bound_control          STRESSED at p=0.6335
      orig      off WNS=  -0.367 TNS=    -5.612 viol=  16.0 WL=  7214.965
      orig      on  WNS=   -0.36 TNS=   -10.314 viol=  31.0 WL=   6861.03
      retimed   off WNS=  -0.367 TNS=    -5.612 viol=  16.0 WL=  7214.965
      directive off WNS=   -0.36 TNS=   -10.314 viol=  31.0 WL=   6861.03
  r26_sdc_exception_invalidation  STRESSED at p=0.28
      orig      off WNS=  -0.696 TNS=   -12.218 viol=  35.0 WL=  6836.805
      orig      on  WNS=  -0.115 TNS=    -5.669 viol=  73.0 WL=   9068.41
      retimed   off WNS=  -0.629 TNS=   -17.067 viol=  32.0 WL=   8110.85
      directive off WNS=  -0.237 TNS=   -15.339 viol=  80.0 WL=  6559.385
  r28_congestion_wire_split       STRESSED at p=0.1722
      orig      off WNS=  -0.124 TNS=   -34.207 viol= 822.0 WL= 43195.095
      orig      on  WNS=   -0.06 TNS=   -13.906 viol= 742.0 WL=  45481.92
      retimed   off WNS=  -0.107 TNS=   -35.447 viol= 746.0 WL= 42269.185
      directive off WNS=   -0.06 TNS=   -13.906 viol= 742.0 WL=  45481.92
  r29_wide_crossing               STRESSED at p=0.2086
      orig      off WNS=  -0.338 TNS=  -535.006 viol=2830.0 WL=646147.735
      orig      on  WNS=  -0.111 TNS=  -810.098 viol=12379.0 WL=619346.305
      retimed   off WNS=    -0.5 TNS=  -735.657 viol=2827.0 WL= 840538.91
      directive off WNS=  -0.338 TNS=  -535.006 viol=2830.0 WL=646147.735
  r30_fsm_decode_fanout           STRESSED at p=0.3276
      orig      off WNS=  -0.121 TNS=   -115.52 viol=2036.0 WL= 513772.42
      orig      on  WNS=    None TNS=      None viol=  None WL=      None
      retimed   off WNS=  -0.122 TNS=  -110.783 viol=2014.0 WL=534666.685
      directive off WNS=  -0.121 TNS=   -115.52 viol=2036.0 WL= 513772.42
  r31_clone_distinct_reset        STRESSED at p=0.175
      orig      off WNS=  -0.132 TNS=   -55.125 viol= 796.0 WL= 23376.205
      orig      on  WNS=  -0.071 TNS=     -25.9 viol=1202.0 WL= 48038.765
      retimed   off WNS=  -0.055 TNS=    -6.995 viol= 493.0 WL=  23302.97
      directive off WNS=  -0.132 TNS=   -55.125 viol= 796.0 WL= 23376.205
  r32_backward_reset_preimage     STRESSED at p=0.2163
      orig      off WNS=  -0.116 TNS=     -41.6 viol= 798.0 WL=  68911.42
      orig      on  WNS=  -0.072 TNS=   -41.217 viol=1346.0 WL= 80246.475
      retimed   off WNS=  -0.078 TNS=   -34.134 viol= 811.0 WL=  69206.21
      directive off WNS=  -0.116 TNS=     -41.6 viol= 798.0 WL=  68911.42
  benchmarks stressed: 17 / 28
!!! [20:56] ABORT: only 17 benchmarks stressed
=== [21:05] push wrapped + serialised RTL
28
=== [21:05] stage 1/3: floors for all 28 (wrapper changed every design's timing)
  r24_loop_bound_control          retimed   off  min_period=  0.979 ns   probed p0.7854, wns=-0.194
  r24_loop_bound_control          directive off  min_period=  0.905 ns   probed p0.7854, wns=-0.12
  r26_sdc_exception_invalidation  orig      off  min_period=  1.039 ns   probed p0.4404, wns=-0.599
  r26_sdc_exception_invalidation  orig      on   min_period=    0.4 ns   probed p0.2202, wns=-0.18
  r26_sdc_exception_invalidation  retimed   off  min_period=  0.897 ns   probed p0.4404, wns=-0.457
  r26_sdc_exception_invalidation  directive off  min_period=   0.61 ns   probed p0.4404, wns=-0.17
  r27_exception_scope_probe       orig      off  min_period=  0.921 ns   probed p0.6522, wns=-0.269
  r27_exception_scope_probe       orig      on   min_period=  0.386 ns   probed p0.3261, wns=-0.06
  r27_exception_scope_probe       retimed   off  min_period=  0.898 ns   probed p0.6522, wns=-0.246
  r27_exception_scope_probe       directive off  min_period=  0.386 ns   probed p0.3261, wns=-0.06
  r28_congestion_wire_split       orig      off  min_period=  0.293 ns   probed p0.1653, wns=-0.128
  r28_congestion_wire_split       orig      on   min_period=  0.246 ns   probed p0.1653, wns=-0.081
  r28_congestion_wire_split       retimed   off  min_period=  0.288 ns   probed p0.1653, wns=-0.123
  r28_congestion_wire_split       directive off  min_period=  0.246 ns   probed p0.1653, wns=-0.081
  r29_wide_crossing               orig      off  min_period=  0.424 ns   probed p0.36, wns=-0.064
  r29_wide_crossing               orig      on   min_period=  0.298 ns   probed p0.18, wns=-0.118
  r29_wide_crossing               retimed   off  min_period=  0.485 ns   probed p0.36, wns=-0.125
  r29_wide_crossing               directive off  min_period=  0.424 ns   probed p0.36, wns=-0.064
  r30_fsm_decode_fanout           orig      off  min_period=  0.472 ns   probed p0.3, wns=-0.172
  r30_fsm_decode_fanout           orig      on   min_period=  0.476 ns   probed p0.3, wns=-0.176
  r30_fsm_decode_fanout           retimed   off  min_period=  0.468 ns   probed p0.3, wns=-0.168
  r30_fsm_decode_fanout           directive off  min_period=  0.472 ns   probed p0.3, wns=-0.172
  r31_clone_distinct_reset        orig      off  min_period=   0.37 ns   probed p0.3, wns=-0.07
  r31_clone_distinct_reset        orig      on   min_period=   0.25 ns   probed p0.15, wns=-0.1
  r31_clone_distinct_reset        retimed   off  min_period=  0.404 ns   probed p0.3, wns=-0.104
  r31_clone_distinct_reset        directive off  min_period=   0.37 ns   probed p0.3, wns=-0.07
  r32_backward_reset_preimage     orig      off  min_period=  0.344 ns   probed p0.3, wns=-0.044
  r32_backward_reset_preimage     orig      on   min_period=  0.311 ns   probed p0.3, wns=-0.011
  r32_backward_reset_preimage     retimed   off  min_period=  0.309 ns   probed p0.15, wns=-0.159
  r32_backward_reset_preimage     directive off  min_period=  0.344 ns   probed p0.3, wns=-0.044

wrote /home/esifferm/GitHub/retiming/results/fmax_v2.json
  floors measured: 112
=== [22:02] stage 2/3: stress sweep, all 28, post-route
17 benchmark(s) already stressed, 11 to do
total concurrent tool jobs capped at 16

  r04_init_only_no_reset          STRESSED at p=0.1771
      orig      off WNS=  -0.237 TNS=     -4.39 viol=  20.0 WL=  3508.745
      orig      on  WNS=  -0.074 TNS=     -2.12 viol=  53.0 WL=  3654.425
      retimed   off WNS=  -0.274 TNS=    -6.285 viol=  28.0 WL=  3712.895
      directive off WNS=  -0.074 TNS=     -2.12 viol=  53.0 WL=  3654.425
  r09_unbalanced_mult_pipe        STRESSED at p=0.203
      orig      off WNS=  -0.494 TNS=   -16.928 viol=  64.0 WL=   30663.9
      orig      on  WNS=  -0.109 TNS=    -14.36 viol= 264.0 WL= 31200.775
      retimed   off WNS=  -0.409 TNS=   -21.069 viol=  80.0 WL=  32343.76
      directive off WNS=  -0.109 TNS=    -14.36 viol= 264.0 WL= 31200.775
  r10_long_carry_chain            STRESSED at p=0.1673
      orig      off WNS=  -0.334 TNS=   -32.456 viol= 275.0 WL= 23001.825
      orig      on  WNS=  -0.103 TNS=   -28.583 viol= 488.0 WL=   24265.4
      retimed   off WNS=  -0.289 TNS=    -33.08 viol= 291.0 WL=  24685.97
      directive off WNS=  -0.103 TNS=   -28.583 viol= 488.0 WL=   24265.4
  r11_deep_retime_distance        STRESSED at p=0.5201
      orig      off WNS=  -2.951 TNS=   -88.432 viol=  44.0 WL=  40698.55
      orig      on  WNS=  -0.242 TNS=   -31.896 viol= 173.0 WL=  35873.39
      retimed   off WNS=  -0.511 TNS=   -54.756 viol= 127.0 WL=  43272.52
      directive off WNS=  -0.242 TNS=   -31.896 viol= 173.0 WL=  35873.39
  r12_wide_reduction_tree         STRESSED at p=0.1764
      orig      off WNS=  -0.378 TNS=    -2.539 viol=   7.0 WL=  7990.975
      orig      on  WNS=  -0.064 TNS=    -1.671 viol=  46.0 WL=   6403.88
      retimed   off WNS=  -0.195 TNS=    -4.549 viol=  27.0 WL=   7304.26
      directive off WNS=  -0.064 TNS=    -1.671 viol=  46.0 WL=   6403.88
  r13_retime_around_sram          STRESSED at p=0.1771
      orig      off WNS=  -0.186 TNS=    -49.16 viol= 869.0 WL= 33526.565
      orig      on  WNS=  -0.086 TNS=    -11.37 viol= 437.0 WL= 61238.645
      retimed   off WNS=  -0.305 TNS=   -94.892 viol= 762.0 WL=  38896.34
      directive off WNS=  -0.086 TNS=    -11.37 viol= 437.0 WL= 61238.645
  r15_hier_boundary_block         STRESSED at p=0.1946
      orig      off WNS=  -0.496 TNS=    -7.833 viol=  21.0 WL=  4783.295
      orig      on  WNS=  -0.094 TNS=    -3.815 viol=  64.0 WL=  3995.815
      retimed   off WNS=  -0.252 TNS=     -5.14 viol=  24.0 WL=    4975.4
      directive off WNS=  -0.094 TNS=    -3.815 viol=  64.0 WL=  3995.815
  r17_clock_enable_barrier        STRESSED at p=0.2107
      orig      off WNS=  -0.024 TNS=    -0.307 viol=  16.0 WL=  5427.405
      orig      on  WNS=  -0.089 TNS=    -2.577 viol=  68.0 WL=  5935.325
      retimed   off WNS=   -0.29 TNS=    -5.258 viol=  24.0 WL=  4616.945
      directive off WNS=  -0.089 TNS=    -2.577 viol=  68.0 WL=  5935.325
  r18_clock_gated_region          STRESSED at p=0.2275
      orig      off WNS=  -0.235 TNS=     -8.93 viol=  63.0 WL=   6250.36
      orig      on  WNS=  -0.106 TNS=    -3.224 viol=  60.0 WL=   5316.24
      retimed   off WNS=  -0.235 TNS=    -7.866 viol=  57.0 WL=   6222.65
      directive off WNS=  -0.106 TNS=    -3.224 viol=  60.0 WL=   5316.24
  r19_power_activity_retime       STRESSED at p=0.1827
      orig      off WNS=   -0.38 TNS=    -2.882 viol=  11.0 WL=   8416.76
      orig      on  WNS=  -0.088 TNS=    -4.661 viol=  96.0 WL=  7020.625
      retimed   off WNS=  -0.356 TNS=    -2.401 viol=   8.0 WL=  6984.505
      directive off WNS=  -0.096 TNS=    -5.725 viol=  92.0 WL=  7630.085
  r27_exception_scope_probe       STRESSED at p=0.2702
      orig      off WNS=  -0.424 TNS=   -16.095 viol=  55.0 WL=  10629.85
      orig      on  WNS=  -0.112 TNS=    -4.418 viol=  89.0 WL= 10784.655
      retimed   off WNS=  -0.422 TNS=   -14.684 viol=  57.0 WL=  9495.465
      directive off WNS=  -0.112 TNS=    -4.418 viol=  89.0 WL= 10784.655
  benchmarks stressed: 11 / 28
!!! [22:11] ABORT: only 11 benchmarks stressed
=== [22:25] push wrapped + serialised RTL
28
=== [22:25] stage 1/3: floors for all 28 (wrapper changed every design's timing)
  r24_loop_bound_control          retimed   off  min_period=  0.979 ns   probed p0.7854, wns=-0.194
  r24_loop_bound_control          directive off  min_period=  0.905 ns   probed p0.7854, wns=-0.12
  r26_sdc_exception_invalidation  orig      off  min_period=  1.039 ns   probed p0.4404, wns=-0.599
  r26_sdc_exception_invalidation  orig      on   min_period=    0.4 ns   probed p0.2202, wns=-0.18
  r26_sdc_exception_invalidation  retimed   off  min_period=  0.897 ns   probed p0.4404, wns=-0.457
  r26_sdc_exception_invalidation  directive off  min_period=   0.61 ns   probed p0.4404, wns=-0.17
  r27_exception_scope_probe       orig      off  min_period=  0.921 ns   probed p0.6522, wns=-0.269
  r27_exception_scope_probe       orig      on   min_period=  0.386 ns   probed p0.3261, wns=-0.06
  r27_exception_scope_probe       retimed   off  min_period=  0.898 ns   probed p0.6522, wns=-0.246
  r27_exception_scope_probe       directive off  min_period=  0.386 ns   probed p0.3261, wns=-0.06
  r28_congestion_wire_split       orig      off  min_period=  0.293 ns   probed p0.1653, wns=-0.128
  r28_congestion_wire_split       orig      on   min_period=  0.246 ns   probed p0.1653, wns=-0.081
  r28_congestion_wire_split       retimed   off  min_period=  0.288 ns   probed p0.1653, wns=-0.123
  r28_congestion_wire_split       directive off  min_period=  0.246 ns   probed p0.1653, wns=-0.081
  r29_wide_crossing               orig      off  min_period=  0.424 ns   probed p0.36, wns=-0.064
  r29_wide_crossing               orig      on   min_period=  0.298 ns   probed p0.18, wns=-0.118
  r29_wide_crossing               retimed   off  min_period=  0.485 ns   probed p0.36, wns=-0.125
  r29_wide_crossing               directive off  min_period=  0.424 ns   probed p0.36, wns=-0.064
  r30_fsm_decode_fanout           orig      off  min_period=  0.472 ns   probed p0.3, wns=-0.172
  r30_fsm_decode_fanout           orig      on   min_period=  0.476 ns   probed p0.3, wns=-0.176
  r30_fsm_decode_fanout           retimed   off  min_period=  0.468 ns   probed p0.3, wns=-0.168
  r30_fsm_decode_fanout           directive off  min_period=  0.472 ns   probed p0.3, wns=-0.172
  r31_clone_distinct_reset        orig      off  min_period=   0.37 ns   probed p0.3, wns=-0.07
  r31_clone_distinct_reset        orig      on   min_period=   0.25 ns   probed p0.15, wns=-0.1
  r31_clone_distinct_reset        retimed   off  min_period=  0.404 ns   probed p0.3, wns=-0.104
  r31_clone_distinct_reset        directive off  min_period=   0.37 ns   probed p0.3, wns=-0.07
  r32_backward_reset_preimage     orig      off  min_period=  0.344 ns   probed p0.3, wns=-0.044
  r32_backward_reset_preimage     orig      on   min_period=  0.311 ns   probed p0.3, wns=-0.011
  r32_backward_reset_preimage     retimed   off  min_period=  0.309 ns   probed p0.15, wns=-0.159
  r32_backward_reset_preimage     directive off  min_period=  0.344 ns   probed p0.3, wns=-0.044

wrote /home/esifferm/GitHub/retiming/results/fmax_v2.json
  floors measured: 112
=== [23:22] stage 2/3: stress sweep, all 28, post-route
  r02_reset_no_valid_init         STRESSED at p=0.1862
      orig      off WNS=    None TNS=      None viol=  None WL=      None
      orig      on  WNS=  -0.076 TNS=    -4.118 viol=  81.0 WL=  4809.805
      retimed   off WNS=   -0.24 TNS=    -4.578 viol=  24.0 WL=   4274.36
      directive off WNS=  -0.076 TNS=    -4.118 viol=  81.0 WL=  4809.805
  r03_async_reset_blocker         STRESSED at p=0.1841
      orig      off WNS=  -0.007 TNS=    -0.019 viol=   7.0 WL=  7135.095
      orig      on  WNS=  -0.071 TNS=    -3.084 viol=  62.0 WL=   5127.13
      retimed   off WNS=  -0.283 TNS=    -6.744 viol=  30.0 WL=  3864.005
      directive off WNS=  -0.071 TNS=    -3.084 viol=  62.0 WL=   5127.13
  r05_fsm_high_fanout             STRESSED at p=0.147
      orig      off WNS=  -0.194 TNS=    -5.857 viol=  66.0 WL= 11610.505
      orig      on  WNS=  -0.086 TNS=   -10.382 viol= 244.0 WL= 13226.885
      retimed   off WNS=  -0.118 TNS=    -9.057 viol= 125.0 WL=   12850.3
      directive off WNS=  -0.086 TNS=    -9.461 viol= 235.0 WL=  13183.77
  r06_fsm_high_fanin              STRESSED at p=0.3724
      orig      off WNS=  -0.125 TNS=    -1.111 viol=  11.0 WL=  24415.41
      orig      on  WNS=  -0.141 TNS=    -8.671 viol=  85.0 WL= 19380.015
      retimed   off WNS=  -0.119 TNS=    -0.776 viol=   8.0 WL=  21679.97
      directive off WNS=  -0.141 TNS=    -8.671 viol=  85.0 WL= 19380.015
  r08_fsm_output_decode           STRESSED at p=0.245
      orig      off WNS=  -0.452 TNS=    -4.017 viol=  21.0 WL=   5722.64
      orig      on  WNS=  -0.113 TNS=    -3.941 viol=  60.0 WL=    5767.7
      retimed   off WNS=  -0.209 TNS=    -5.991 viol=  32.0 WL=  5094.505
      directive off WNS=  -0.113 TNS=    -3.941 viol=  60.0 WL=    5767.7
  r16_dont_touch_conflict         STRESSED at p=0.217
      orig      off WNS=   -0.53 TNS=     -8.31 viol=  34.0 WL=   7593.46
      orig      on  WNS=  -0.099 TNS=     -4.75 viol=  84.0 WL=   6356.93
      retimed   off WNS=  -0.313 TNS=    -9.047 viol=  47.0 WL=  5910.665
      directive off WNS=  -0.099 TNS=     -4.75 viol=  84.0 WL=   6356.93
  r20_glitch_absorb               STRESSED at p=0.1603
      orig      off WNS=  -0.298 TNS=    -7.189 viol=  38.0 WL=  7870.755
      orig      on  WNS=  -0.081 TNS=    -4.015 viol=  90.0 WL=   6931.87
      retimed   off WNS=  -0.155 TNS=     -5.23 viol=  54.0 WL=   6826.13
      directive off WNS=  -0.076 TNS=    -3.861 viol=  97.0 WL=   6871.12
  r21_wire_pipeline_cross_die     STRESSED at p=0.1911
      orig      off WNS=  -0.276 TNS=   -30.618 viol= 141.0 WL= 17864.195
      orig      on  WNS=  -0.091 TNS=   -11.126 viol= 228.0 WL=  20847.56
      retimed   off WNS=  -0.132 TNS=   -16.385 viol= 196.0 WL=  19950.48
      directive off WNS=  -0.091 TNS=   -11.126 viol= 228.0 WL=  20847.56
  r22_fanout_wire_load            STRESSED at p=0.3598
      orig      off WNS=  -0.216 TNS=   -93.355 viol=1287.0 WL=327264.505
      orig      on  WNS=  -0.109 TNS=    -10.83 viol= 206.0 WL= 281703.53
      retimed   off WNS=  -0.108 TNS=   -24.665 viol= 854.0 WL=292908.625
      directive off WNS=  -0.054 TNS=    -2.158 viol= 212.0 WL= 274800.76
  r24_loop_bound_control          STRESSED at p=0.6335
      orig      off WNS=  -0.367 TNS=    -5.612 viol=  16.0 WL=  7214.965
      orig      on  WNS=   -0.36 TNS=   -10.314 viol=  31.0 WL=   6861.03
      retimed   off WNS=  -0.367 TNS=    -5.612 viol=  16.0 WL=  7214.965
      directive off WNS=   -0.36 TNS=   -10.314 viol=  31.0 WL=   6861.03
  r26_sdc_exception_invalidation  STRESSED at p=0.28
      orig      off WNS=  -0.696 TNS=   -12.218 viol=  35.0 WL=  6836.805
      orig      on  WNS=  -0.115 TNS=    -5.669 viol=  73.0 WL=   9068.41
      retimed   off WNS=  -0.629 TNS=   -17.067 viol=  32.0 WL=   8110.85
      directive off WNS=  -0.237 TNS=   -15.339 viol=  80.0 WL=  6559.385
  r28_congestion_wire_split       STRESSED at p=0.1722
      orig      off WNS=  -0.124 TNS=   -34.207 viol= 822.0 WL= 43195.095
      orig      on  WNS=   -0.06 TNS=   -13.906 viol= 742.0 WL=  45481.92
      retimed   off WNS=  -0.107 TNS=   -35.447 viol= 746.0 WL= 42269.185
      directive off WNS=   -0.06 TNS=   -13.906 viol= 742.0 WL=  45481.92
  r29_wide_crossing               STRESSED at p=0.2086
      orig      off WNS=  -0.338 TNS=  -535.006 viol=2830.0 WL=646147.735
      orig      on  WNS=  -0.111 TNS=  -810.098 viol=12379.0 WL=619346.305
      retimed   off WNS=    -0.5 TNS=  -735.657 viol=2827.0 WL= 840538.91
      directive off WNS=  -0.338 TNS=  -535.006 viol=2830.0 WL=646147.735
  r30_fsm_decode_fanout           STRESSED at p=0.3276
      orig      off WNS=  -0.121 TNS=   -115.52 viol=2036.0 WL= 513772.42
      orig      on  WNS=    None TNS=      None viol=  None WL=      None
      retimed   off WNS=  -0.122 TNS=  -110.783 viol=2014.0 WL=534666.685
      directive off WNS=  -0.121 TNS=   -115.52 viol=2036.0 WL= 513772.42
  r31_clone_distinct_reset        STRESSED at p=0.175
      orig      off WNS=  -0.132 TNS=   -55.125 viol= 796.0 WL= 23376.205
      orig      on  WNS=  -0.071 TNS=     -25.9 viol=1202.0 WL= 48038.765
      retimed   off WNS=  -0.055 TNS=    -6.995 viol= 493.0 WL=  23302.97
      directive off WNS=  -0.132 TNS=   -55.125 viol= 796.0 WL= 23376.205
  r32_backward_reset_preimage     STRESSED at p=0.2163
      orig      off WNS=  -0.116 TNS=     -41.6 viol= 798.0 WL=  68911.42
      orig      on  WNS=  -0.072 TNS=   -41.217 viol=1346.0 WL= 80246.475
      retimed   off WNS=  -0.078 TNS=   -34.134 viol= 811.0 WL=  69206.21
      directive off WNS=  -0.116 TNS=     -41.6 viol= 798.0 WL=  68911.42
  benchmarks stressed: 17 / 28
!!! [23:54] ABORT: only 17 benchmarks stressed
=== [00:05] push wrapped + serialised RTL
28
=== [00:05] stage 1/3: floors for all 28 (wrapper changed every design's timing)
  r24_loop_bound_control          retimed   off  min_period=  0.979 ns   probed p0.7854, wns=-0.194
  r24_loop_bound_control          directive off  min_period=  0.905 ns   probed p0.7854, wns=-0.12
  r26_sdc_exception_invalidation  orig      off  min_period=  1.039 ns   probed p0.4404, wns=-0.599
  r26_sdc_exception_invalidation  orig      on   min_period=    0.4 ns   probed p0.2202, wns=-0.18
  r26_sdc_exception_invalidation  retimed   off  min_period=  0.897 ns   probed p0.4404, wns=-0.457
  r26_sdc_exception_invalidation  directive off  min_period=   0.61 ns   probed p0.4404, wns=-0.17
  r27_exception_scope_probe       orig      off  min_period=  0.921 ns   probed p0.6522, wns=-0.269
  r27_exception_scope_probe       orig      on   min_period=  0.386 ns   probed p0.3261, wns=-0.06
  r27_exception_scope_probe       retimed   off  min_period=  0.898 ns   probed p0.6522, wns=-0.246
  r27_exception_scope_probe       directive off  min_period=  0.386 ns   probed p0.3261, wns=-0.06
  r28_congestion_wire_split       orig      off  min_period=  0.293 ns   probed p0.1653, wns=-0.128
  r28_congestion_wire_split       orig      on   min_period=  0.246 ns   probed p0.1653, wns=-0.081
  r28_congestion_wire_split       retimed   off  min_period=  0.288 ns   probed p0.1653, wns=-0.123
  r28_congestion_wire_split       directive off  min_period=  0.246 ns   probed p0.1653, wns=-0.081
  r29_wide_crossing               orig      off  min_period=  0.424 ns   probed p0.36, wns=-0.064
  r29_wide_crossing               orig      on   min_period=  0.298 ns   probed p0.18, wns=-0.118
  r29_wide_crossing               retimed   off  min_period=  0.485 ns   probed p0.36, wns=-0.125
  r29_wide_crossing               directive off  min_period=  0.424 ns   probed p0.36, wns=-0.064
  r30_fsm_decode_fanout           orig      off  min_period=  0.472 ns   probed p0.3, wns=-0.172
  r30_fsm_decode_fanout           orig      on   min_period=  0.476 ns   probed p0.3, wns=-0.176
  r30_fsm_decode_fanout           retimed   off  min_period=  0.468 ns   probed p0.3, wns=-0.168
  r30_fsm_decode_fanout           directive off  min_period=  0.472 ns   probed p0.3, wns=-0.172
  r31_clone_distinct_reset        orig      off  min_period=   0.37 ns   probed p0.3, wns=-0.07
  r31_clone_distinct_reset        orig      on   min_period=   0.25 ns   probed p0.15, wns=-0.1
  r31_clone_distinct_reset        retimed   off  min_period=  0.404 ns   probed p0.3, wns=-0.104
  r31_clone_distinct_reset        directive off  min_period=   0.37 ns   probed p0.3, wns=-0.07
  r32_backward_reset_preimage     orig      off  min_period=  0.344 ns   probed p0.3, wns=-0.044
  r32_backward_reset_preimage     orig      on   min_period=  0.311 ns   probed p0.3, wns=-0.011
  r32_backward_reset_preimage     retimed   off  min_period=  0.309 ns   probed p0.15, wns=-0.159
  r32_backward_reset_preimage     directive off  min_period=  0.344 ns   probed p0.3, wns=-0.044

wrote /home/esifferm/GitHub/retiming/results/fmax_v2.json
  floors measured: 112
=== [01:03] stage 2/3: stress sweep, all 28, post-route
17 benchmark(s) already stressed, 11 to do
total concurrent tool jobs capped at 16

  r04_init_only_no_reset          STRESSED at p=0.1771
      orig      off WNS=  -0.237 TNS=     -4.39 viol=  20.0 WL=  3508.745
      orig      on  WNS=  -0.074 TNS=     -2.12 viol=  53.0 WL=  3654.425
      retimed   off WNS=  -0.274 TNS=    -6.285 viol=  28.0 WL=  3712.895
      directive off WNS=  -0.074 TNS=     -2.12 viol=  53.0 WL=  3654.425
  r09_unbalanced_mult_pipe        STRESSED at p=0.203
      orig      off WNS=  -0.494 TNS=   -16.928 viol=  64.0 WL=   30663.9
      orig      on  WNS=  -0.109 TNS=    -14.36 viol= 264.0 WL= 31200.775
      retimed   off WNS=  -0.409 TNS=   -21.069 viol=  80.0 WL=  32343.76
      directive off WNS=  -0.109 TNS=    -14.36 viol= 264.0 WL= 31200.775
  r10_long_carry_chain            STRESSED at p=0.1673
      orig      off WNS=  -0.334 TNS=   -32.456 viol= 275.0 WL= 23001.825
      orig      on  WNS=  -0.103 TNS=   -28.583 viol= 488.0 WL=   24265.4
      retimed   off WNS=  -0.289 TNS=    -33.08 viol= 291.0 WL=  24685.97
      directive off WNS=  -0.103 TNS=   -28.583 viol= 488.0 WL=   24265.4
  r11_deep_retime_distance        STRESSED at p=0.5201
      orig      off WNS=  -2.951 TNS=   -88.432 viol=  44.0 WL=  40698.55
      orig      on  WNS=  -0.242 TNS=   -31.896 viol= 173.0 WL=  35873.39
      retimed   off WNS=  -0.511 TNS=   -54.756 viol= 127.0 WL=  43272.52
      directive off WNS=  -0.242 TNS=   -31.896 viol= 173.0 WL=  35873.39
  r12_wide_reduction_tree         STRESSED at p=0.1764
      orig      off WNS=  -0.378 TNS=    -2.539 viol=   7.0 WL=  7990.975
      orig      on  WNS=  -0.064 TNS=    -1.671 viol=  46.0 WL=   6403.88
      retimed   off WNS=  -0.195 TNS=    -4.549 viol=  27.0 WL=   7304.26
      directive off WNS=  -0.064 TNS=    -1.671 viol=  46.0 WL=   6403.88
  r13_retime_around_sram          STRESSED at p=0.1771
      orig      off WNS=  -0.186 TNS=    -49.16 viol= 869.0 WL= 33526.565
      orig      on  WNS=  -0.086 TNS=    -11.37 viol= 437.0 WL= 61238.645
      retimed   off WNS=  -0.305 TNS=   -94.892 viol= 762.0 WL=  38896.34
      directive off WNS=  -0.086 TNS=    -11.37 viol= 437.0 WL= 61238.645
  r15_hier_boundary_block         STRESSED at p=0.1946
      orig      off WNS=  -0.496 TNS=    -7.833 viol=  21.0 WL=  4783.295
      orig      on  WNS=  -0.094 TNS=    -3.815 viol=  64.0 WL=  3995.815
      retimed   off WNS=  -0.252 TNS=     -5.14 viol=  24.0 WL=    4975.4
      directive off WNS=  -0.094 TNS=    -3.815 viol=  64.0 WL=  3995.815
  r17_clock_enable_barrier        STRESSED at p=0.2107
      orig      off WNS=  -0.024 TNS=    -0.307 viol=  16.0 WL=  5427.405
      orig      on  WNS=  -0.089 TNS=    -2.577 viol=  68.0 WL=  5935.325
      retimed   off WNS=   -0.29 TNS=    -5.258 viol=  24.0 WL=  4616.945
      directive off WNS=  -0.089 TNS=    -2.577 viol=  68.0 WL=  5935.325
  r18_clock_gated_region          STRESSED at p=0.2275
      orig      off WNS=  -0.235 TNS=     -8.93 viol=  63.0 WL=   6250.36
      orig      on  WNS=  -0.106 TNS=    -3.224 viol=  60.0 WL=   5316.24
      retimed   off WNS=  -0.235 TNS=    -7.866 viol=  57.0 WL=   6222.65
      directive off WNS=  -0.106 TNS=    -3.224 viol=  60.0 WL=   5316.24
  r19_power_activity_retime       STRESSED at p=0.1827
      orig      off WNS=   -0.38 TNS=    -2.882 viol=  11.0 WL=   8416.76
      orig      on  WNS=  -0.088 TNS=    -4.661 viol=  96.0 WL=  7020.625
      retimed   off WNS=  -0.356 TNS=    -2.401 viol=   8.0 WL=  6984.505
      directive off WNS=  -0.096 TNS=    -5.725 viol=  92.0 WL=  7630.085
  r27_exception_scope_probe       STRESSED at p=0.2702
      orig      off WNS=  -0.424 TNS=   -16.095 viol=  55.0 WL=  10629.85
      orig      on  WNS=  -0.112 TNS=    -4.418 viol=  89.0 WL= 10784.655
      retimed   off WNS=  -0.422 TNS=   -14.684 viol=  57.0 WL=  9495.465
      directive off WNS=  -0.112 TNS=    -4.418 viol=  89.0 WL= 10784.655
  benchmarks stressed: 11 / 28
!!! [01:12] ABORT: only 11 benchmarks stressed
=== [01:25] push wrapped + serialised RTL
28
=== [01:25] stage 1/3: floors for all 28 (wrapper changed every design's timing)
  r24_loop_bound_control          retimed   off  min_period=  0.979 ns   probed p0.7854, wns=-0.194
  r24_loop_bound_control          directive off  min_period=  0.905 ns   probed p0.7854, wns=-0.12
  r26_sdc_exception_invalidation  orig      off  min_period=  1.039 ns   probed p0.4404, wns=-0.599
  r26_sdc_exception_invalidation  orig      on   min_period=    0.4 ns   probed p0.2202, wns=-0.18
  r26_sdc_exception_invalidation  retimed   off  min_period=  0.897 ns   probed p0.4404, wns=-0.457
  r26_sdc_exception_invalidation  directive off  min_period=   0.61 ns   probed p0.4404, wns=-0.17
  r27_exception_scope_probe       orig      off  min_period=  0.921 ns   probed p0.6522, wns=-0.269
  r27_exception_scope_probe       orig      on   min_period=  0.386 ns   probed p0.3261, wns=-0.06
  r27_exception_scope_probe       retimed   off  min_period=  0.898 ns   probed p0.6522, wns=-0.246
  r27_exception_scope_probe       directive off  min_period=  0.386 ns   probed p0.3261, wns=-0.06
  r28_congestion_wire_split       orig      off  min_period=  0.293 ns   probed p0.1653, wns=-0.128
  r28_congestion_wire_split       orig      on   min_period=  0.246 ns   probed p0.1653, wns=-0.081
  r28_congestion_wire_split       retimed   off  min_period=  0.288 ns   probed p0.1653, wns=-0.123
  r28_congestion_wire_split       directive off  min_period=  0.246 ns   probed p0.1653, wns=-0.081
  r29_wide_crossing               orig      off  min_period=  0.424 ns   probed p0.36, wns=-0.064
  r29_wide_crossing               orig      on   min_period=  0.298 ns   probed p0.18, wns=-0.118
  r29_wide_crossing               retimed   off  min_period=  0.485 ns   probed p0.36, wns=-0.125
  r29_wide_crossing               directive off  min_period=  0.424 ns   probed p0.36, wns=-0.064
  r30_fsm_decode_fanout           orig      off  min_period=  0.472 ns   probed p0.3, wns=-0.172
  r30_fsm_decode_fanout           orig      on   min_period=  0.476 ns   probed p0.3, wns=-0.176
  r30_fsm_decode_fanout           retimed   off  min_period=  0.468 ns   probed p0.3, wns=-0.168
  r30_fsm_decode_fanout           directive off  min_period=  0.472 ns   probed p0.3, wns=-0.172
  r31_clone_distinct_reset        orig      off  min_period=   0.37 ns   probed p0.3, wns=-0.07
  r31_clone_distinct_reset        orig      on   min_period=   0.25 ns   probed p0.15, wns=-0.1
  r31_clone_distinct_reset        retimed   off  min_period=  0.404 ns   probed p0.3, wns=-0.104
  r31_clone_distinct_reset        directive off  min_period=   0.37 ns   probed p0.3, wns=-0.07
  r32_backward_reset_preimage     orig      off  min_period=  0.344 ns   probed p0.3, wns=-0.044
  r32_backward_reset_preimage     orig      on   min_period=  0.311 ns   probed p0.3, wns=-0.011
  r32_backward_reset_preimage     retimed   off  min_period=  0.309 ns   probed p0.15, wns=-0.159
  r32_backward_reset_preimage     directive off  min_period=  0.344 ns   probed p0.3, wns=-0.044

wrote /home/esifferm/GitHub/retiming/results/fmax_v2.json
  floors measured: 112
=== [02:23] stage 2/3: stress sweep, all 28, post-route
  r02_reset_no_valid_init         STRESSED at p=0.1862
      orig      off WNS=    None TNS=      None viol=  None WL=      None
      orig      on  WNS=  -0.076 TNS=    -4.118 viol=  81.0 WL=  4809.805
      retimed   off WNS=   -0.24 TNS=    -4.578 viol=  24.0 WL=   4274.36
      directive off WNS=  -0.076 TNS=    -4.118 viol=  81.0 WL=  4809.805
  r03_async_reset_blocker         STRESSED at p=0.1841
      orig      off WNS=  -0.007 TNS=    -0.019 viol=   7.0 WL=  7135.095
      orig      on  WNS=  -0.071 TNS=    -3.084 viol=  62.0 WL=   5127.13
      retimed   off WNS=  -0.283 TNS=    -6.744 viol=  30.0 WL=  3864.005
      directive off WNS=  -0.071 TNS=    -3.084 viol=  62.0 WL=   5127.13
  r05_fsm_high_fanout             STRESSED at p=0.147
      orig      off WNS=  -0.194 TNS=    -5.857 viol=  66.0 WL= 11610.505
      orig      on  WNS=  -0.086 TNS=   -10.382 viol= 244.0 WL= 13226.885
      retimed   off WNS=  -0.118 TNS=    -9.057 viol= 125.0 WL=   12850.3
      directive off WNS=  -0.086 TNS=    -9.461 viol= 235.0 WL=  13183.77
  r06_fsm_high_fanin              STRESSED at p=0.3724
      orig      off WNS=  -0.125 TNS=    -1.111 viol=  11.0 WL=  24415.41
      orig      on  WNS=  -0.141 TNS=    -8.671 viol=  85.0 WL= 19380.015
      retimed   off WNS=  -0.119 TNS=    -0.776 viol=   8.0 WL=  21679.97
      directive off WNS=  -0.141 TNS=    -8.671 viol=  85.0 WL= 19380.015
  r08_fsm_output_decode           STRESSED at p=0.245
      orig      off WNS=  -0.452 TNS=    -4.017 viol=  21.0 WL=   5722.64
      orig      on  WNS=  -0.113 TNS=    -3.941 viol=  60.0 WL=    5767.7
      retimed   off WNS=  -0.209 TNS=    -5.991 viol=  32.0 WL=  5094.505
      directive off WNS=  -0.113 TNS=    -3.941 viol=  60.0 WL=    5767.7
  r16_dont_touch_conflict         STRESSED at p=0.217
      orig      off WNS=   -0.53 TNS=     -8.31 viol=  34.0 WL=   7593.46
      orig      on  WNS=  -0.099 TNS=     -4.75 viol=  84.0 WL=   6356.93
      retimed   off WNS=  -0.313 TNS=    -9.047 viol=  47.0 WL=  5910.665
      directive off WNS=  -0.099 TNS=     -4.75 viol=  84.0 WL=   6356.93
  r20_glitch_absorb               STRESSED at p=0.1603
      orig      off WNS=  -0.298 TNS=    -7.189 viol=  38.0 WL=  7870.755
      orig      on  WNS=  -0.081 TNS=    -4.015 viol=  90.0 WL=   6931.87
      retimed   off WNS=  -0.155 TNS=     -5.23 viol=  54.0 WL=   6826.13
      directive off WNS=  -0.076 TNS=    -3.861 viol=  97.0 WL=   6871.12
  r21_wire_pipeline_cross_die     STRESSED at p=0.1911
      orig      off WNS=  -0.276 TNS=   -30.618 viol= 141.0 WL= 17864.195
      orig      on  WNS=  -0.091 TNS=   -11.126 viol= 228.0 WL=  20847.56
      retimed   off WNS=  -0.132 TNS=   -16.385 viol= 196.0 WL=  19950.48
      directive off WNS=  -0.091 TNS=   -11.126 viol= 228.0 WL=  20847.56
  r22_fanout_wire_load            STRESSED at p=0.3598
      orig      off WNS=  -0.216 TNS=   -93.355 viol=1287.0 WL=327264.505
      orig      on  WNS=  -0.109 TNS=    -10.83 viol= 206.0 WL= 281703.53
      retimed   off WNS=  -0.108 TNS=   -24.665 viol= 854.0 WL=292908.625
      directive off WNS=  -0.054 TNS=    -2.158 viol= 212.0 WL= 274800.76
  r24_loop_bound_control          STRESSED at p=0.6335
      orig      off WNS=  -0.367 TNS=    -5.612 viol=  16.0 WL=  7214.965
      orig      on  WNS=   -0.36 TNS=   -10.314 viol=  31.0 WL=   6861.03
      retimed   off WNS=  -0.367 TNS=    -5.612 viol=  16.0 WL=  7214.965
      directive off WNS=   -0.36 TNS=   -10.314 viol=  31.0 WL=   6861.03
  r26_sdc_exception_invalidation  STRESSED at p=0.28
      orig      off WNS=  -0.696 TNS=   -12.218 viol=  35.0 WL=  6836.805
      orig      on  WNS=  -0.115 TNS=    -5.669 viol=  73.0 WL=   9068.41
      retimed   off WNS=  -0.629 TNS=   -17.067 viol=  32.0 WL=   8110.85
      directive off WNS=  -0.237 TNS=   -15.339 viol=  80.0 WL=  6559.385
  r28_congestion_wire_split       STRESSED at p=0.1722
      orig      off WNS=  -0.124 TNS=   -34.207 viol= 822.0 WL= 43195.095
      orig      on  WNS=   -0.06 TNS=   -13.906 viol= 742.0 WL=  45481.92
      retimed   off WNS=  -0.107 TNS=   -35.447 viol= 746.0 WL= 42269.185
      directive off WNS=   -0.06 TNS=   -13.906 viol= 742.0 WL=  45481.92
  r29_wide_crossing               STRESSED at p=0.2086
      orig      off WNS=  -0.338 TNS=  -535.006 viol=2830.0 WL=646147.735
      orig      on  WNS=  -0.111 TNS=  -810.098 viol=12379.0 WL=619346.305
      retimed   off WNS=    -0.5 TNS=  -735.657 viol=2827.0 WL= 840538.91
      directive off WNS=  -0.338 TNS=  -535.006 viol=2830.0 WL=646147.735
  r30_fsm_decode_fanout           STRESSED at p=0.3276
      orig      off WNS=  -0.121 TNS=   -115.52 viol=2036.0 WL= 513772.42
      orig      on  WNS=    None TNS=      None viol=  None WL=      None
      retimed   off WNS=  -0.122 TNS=  -110.783 viol=2014.0 WL=534666.685
      directive off WNS=  -0.121 TNS=   -115.52 viol=2036.0 WL= 513772.42
  r31_clone_distinct_reset        STRESSED at p=0.175
      orig      off WNS=  -0.132 TNS=   -55.125 viol= 796.0 WL= 23376.205
      orig      on  WNS=  -0.071 TNS=     -25.9 viol=1202.0 WL= 48038.765
      retimed   off WNS=  -0.055 TNS=    -6.995 viol= 493.0 WL=  23302.97
      directive off WNS=  -0.132 TNS=   -55.125 viol= 796.0 WL= 23376.205
  r32_backward_reset_preimage     STRESSED at p=0.2163
      orig      off WNS=  -0.116 TNS=     -41.6 viol= 798.0 WL=  68911.42
      orig      on  WNS=  -0.072 TNS=   -41.217 viol=1346.0 WL= 80246.475
      retimed   off WNS=  -0.078 TNS=   -34.134 viol= 811.0 WL=  69206.21
      directive off WNS=  -0.116 TNS=     -41.6 viol= 798.0 WL=  68911.42
  benchmarks stressed: 17 / 28
!!! [02:55] ABORT: only 17 benchmarks stressed
=== [03:05] push wrapped + serialised RTL
28
=== [03:05] stage 1/3: floors for all 28 (wrapper changed every design's timing)
  r24_loop_bound_control          retimed   off  min_period=  0.979 ns   probed p0.7854, wns=-0.194
  r24_loop_bound_control          directive off  min_period=  0.905 ns   probed p0.7854, wns=-0.12
  r26_sdc_exception_invalidation  orig      off  min_period=  1.039 ns   probed p0.4404, wns=-0.599
  r26_sdc_exception_invalidation  orig      on   min_period=    0.4 ns   probed p0.2202, wns=-0.18
  r26_sdc_exception_invalidation  retimed   off  min_period=  0.897 ns   probed p0.4404, wns=-0.457
  r26_sdc_exception_invalidation  directive off  min_period=   0.61 ns   probed p0.4404, wns=-0.17
  r27_exception_scope_probe       orig      off  min_period=  0.921 ns   probed p0.6522, wns=-0.269
  r27_exception_scope_probe       orig      on   min_period=  0.386 ns   probed p0.3261, wns=-0.06
  r27_exception_scope_probe       retimed   off  min_period=  0.898 ns   probed p0.6522, wns=-0.246
  r27_exception_scope_probe       directive off  min_period=  0.386 ns   probed p0.3261, wns=-0.06
  r28_congestion_wire_split       orig      off  min_period=  0.293 ns   probed p0.1653, wns=-0.128
  r28_congestion_wire_split       orig      on   min_period=  0.246 ns   probed p0.1653, wns=-0.081
  r28_congestion_wire_split       retimed   off  min_period=  0.288 ns   probed p0.1653, wns=-0.123
  r28_congestion_wire_split       directive off  min_period=  0.246 ns   probed p0.1653, wns=-0.081
  r29_wide_crossing               orig      off  min_period=  0.424 ns   probed p0.36, wns=-0.064
  r29_wide_crossing               orig      on   min_period=  0.298 ns   probed p0.18, wns=-0.118
  r29_wide_crossing               retimed   off  min_period=  0.485 ns   probed p0.36, wns=-0.125
  r29_wide_crossing               directive off  min_period=  0.424 ns   probed p0.36, wns=-0.064
  r30_fsm_decode_fanout           orig      off  min_period=  0.472 ns   probed p0.3, wns=-0.172
  r30_fsm_decode_fanout           orig      on   min_period=  0.476 ns   probed p0.3, wns=-0.176
  r30_fsm_decode_fanout           retimed   off  min_period=  0.468 ns   probed p0.3, wns=-0.168
  r30_fsm_decode_fanout           directive off  min_period=  0.472 ns   probed p0.3, wns=-0.172
  r31_clone_distinct_reset        orig      off  min_period=   0.37 ns   probed p0.3, wns=-0.07
  r31_clone_distinct_reset        orig      on   min_period=   0.25 ns   probed p0.15, wns=-0.1
  r31_clone_distinct_reset        retimed   off  min_period=  0.404 ns   probed p0.3, wns=-0.104
  r31_clone_distinct_reset        directive off  min_period=   0.37 ns   probed p0.3, wns=-0.07
  r32_backward_reset_preimage     orig      off  min_period=  0.344 ns   probed p0.3, wns=-0.044
  r32_backward_reset_preimage     orig      on   min_period=  0.311 ns   probed p0.3, wns=-0.011
  r32_backward_reset_preimage     retimed   off  min_period=  0.309 ns   probed p0.15, wns=-0.159
  r32_backward_reset_preimage     directive off  min_period=  0.344 ns   probed p0.3, wns=-0.044

wrote /home/esifferm/GitHub/retiming/results/fmax_v2.json
  floors measured: 112
=== [04:04] stage 2/3: stress sweep, all 28, post-route
17 benchmark(s) already stressed, 11 to do
total concurrent tool jobs capped at 16

  r04_init_only_no_reset          STRESSED at p=0.1771
      orig      off WNS=  -0.237 TNS=     -4.39 viol=  20.0 WL=  3508.745
      orig      on  WNS=  -0.074 TNS=     -2.12 viol=  53.0 WL=  3654.425
      retimed   off WNS=  -0.274 TNS=    -6.285 viol=  28.0 WL=  3712.895
      directive off WNS=  -0.074 TNS=     -2.12 viol=  53.0 WL=  3654.425
  r09_unbalanced_mult_pipe        STRESSED at p=0.203
      orig      off WNS=  -0.494 TNS=   -16.928 viol=  64.0 WL=   30663.9
      orig      on  WNS=  -0.109 TNS=    -14.36 viol= 264.0 WL= 31200.775
      retimed   off WNS=  -0.409 TNS=   -21.069 viol=  80.0 WL=  32343.76
      directive off WNS=  -0.109 TNS=    -14.36 viol= 264.0 WL= 31200.775
  r10_long_carry_chain            STRESSED at p=0.1673
      orig      off WNS=  -0.334 TNS=   -32.456 viol= 275.0 WL= 23001.825
      orig      on  WNS=  -0.103 TNS=   -28.583 viol= 488.0 WL=   24265.4
      retimed   off WNS=  -0.289 TNS=    -33.08 viol= 291.0 WL=  24685.97
      directive off WNS=  -0.103 TNS=   -28.583 viol= 488.0 WL=   24265.4
  r11_deep_retime_distance        STRESSED at p=0.5201
      orig      off WNS=  -2.951 TNS=   -88.432 viol=  44.0 WL=  40698.55
      orig      on  WNS=  -0.242 TNS=   -31.896 viol= 173.0 WL=  35873.39
      retimed   off WNS=  -0.511 TNS=   -54.756 viol= 127.0 WL=  43272.52
      directive off WNS=  -0.242 TNS=   -31.896 viol= 173.0 WL=  35873.39
  r12_wide_reduction_tree         STRESSED at p=0.1764
      orig      off WNS=  -0.378 TNS=    -2.539 viol=   7.0 WL=  7990.975
      orig      on  WNS=  -0.064 TNS=    -1.671 viol=  46.0 WL=   6403.88
      retimed   off WNS=  -0.195 TNS=    -4.549 viol=  27.0 WL=   7304.26
      directive off WNS=  -0.064 TNS=    -1.671 viol=  46.0 WL=   6403.88
  r13_retime_around_sram          STRESSED at p=0.1771
      orig      off WNS=  -0.186 TNS=    -49.16 viol= 869.0 WL= 33526.565
      orig      on  WNS=  -0.086 TNS=    -11.37 viol= 437.0 WL= 61238.645
      retimed   off WNS=  -0.305 TNS=   -94.892 viol= 762.0 WL=  38896.34
      directive off WNS=  -0.086 TNS=    -11.37 viol= 437.0 WL= 61238.645
  r15_hier_boundary_block         STRESSED at p=0.1946
      orig      off WNS=  -0.496 TNS=    -7.833 viol=  21.0 WL=  4783.295
      orig      on  WNS=  -0.094 TNS=    -3.815 viol=  64.0 WL=  3995.815
      retimed   off WNS=  -0.252 TNS=     -5.14 viol=  24.0 WL=    4975.4
      directive off WNS=  -0.094 TNS=    -3.815 viol=  64.0 WL=  3995.815
  r17_clock_enable_barrier        STRESSED at p=0.2107
      orig      off WNS=  -0.024 TNS=    -0.307 viol=  16.0 WL=  5427.405
      orig      on  WNS=  -0.089 TNS=    -2.577 viol=  68.0 WL=  5935.325
      retimed   off WNS=   -0.29 TNS=    -5.258 viol=  24.0 WL=  4616.945
      directive off WNS=  -0.089 TNS=    -2.577 viol=  68.0 WL=  5935.325
  r18_clock_gated_region          STRESSED at p=0.2275
      orig      off WNS=  -0.235 TNS=     -8.93 viol=  63.0 WL=   6250.36
      orig      on  WNS=  -0.106 TNS=    -3.224 viol=  60.0 WL=   5316.24
      retimed   off WNS=  -0.235 TNS=    -7.866 viol=  57.0 WL=   6222.65
      directive off WNS=  -0.106 TNS=    -3.224 viol=  60.0 WL=   5316.24
  r19_power_activity_retime       STRESSED at p=0.1827
      orig      off WNS=   -0.38 TNS=    -2.882 viol=  11.0 WL=   8416.76
      orig      on  WNS=  -0.088 TNS=    -4.661 viol=  96.0 WL=  7020.625
      retimed   off WNS=  -0.356 TNS=    -2.401 viol=   8.0 WL=  6984.505
      directive off WNS=  -0.096 TNS=    -5.725 viol=  92.0 WL=  7630.085
  r27_exception_scope_probe       STRESSED at p=0.2702
      orig      off WNS=  -0.424 TNS=   -16.095 viol=  55.0 WL=  10629.85
      orig      on  WNS=  -0.112 TNS=    -4.418 viol=  89.0 WL= 10784.655
      retimed   off WNS=  -0.422 TNS=   -14.684 viol=  57.0 WL=  9495.465
      directive off WNS=  -0.112 TNS=    -4.418 viol=  89.0 WL= 10784.655
  benchmarks stressed: 11 / 28
!!! [04:13] ABORT: only 11 benchmarks stressed
=== [04:25] push wrapped + serialised RTL
28
=== [04:26] stage 1/3: floors for all 28 (wrapper changed every design's timing)
  r24_loop_bound_control          retimed   off  min_period=  0.979 ns   probed p0.7854, wns=-0.194
  r24_loop_bound_control          directive off  min_period=  0.905 ns   probed p0.7854, wns=-0.12
  r26_sdc_exception_invalidation  orig      off  min_period=  1.039 ns   probed p0.4404, wns=-0.599
  r26_sdc_exception_invalidation  orig      on   min_period=    0.4 ns   probed p0.2202, wns=-0.18
  r26_sdc_exception_invalidation  retimed   off  min_period=  0.897 ns   probed p0.4404, wns=-0.457
  r26_sdc_exception_invalidation  directive off  min_period=   0.61 ns   probed p0.4404, wns=-0.17
  r27_exception_scope_probe       orig      off  min_period=  0.921 ns   probed p0.6522, wns=-0.269
  r27_exception_scope_probe       orig      on   min_period=  0.386 ns   probed p0.3261, wns=-0.06
  r27_exception_scope_probe       retimed   off  min_period=  0.898 ns   probed p0.6522, wns=-0.246
  r27_exception_scope_probe       directive off  min_period=  0.386 ns   probed p0.3261, wns=-0.06
  r28_congestion_wire_split       orig      off  min_period=  0.293 ns   probed p0.1653, wns=-0.128
  r28_congestion_wire_split       orig      on   min_period=  0.246 ns   probed p0.1653, wns=-0.081
  r28_congestion_wire_split       retimed   off  min_period=  0.288 ns   probed p0.1653, wns=-0.123
  r28_congestion_wire_split       directive off  min_period=  0.246 ns   probed p0.1653, wns=-0.081
  r29_wide_crossing               orig      off  min_period=  0.424 ns   probed p0.36, wns=-0.064
  r29_wide_crossing               orig      on   min_period=  0.298 ns   probed p0.18, wns=-0.118
  r29_wide_crossing               retimed   off  min_period=  0.485 ns   probed p0.36, wns=-0.125
  r29_wide_crossing               directive off  min_period=  0.424 ns   probed p0.36, wns=-0.064
  r30_fsm_decode_fanout           orig      off  min_period=  0.472 ns   probed p0.3, wns=-0.172
  r30_fsm_decode_fanout           orig      on   min_period=  0.476 ns   probed p0.3, wns=-0.176
  r30_fsm_decode_fanout           retimed   off  min_period=  0.468 ns   probed p0.3, wns=-0.168
  r30_fsm_decode_fanout           directive off  min_period=  0.472 ns   probed p0.3, wns=-0.172
  r31_clone_distinct_reset        orig      off  min_period=   0.37 ns   probed p0.3, wns=-0.07
  r31_clone_distinct_reset        orig      on   min_period=   0.25 ns   probed p0.15, wns=-0.1
  r31_clone_distinct_reset        retimed   off  min_period=  0.404 ns   probed p0.3, wns=-0.104
  r31_clone_distinct_reset        directive off  min_period=   0.37 ns   probed p0.3, wns=-0.07
  r32_backward_reset_preimage     orig      off  min_period=  0.344 ns   probed p0.3, wns=-0.044
  r32_backward_reset_preimage     orig      on   min_period=  0.311 ns   probed p0.3, wns=-0.011
  r32_backward_reset_preimage     retimed   off  min_period=  0.309 ns   probed p0.15, wns=-0.159
  r32_backward_reset_preimage     directive off  min_period=  0.344 ns   probed p0.3, wns=-0.044

wrote /home/esifferm/GitHub/retiming/results/fmax_v2.json
  floors measured: 112
=== [05:24] stage 2/3: stress sweep, all 28, post-route
  r02_reset_no_valid_init         STRESSED at p=0.1862
      orig      off WNS=    None TNS=      None viol=  None WL=      None
      orig      on  WNS=  -0.076 TNS=    -4.118 viol=  81.0 WL=  4809.805
      retimed   off WNS=   -0.24 TNS=    -4.578 viol=  24.0 WL=   4274.36
      directive off WNS=  -0.076 TNS=    -4.118 viol=  81.0 WL=  4809.805
  r03_async_reset_blocker         STRESSED at p=0.1841
      orig      off WNS=  -0.007 TNS=    -0.019 viol=   7.0 WL=  7135.095
      orig      on  WNS=  -0.071 TNS=    -3.084 viol=  62.0 WL=   5127.13
      retimed   off WNS=  -0.283 TNS=    -6.744 viol=  30.0 WL=  3864.005
      directive off WNS=  -0.071 TNS=    -3.084 viol=  62.0 WL=   5127.13
  r05_fsm_high_fanout             STRESSED at p=0.147
      orig      off WNS=  -0.194 TNS=    -5.857 viol=  66.0 WL= 11610.505
      orig      on  WNS=  -0.086 TNS=   -10.382 viol= 244.0 WL= 13226.885
      retimed   off WNS=  -0.118 TNS=    -9.057 viol= 125.0 WL=   12850.3
      directive off WNS=  -0.086 TNS=    -9.461 viol= 235.0 WL=  13183.77
  r06_fsm_high_fanin              STRESSED at p=0.3724
      orig      off WNS=  -0.125 TNS=    -1.111 viol=  11.0 WL=  24415.41
      orig      on  WNS=  -0.141 TNS=    -8.671 viol=  85.0 WL= 19380.015
      retimed   off WNS=  -0.119 TNS=    -0.776 viol=   8.0 WL=  21679.97
      directive off WNS=  -0.141 TNS=    -8.671 viol=  85.0 WL= 19380.015
  r08_fsm_output_decode           STRESSED at p=0.245
      orig      off WNS=  -0.452 TNS=    -4.017 viol=  21.0 WL=   5722.64
      orig      on  WNS=  -0.113 TNS=    -3.941 viol=  60.0 WL=    5767.7
      retimed   off WNS=  -0.209 TNS=    -5.991 viol=  32.0 WL=  5094.505
      directive off WNS=  -0.113 TNS=    -3.941 viol=  60.0 WL=    5767.7
  r16_dont_touch_conflict         STRESSED at p=0.217
      orig      off WNS=   -0.53 TNS=     -8.31 viol=  34.0 WL=   7593.46
      orig      on  WNS=  -0.099 TNS=     -4.75 viol=  84.0 WL=   6356.93
      retimed   off WNS=  -0.313 TNS=    -9.047 viol=  47.0 WL=  5910.665
      directive off WNS=  -0.099 TNS=     -4.75 viol=  84.0 WL=   6356.93
  r20_glitch_absorb               STRESSED at p=0.1603
      orig      off WNS=  -0.298 TNS=    -7.189 viol=  38.0 WL=  7870.755
      orig      on  WNS=  -0.081 TNS=    -4.015 viol=  90.0 WL=   6931.87
      retimed   off WNS=  -0.155 TNS=     -5.23 viol=  54.0 WL=   6826.13
      directive off WNS=  -0.076 TNS=    -3.861 viol=  97.0 WL=   6871.12
  r21_wire_pipeline_cross_die     STRESSED at p=0.1911
      orig      off WNS=  -0.276 TNS=   -30.618 viol= 141.0 WL= 17864.195
      orig      on  WNS=  -0.091 TNS=   -11.126 viol= 228.0 WL=  20847.56
      retimed   off WNS=  -0.132 TNS=   -16.385 viol= 196.0 WL=  19950.48
      directive off WNS=  -0.091 TNS=   -11.126 viol= 228.0 WL=  20847.56
  r22_fanout_wire_load            STRESSED at p=0.3598
      orig      off WNS=  -0.216 TNS=   -93.355 viol=1287.0 WL=327264.505
      orig      on  WNS=  -0.109 TNS=    -10.83 viol= 206.0 WL= 281703.53
      retimed   off WNS=  -0.108 TNS=   -24.665 viol= 854.0 WL=292908.625
      directive off WNS=  -0.054 TNS=    -2.158 viol= 212.0 WL= 274800.76
  r24_loop_bound_control          STRESSED at p=0.6335
      orig      off WNS=  -0.367 TNS=    -5.612 viol=  16.0 WL=  7214.965
      orig      on  WNS=   -0.36 TNS=   -10.314 viol=  31.0 WL=   6861.03
      retimed   off WNS=  -0.367 TNS=    -5.612 viol=  16.0 WL=  7214.965
      directive off WNS=   -0.36 TNS=   -10.314 viol=  31.0 WL=   6861.03
  r26_sdc_exception_invalidation  STRESSED at p=0.28
      orig      off WNS=  -0.696 TNS=   -12.218 viol=  35.0 WL=  6836.805
      orig      on  WNS=  -0.115 TNS=    -5.669 viol=  73.0 WL=   9068.41
      retimed   off WNS=  -0.629 TNS=   -17.067 viol=  32.0 WL=   8110.85
      directive off WNS=  -0.237 TNS=   -15.339 viol=  80.0 WL=  6559.385
  r28_congestion_wire_split       STRESSED at p=0.1722
      orig      off WNS=  -0.124 TNS=   -34.207 viol= 822.0 WL= 43195.095
      orig      on  WNS=   -0.06 TNS=   -13.906 viol= 742.0 WL=  45481.92
      retimed   off WNS=  -0.107 TNS=   -35.447 viol= 746.0 WL= 42269.185
      directive off WNS=   -0.06 TNS=   -13.906 viol= 742.0 WL=  45481.92
  r29_wide_crossing               STRESSED at p=0.2086
      orig      off WNS=  -0.338 TNS=  -535.006 viol=2830.0 WL=646147.735
      orig      on  WNS=  -0.111 TNS=  -810.098 viol=12379.0 WL=619346.305
      retimed   off WNS=    -0.5 TNS=  -735.657 viol=2827.0 WL= 840538.91
      directive off WNS=  -0.338 TNS=  -535.006 viol=2830.0 WL=646147.735
  r30_fsm_decode_fanout           STRESSED at p=0.3276
      orig      off WNS=  -0.121 TNS=   -115.52 viol=2036.0 WL= 513772.42
      orig      on  WNS=    None TNS=      None viol=  None WL=      None
      retimed   off WNS=  -0.122 TNS=  -110.783 viol=2014.0 WL=534666.685
      directive off WNS=  -0.121 TNS=   -115.52 viol=2036.0 WL= 513772.42
  r31_clone_distinct_reset        STRESSED at p=0.175
      orig      off WNS=  -0.132 TNS=   -55.125 viol= 796.0 WL= 23376.205
      orig      on  WNS=  -0.071 TNS=     -25.9 viol=1202.0 WL= 48038.765
      retimed   off WNS=  -0.055 TNS=    -6.995 viol= 493.0 WL=  23302.97
      directive off WNS=  -0.132 TNS=   -55.125 viol= 796.0 WL= 23376.205
  r32_backward_reset_preimage     STRESSED at p=0.2163
      orig      off WNS=  -0.116 TNS=     -41.6 viol= 798.0 WL=  68911.42
      orig      on  WNS=  -0.072 TNS=   -41.217 viol=1346.0 WL= 80246.475
      retimed   off WNS=  -0.078 TNS=   -34.134 viol= 811.0 WL=  69206.21
      directive off WNS=  -0.116 TNS=     -41.6 viol= 798.0 WL=  68911.42
  benchmarks stressed: 17 / 28
!!! [05:57] ABORT: only 17 benchmarks stressed
=== [06:06] push wrapped + serialised RTL
28
=== [06:06] stage 1/3: floors for all 28 (wrapper changed every design's timing)
  r24_loop_bound_control          retimed   off  min_period=  0.979 ns   probed p0.7854, wns=-0.194
  r24_loop_bound_control          directive off  min_period=  0.905 ns   probed p0.7854, wns=-0.12
  r26_sdc_exception_invalidation  orig      off  min_period=  1.039 ns   probed p0.4404, wns=-0.599
  r26_sdc_exception_invalidation  orig      on   min_period=    0.4 ns   probed p0.2202, wns=-0.18
  r26_sdc_exception_invalidation  retimed   off  min_period=  0.897 ns   probed p0.4404, wns=-0.457
  r26_sdc_exception_invalidation  directive off  min_period=   0.61 ns   probed p0.4404, wns=-0.17
  r27_exception_scope_probe       orig      off  min_period=  0.921 ns   probed p0.6522, wns=-0.269
  r27_exception_scope_probe       orig      on   min_period=  0.386 ns   probed p0.3261, wns=-0.06
  r27_exception_scope_probe       retimed   off  min_period=  0.898 ns   probed p0.6522, wns=-0.246
  r27_exception_scope_probe       directive off  min_period=  0.386 ns   probed p0.3261, wns=-0.06
  r28_congestion_wire_split       orig      off  min_period=  0.293 ns   probed p0.1653, wns=-0.128
  r28_congestion_wire_split       orig      on   min_period=  0.246 ns   probed p0.1653, wns=-0.081
  r28_congestion_wire_split       retimed   off  min_period=  0.288 ns   probed p0.1653, wns=-0.123
  r28_congestion_wire_split       directive off  min_period=  0.246 ns   probed p0.1653, wns=-0.081
  r29_wide_crossing               orig      off  min_period=  0.424 ns   probed p0.36, wns=-0.064
  r29_wide_crossing               orig      on   min_period=  0.298 ns   probed p0.18, wns=-0.118
  r29_wide_crossing               retimed   off  min_period=  0.485 ns   probed p0.36, wns=-0.125
  r29_wide_crossing               directive off  min_period=  0.424 ns   probed p0.36, wns=-0.064
  r30_fsm_decode_fanout           orig      off  min_period=  0.472 ns   probed p0.3, wns=-0.172
  r30_fsm_decode_fanout           orig      on   min_period=  0.476 ns   probed p0.3, wns=-0.176
  r30_fsm_decode_fanout           retimed   off  min_period=  0.468 ns   probed p0.3, wns=-0.168
  r30_fsm_decode_fanout           directive off  min_period=  0.472 ns   probed p0.3, wns=-0.172
  r31_clone_distinct_reset        orig      off  min_period=   0.37 ns   probed p0.3, wns=-0.07
  r31_clone_distinct_reset        orig      on   min_period=   0.25 ns   probed p0.15, wns=-0.1
  r31_clone_distinct_reset        retimed   off  min_period=  0.404 ns   probed p0.3, wns=-0.104
  r31_clone_distinct_reset        directive off  min_period=   0.37 ns   probed p0.3, wns=-0.07
  r32_backward_reset_preimage     orig      off  min_period=  0.344 ns   probed p0.3, wns=-0.044
  r32_backward_reset_preimage     orig      on   min_period=  0.311 ns   probed p0.3, wns=-0.011
  r32_backward_reset_preimage     retimed   off  min_period=  0.309 ns   probed p0.15, wns=-0.159
  r32_backward_reset_preimage     directive off  min_period=  0.344 ns   probed p0.3, wns=-0.044

wrote /home/esifferm/GitHub/retiming/results/fmax_v2.json
  floors measured: 112
=== [07:04] stage 2/3: stress sweep, all 28, post-route
17 benchmark(s) already stressed, 11 to do
total concurrent tool jobs capped at 16

  r04_init_only_no_reset          STRESSED at p=0.1771
      orig      off WNS=  -0.237 TNS=     -4.39 viol=  20.0 WL=  3508.745
      orig      on  WNS=  -0.074 TNS=     -2.12 viol=  53.0 WL=  3654.425
      retimed   off WNS=  -0.274 TNS=    -6.285 viol=  28.0 WL=  3712.895
      directive off WNS=  -0.074 TNS=     -2.12 viol=  53.0 WL=  3654.425
  r09_unbalanced_mult_pipe        STRESSED at p=0.203
      orig      off WNS=  -0.494 TNS=   -16.928 viol=  64.0 WL=   30663.9
      orig      on  WNS=  -0.109 TNS=    -14.36 viol= 264.0 WL= 31200.775
      retimed   off WNS=  -0.409 TNS=   -21.069 viol=  80.0 WL=  32343.76
      directive off WNS=  -0.109 TNS=    -14.36 viol= 264.0 WL= 31200.775
  r10_long_carry_chain            STRESSED at p=0.1673
      orig      off WNS=  -0.334 TNS=   -32.456 viol= 275.0 WL= 23001.825
      orig      on  WNS=  -0.103 TNS=   -28.583 viol= 488.0 WL=   24265.4
      retimed   off WNS=  -0.289 TNS=    -33.08 viol= 291.0 WL=  24685.97
      directive off WNS=  -0.103 TNS=   -28.583 viol= 488.0 WL=   24265.4
  r11_deep_retime_distance        STRESSED at p=0.5201
      orig      off WNS=  -2.951 TNS=   -88.432 viol=  44.0 WL=  40698.55
      orig      on  WNS=  -0.242 TNS=   -31.896 viol= 173.0 WL=  35873.39
      retimed   off WNS=  -0.511 TNS=   -54.756 viol= 127.0 WL=  43272.52
      directive off WNS=  -0.242 TNS=   -31.896 viol= 173.0 WL=  35873.39
  r12_wide_reduction_tree         STRESSED at p=0.1764
      orig      off WNS=  -0.378 TNS=    -2.539 viol=   7.0 WL=  7990.975
      orig      on  WNS=  -0.064 TNS=    -1.671 viol=  46.0 WL=   6403.88
      retimed   off WNS=  -0.195 TNS=    -4.549 viol=  27.0 WL=   7304.26
      directive off WNS=  -0.064 TNS=    -1.671 viol=  46.0 WL=   6403.88
  r13_retime_around_sram          STRESSED at p=0.1771
      orig      off WNS=  -0.186 TNS=    -49.16 viol= 869.0 WL= 33526.565
      orig      on  WNS=  -0.086 TNS=    -11.37 viol= 437.0 WL= 61238.645
      retimed   off WNS=  -0.305 TNS=   -94.892 viol= 762.0 WL=  38896.34
      directive off WNS=  -0.086 TNS=    -11.37 viol= 437.0 WL= 61238.645
  r15_hier_boundary_block         STRESSED at p=0.1946
      orig      off WNS=  -0.496 TNS=    -7.833 viol=  21.0 WL=  4783.295
      orig      on  WNS=  -0.094 TNS=    -3.815 viol=  64.0 WL=  3995.815
      retimed   off WNS=  -0.252 TNS=     -5.14 viol=  24.0 WL=    4975.4
      directive off WNS=  -0.094 TNS=    -3.815 viol=  64.0 WL=  3995.815
  r17_clock_enable_barrier        STRESSED at p=0.2107
      orig      off WNS=  -0.024 TNS=    -0.307 viol=  16.0 WL=  5427.405
      orig      on  WNS=  -0.089 TNS=    -2.577 viol=  68.0 WL=  5935.325
      retimed   off WNS=   -0.29 TNS=    -5.258 viol=  24.0 WL=  4616.945
      directive off WNS=  -0.089 TNS=    -2.577 viol=  68.0 WL=  5935.325
  r18_clock_gated_region          STRESSED at p=0.2275
      orig      off WNS=  -0.235 TNS=     -8.93 viol=  63.0 WL=   6250.36
      orig      on  WNS=  -0.106 TNS=    -3.224 viol=  60.0 WL=   5316.24
      retimed   off WNS=  -0.235 TNS=    -7.866 viol=  57.0 WL=   6222.65
      directive off WNS=  -0.106 TNS=    -3.224 viol=  60.0 WL=   5316.24
  r19_power_activity_retime       STRESSED at p=0.1827
      orig      off WNS=   -0.38 TNS=    -2.882 viol=  11.0 WL=   8416.76
      orig      on  WNS=  -0.088 TNS=    -4.661 viol=  96.0 WL=  7020.625
      retimed   off WNS=  -0.356 TNS=    -2.401 viol=   8.0 WL=  6984.505
      directive off WNS=  -0.096 TNS=    -5.725 viol=  92.0 WL=  7630.085
  r27_exception_scope_probe       STRESSED at p=0.2702
      orig      off WNS=  -0.424 TNS=   -16.095 viol=  55.0 WL=  10629.85
      orig      on  WNS=  -0.112 TNS=    -4.418 viol=  89.0 WL= 10784.655
      retimed   off WNS=  -0.422 TNS=   -14.684 viol=  57.0 WL=  9495.465
      directive off WNS=  -0.112 TNS=    -4.418 viol=  89.0 WL= 10784.655
  benchmarks stressed: 11 / 28
!!! [07:13] ABORT: only 11 benchmarks stressed
=== [07:26] push wrapped + serialised RTL
28
=== [07:26] stage 1/3: floors for all 28 (wrapper changed every design's timing)
  r24_loop_bound_control          retimed   off  min_period=  0.979 ns   probed p0.7854, wns=-0.194
  r24_loop_bound_control          directive off  min_period=  0.905 ns   probed p0.7854, wns=-0.12
  r26_sdc_exception_invalidation  orig      off  min_period=  1.039 ns   probed p0.4404, wns=-0.599
  r26_sdc_exception_invalidation  orig      on   min_period=    0.4 ns   probed p0.2202, wns=-0.18
  r26_sdc_exception_invalidation  retimed   off  min_period=  0.897 ns   probed p0.4404, wns=-0.457
  r26_sdc_exception_invalidation  directive off  min_period=   0.61 ns   probed p0.4404, wns=-0.17
  r27_exception_scope_probe       orig      off  min_period=  0.921 ns   probed p0.6522, wns=-0.269
  r27_exception_scope_probe       orig      on   min_period=  0.386 ns   probed p0.3261, wns=-0.06
  r27_exception_scope_probe       retimed   off  min_period=  0.898 ns   probed p0.6522, wns=-0.246
  r27_exception_scope_probe       directive off  min_period=  0.386 ns   probed p0.3261, wns=-0.06
  r28_congestion_wire_split       orig      off  min_period=  0.293 ns   probed p0.1653, wns=-0.128
  r28_congestion_wire_split       orig      on   min_period=  0.246 ns   probed p0.1653, wns=-0.081
  r28_congestion_wire_split       retimed   off  min_period=  0.288 ns   probed p0.1653, wns=-0.123
  r28_congestion_wire_split       directive off  min_period=  0.246 ns   probed p0.1653, wns=-0.081
  r29_wide_crossing               orig      off  min_period=  0.424 ns   probed p0.36, wns=-0.064
  r29_wide_crossing               orig      on   min_period=  0.298 ns   probed p0.18, wns=-0.118
  r29_wide_crossing               retimed   off  min_period=  0.485 ns   probed p0.36, wns=-0.125
  r29_wide_crossing               directive off  min_period=  0.424 ns   probed p0.36, wns=-0.064
  r30_fsm_decode_fanout           orig      off  min_period=  0.472 ns   probed p0.3, wns=-0.172
  r30_fsm_decode_fanout           orig      on   min_period=  0.476 ns   probed p0.3, wns=-0.176
  r30_fsm_decode_fanout           retimed   off  min_period=  0.468 ns   probed p0.3, wns=-0.168
  r30_fsm_decode_fanout           directive off  min_period=  0.472 ns   probed p0.3, wns=-0.172
  r31_clone_distinct_reset        orig      off  min_period=   0.37 ns   probed p0.3, wns=-0.07
  r31_clone_distinct_reset        orig      on   min_period=   0.25 ns   probed p0.15, wns=-0.1
  r31_clone_distinct_reset        retimed   off  min_period=  0.404 ns   probed p0.3, wns=-0.104
  r31_clone_distinct_reset        directive off  min_period=   0.37 ns   probed p0.3, wns=-0.07
  r32_backward_reset_preimage     orig      off  min_period=  0.344 ns   probed p0.3, wns=-0.044
  r32_backward_reset_preimage     orig      on   min_period=  0.311 ns   probed p0.3, wns=-0.011
  r32_backward_reset_preimage     retimed   off  min_period=  0.309 ns   probed p0.15, wns=-0.159
  r32_backward_reset_preimage     directive off  min_period=  0.344 ns   probed p0.3, wns=-0.044

wrote /home/esifferm/GitHub/retiming/results/fmax_v2.json
  floors measured: 112
=== [08:24] stage 2/3: stress sweep, all 28, post-route
  r02_reset_no_valid_init         STRESSED at p=0.1862
      orig      off WNS=    None TNS=      None viol=  None WL=      None
      orig      on  WNS=  -0.076 TNS=    -4.118 viol=  81.0 WL=  4809.805
      retimed   off WNS=   -0.24 TNS=    -4.578 viol=  24.0 WL=   4274.36
      directive off WNS=  -0.076 TNS=    -4.118 viol=  81.0 WL=  4809.805
  r03_async_reset_blocker         STRESSED at p=0.1841
      orig      off WNS=  -0.007 TNS=    -0.019 viol=   7.0 WL=  7135.095
      orig      on  WNS=  -0.071 TNS=    -3.084 viol=  62.0 WL=   5127.13
      retimed   off WNS=  -0.283 TNS=    -6.744 viol=  30.0 WL=  3864.005
      directive off WNS=  -0.071 TNS=    -3.084 viol=  62.0 WL=   5127.13
  r05_fsm_high_fanout             STRESSED at p=0.147
      orig      off WNS=  -0.194 TNS=    -5.857 viol=  66.0 WL= 11610.505
      orig      on  WNS=  -0.086 TNS=   -10.382 viol= 244.0 WL= 13226.885
      retimed   off WNS=  -0.118 TNS=    -9.057 viol= 125.0 WL=   12850.3
      directive off WNS=  -0.086 TNS=    -9.461 viol= 235.0 WL=  13183.77
  r06_fsm_high_fanin              STRESSED at p=0.3724
      orig      off WNS=  -0.125 TNS=    -1.111 viol=  11.0 WL=  24415.41
      orig      on  WNS=  -0.141 TNS=    -8.671 viol=  85.0 WL= 19380.015
      retimed   off WNS=  -0.119 TNS=    -0.776 viol=   8.0 WL=  21679.97
      directive off WNS=  -0.141 TNS=    -8.671 viol=  85.0 WL= 19380.015
  r08_fsm_output_decode           STRESSED at p=0.245
      orig      off WNS=  -0.452 TNS=    -4.017 viol=  21.0 WL=   5722.64
      orig      on  WNS=  -0.113 TNS=    -3.941 viol=  60.0 WL=    5767.7
      retimed   off WNS=  -0.209 TNS=    -5.991 viol=  32.0 WL=  5094.505
      directive off WNS=  -0.113 TNS=    -3.941 viol=  60.0 WL=    5767.7
  r16_dont_touch_conflict         STRESSED at p=0.217
      orig      off WNS=   -0.53 TNS=     -8.31 viol=  34.0 WL=   7593.46
      orig      on  WNS=  -0.099 TNS=     -4.75 viol=  84.0 WL=   6356.93
      retimed   off WNS=  -0.313 TNS=    -9.047 viol=  47.0 WL=  5910.665
      directive off WNS=  -0.099 TNS=     -4.75 viol=  84.0 WL=   6356.93
  r20_glitch_absorb               STRESSED at p=0.1603
      orig      off WNS=  -0.298 TNS=    -7.189 viol=  38.0 WL=  7870.755
      orig      on  WNS=  -0.081 TNS=    -4.015 viol=  90.0 WL=   6931.87
      retimed   off WNS=  -0.155 TNS=     -5.23 viol=  54.0 WL=   6826.13
      directive off WNS=  -0.076 TNS=    -3.861 viol=  97.0 WL=   6871.12
  r21_wire_pipeline_cross_die     STRESSED at p=0.1911
      orig      off WNS=  -0.276 TNS=   -30.618 viol= 141.0 WL= 17864.195
      orig      on  WNS=  -0.091 TNS=   -11.126 viol= 228.0 WL=  20847.56
      retimed   off WNS=  -0.132 TNS=   -16.385 viol= 196.0 WL=  19950.48
      directive off WNS=  -0.091 TNS=   -11.126 viol= 228.0 WL=  20847.56
  r22_fanout_wire_load            STRESSED at p=0.3598
      orig      off WNS=  -0.216 TNS=   -93.355 viol=1287.0 WL=327264.505
      orig      on  WNS=  -0.109 TNS=    -10.83 viol= 206.0 WL= 281703.53
      retimed   off WNS=  -0.108 TNS=   -24.665 viol= 854.0 WL=292908.625
      directive off WNS=  -0.054 TNS=    -2.158 viol= 212.0 WL= 274800.76
  r24_loop_bound_control          STRESSED at p=0.6335
      orig      off WNS=  -0.367 TNS=    -5.612 viol=  16.0 WL=  7214.965
      orig      on  WNS=   -0.36 TNS=   -10.314 viol=  31.0 WL=   6861.03
      retimed   off WNS=  -0.367 TNS=    -5.612 viol=  16.0 WL=  7214.965
      directive off WNS=   -0.36 TNS=   -10.314 viol=  31.0 WL=   6861.03
  r26_sdc_exception_invalidation  STRESSED at p=0.28
      orig      off WNS=  -0.696 TNS=   -12.218 viol=  35.0 WL=  6836.805
      orig      on  WNS=  -0.115 TNS=    -5.669 viol=  73.0 WL=   9068.41
      retimed   off WNS=  -0.629 TNS=   -17.067 viol=  32.0 WL=   8110.85
      directive off WNS=  -0.237 TNS=   -15.339 viol=  80.0 WL=  6559.385
  r28_congestion_wire_split       STRESSED at p=0.1722
      orig      off WNS=  -0.124 TNS=   -34.207 viol= 822.0 WL= 43195.095
      orig      on  WNS=   -0.06 TNS=   -13.906 viol= 742.0 WL=  45481.92
      retimed   off WNS=  -0.107 TNS=   -35.447 viol= 746.0 WL= 42269.185
      directive off WNS=   -0.06 TNS=   -13.906 viol= 742.0 WL=  45481.92
  r29_wide_crossing               STRESSED at p=0.2086
      orig      off WNS=  -0.338 TNS=  -535.006 viol=2830.0 WL=646147.735
      orig      on  WNS=  -0.111 TNS=  -810.098 viol=12379.0 WL=619346.305
      retimed   off WNS=    -0.5 TNS=  -735.657 viol=2827.0 WL= 840538.91
      directive off WNS=  -0.338 TNS=  -535.006 viol=2830.0 WL=646147.735
  r30_fsm_decode_fanout           STRESSED at p=0.3276
      orig      off WNS=  -0.121 TNS=   -115.52 viol=2036.0 WL= 513772.42
      orig      on  WNS=    None TNS=      None viol=  None WL=      None
      retimed   off WNS=  -0.122 TNS=  -110.783 viol=2014.0 WL=534666.685
      directive off WNS=  -0.121 TNS=   -115.52 viol=2036.0 WL= 513772.42
  r31_clone_distinct_reset        STRESSED at p=0.175
      orig      off WNS=  -0.132 TNS=   -55.125 viol= 796.0 WL= 23376.205
      orig      on  WNS=  -0.071 TNS=     -25.9 viol=1202.0 WL= 48038.765
      retimed   off WNS=  -0.055 TNS=    -6.995 viol= 493.0 WL=  23302.97
      directive off WNS=  -0.132 TNS=   -55.125 viol= 796.0 WL= 23376.205
  r32_backward_reset_preimage     STRESSED at p=0.2163
      orig      off WNS=  -0.116 TNS=     -41.6 viol= 798.0 WL=  68911.42
      orig      on  WNS=  -0.072 TNS=   -41.217 viol=1346.0 WL= 80246.475
      retimed   off WNS=  -0.078 TNS=   -34.134 viol= 811.0 WL=  69206.21
      directive off WNS=  -0.116 TNS=     -41.6 viol= 798.0 WL=  68911.42
  benchmarks stressed: 17 / 28
!!! [08:56] ABORT: only 17 benchmarks stressed
=== [09:06] push wrapped + serialised RTL
28
=== [09:06] stage 1/3: floors for all 28 (wrapper changed every design's timing)
  r24_loop_bound_control          retimed   off  min_period=  0.979 ns   probed p0.7854, wns=-0.194
  r24_loop_bound_control          directive off  min_period=  0.905 ns   probed p0.7854, wns=-0.12
  r26_sdc_exception_invalidation  orig      off  min_period=  1.039 ns   probed p0.4404, wns=-0.599
  r26_sdc_exception_invalidation  orig      on   min_period=    0.4 ns   probed p0.2202, wns=-0.18
  r26_sdc_exception_invalidation  retimed   off  min_period=  0.897 ns   probed p0.4404, wns=-0.457
  r26_sdc_exception_invalidation  directive off  min_period=   0.61 ns   probed p0.4404, wns=-0.17
  r27_exception_scope_probe       orig      off  min_period=  0.921 ns   probed p0.6522, wns=-0.269
  r27_exception_scope_probe       orig      on   min_period=  0.386 ns   probed p0.3261, wns=-0.06
  r27_exception_scope_probe       retimed   off  min_period=  0.898 ns   probed p0.6522, wns=-0.246
  r27_exception_scope_probe       directive off  min_period=  0.386 ns   probed p0.3261, wns=-0.06
  r28_congestion_wire_split       orig      off  min_period=  0.293 ns   probed p0.1653, wns=-0.128
  r28_congestion_wire_split       orig      on   min_period=  0.246 ns   probed p0.1653, wns=-0.081
  r28_congestion_wire_split       retimed   off  min_period=  0.288 ns   probed p0.1653, wns=-0.123
  r28_congestion_wire_split       directive off  min_period=  0.246 ns   probed p0.1653, wns=-0.081
  r29_wide_crossing               orig      off  min_period=  0.424 ns   probed p0.36, wns=-0.064
  r29_wide_crossing               orig      on   min_period=  0.298 ns   probed p0.18, wns=-0.118
  r29_wide_crossing               retimed   off  min_period=  0.485 ns   probed p0.36, wns=-0.125
  r29_wide_crossing               directive off  min_period=  0.424 ns   probed p0.36, wns=-0.064
  r30_fsm_decode_fanout           orig      off  min_period=  0.472 ns   probed p0.3, wns=-0.172
  r30_fsm_decode_fanout           orig      on   min_period=  0.476 ns   probed p0.3, wns=-0.176
  r30_fsm_decode_fanout           retimed   off  min_period=  0.468 ns   probed p0.3, wns=-0.168
  r30_fsm_decode_fanout           directive off  min_period=  0.472 ns   probed p0.3, wns=-0.172
  r31_clone_distinct_reset        orig      off  min_period=   0.37 ns   probed p0.3, wns=-0.07
  r31_clone_distinct_reset        orig      on   min_period=   0.25 ns   probed p0.15, wns=-0.1
  r31_clone_distinct_reset        retimed   off  min_period=  0.404 ns   probed p0.3, wns=-0.104
  r31_clone_distinct_reset        directive off  min_period=   0.37 ns   probed p0.3, wns=-0.07
  r32_backward_reset_preimage     orig      off  min_period=  0.344 ns   probed p0.3, wns=-0.044
  r32_backward_reset_preimage     orig      on   min_period=  0.311 ns   probed p0.3, wns=-0.011
  r32_backward_reset_preimage     retimed   off  min_period=  0.309 ns   probed p0.15, wns=-0.159
  r32_backward_reset_preimage     directive off  min_period=  0.344 ns   probed p0.3, wns=-0.044

wrote /home/esifferm/GitHub/retiming/results/fmax_v2.json
  floors measured: 112
=== [10:04] stage 2/3: stress sweep, all 28, post-route
17 benchmark(s) already stressed, 11 to do
total concurrent tool jobs capped at 16

  r04_init_only_no_reset          STRESSED at p=0.1771
      orig      off WNS=  -0.237 TNS=     -4.39 viol=  20.0 WL=  3508.745
      orig      on  WNS=  -0.074 TNS=     -2.12 viol=  53.0 WL=  3654.425
      retimed   off WNS=  -0.274 TNS=    -6.285 viol=  28.0 WL=  3712.895
      directive off WNS=  -0.074 TNS=     -2.12 viol=  53.0 WL=  3654.425
  r09_unbalanced_mult_pipe        STRESSED at p=0.203
      orig      off WNS=  -0.494 TNS=   -16.928 viol=  64.0 WL=   30663.9
      orig      on  WNS=  -0.109 TNS=    -14.36 viol= 264.0 WL= 31200.775
      retimed   off WNS=  -0.409 TNS=   -21.069 viol=  80.0 WL=  32343.76
      directive off WNS=  -0.109 TNS=    -14.36 viol= 264.0 WL= 31200.775
  r10_long_carry_chain            STRESSED at p=0.1673
      orig      off WNS=  -0.334 TNS=   -32.456 viol= 275.0 WL= 23001.825
      orig      on  WNS=  -0.103 TNS=   -28.583 viol= 488.0 WL=   24265.4
      retimed   off WNS=  -0.289 TNS=    -33.08 viol= 291.0 WL=  24685.97
      directive off WNS=  -0.103 TNS=   -28.583 viol= 488.0 WL=   24265.4
  r11_deep_retime_distance        STRESSED at p=0.5201
      orig      off WNS=  -2.951 TNS=   -88.432 viol=  44.0 WL=  40698.55
      orig      on  WNS=  -0.242 TNS=   -31.896 viol= 173.0 WL=  35873.39
      retimed   off WNS=  -0.511 TNS=   -54.756 viol= 127.0 WL=  43272.52
      directive off WNS=  -0.242 TNS=   -31.896 viol= 173.0 WL=  35873.39
  r12_wide_reduction_tree         STRESSED at p=0.1764
      orig      off WNS=  -0.378 TNS=    -2.539 viol=   7.0 WL=  7990.975
      orig      on  WNS=  -0.064 TNS=    -1.671 viol=  46.0 WL=   6403.88
      retimed   off WNS=  -0.195 TNS=    -4.549 viol=  27.0 WL=   7304.26
      directive off WNS=  -0.064 TNS=    -1.671 viol=  46.0 WL=   6403.88
  r13_retime_around_sram          STRESSED at p=0.1771
      orig      off WNS=  -0.186 TNS=    -49.16 viol= 869.0 WL= 33526.565
      orig      on  WNS=  -0.086 TNS=    -11.37 viol= 437.0 WL= 61238.645
      retimed   off WNS=  -0.305 TNS=   -94.892 viol= 762.0 WL=  38896.34
      directive off WNS=  -0.086 TNS=    -11.37 viol= 437.0 WL= 61238.645
  r15_hier_boundary_block         STRESSED at p=0.1946
      orig      off WNS=  -0.496 TNS=    -7.833 viol=  21.0 WL=  4783.295
      orig      on  WNS=  -0.094 TNS=    -3.815 viol=  64.0 WL=  3995.815
      retimed   off WNS=  -0.252 TNS=     -5.14 viol=  24.0 WL=    4975.4
      directive off WNS=  -0.094 TNS=    -3.815 viol=  64.0 WL=  3995.815
  r17_clock_enable_barrier        STRESSED at p=0.2107
      orig      off WNS=  -0.024 TNS=    -0.307 viol=  16.0 WL=  5427.405
      orig      on  WNS=  -0.089 TNS=    -2.577 viol=  68.0 WL=  5935.325
      retimed   off WNS=   -0.29 TNS=    -5.258 viol=  24.0 WL=  4616.945
      directive off WNS=  -0.089 TNS=    -2.577 viol=  68.0 WL=  5935.325
  r18_clock_gated_region          STRESSED at p=0.2275
      orig      off WNS=  -0.235 TNS=     -8.93 viol=  63.0 WL=   6250.36
      orig      on  WNS=  -0.106 TNS=    -3.224 viol=  60.0 WL=   5316.24
      retimed   off WNS=  -0.235 TNS=    -7.866 viol=  57.0 WL=   6222.65
      directive off WNS=  -0.106 TNS=    -3.224 viol=  60.0 WL=   5316.24
  r19_power_activity_retime       STRESSED at p=0.1827
      orig      off WNS=   -0.38 TNS=    -2.882 viol=  11.0 WL=   8416.76
      orig      on  WNS=  -0.088 TNS=    -4.661 viol=  96.0 WL=  7020.625
      retimed   off WNS=  -0.356 TNS=    -2.401 viol=   8.0 WL=  6984.505
      directive off WNS=  -0.096 TNS=    -5.725 viol=  92.0 WL=  7630.085
  r27_exception_scope_probe       STRESSED at p=0.2702
      orig      off WNS=  -0.424 TNS=   -16.095 viol=  55.0 WL=  10629.85
      orig      on  WNS=  -0.112 TNS=    -4.418 viol=  89.0 WL= 10784.655
      retimed   off WNS=  -0.422 TNS=   -14.684 viol=  57.0 WL=  9495.465
      directive off WNS=  -0.112 TNS=    -4.418 viol=  89.0 WL= 10784.655
  benchmarks stressed: 11 / 28
!!! [10:14] ABORT: only 11 benchmarks stressed
=== [10:26] push wrapped + serialised RTL
28
=== [10:26] stage 1/3: floors for all 28 (wrapper changed every design's timing)
  r24_loop_bound_control          retimed   off  min_period=  0.979 ns   probed p0.7854, wns=-0.194
  r24_loop_bound_control          directive off  min_period=  0.905 ns   probed p0.7854, wns=-0.12
  r26_sdc_exception_invalidation  orig      off  min_period=  1.039 ns   probed p0.4404, wns=-0.599
  r26_sdc_exception_invalidation  orig      on   min_period=    0.4 ns   probed p0.2202, wns=-0.18
  r26_sdc_exception_invalidation  retimed   off  min_period=  0.897 ns   probed p0.4404, wns=-0.457
  r26_sdc_exception_invalidation  directive off  min_period=   0.61 ns   probed p0.4404, wns=-0.17
  r27_exception_scope_probe       orig      off  min_period=  0.921 ns   probed p0.6522, wns=-0.269
  r27_exception_scope_probe       orig      on   min_period=  0.386 ns   probed p0.3261, wns=-0.06
  r27_exception_scope_probe       retimed   off  min_period=  0.898 ns   probed p0.6522, wns=-0.246
  r27_exception_scope_probe       directive off  min_period=  0.386 ns   probed p0.3261, wns=-0.06
  r28_congestion_wire_split       orig      off  min_period=  0.293 ns   probed p0.1653, wns=-0.128
  r28_congestion_wire_split       orig      on   min_period=  0.246 ns   probed p0.1653, wns=-0.081
  r28_congestion_wire_split       retimed   off  min_period=  0.288 ns   probed p0.1653, wns=-0.123
  r28_congestion_wire_split       directive off  min_period=  0.246 ns   probed p0.1653, wns=-0.081
  r29_wide_crossing               orig      off  min_period=  0.424 ns   probed p0.36, wns=-0.064
  r29_wide_crossing               orig      on   min_period=  0.298 ns   probed p0.18, wns=-0.118
  r29_wide_crossing               retimed   off  min_period=  0.485 ns   probed p0.36, wns=-0.125
  r29_wide_crossing               directive off  min_period=  0.424 ns   probed p0.36, wns=-0.064
  r30_fsm_decode_fanout           orig      off  min_period=  0.472 ns   probed p0.3, wns=-0.172
  r30_fsm_decode_fanout           orig      on   min_period=  0.476 ns   probed p0.3, wns=-0.176
  r30_fsm_decode_fanout           retimed   off  min_period=  0.468 ns   probed p0.3, wns=-0.168
  r30_fsm_decode_fanout           directive off  min_period=  0.472 ns   probed p0.3, wns=-0.172
  r31_clone_distinct_reset        orig      off  min_period=   0.37 ns   probed p0.3, wns=-0.07
  r31_clone_distinct_reset        orig      on   min_period=   0.25 ns   probed p0.15, wns=-0.1
  r31_clone_distinct_reset        retimed   off  min_period=  0.404 ns   probed p0.3, wns=-0.104
  r31_clone_distinct_reset        directive off  min_period=   0.37 ns   probed p0.3, wns=-0.07
  r32_backward_reset_preimage     orig      off  min_period=  0.344 ns   probed p0.3, wns=-0.044
  r32_backward_reset_preimage     orig      on   min_period=  0.311 ns   probed p0.3, wns=-0.011
  r32_backward_reset_preimage     retimed   off  min_period=  0.309 ns   probed p0.15, wns=-0.159
  r32_backward_reset_preimage     directive off  min_period=  0.344 ns   probed p0.3, wns=-0.044

wrote /home/esifferm/GitHub/retiming/results/fmax_v2.json
  floors measured: 112
=== [11:28] stage 2/3: stress sweep, all 28, post-route
  r02_reset_no_valid_init         STRESSED at p=0.1862
      orig      off WNS=    None TNS=      None viol=  None WL=      None
      orig      on  WNS=  -0.076 TNS=    -4.118 viol=  81.0 WL=  4809.805
      retimed   off WNS=   -0.24 TNS=    -4.578 viol=  24.0 WL=   4274.36
      directive off WNS=  -0.076 TNS=    -4.118 viol=  81.0 WL=  4809.805
  r03_async_reset_blocker         STRESSED at p=0.1841
      orig      off WNS=  -0.007 TNS=    -0.019 viol=   7.0 WL=  7135.095
      orig      on  WNS=  -0.071 TNS=    -3.084 viol=  62.0 WL=   5127.13
      retimed   off WNS=  -0.283 TNS=    -6.744 viol=  30.0 WL=  3864.005
      directive off WNS=  -0.071 TNS=    -3.084 viol=  62.0 WL=   5127.13
  r05_fsm_high_fanout             STRESSED at p=0.147
      orig      off WNS=  -0.194 TNS=    -5.857 viol=  66.0 WL= 11610.505
      orig      on  WNS=  -0.086 TNS=   -10.382 viol= 244.0 WL= 13226.885
      retimed   off WNS=  -0.118 TNS=    -9.057 viol= 125.0 WL=   12850.3
      directive off WNS=  -0.086 TNS=    -9.461 viol= 235.0 WL=  13183.77
  r06_fsm_high_fanin              STRESSED at p=0.3724
      orig      off WNS=  -0.125 TNS=    -1.111 viol=  11.0 WL=  24415.41
      orig      on  WNS=  -0.141 TNS=    -8.671 viol=  85.0 WL= 19380.015
      retimed   off WNS=  -0.119 TNS=    -0.776 viol=   8.0 WL=  21679.97
      directive off WNS=  -0.141 TNS=    -8.671 viol=  85.0 WL= 19380.015
  r08_fsm_output_decode           STRESSED at p=0.245
      orig      off WNS=  -0.452 TNS=    -4.017 viol=  21.0 WL=   5722.64
      orig      on  WNS=  -0.113 TNS=    -3.941 viol=  60.0 WL=    5767.7
      retimed   off WNS=  -0.209 TNS=    -5.991 viol=  32.0 WL=  5094.505
      directive off WNS=  -0.113 TNS=    -3.941 viol=  60.0 WL=    5767.7
  r16_dont_touch_conflict         STRESSED at p=0.217
      orig      off WNS=   -0.53 TNS=     -8.31 viol=  34.0 WL=   7593.46
      orig      on  WNS=  -0.099 TNS=     -4.75 viol=  84.0 WL=   6356.93
      retimed   off WNS=  -0.313 TNS=    -9.047 viol=  47.0 WL=  5910.665
      directive off WNS=  -0.099 TNS=     -4.75 viol=  84.0 WL=   6356.93
  r20_glitch_absorb               STRESSED at p=0.1603
      orig      off WNS=  -0.298 TNS=    -7.189 viol=  38.0 WL=  7870.755
      orig      on  WNS=  -0.081 TNS=    -4.015 viol=  90.0 WL=   6931.87
      retimed   off WNS=  -0.155 TNS=     -5.23 viol=  54.0 WL=   6826.13
      directive off WNS=  -0.076 TNS=    -3.861 viol=  97.0 WL=   6871.12
  r21_wire_pipeline_cross_die     STRESSED at p=0.1911
      orig      off WNS=  -0.276 TNS=   -30.618 viol= 141.0 WL= 17864.195
      orig      on  WNS=  -0.091 TNS=   -11.126 viol= 228.0 WL=  20847.56
      retimed   off WNS=  -0.132 TNS=   -16.385 viol= 196.0 WL=  19950.48
      directive off WNS=  -0.091 TNS=   -11.126 viol= 228.0 WL=  20847.56
  r22_fanout_wire_load            STRESSED at p=0.3598
      orig      off WNS=  -0.216 TNS=   -93.355 viol=1287.0 WL=327264.505
      orig      on  WNS=  -0.109 TNS=    -10.83 viol= 206.0 WL= 281703.53
      retimed   off WNS=  -0.108 TNS=   -24.665 viol= 854.0 WL=292908.625
      directive off WNS=  -0.054 TNS=    -2.158 viol= 212.0 WL= 274800.76
  r24_loop_bound_control          STRESSED at p=0.6335
      orig      off WNS=  -0.367 TNS=    -5.612 viol=  16.0 WL=  7214.965
      orig      on  WNS=   -0.36 TNS=   -10.314 viol=  31.0 WL=   6861.03
      retimed   off WNS=  -0.367 TNS=    -5.612 viol=  16.0 WL=  7214.965
      directive off WNS=   -0.36 TNS=   -10.314 viol=  31.0 WL=   6861.03
  r26_sdc_exception_invalidation  STRESSED at p=0.28
      orig      off WNS=  -0.696 TNS=   -12.218 viol=  35.0 WL=  6836.805
      orig      on  WNS=  -0.115 TNS=    -5.669 viol=  73.0 WL=   9068.41
      retimed   off WNS=  -0.629 TNS=   -17.067 viol=  32.0 WL=   8110.85
      directive off WNS=  -0.237 TNS=   -15.339 viol=  80.0 WL=  6559.385
  r28_congestion_wire_split       STRESSED at p=0.1722
      orig      off WNS=  -0.124 TNS=   -34.207 viol= 822.0 WL= 43195.095
      orig      on  WNS=   -0.06 TNS=   -13.906 viol= 742.0 WL=  45481.92
      retimed   off WNS=  -0.107 TNS=   -35.447 viol= 746.0 WL= 42269.185
      directive off WNS=   -0.06 TNS=   -13.906 viol= 742.0 WL=  45481.92
  r29_wide_crossing               STRESSED at p=0.2086
      orig      off WNS=  -0.338 TNS=  -535.006 viol=2830.0 WL=646147.735
      orig      on  WNS=  -0.111 TNS=  -810.098 viol=12379.0 WL=619346.305
      retimed   off WNS=    -0.5 TNS=  -735.657 viol=2827.0 WL= 840538.91
      directive off WNS=  -0.338 TNS=  -535.006 viol=2830.0 WL=646147.735
  r30_fsm_decode_fanout           STRESSED at p=0.3276
      orig      off WNS=  -0.121 TNS=   -115.52 viol=2036.0 WL= 513772.42
      orig      on  WNS=    None TNS=      None viol=  None WL=      None
      retimed   off WNS=  -0.122 TNS=  -110.783 viol=2014.0 WL=534666.685
      directive off WNS=  -0.121 TNS=   -115.52 viol=2036.0 WL= 513772.42
  r31_clone_distinct_reset        STRESSED at p=0.175
      orig      off WNS=  -0.132 TNS=   -55.125 viol= 796.0 WL= 23376.205
      orig      on  WNS=  -0.071 TNS=     -25.9 viol=1202.0 WL= 48038.765
      retimed   off WNS=  -0.055 TNS=    -6.995 viol= 493.0 WL=  23302.97
      directive off WNS=  -0.132 TNS=   -55.125 viol= 796.0 WL= 23376.205
  r32_backward_reset_preimage     STRESSED at p=0.2163
      orig      off WNS=  -0.116 TNS=     -41.6 viol= 798.0 WL=  68911.42
      orig      on  WNS=  -0.072 TNS=   -41.217 viol=1346.0 WL= 80246.475
      retimed   off WNS=  -0.078 TNS=   -34.134 viol= 811.0 WL=  69206.21
      directive off WNS=  -0.116 TNS=     -41.6 viol= 798.0 WL=  68911.42
  benchmarks stressed: 17 / 28
!!! [12:01] ABORT: only 17 benchmarks stressed
=== [12:06] push wrapped + serialised RTL
28
=== [12:06] stage 1/3: floors for all 28 (wrapper changed every design's timing)
  r24_loop_bound_control          retimed   off  min_period=  0.979 ns   probed p0.7854, wns=-0.194
  r24_loop_bound_control          directive off  min_period=  0.905 ns   probed p0.7854, wns=-0.12
  r26_sdc_exception_invalidation  orig      off  min_period=  1.039 ns   probed p0.4404, wns=-0.599
  r26_sdc_exception_invalidation  orig      on   min_period=    0.4 ns   probed p0.2202, wns=-0.18
  r26_sdc_exception_invalidation  retimed   off  min_period=  0.897 ns   probed p0.4404, wns=-0.457
  r26_sdc_exception_invalidation  directive off  min_period=   0.61 ns   probed p0.4404, wns=-0.17
  r27_exception_scope_probe       orig      off  min_period=  0.921 ns   probed p0.6522, wns=-0.269
  r27_exception_scope_probe       orig      on   min_period=  0.386 ns   probed p0.3261, wns=-0.06
  r27_exception_scope_probe       retimed   off  min_period=  0.898 ns   probed p0.6522, wns=-0.246
  r27_exception_scope_probe       directive off  min_period=  0.386 ns   probed p0.3261, wns=-0.06
  r28_congestion_wire_split       orig      off  min_period=  0.293 ns   probed p0.1653, wns=-0.128
  r28_congestion_wire_split       orig      on   min_period=  0.246 ns   probed p0.1653, wns=-0.081
  r28_congestion_wire_split       retimed   off  min_period=  0.288 ns   probed p0.1653, wns=-0.123
  r28_congestion_wire_split       directive off  min_period=  0.246 ns   probed p0.1653, wns=-0.081
  r29_wide_crossing               orig      off  min_period=  0.424 ns   probed p0.36, wns=-0.064
  r29_wide_crossing               orig      on   min_period=  0.298 ns   probed p0.18, wns=-0.118
  r29_wide_crossing               retimed   off  min_period=  0.485 ns   probed p0.36, wns=-0.125
  r29_wide_crossing               directive off  min_period=  0.424 ns   probed p0.36, wns=-0.064
  r30_fsm_decode_fanout           orig      off  min_period=  0.472 ns   probed p0.3, wns=-0.172
  r30_fsm_decode_fanout           orig      on   min_period=  0.476 ns   probed p0.3, wns=-0.176
  r30_fsm_decode_fanout           retimed   off  min_period=  0.468 ns   probed p0.3, wns=-0.168
  r30_fsm_decode_fanout           directive off  min_period=  0.472 ns   probed p0.3, wns=-0.172
  r31_clone_distinct_reset        orig      off  min_period=   0.37 ns   probed p0.3, wns=-0.07
  r31_clone_distinct_reset        orig      on   min_period=   0.25 ns   probed p0.15, wns=-0.1
  r31_clone_distinct_reset        retimed   off  min_period=  0.404 ns   probed p0.3, wns=-0.104
  r31_clone_distinct_reset        directive off  min_period=   0.37 ns   probed p0.3, wns=-0.07
  r32_backward_reset_preimage     orig      off  min_period=  0.344 ns   probed p0.3, wns=-0.044
  r32_backward_reset_preimage     orig      on   min_period=  0.311 ns   probed p0.3, wns=-0.011
  r32_backward_reset_preimage     retimed   off  min_period=  0.309 ns   probed p0.15, wns=-0.159
  r32_backward_reset_preimage     directive off  min_period=  0.344 ns   probed p0.3, wns=-0.044

wrote /home/esifferm/GitHub/retiming/results/fmax_v2.json
  floors measured: 112
=== [13:04] stage 2/3: stress sweep, all 28, post-route
17 benchmark(s) already stressed, 11 to do
total concurrent tool jobs capped at 16

  r04_init_only_no_reset          STRESSED at p=0.1771
      orig      off WNS=  -0.237 TNS=     -4.39 viol=  20.0 WL=  3508.745
      orig      on  WNS=  -0.074 TNS=     -2.12 viol=  53.0 WL=  3654.425
      retimed   off WNS=  -0.274 TNS=    -6.285 viol=  28.0 WL=  3712.895
      directive off WNS=  -0.074 TNS=     -2.12 viol=  53.0 WL=  3654.425
  r09_unbalanced_mult_pipe        STRESSED at p=0.203
      orig      off WNS=  -0.494 TNS=   -16.928 viol=  64.0 WL=   30663.9
      orig      on  WNS=  -0.109 TNS=    -14.36 viol= 264.0 WL= 31200.775
      retimed   off WNS=  -0.409 TNS=   -21.069 viol=  80.0 WL=  32343.76
      directive off WNS=  -0.109 TNS=    -14.36 viol= 264.0 WL= 31200.775
  r10_long_carry_chain            STRESSED at p=0.1673
      orig      off WNS=  -0.334 TNS=   -32.456 viol= 275.0 WL= 23001.825
      orig      on  WNS=  -0.103 TNS=   -28.583 viol= 488.0 WL=   24265.4
      retimed   off WNS=  -0.289 TNS=    -33.08 viol= 291.0 WL=  24685.97
      directive off WNS=  -0.103 TNS=   -28.583 viol= 488.0 WL=   24265.4
  r11_deep_retime_distance        STRESSED at p=0.5201
      orig      off WNS=  -2.951 TNS=   -88.432 viol=  44.0 WL=  40698.55
      orig      on  WNS=  -0.242 TNS=   -31.896 viol= 173.0 WL=  35873.39
      retimed   off WNS=  -0.511 TNS=   -54.756 viol= 127.0 WL=  43272.52
      directive off WNS=  -0.242 TNS=   -31.896 viol= 173.0 WL=  35873.39
  r12_wide_reduction_tree         STRESSED at p=0.1764
      orig      off WNS=  -0.378 TNS=    -2.539 viol=   7.0 WL=  7990.975
      orig      on  WNS=  -0.064 TNS=    -1.671 viol=  46.0 WL=   6403.88
      retimed   off WNS=  -0.195 TNS=    -4.549 viol=  27.0 WL=   7304.26
      directive off WNS=  -0.064 TNS=    -1.671 viol=  46.0 WL=   6403.88
  r13_retime_around_sram          STRESSED at p=0.1771
      orig      off WNS=  -0.186 TNS=    -49.16 viol= 869.0 WL= 33526.565
      orig      on  WNS=  -0.086 TNS=    -11.37 viol= 437.0 WL= 61238.645
      retimed   off WNS=  -0.305 TNS=   -94.892 viol= 762.0 WL=  38896.34
      directive off WNS=  -0.086 TNS=    -11.37 viol= 437.0 WL= 61238.645
  r15_hier_boundary_block         STRESSED at p=0.1946
      orig      off WNS=  -0.496 TNS=    -7.833 viol=  21.0 WL=  4783.295
      orig      on  WNS=  -0.094 TNS=    -3.815 viol=  64.0 WL=  3995.815
      retimed   off WNS=  -0.252 TNS=     -5.14 viol=  24.0 WL=    4975.4
      directive off WNS=  -0.094 TNS=    -3.815 viol=  64.0 WL=  3995.815
  r17_clock_enable_barrier        STRESSED at p=0.2107
      orig      off WNS=  -0.024 TNS=    -0.307 viol=  16.0 WL=  5427.405
      orig      on  WNS=  -0.089 TNS=    -2.577 viol=  68.0 WL=  5935.325
      retimed   off WNS=   -0.29 TNS=    -5.258 viol=  24.0 WL=  4616.945
      directive off WNS=  -0.089 TNS=    -2.577 viol=  68.0 WL=  5935.325
  r18_clock_gated_region          STRESSED at p=0.2275
      orig      off WNS=  -0.235 TNS=     -8.93 viol=  63.0 WL=   6250.36
      orig      on  WNS=  -0.106 TNS=    -3.224 viol=  60.0 WL=   5316.24
      retimed   off WNS=  -0.235 TNS=    -7.866 viol=  57.0 WL=   6222.65
      directive off WNS=  -0.106 TNS=    -3.224 viol=  60.0 WL=   5316.24
  r19_power_activity_retime       STRESSED at p=0.1827
      orig      off WNS=   -0.38 TNS=    -2.882 viol=  11.0 WL=   8416.76
      orig      on  WNS=  -0.088 TNS=    -4.661 viol=  96.0 WL=  7020.625
      retimed   off WNS=  -0.356 TNS=    -2.401 viol=   8.0 WL=  6984.505
      directive off WNS=  -0.096 TNS=    -5.725 viol=  92.0 WL=  7630.085
  r27_exception_scope_probe       STRESSED at p=0.2702
      orig      off WNS=  -0.424 TNS=   -16.095 viol=  55.0 WL=  10629.85
      orig      on  WNS=  -0.112 TNS=    -4.418 viol=  89.0 WL= 10784.655
      retimed   off WNS=  -0.422 TNS=   -14.684 viol=  57.0 WL=  9495.465
      directive off WNS=  -0.112 TNS=    -4.418 viol=  89.0 WL= 10784.655
  benchmarks stressed: 11 / 28
!!! [13:13] ABORT: only 11 benchmarks stressed
=== [13:26] push wrapped + serialised RTL
28
=== [13:26] stage 1/3: floors for all 28 (wrapper changed every design's timing)
  r24_loop_bound_control          retimed   off  min_period=  0.979 ns   probed p0.7854, wns=-0.194
  r24_loop_bound_control          directive off  min_period=  0.905 ns   probed p0.7854, wns=-0.12
  r26_sdc_exception_invalidation  orig      off  min_period=  1.039 ns   probed p0.4404, wns=-0.599
  r26_sdc_exception_invalidation  orig      on   min_period=    0.4 ns   probed p0.2202, wns=-0.18
  r26_sdc_exception_invalidation  retimed   off  min_period=  0.897 ns   probed p0.4404, wns=-0.457
  r26_sdc_exception_invalidation  directive off  min_period=   0.61 ns   probed p0.4404, wns=-0.17
  r27_exception_scope_probe       orig      off  min_period=  0.921 ns   probed p0.6522, wns=-0.269
  r27_exception_scope_probe       orig      on   min_period=  0.386 ns   probed p0.3261, wns=-0.06
  r27_exception_scope_probe       retimed   off  min_period=  0.898 ns   probed p0.6522, wns=-0.246
  r27_exception_scope_probe       directive off  min_period=  0.386 ns   probed p0.3261, wns=-0.06
  r28_congestion_wire_split       orig      off  min_period=  0.293 ns   probed p0.1653, wns=-0.128
  r28_congestion_wire_split       orig      on   min_period=  0.246 ns   probed p0.1653, wns=-0.081
  r28_congestion_wire_split       retimed   off  min_period=  0.288 ns   probed p0.1653, wns=-0.123
  r28_congestion_wire_split       directive off  min_period=  0.246 ns   probed p0.1653, wns=-0.081
  r29_wide_crossing               orig      off  min_period=  0.424 ns   probed p0.36, wns=-0.064
  r29_wide_crossing               orig      on   min_period=  0.298 ns   probed p0.18, wns=-0.118
  r29_wide_crossing               retimed   off  min_period=  0.485 ns   probed p0.36, wns=-0.125
  r29_wide_crossing               directive off  min_period=  0.424 ns   probed p0.36, wns=-0.064
  r30_fsm_decode_fanout           orig      off  min_period=  0.472 ns   probed p0.3, wns=-0.172
  r30_fsm_decode_fanout           orig      on   min_period=  0.476 ns   probed p0.3, wns=-0.176
  r30_fsm_decode_fanout           retimed   off  min_period=  0.468 ns   probed p0.3, wns=-0.168
  r30_fsm_decode_fanout           directive off  min_period=  0.472 ns   probed p0.3, wns=-0.172
  r31_clone_distinct_reset        orig      off  min_period=   0.37 ns   probed p0.3, wns=-0.07
  r31_clone_distinct_reset        orig      on   min_period=   0.25 ns   probed p0.15, wns=-0.1
  r31_clone_distinct_reset        retimed   off  min_period=  0.404 ns   probed p0.3, wns=-0.104
  r31_clone_distinct_reset        directive off  min_period=   0.37 ns   probed p0.3, wns=-0.07
  r32_backward_reset_preimage     orig      off  min_period=  0.344 ns   probed p0.3, wns=-0.044
  r32_backward_reset_preimage     orig      on   min_period=  0.311 ns   probed p0.3, wns=-0.011
  r32_backward_reset_preimage     retimed   off  min_period=  0.309 ns   probed p0.15, wns=-0.159
  r32_backward_reset_preimage     directive off  min_period=  0.344 ns   probed p0.3, wns=-0.044

wrote /home/esifferm/GitHub/retiming/results/fmax_v2.json
  floors measured: 112
=== [14:24] stage 2/3: stress sweep, all 28, post-route
  r02_reset_no_valid_init         STRESSED at p=0.1862
      orig      off WNS=    None TNS=      None viol=  None WL=      None
      orig      on  WNS=  -0.076 TNS=    -4.118 viol=  81.0 WL=  4809.805
      retimed   off WNS=   -0.24 TNS=    -4.578 viol=  24.0 WL=   4274.36
      directive off WNS=  -0.076 TNS=    -4.118 viol=  81.0 WL=  4809.805
  r03_async_reset_blocker         STRESSED at p=0.1841
      orig      off WNS=  -0.007 TNS=    -0.019 viol=   7.0 WL=  7135.095
      orig      on  WNS=  -0.071 TNS=    -3.084 viol=  62.0 WL=   5127.13
      retimed   off WNS=  -0.283 TNS=    -6.744 viol=  30.0 WL=  3864.005
      directive off WNS=  -0.071 TNS=    -3.084 viol=  62.0 WL=   5127.13
  r05_fsm_high_fanout             STRESSED at p=0.147
      orig      off WNS=  -0.194 TNS=    -5.857 viol=  66.0 WL= 11610.505
      orig      on  WNS=  -0.086 TNS=   -10.382 viol= 244.0 WL= 13226.885
      retimed   off WNS=  -0.118 TNS=    -9.057 viol= 125.0 WL=   12850.3
      directive off WNS=  -0.086 TNS=    -9.461 viol= 235.0 WL=  13183.77
  r06_fsm_high_fanin              STRESSED at p=0.3724
      orig      off WNS=  -0.125 TNS=    -1.111 viol=  11.0 WL=  24415.41
      orig      on  WNS=  -0.141 TNS=    -8.671 viol=  85.0 WL= 19380.015
      retimed   off WNS=  -0.119 TNS=    -0.776 viol=   8.0 WL=  21679.97
      directive off WNS=  -0.141 TNS=    -8.671 viol=  85.0 WL= 19380.015
  r08_fsm_output_decode           STRESSED at p=0.245
      orig      off WNS=  -0.452 TNS=    -4.017 viol=  21.0 WL=   5722.64
      orig      on  WNS=  -0.113 TNS=    -3.941 viol=  60.0 WL=    5767.7
      retimed   off WNS=  -0.209 TNS=    -5.991 viol=  32.0 WL=  5094.505
      directive off WNS=  -0.113 TNS=    -3.941 viol=  60.0 WL=    5767.7
  r16_dont_touch_conflict         STRESSED at p=0.217
      orig      off WNS=   -0.53 TNS=     -8.31 viol=  34.0 WL=   7593.46
      orig      on  WNS=  -0.099 TNS=     -4.75 viol=  84.0 WL=   6356.93
      retimed   off WNS=  -0.313 TNS=    -9.047 viol=  47.0 WL=  5910.665
      directive off WNS=  -0.099 TNS=     -4.75 viol=  84.0 WL=   6356.93
  r20_glitch_absorb               STRESSED at p=0.1603
      orig      off WNS=  -0.298 TNS=    -7.189 viol=  38.0 WL=  7870.755
      orig      on  WNS=  -0.081 TNS=    -4.015 viol=  90.0 WL=   6931.87
      retimed   off WNS=  -0.155 TNS=     -5.23 viol=  54.0 WL=   6826.13
      directive off WNS=  -0.076 TNS=    -3.861 viol=  97.0 WL=   6871.12
  r21_wire_pipeline_cross_die     STRESSED at p=0.1911
      orig      off WNS=  -0.276 TNS=   -30.618 viol= 141.0 WL= 17864.195
      orig      on  WNS=  -0.091 TNS=   -11.126 viol= 228.0 WL=  20847.56
      retimed   off WNS=  -0.132 TNS=   -16.385 viol= 196.0 WL=  19950.48
      directive off WNS=  -0.091 TNS=   -11.126 viol= 228.0 WL=  20847.56
  r22_fanout_wire_load            STRESSED at p=0.3598
      orig      off WNS=  -0.216 TNS=   -93.355 viol=1287.0 WL=327264.505
      orig      on  WNS=  -0.109 TNS=    -10.83 viol= 206.0 WL= 281703.53
      retimed   off WNS=  -0.108 TNS=   -24.665 viol= 854.0 WL=292908.625
      directive off WNS=  -0.054 TNS=    -2.158 viol= 212.0 WL= 274800.76
  r24_loop_bound_control          STRESSED at p=0.6335
      orig      off WNS=  -0.367 TNS=    -5.612 viol=  16.0 WL=  7214.965
      orig      on  WNS=   -0.36 TNS=   -10.314 viol=  31.0 WL=   6861.03
      retimed   off WNS=  -0.367 TNS=    -5.612 viol=  16.0 WL=  7214.965
      directive off WNS=   -0.36 TNS=   -10.314 viol=  31.0 WL=   6861.03
  r26_sdc_exception_invalidation  STRESSED at p=0.28
      orig      off WNS=  -0.696 TNS=   -12.218 viol=  35.0 WL=  6836.805
      orig      on  WNS=  -0.115 TNS=    -5.669 viol=  73.0 WL=   9068.41
      retimed   off WNS=  -0.629 TNS=   -17.067 viol=  32.0 WL=   8110.85
      directive off WNS=  -0.237 TNS=   -15.339 viol=  80.0 WL=  6559.385
  r28_congestion_wire_split       STRESSED at p=0.1722
      orig      off WNS=  -0.124 TNS=   -34.207 viol= 822.0 WL= 43195.095
      orig      on  WNS=   -0.06 TNS=   -13.906 viol= 742.0 WL=  45481.92
      retimed   off WNS=  -0.107 TNS=   -35.447 viol= 746.0 WL= 42269.185
      directive off WNS=   -0.06 TNS=   -13.906 viol= 742.0 WL=  45481.92
  r29_wide_crossing               STRESSED at p=0.2086
      orig      off WNS=  -0.338 TNS=  -535.006 viol=2830.0 WL=646147.735
      orig      on  WNS=  -0.111 TNS=  -810.098 viol=12379.0 WL=619346.305
      retimed   off WNS=    -0.5 TNS=  -735.657 viol=2827.0 WL= 840538.91
      directive off WNS=  -0.338 TNS=  -535.006 viol=2830.0 WL=646147.735
  r30_fsm_decode_fanout           STRESSED at p=0.3276
      orig      off WNS=  -0.121 TNS=   -115.52 viol=2036.0 WL= 513772.42
      orig      on  WNS=    None TNS=      None viol=  None WL=      None
      retimed   off WNS=  -0.122 TNS=  -110.783 viol=2014.0 WL=534666.685
      directive off WNS=  -0.121 TNS=   -115.52 viol=2036.0 WL= 513772.42
  r31_clone_distinct_reset        STRESSED at p=0.175
      orig      off WNS=  -0.132 TNS=   -55.125 viol= 796.0 WL= 23376.205
      orig      on  WNS=  -0.071 TNS=     -25.9 viol=1202.0 WL= 48038.765
      retimed   off WNS=  -0.055 TNS=    -6.995 viol= 493.0 WL=  23302.97
      directive off WNS=  -0.132 TNS=   -55.125 viol= 796.0 WL= 23376.205
  r32_backward_reset_preimage     STRESSED at p=0.2163
      orig      off WNS=  -0.116 TNS=     -41.6 viol= 798.0 WL=  68911.42
      orig      on  WNS=  -0.072 TNS=   -41.217 viol=1346.0 WL= 80246.475
      retimed   off WNS=  -0.078 TNS=   -34.134 viol= 811.0 WL=  69206.21
      directive off WNS=  -0.116 TNS=     -41.6 viol= 798.0 WL=  68911.42
  benchmarks stressed: 17 / 28
!!! [14:56] ABORT: only 17 benchmarks stressed
=== [15:07] push wrapped + serialised RTL
28
=== [15:07] stage 1/3: floors for all 28 (wrapper changed every design's timing)
  r24_loop_bound_control          retimed   off  min_period=  0.979 ns   probed p0.7854, wns=-0.194
  r24_loop_bound_control          directive off  min_period=  0.905 ns   probed p0.7854, wns=-0.12
  r26_sdc_exception_invalidation  orig      off  min_period=  1.039 ns   probed p0.4404, wns=-0.599
  r26_sdc_exception_invalidation  orig      on   min_period=    0.4 ns   probed p0.2202, wns=-0.18
  r26_sdc_exception_invalidation  retimed   off  min_period=  0.897 ns   probed p0.4404, wns=-0.457
  r26_sdc_exception_invalidation  directive off  min_period=   0.61 ns   probed p0.4404, wns=-0.17
  r27_exception_scope_probe       orig      off  min_period=  0.921 ns   probed p0.6522, wns=-0.269
  r27_exception_scope_probe       orig      on   min_period=  0.386 ns   probed p0.3261, wns=-0.06
  r27_exception_scope_probe       retimed   off  min_period=  0.898 ns   probed p0.6522, wns=-0.246
  r27_exception_scope_probe       directive off  min_period=  0.386 ns   probed p0.3261, wns=-0.06
  r28_congestion_wire_split       orig      off  min_period=  0.293 ns   probed p0.1653, wns=-0.128
  r28_congestion_wire_split       orig      on   min_period=  0.246 ns   probed p0.1653, wns=-0.081
  r28_congestion_wire_split       retimed   off  min_period=  0.288 ns   probed p0.1653, wns=-0.123
  r28_congestion_wire_split       directive off  min_period=  0.246 ns   probed p0.1653, wns=-0.081
  r29_wide_crossing               orig      off  min_period=  0.424 ns   probed p0.36, wns=-0.064
  r29_wide_crossing               orig      on   min_period=  0.298 ns   probed p0.18, wns=-0.118
  r29_wide_crossing               retimed   off  min_period=  0.485 ns   probed p0.36, wns=-0.125
  r29_wide_crossing               directive off  min_period=  0.424 ns   probed p0.36, wns=-0.064
  r30_fsm_decode_fanout           orig      off  min_period=  0.472 ns   probed p0.3, wns=-0.172
  r30_fsm_decode_fanout           orig      on   min_period=  0.476 ns   probed p0.3, wns=-0.176
  r30_fsm_decode_fanout           retimed   off  min_period=  0.468 ns   probed p0.3, wns=-0.168
  r30_fsm_decode_fanout           directive off  min_period=  0.472 ns   probed p0.3, wns=-0.172
  r31_clone_distinct_reset        orig      off  min_period=   0.37 ns   probed p0.3, wns=-0.07
  r31_clone_distinct_reset        orig      on   min_period=   0.25 ns   probed p0.15, wns=-0.1
  r31_clone_distinct_reset        retimed   off  min_period=  0.404 ns   probed p0.3, wns=-0.104
  r31_clone_distinct_reset        directive off  min_period=   0.37 ns   probed p0.3, wns=-0.07
  r32_backward_reset_preimage     orig      off  min_period=  0.344 ns   probed p0.3, wns=-0.044
  r32_backward_reset_preimage     orig      on   min_period=  0.311 ns   probed p0.3, wns=-0.011
  r32_backward_reset_preimage     retimed   off  min_period=  0.309 ns   probed p0.15, wns=-0.159
  r32_backward_reset_preimage     directive off  min_period=  0.344 ns   probed p0.3, wns=-0.044

wrote /home/esifferm/GitHub/retiming/results/fmax_v2.json
  floors measured: 112
=== [16:04] stage 2/3: stress sweep, all 28, post-route
17 benchmark(s) already stressed, 11 to do
total concurrent tool jobs capped at 16

  r04_init_only_no_reset          STRESSED at p=0.1771
      orig      off WNS=  -0.237 TNS=     -4.39 viol=  20.0 WL=  3508.745
      orig      on  WNS=  -0.074 TNS=     -2.12 viol=  53.0 WL=  3654.425
      retimed   off WNS=  -0.274 TNS=    -6.285 viol=  28.0 WL=  3712.895
      directive off WNS=  -0.074 TNS=     -2.12 viol=  53.0 WL=  3654.425
  r09_unbalanced_mult_pipe        STRESSED at p=0.203
      orig      off WNS=  -0.494 TNS=   -16.928 viol=  64.0 WL=   30663.9
      orig      on  WNS=  -0.109 TNS=    -14.36 viol= 264.0 WL= 31200.775
      retimed   off WNS=  -0.409 TNS=   -21.069 viol=  80.0 WL=  32343.76
      directive off WNS=  -0.109 TNS=    -14.36 viol= 264.0 WL= 31200.775
  r10_long_carry_chain            STRESSED at p=0.1673
      orig      off WNS=  -0.334 TNS=   -32.456 viol= 275.0 WL= 23001.825
      orig      on  WNS=  -0.103 TNS=   -28.583 viol= 488.0 WL=   24265.4
      retimed   off WNS=  -0.289 TNS=    -33.08 viol= 291.0 WL=  24685.97
      directive off WNS=  -0.103 TNS=   -28.583 viol= 488.0 WL=   24265.4
  r11_deep_retime_distance        STRESSED at p=0.5201
      orig      off WNS=  -2.951 TNS=   -88.432 viol=  44.0 WL=  40698.55
      orig      on  WNS=  -0.242 TNS=   -31.896 viol= 173.0 WL=  35873.39
      retimed   off WNS=  -0.511 TNS=   -54.756 viol= 127.0 WL=  43272.52
      directive off WNS=  -0.242 TNS=   -31.896 viol= 173.0 WL=  35873.39
  r12_wide_reduction_tree         STRESSED at p=0.1764
      orig      off WNS=  -0.378 TNS=    -2.539 viol=   7.0 WL=  7990.975
      orig      on  WNS=  -0.064 TNS=    -1.671 viol=  46.0 WL=   6403.88
      retimed   off WNS=  -0.195 TNS=    -4.549 viol=  27.0 WL=   7304.26
      directive off WNS=  -0.064 TNS=    -1.671 viol=  46.0 WL=   6403.88
  r13_retime_around_sram          STRESSED at p=0.1771
      orig      off WNS=  -0.186 TNS=    -49.16 viol= 869.0 WL= 33526.565
      orig      on  WNS=  -0.086 TNS=    -11.37 viol= 437.0 WL= 61238.645
      retimed   off WNS=  -0.305 TNS=   -94.892 viol= 762.0 WL=  38896.34
      directive off WNS=  -0.086 TNS=    -11.37 viol= 437.0 WL= 61238.645
  r15_hier_boundary_block         STRESSED at p=0.1946
      orig      off WNS=  -0.496 TNS=    -7.833 viol=  21.0 WL=  4783.295
      orig      on  WNS=  -0.094 TNS=    -3.815 viol=  64.0 WL=  3995.815
      retimed   off WNS=  -0.252 TNS=     -5.14 viol=  24.0 WL=    4975.4
      directive off WNS=  -0.094 TNS=    -3.815 viol=  64.0 WL=  3995.815
  r17_clock_enable_barrier        STRESSED at p=0.2107
      orig      off WNS=  -0.024 TNS=    -0.307 viol=  16.0 WL=  5427.405
      orig      on  WNS=  -0.089 TNS=    -2.577 viol=  68.0 WL=  5935.325
      retimed   off WNS=   -0.29 TNS=    -5.258 viol=  24.0 WL=  4616.945
      directive off WNS=  -0.089 TNS=    -2.577 viol=  68.0 WL=  5935.325
  r18_clock_gated_region          STRESSED at p=0.2275
      orig      off WNS=  -0.235 TNS=     -8.93 viol=  63.0 WL=   6250.36
      orig      on  WNS=  -0.106 TNS=    -3.224 viol=  60.0 WL=   5316.24
      retimed   off WNS=  -0.235 TNS=    -7.866 viol=  57.0 WL=   6222.65
      directive off WNS=  -0.106 TNS=    -3.224 viol=  60.0 WL=   5316.24
  r19_power_activity_retime       STRESSED at p=0.1827
      orig      off WNS=   -0.38 TNS=    -2.882 viol=  11.0 WL=   8416.76
      orig      on  WNS=  -0.088 TNS=    -4.661 viol=  96.0 WL=  7020.625
      retimed   off WNS=  -0.356 TNS=    -2.401 viol=   8.0 WL=  6984.505
      directive off WNS=  -0.096 TNS=    -5.725 viol=  92.0 WL=  7630.085
  r27_exception_scope_probe       STRESSED at p=0.2702
      orig      off WNS=  -0.424 TNS=   -16.095 viol=  55.0 WL=  10629.85
      orig      on  WNS=  -0.112 TNS=    -4.418 viol=  89.0 WL= 10784.655
      retimed   off WNS=  -0.422 TNS=   -14.684 viol=  57.0 WL=  9495.465
      directive off WNS=  -0.112 TNS=    -4.418 viol=  89.0 WL= 10784.655
  benchmarks stressed: 11 / 28
!!! [16:13] ABORT: only 11 benchmarks stressed
=== [16:27] push wrapped + serialised RTL
28
=== [16:27] stage 1/3: floors for all 28 (wrapper changed every design's timing)
  r24_loop_bound_control          retimed   off  min_period=  0.979 ns   probed p0.7854, wns=-0.194
  r24_loop_bound_control          directive off  min_period=  0.905 ns   probed p0.7854, wns=-0.12
  r26_sdc_exception_invalidation  orig      off  min_period=  1.039 ns   probed p0.4404, wns=-0.599
  r26_sdc_exception_invalidation  orig      on   min_period=    0.4 ns   probed p0.2202, wns=-0.18
  r26_sdc_exception_invalidation  retimed   off  min_period=  0.897 ns   probed p0.4404, wns=-0.457
  r26_sdc_exception_invalidation  directive off  min_period=   0.61 ns   probed p0.4404, wns=-0.17
  r27_exception_scope_probe       orig      off  min_period=  0.921 ns   probed p0.6522, wns=-0.269
  r27_exception_scope_probe       orig      on   min_period=  0.386 ns   probed p0.3261, wns=-0.06
  r27_exception_scope_probe       retimed   off  min_period=  0.898 ns   probed p0.6522, wns=-0.246
  r27_exception_scope_probe       directive off  min_period=  0.386 ns   probed p0.3261, wns=-0.06
  r28_congestion_wire_split       orig      off  min_period=  0.293 ns   probed p0.1653, wns=-0.128
  r28_congestion_wire_split       orig      on   min_period=  0.246 ns   probed p0.1653, wns=-0.081
  r28_congestion_wire_split       retimed   off  min_period=  0.288 ns   probed p0.1653, wns=-0.123
  r28_congestion_wire_split       directive off  min_period=  0.246 ns   probed p0.1653, wns=-0.081
  r29_wide_crossing               orig      off  min_period=  0.424 ns   probed p0.36, wns=-0.064
  r29_wide_crossing               orig      on   min_period=  0.298 ns   probed p0.18, wns=-0.118
  r29_wide_crossing               retimed   off  min_period=  0.485 ns   probed p0.36, wns=-0.125
  r29_wide_crossing               directive off  min_period=  0.424 ns   probed p0.36, wns=-0.064
  r30_fsm_decode_fanout           orig      off  min_period=  0.472 ns   probed p0.3, wns=-0.172
  r30_fsm_decode_fanout           orig      on   min_period=  0.476 ns   probed p0.3, wns=-0.176
  r30_fsm_decode_fanout           retimed   off  min_period=  0.468 ns   probed p0.3, wns=-0.168
  r30_fsm_decode_fanout           directive off  min_period=  0.472 ns   probed p0.3, wns=-0.172
  r31_clone_distinct_reset        orig      off  min_period=   0.37 ns   probed p0.3, wns=-0.07
  r31_clone_distinct_reset        orig      on   min_period=   0.25 ns   probed p0.15, wns=-0.1
  r31_clone_distinct_reset        retimed   off  min_period=  0.404 ns   probed p0.3, wns=-0.104
  r31_clone_distinct_reset        directive off  min_period=   0.37 ns   probed p0.3, wns=-0.07
  r32_backward_reset_preimage     orig      off  min_period=  0.344 ns   probed p0.3, wns=-0.044
  r32_backward_reset_preimage     orig      on   min_period=  0.311 ns   probed p0.3, wns=-0.011
  r32_backward_reset_preimage     retimed   off  min_period=  0.309 ns   probed p0.15, wns=-0.159
  r32_backward_reset_preimage     directive off  min_period=  0.344 ns   probed p0.3, wns=-0.044

wrote /home/esifferm/GitHub/retiming/results/fmax_v2.json
  floors measured: 112
=== [17:29] stage 2/3: stress sweep, all 28, post-route
  r02_reset_no_valid_init         STRESSED at p=0.1862
      orig      off WNS=    None TNS=      None viol=  None WL=      None
      orig      on  WNS=  -0.076 TNS=    -4.118 viol=  81.0 WL=  4809.805
      retimed   off WNS=   -0.24 TNS=    -4.578 viol=  24.0 WL=   4274.36
      directive off WNS=  -0.076 TNS=    -4.118 viol=  81.0 WL=  4809.805
  r03_async_reset_blocker         STRESSED at p=0.1841
      orig      off WNS=  -0.007 TNS=    -0.019 viol=   7.0 WL=  7135.095
      orig      on  WNS=  -0.071 TNS=    -3.084 viol=  62.0 WL=   5127.13
      retimed   off WNS=  -0.283 TNS=    -6.744 viol=  30.0 WL=  3864.005
      directive off WNS=  -0.071 TNS=    -3.084 viol=  62.0 WL=   5127.13
  r05_fsm_high_fanout             STRESSED at p=0.147
      orig      off WNS=  -0.194 TNS=    -5.857 viol=  66.0 WL= 11610.505
      orig      on  WNS=  -0.086 TNS=   -10.382 viol= 244.0 WL= 13226.885
      retimed   off WNS=  -0.118 TNS=    -9.057 viol= 125.0 WL=   12850.3
      directive off WNS=  -0.086 TNS=    -9.461 viol= 235.0 WL=  13183.77
  r06_fsm_high_fanin              STRESSED at p=0.3724
      orig      off WNS=  -0.125 TNS=    -1.111 viol=  11.0 WL=  24415.41
      orig      on  WNS=  -0.141 TNS=    -8.671 viol=  85.0 WL= 19380.015
      retimed   off WNS=  -0.119 TNS=    -0.776 viol=   8.0 WL=  21679.97
      directive off WNS=  -0.141 TNS=    -8.671 viol=  85.0 WL= 19380.015
  r08_fsm_output_decode           STRESSED at p=0.245
      orig      off WNS=  -0.452 TNS=    -4.017 viol=  21.0 WL=   5722.64
      orig      on  WNS=  -0.113 TNS=    -3.941 viol=  60.0 WL=    5767.7
      retimed   off WNS=  -0.209 TNS=    -5.991 viol=  32.0 WL=  5094.505
      directive off WNS=  -0.113 TNS=    -3.941 viol=  60.0 WL=    5767.7
  r16_dont_touch_conflict         STRESSED at p=0.217
      orig      off WNS=   -0.53 TNS=     -8.31 viol=  34.0 WL=   7593.46
      orig      on  WNS=  -0.099 TNS=     -4.75 viol=  84.0 WL=   6356.93
      retimed   off WNS=  -0.313 TNS=    -9.047 viol=  47.0 WL=  5910.665
      directive off WNS=  -0.099 TNS=     -4.75 viol=  84.0 WL=   6356.93
  r20_glitch_absorb               STRESSED at p=0.1603
      orig      off WNS=  -0.298 TNS=    -7.189 viol=  38.0 WL=  7870.755
      orig      on  WNS=  -0.081 TNS=    -4.015 viol=  90.0 WL=   6931.87
      retimed   off WNS=  -0.155 TNS=     -5.23 viol=  54.0 WL=   6826.13
      directive off WNS=  -0.076 TNS=    -3.861 viol=  97.0 WL=   6871.12
  r21_wire_pipeline_cross_die     STRESSED at p=0.1911
      orig      off WNS=  -0.276 TNS=   -30.618 viol= 141.0 WL= 17864.195
      orig      on  WNS=  -0.091 TNS=   -11.126 viol= 228.0 WL=  20847.56
      retimed   off WNS=  -0.132 TNS=   -16.385 viol= 196.0 WL=  19950.48
      directive off WNS=  -0.091 TNS=   -11.126 viol= 228.0 WL=  20847.56
  r22_fanout_wire_load            STRESSED at p=0.3598
      orig      off WNS=  -0.216 TNS=   -93.355 viol=1287.0 WL=327264.505
      orig      on  WNS=  -0.109 TNS=    -10.83 viol= 206.0 WL= 281703.53
      retimed   off WNS=  -0.108 TNS=   -24.665 viol= 854.0 WL=292908.625
      directive off WNS=  -0.054 TNS=    -2.158 viol= 212.0 WL= 274800.76
  r24_loop_bound_control          STRESSED at p=0.6335
      orig      off WNS=  -0.367 TNS=    -5.612 viol=  16.0 WL=  7214.965
      orig      on  WNS=   -0.36 TNS=   -10.314 viol=  31.0 WL=   6861.03
      retimed   off WNS=  -0.367 TNS=    -5.612 viol=  16.0 WL=  7214.965
      directive off WNS=   -0.36 TNS=   -10.314 viol=  31.0 WL=   6861.03
  r26_sdc_exception_invalidation  STRESSED at p=0.28
      orig      off WNS=  -0.696 TNS=   -12.218 viol=  35.0 WL=  6836.805
      orig      on  WNS=  -0.115 TNS=    -5.669 viol=  73.0 WL=   9068.41
      retimed   off WNS=  -0.629 TNS=   -17.067 viol=  32.0 WL=   8110.85
      directive off WNS=  -0.237 TNS=   -15.339 viol=  80.0 WL=  6559.385
  r28_congestion_wire_split       STRESSED at p=0.1722
      orig      off WNS=  -0.124 TNS=   -34.207 viol= 822.0 WL= 43195.095
      orig      on  WNS=   -0.06 TNS=   -13.906 viol= 742.0 WL=  45481.92
      retimed   off WNS=  -0.107 TNS=   -35.447 viol= 746.0 WL= 42269.185
      directive off WNS=   -0.06 TNS=   -13.906 viol= 742.0 WL=  45481.92
  r29_wide_crossing               STRESSED at p=0.2086
      orig      off WNS=  -0.338 TNS=  -535.006 viol=2830.0 WL=646147.735
      orig      on  WNS=  -0.111 TNS=  -810.098 viol=12379.0 WL=619346.305
      retimed   off WNS=    -0.5 TNS=  -735.657 viol=2827.0 WL= 840538.91
      directive off WNS=  -0.338 TNS=  -535.006 viol=2830.0 WL=646147.735
  r30_fsm_decode_fanout           STRESSED at p=0.3276
      orig      off WNS=  -0.121 TNS=   -115.52 viol=2036.0 WL= 513772.42
      orig      on  WNS=    None TNS=      None viol=  None WL=      None
      retimed   off WNS=  -0.122 TNS=  -110.783 viol=2014.0 WL=534666.685
      directive off WNS=  -0.121 TNS=   -115.52 viol=2036.0 WL= 513772.42
  r31_clone_distinct_reset        STRESSED at p=0.175
      orig      off WNS=  -0.132 TNS=   -55.125 viol= 796.0 WL= 23376.205
      orig      on  WNS=  -0.071 TNS=     -25.9 viol=1202.0 WL= 48038.765
      retimed   off WNS=  -0.055 TNS=    -6.995 viol= 493.0 WL=  23302.97
      directive off WNS=  -0.132 TNS=   -55.125 viol= 796.0 WL= 23376.205
  r32_backward_reset_preimage     STRESSED at p=0.2163
      orig      off WNS=  -0.116 TNS=     -41.6 viol= 798.0 WL=  68911.42
      orig      on  WNS=  -0.072 TNS=   -41.217 viol=1346.0 WL= 80246.475
      retimed   off WNS=  -0.078 TNS=   -34.134 viol= 811.0 WL=  69206.21
      directive off WNS=  -0.116 TNS=     -41.6 viol= 798.0 WL=  68911.42
  benchmarks stressed: 17 / 28
!!! [18:04] ABORT: only 17 benchmarks stressed
=== [18:07] push wrapped + serialised RTL
28
=== [18:07] stage 1/3: floors for all 28 (wrapper changed every design's timing)
  r24_loop_bound_control          retimed   off  min_period=  0.979 ns   probed p0.7854, wns=-0.194
  r24_loop_bound_control          directive off  min_period=  0.905 ns   probed p0.7854, wns=-0.12
  r26_sdc_exception_invalidation  orig      off  min_period=  1.039 ns   probed p0.4404, wns=-0.599
  r26_sdc_exception_invalidation  orig      on   min_period=    0.4 ns   probed p0.2202, wns=-0.18
  r26_sdc_exception_invalidation  retimed   off  min_period=  0.897 ns   probed p0.4404, wns=-0.457
  r26_sdc_exception_invalidation  directive off  min_period=   0.61 ns   probed p0.4404, wns=-0.17
  r27_exception_scope_probe       orig      off  min_period=  0.921 ns   probed p0.6522, wns=-0.269
  r27_exception_scope_probe       orig      on   min_period=  0.386 ns   probed p0.3261, wns=-0.06
  r27_exception_scope_probe       retimed   off  min_period=  0.898 ns   probed p0.6522, wns=-0.246
  r27_exception_scope_probe       directive off  min_period=  0.386 ns   probed p0.3261, wns=-0.06
  r28_congestion_wire_split       orig      off  min_period=  0.293 ns   probed p0.1653, wns=-0.128
  r28_congestion_wire_split       orig      on   min_period=  0.246 ns   probed p0.1653, wns=-0.081
  r28_congestion_wire_split       retimed   off  min_period=  0.288 ns   probed p0.1653, wns=-0.123
  r28_congestion_wire_split       directive off  min_period=  0.246 ns   probed p0.1653, wns=-0.081
  r29_wide_crossing               orig      off  min_period=  0.424 ns   probed p0.36, wns=-0.064
  r29_wide_crossing               orig      on   min_period=  0.298 ns   probed p0.18, wns=-0.118
  r29_wide_crossing               retimed   off  min_period=  0.485 ns   probed p0.36, wns=-0.125
  r29_wide_crossing               directive off  min_period=  0.424 ns   probed p0.36, wns=-0.064
  r30_fsm_decode_fanout           orig      off  min_period=  0.472 ns   probed p0.3, wns=-0.172
  r30_fsm_decode_fanout           orig      on   min_period=  0.476 ns   probed p0.3, wns=-0.176
  r30_fsm_decode_fanout           retimed   off  min_period=  0.468 ns   probed p0.3, wns=-0.168
  r30_fsm_decode_fanout           directive off  min_period=  0.472 ns   probed p0.3, wns=-0.172
  r31_clone_distinct_reset        orig      off  min_period=   0.37 ns   probed p0.3, wns=-0.07
  r31_clone_distinct_reset        orig      on   min_period=   0.25 ns   probed p0.15, wns=-0.1
  r31_clone_distinct_reset        retimed   off  min_period=  0.404 ns   probed p0.3, wns=-0.104
  r31_clone_distinct_reset        directive off  min_period=   0.37 ns   probed p0.3, wns=-0.07
  r32_backward_reset_preimage     orig      off  min_period=  0.344 ns   probed p0.3, wns=-0.044
  r32_backward_reset_preimage     orig      on   min_period=  0.311 ns   probed p0.3, wns=-0.011
  r32_backward_reset_preimage     retimed   off  min_period=  0.309 ns   probed p0.15, wns=-0.159
  r32_backward_reset_preimage     directive off  min_period=  0.344 ns   probed p0.3, wns=-0.044

wrote /home/esifferm/GitHub/retiming/results/fmax_v2.json
  floors measured: 112
=== [19:05] stage 2/3: stress sweep, all 28, post-route
17 benchmark(s) already stressed, 11 to do
total concurrent tool jobs capped at 16

  r04_init_only_no_reset          STRESSED at p=0.1771
      orig      off WNS=  -0.237 TNS=     -4.39 viol=  20.0 WL=  3508.745
      orig      on  WNS=  -0.074 TNS=     -2.12 viol=  53.0 WL=  3654.425
      retimed   off WNS=  -0.274 TNS=    -6.285 viol=  28.0 WL=  3712.895
      directive off WNS=  -0.074 TNS=     -2.12 viol=  53.0 WL=  3654.425
  r09_unbalanced_mult_pipe        STRESSED at p=0.203
      orig      off WNS=  -0.494 TNS=   -16.928 viol=  64.0 WL=   30663.9
      orig      on  WNS=  -0.109 TNS=    -14.36 viol= 264.0 WL= 31200.775
      retimed   off WNS=  -0.409 TNS=   -21.069 viol=  80.0 WL=  32343.76
      directive off WNS=  -0.109 TNS=    -14.36 viol= 264.0 WL= 31200.775
  r10_long_carry_chain            STRESSED at p=0.1673
      orig      off WNS=  -0.334 TNS=   -32.456 viol= 275.0 WL= 23001.825
      orig      on  WNS=  -0.103 TNS=   -28.583 viol= 488.0 WL=   24265.4
      retimed   off WNS=  -0.289 TNS=    -33.08 viol= 291.0 WL=  24685.97
      directive off WNS=  -0.103 TNS=   -28.583 viol= 488.0 WL=   24265.4
  r11_deep_retime_distance        STRESSED at p=0.5201
      orig      off WNS=  -2.951 TNS=   -88.432 viol=  44.0 WL=  40698.55
      orig      on  WNS=  -0.242 TNS=   -31.896 viol= 173.0 WL=  35873.39
      retimed   off WNS=  -0.511 TNS=   -54.756 viol= 127.0 WL=  43272.52
      directive off WNS=  -0.242 TNS=   -31.896 viol= 173.0 WL=  35873.39
  r12_wide_reduction_tree         STRESSED at p=0.1764
      orig      off WNS=  -0.378 TNS=    -2.539 viol=   7.0 WL=  7990.975
      orig      on  WNS=  -0.064 TNS=    -1.671 viol=  46.0 WL=   6403.88
      retimed   off WNS=  -0.195 TNS=    -4.549 viol=  27.0 WL=   7304.26
      directive off WNS=  -0.064 TNS=    -1.671 viol=  46.0 WL=   6403.88
  r13_retime_around_sram          STRESSED at p=0.1771
      orig      off WNS=  -0.186 TNS=    -49.16 viol= 869.0 WL= 33526.565
      orig      on  WNS=  -0.086 TNS=    -11.37 viol= 437.0 WL= 61238.645
      retimed   off WNS=  -0.305 TNS=   -94.892 viol= 762.0 WL=  38896.34
      directive off WNS=  -0.086 TNS=    -11.37 viol= 437.0 WL= 61238.645
  r15_hier_boundary_block         STRESSED at p=0.1946
      orig      off WNS=  -0.496 TNS=    -7.833 viol=  21.0 WL=  4783.295
      orig      on  WNS=  -0.094 TNS=    -3.815 viol=  64.0 WL=  3995.815
      retimed   off WNS=  -0.252 TNS=     -5.14 viol=  24.0 WL=    4975.4
      directive off WNS=  -0.094 TNS=    -3.815 viol=  64.0 WL=  3995.815
  r17_clock_enable_barrier        STRESSED at p=0.2107
      orig      off WNS=  -0.024 TNS=    -0.307 viol=  16.0 WL=  5427.405
      orig      on  WNS=  -0.089 TNS=    -2.577 viol=  68.0 WL=  5935.325
      retimed   off WNS=   -0.29 TNS=    -5.258 viol=  24.0 WL=  4616.945
      directive off WNS=  -0.089 TNS=    -2.577 viol=  68.0 WL=  5935.325
  r18_clock_gated_region          STRESSED at p=0.2275
      orig      off WNS=  -0.235 TNS=     -8.93 viol=  63.0 WL=   6250.36
      orig      on  WNS=  -0.106 TNS=    -3.224 viol=  60.0 WL=   5316.24
      retimed   off WNS=  -0.235 TNS=    -7.866 viol=  57.0 WL=   6222.65
      directive off WNS=  -0.106 TNS=    -3.224 viol=  60.0 WL=   5316.24
  r19_power_activity_retime       STRESSED at p=0.1827
      orig      off WNS=   -0.38 TNS=    -2.882 viol=  11.0 WL=   8416.76
      orig      on  WNS=  -0.088 TNS=    -4.661 viol=  96.0 WL=  7020.625
      retimed   off WNS=  -0.356 TNS=    -2.401 viol=   8.0 WL=  6984.505
      directive off WNS=  -0.096 TNS=    -5.725 viol=  92.0 WL=  7630.085
  r27_exception_scope_probe       STRESSED at p=0.2702
      orig      off WNS=  -0.424 TNS=   -16.095 viol=  55.0 WL=  10629.85
      orig      on  WNS=  -0.112 TNS=    -4.418 viol=  89.0 WL= 10784.655
      retimed   off WNS=  -0.422 TNS=   -14.684 viol=  57.0 WL=  9495.465
      directive off WNS=  -0.112 TNS=    -4.418 viol=  89.0 WL= 10784.655
  benchmarks stressed: 11 / 28
!!! [19:14] ABORT: only 11 benchmarks stressed
=== [19:27] push wrapped + serialised RTL
28
=== [19:27] stage 1/3: floors for all 28 (wrapper changed every design's timing)
  r24_loop_bound_control          retimed   off  min_period=  0.979 ns   probed p0.7854, wns=-0.194
  r24_loop_bound_control          directive off  min_period=  0.905 ns   probed p0.7854, wns=-0.12
  r26_sdc_exception_invalidation  orig      off  min_period=  1.039 ns   probed p0.4404, wns=-0.599
  r26_sdc_exception_invalidation  orig      on   min_period=    0.4 ns   probed p0.2202, wns=-0.18
  r26_sdc_exception_invalidation  retimed   off  min_period=  0.897 ns   probed p0.4404, wns=-0.457
  r26_sdc_exception_invalidation  directive off  min_period=   0.61 ns   probed p0.4404, wns=-0.17
  r27_exception_scope_probe       orig      off  min_period=  0.921 ns   probed p0.6522, wns=-0.269
  r27_exception_scope_probe       orig      on   min_period=  0.386 ns   probed p0.3261, wns=-0.06
  r27_exception_scope_probe       retimed   off  min_period=  0.898 ns   probed p0.6522, wns=-0.246
  r27_exception_scope_probe       directive off  min_period=  0.386 ns   probed p0.3261, wns=-0.06
  r28_congestion_wire_split       orig      off  min_period=  0.293 ns   probed p0.1653, wns=-0.128
  r28_congestion_wire_split       orig      on   min_period=  0.246 ns   probed p0.1653, wns=-0.081
  r28_congestion_wire_split       retimed   off  min_period=  0.288 ns   probed p0.1653, wns=-0.123
  r28_congestion_wire_split       directive off  min_period=  0.246 ns   probed p0.1653, wns=-0.081
  r29_wide_crossing               orig      off  min_period=  0.424 ns   probed p0.36, wns=-0.064
  r29_wide_crossing               orig      on   min_period=  0.298 ns   probed p0.18, wns=-0.118
  r29_wide_crossing               retimed   off  min_period=  0.485 ns   probed p0.36, wns=-0.125
  r29_wide_crossing               directive off  min_period=  0.424 ns   probed p0.36, wns=-0.064
  r30_fsm_decode_fanout           orig      off  min_period=  0.472 ns   probed p0.3, wns=-0.172
  r30_fsm_decode_fanout           orig      on   min_period=  0.476 ns   probed p0.3, wns=-0.176
  r30_fsm_decode_fanout           retimed   off  min_period=  0.468 ns   probed p0.3, wns=-0.168
  r30_fsm_decode_fanout           directive off  min_period=  0.472 ns   probed p0.3, wns=-0.172
  r31_clone_distinct_reset        orig      off  min_period=   0.37 ns   probed p0.3, wns=-0.07
  r31_clone_distinct_reset        orig      on   min_period=   0.25 ns   probed p0.15, wns=-0.1
  r31_clone_distinct_reset        retimed   off  min_period=  0.404 ns   probed p0.3, wns=-0.104
  r31_clone_distinct_reset        directive off  min_period=   0.37 ns   probed p0.3, wns=-0.07
  r32_backward_reset_preimage     orig      off  min_period=  0.344 ns   probed p0.3, wns=-0.044
  r32_backward_reset_preimage     orig      on   min_period=  0.311 ns   probed p0.3, wns=-0.011
  r32_backward_reset_preimage     retimed   off  min_period=  0.309 ns   probed p0.15, wns=-0.159
  r32_backward_reset_preimage     directive off  min_period=  0.344 ns   probed p0.3, wns=-0.044

wrote /home/esifferm/GitHub/retiming/results/fmax_v2.json
  floors measured: 112
=== [20:25] stage 2/3: stress sweep, all 28, post-route
  r02_reset_no_valid_init         STRESSED at p=0.1862
      orig      off WNS=    None TNS=      None viol=  None WL=      None
      orig      on  WNS=  -0.076 TNS=    -4.118 viol=  81.0 WL=  4809.805
      retimed   off WNS=   -0.24 TNS=    -4.578 viol=  24.0 WL=   4274.36
      directive off WNS=  -0.076 TNS=    -4.118 viol=  81.0 WL=  4809.805
  r03_async_reset_blocker         STRESSED at p=0.1841
      orig      off WNS=  -0.007 TNS=    -0.019 viol=   7.0 WL=  7135.095
      orig      on  WNS=  -0.071 TNS=    -3.084 viol=  62.0 WL=   5127.13
      retimed   off WNS=  -0.283 TNS=    -6.744 viol=  30.0 WL=  3864.005
      directive off WNS=  -0.071 TNS=    -3.084 viol=  62.0 WL=   5127.13
  r05_fsm_high_fanout             STRESSED at p=0.147
      orig      off WNS=  -0.194 TNS=    -5.857 viol=  66.0 WL= 11610.505
      orig      on  WNS=  -0.086 TNS=   -10.382 viol= 244.0 WL= 13226.885
      retimed   off WNS=  -0.118 TNS=    -9.057 viol= 125.0 WL=   12850.3
      directive off WNS=  -0.086 TNS=    -9.461 viol= 235.0 WL=  13183.77
  r06_fsm_high_fanin              STRESSED at p=0.3724
      orig      off WNS=  -0.125 TNS=    -1.111 viol=  11.0 WL=  24415.41
      orig      on  WNS=  -0.141 TNS=    -8.671 viol=  85.0 WL= 19380.015
      retimed   off WNS=  -0.119 TNS=    -0.776 viol=   8.0 WL=  21679.97
      directive off WNS=  -0.141 TNS=    -8.671 viol=  85.0 WL= 19380.015
  r08_fsm_output_decode           STRESSED at p=0.245
      orig      off WNS=  -0.452 TNS=    -4.017 viol=  21.0 WL=   5722.64
      orig      on  WNS=  -0.113 TNS=    -3.941 viol=  60.0 WL=    5767.7
      retimed   off WNS=  -0.209 TNS=    -5.991 viol=  32.0 WL=  5094.505
      directive off WNS=  -0.113 TNS=    -3.941 viol=  60.0 WL=    5767.7
  r16_dont_touch_conflict         STRESSED at p=0.217
      orig      off WNS=   -0.53 TNS=     -8.31 viol=  34.0 WL=   7593.46
      orig      on  WNS=  -0.099 TNS=     -4.75 viol=  84.0 WL=   6356.93
      retimed   off WNS=  -0.313 TNS=    -9.047 viol=  47.0 WL=  5910.665
      directive off WNS=  -0.099 TNS=     -4.75 viol=  84.0 WL=   6356.93
  r20_glitch_absorb               STRESSED at p=0.1603
      orig      off WNS=  -0.298 TNS=    -7.189 viol=  38.0 WL=  7870.755
      orig      on  WNS=  -0.081 TNS=    -4.015 viol=  90.0 WL=   6931.87
      retimed   off WNS=  -0.155 TNS=     -5.23 viol=  54.0 WL=   6826.13
      directive off WNS=  -0.076 TNS=    -3.861 viol=  97.0 WL=   6871.12
  r21_wire_pipeline_cross_die     STRESSED at p=0.1911
      orig      off WNS=  -0.276 TNS=   -30.618 viol= 141.0 WL= 17864.195
      orig      on  WNS=  -0.091 TNS=   -11.126 viol= 228.0 WL=  20847.56
      retimed   off WNS=  -0.132 TNS=   -16.385 viol= 196.0 WL=  19950.48
      directive off WNS=  -0.091 TNS=   -11.126 viol= 228.0 WL=  20847.56
  r22_fanout_wire_load            STRESSED at p=0.3598
      orig      off WNS=  -0.216 TNS=   -93.355 viol=1287.0 WL=327264.505
      orig      on  WNS=  -0.109 TNS=    -10.83 viol= 206.0 WL= 281703.53
      retimed   off WNS=  -0.108 TNS=   -24.665 viol= 854.0 WL=292908.625
      directive off WNS=  -0.054 TNS=    -2.158 viol= 212.0 WL= 274800.76
  r24_loop_bound_control          STRESSED at p=0.6335
      orig      off WNS=  -0.367 TNS=    -5.612 viol=  16.0 WL=  7214.965
      orig      on  WNS=   -0.36 TNS=   -10.314 viol=  31.0 WL=   6861.03
      retimed   off WNS=  -0.367 TNS=    -5.612 viol=  16.0 WL=  7214.965
      directive off WNS=   -0.36 TNS=   -10.314 viol=  31.0 WL=   6861.03
  r26_sdc_exception_invalidation  STRESSED at p=0.28
      orig      off WNS=  -0.696 TNS=   -12.218 viol=  35.0 WL=  6836.805
      orig      on  WNS=  -0.115 TNS=    -5.669 viol=  73.0 WL=   9068.41
      retimed   off WNS=  -0.629 TNS=   -17.067 viol=  32.0 WL=   8110.85
      directive off WNS=  -0.237 TNS=   -15.339 viol=  80.0 WL=  6559.385
  r28_congestion_wire_split       STRESSED at p=0.1722
      orig      off WNS=  -0.124 TNS=   -34.207 viol= 822.0 WL= 43195.095
      orig      on  WNS=   -0.06 TNS=   -13.906 viol= 742.0 WL=  45481.92
      retimed   off WNS=  -0.107 TNS=   -35.447 viol= 746.0 WL= 42269.185
      directive off WNS=   -0.06 TNS=   -13.906 viol= 742.0 WL=  45481.92
  r29_wide_crossing               STRESSED at p=0.2086
      orig      off WNS=  -0.338 TNS=  -535.006 viol=2830.0 WL=646147.735
      orig      on  WNS=  -0.111 TNS=  -810.098 viol=12379.0 WL=619346.305
      retimed   off WNS=    -0.5 TNS=  -735.657 viol=2827.0 WL= 840538.91
      directive off WNS=  -0.338 TNS=  -535.006 viol=2830.0 WL=646147.735
  r30_fsm_decode_fanout           STRESSED at p=0.3276
      orig      off WNS=  -0.121 TNS=   -115.52 viol=2036.0 WL= 513772.42
      orig      on  WNS=    None TNS=      None viol=  None WL=      None
      retimed   off WNS=  -0.122 TNS=  -110.783 viol=2014.0 WL=534666.685
      directive off WNS=  -0.121 TNS=   -115.52 viol=2036.0 WL= 513772.42
  r31_clone_distinct_reset        STRESSED at p=0.175
      orig      off WNS=  -0.132 TNS=   -55.125 viol= 796.0 WL= 23376.205
      orig      on  WNS=  -0.071 TNS=     -25.9 viol=1202.0 WL= 48038.765
      retimed   off WNS=  -0.055 TNS=    -6.995 viol= 493.0 WL=  23302.97
      directive off WNS=  -0.132 TNS=   -55.125 viol= 796.0 WL= 23376.205
  r32_backward_reset_preimage     STRESSED at p=0.2163
      orig      off WNS=  -0.116 TNS=     -41.6 viol= 798.0 WL=  68911.42
      orig      on  WNS=  -0.072 TNS=   -41.217 viol=1346.0 WL= 80246.475
      retimed   off WNS=  -0.078 TNS=   -34.134 viol= 811.0 WL=  69206.21
      directive off WNS=  -0.116 TNS=     -41.6 viol= 798.0 WL=  68911.42
  benchmarks stressed: 17 / 28
!!! [20:56] ABORT: only 17 benchmarks stressed
=== [21:07] push wrapped + serialised RTL
28
=== [21:07] stage 1/3: floors for all 28 (wrapper changed every design's timing)
  r24_loop_bound_control          retimed   off  min_period=  0.979 ns   probed p0.7854, wns=-0.194
  r24_loop_bound_control          directive off  min_period=  0.905 ns   probed p0.7854, wns=-0.12
  r26_sdc_exception_invalidation  orig      off  min_period=  1.039 ns   probed p0.4404, wns=-0.599
  r26_sdc_exception_invalidation  orig      on   min_period=    0.4 ns   probed p0.2202, wns=-0.18
  r26_sdc_exception_invalidation  retimed   off  min_period=  0.897 ns   probed p0.4404, wns=-0.457
  r26_sdc_exception_invalidation  directive off  min_period=   0.61 ns   probed p0.4404, wns=-0.17
  r27_exception_scope_probe       orig      off  min_period=  0.921 ns   probed p0.6522, wns=-0.269
  r27_exception_scope_probe       orig      on   min_period=  0.386 ns   probed p0.3261, wns=-0.06
  r27_exception_scope_probe       retimed   off  min_period=  0.898 ns   probed p0.6522, wns=-0.246
  r27_exception_scope_probe       directive off  min_period=  0.386 ns   probed p0.3261, wns=-0.06
  r28_congestion_wire_split       orig      off  min_period=  0.293 ns   probed p0.1653, wns=-0.128
  r28_congestion_wire_split       orig      on   min_period=  0.246 ns   probed p0.1653, wns=-0.081
  r28_congestion_wire_split       retimed   off  min_period=  0.288 ns   probed p0.1653, wns=-0.123
  r28_congestion_wire_split       directive off  min_period=  0.246 ns   probed p0.1653, wns=-0.081
  r29_wide_crossing               orig      off  min_period=  0.424 ns   probed p0.36, wns=-0.064
  r29_wide_crossing               orig      on   min_period=  0.298 ns   probed p0.18, wns=-0.118
  r29_wide_crossing               retimed   off  min_period=  0.485 ns   probed p0.36, wns=-0.125
  r29_wide_crossing               directive off  min_period=  0.424 ns   probed p0.36, wns=-0.064
  r30_fsm_decode_fanout           orig      off  min_period=  0.472 ns   probed p0.3, wns=-0.172
  r30_fsm_decode_fanout           orig      on   min_period=  0.476 ns   probed p0.3, wns=-0.176
  r30_fsm_decode_fanout           retimed   off  min_period=  0.468 ns   probed p0.3, wns=-0.168
  r30_fsm_decode_fanout           directive off  min_period=  0.472 ns   probed p0.3, wns=-0.172
  r31_clone_distinct_reset        orig      off  min_period=   0.37 ns   probed p0.3, wns=-0.07
  r31_clone_distinct_reset        orig      on   min_period=   0.25 ns   probed p0.15, wns=-0.1
  r31_clone_distinct_reset        retimed   off  min_period=  0.404 ns   probed p0.3, wns=-0.104
  r31_clone_distinct_reset        directive off  min_period=   0.37 ns   probed p0.3, wns=-0.07
  r32_backward_reset_preimage     orig      off  min_period=  0.344 ns   probed p0.3, wns=-0.044
  r32_backward_reset_preimage     orig      on   min_period=  0.311 ns   probed p0.3, wns=-0.011
  r32_backward_reset_preimage     retimed   off  min_period=  0.309 ns   probed p0.15, wns=-0.159
  r32_backward_reset_preimage     directive off  min_period=  0.344 ns   probed p0.3, wns=-0.044

wrote /home/esifferm/GitHub/retiming/results/fmax_v2.json
  floors measured: 112
=== [22:05] stage 2/3: stress sweep, all 28, post-route
17 benchmark(s) already stressed, 11 to do
total concurrent tool jobs capped at 16

  r04_init_only_no_reset          STRESSED at p=0.1771
      orig      off WNS=  -0.237 TNS=     -4.39 viol=  20.0 WL=  3508.745
      orig      on  WNS=  -0.074 TNS=     -2.12 viol=  53.0 WL=  3654.425
      retimed   off WNS=  -0.274 TNS=    -6.285 viol=  28.0 WL=  3712.895
      directive off WNS=  -0.074 TNS=     -2.12 viol=  53.0 WL=  3654.425
  r09_unbalanced_mult_pipe        STRESSED at p=0.203
      orig      off WNS=  -0.494 TNS=   -16.928 viol=  64.0 WL=   30663.9
      orig      on  WNS=  -0.109 TNS=    -14.36 viol= 264.0 WL= 31200.775
      retimed   off WNS=  -0.409 TNS=   -21.069 viol=  80.0 WL=  32343.76
      directive off WNS=  -0.109 TNS=    -14.36 viol= 264.0 WL= 31200.775
  r10_long_carry_chain            STRESSED at p=0.1673
      orig      off WNS=  -0.334 TNS=   -32.456 viol= 275.0 WL= 23001.825
      orig      on  WNS=  -0.103 TNS=   -28.583 viol= 488.0 WL=   24265.4
      retimed   off WNS=  -0.289 TNS=    -33.08 viol= 291.0 WL=  24685.97
      directive off WNS=  -0.103 TNS=   -28.583 viol= 488.0 WL=   24265.4
  r11_deep_retime_distance        STRESSED at p=0.5201
      orig      off WNS=  -2.951 TNS=   -88.432 viol=  44.0 WL=  40698.55
      orig      on  WNS=  -0.242 TNS=   -31.896 viol= 173.0 WL=  35873.39
      retimed   off WNS=  -0.511 TNS=   -54.756 viol= 127.0 WL=  43272.52
      directive off WNS=  -0.242 TNS=   -31.896 viol= 173.0 WL=  35873.39
  r12_wide_reduction_tree         STRESSED at p=0.1764
      orig      off WNS=  -0.378 TNS=    -2.539 viol=   7.0 WL=  7990.975
      orig      on  WNS=  -0.064 TNS=    -1.671 viol=  46.0 WL=   6403.88
      retimed   off WNS=  -0.195 TNS=    -4.549 viol=  27.0 WL=   7304.26
      directive off WNS=  -0.064 TNS=    -1.671 viol=  46.0 WL=   6403.88
  r13_retime_around_sram          STRESSED at p=0.1771
      orig      off WNS=  -0.186 TNS=    -49.16 viol= 869.0 WL= 33526.565
      orig      on  WNS=  -0.086 TNS=    -11.37 viol= 437.0 WL= 61238.645
      retimed   off WNS=  -0.305 TNS=   -94.892 viol= 762.0 WL=  38896.34
      directive off WNS=  -0.086 TNS=    -11.37 viol= 437.0 WL= 61238.645
  r15_hier_boundary_block         STRESSED at p=0.1946
      orig      off WNS=  -0.496 TNS=    -7.833 viol=  21.0 WL=  4783.295
      orig      on  WNS=  -0.094 TNS=    -3.815 viol=  64.0 WL=  3995.815
      retimed   off WNS=  -0.252 TNS=     -5.14 viol=  24.0 WL=    4975.4
      directive off WNS=  -0.094 TNS=    -3.815 viol=  64.0 WL=  3995.815
  r17_clock_enable_barrier        STRESSED at p=0.2107
      orig      off WNS=  -0.024 TNS=    -0.307 viol=  16.0 WL=  5427.405
      orig      on  WNS=  -0.089 TNS=    -2.577 viol=  68.0 WL=  5935.325
      retimed   off WNS=   -0.29 TNS=    -5.258 viol=  24.0 WL=  4616.945
      directive off WNS=  -0.089 TNS=    -2.577 viol=  68.0 WL=  5935.325
  r18_clock_gated_region          STRESSED at p=0.2275
      orig      off WNS=  -0.235 TNS=     -8.93 viol=  63.0 WL=   6250.36
      orig      on  WNS=  -0.106 TNS=    -3.224 viol=  60.0 WL=   5316.24
      retimed   off WNS=  -0.235 TNS=    -7.866 viol=  57.0 WL=   6222.65
      directive off WNS=  -0.106 TNS=    -3.224 viol=  60.0 WL=   5316.24
  r19_power_activity_retime       STRESSED at p=0.1827
      orig      off WNS=   -0.38 TNS=    -2.882 viol=  11.0 WL=   8416.76
      orig      on  WNS=  -0.088 TNS=    -4.661 viol=  96.0 WL=  7020.625
      retimed   off WNS=  -0.356 TNS=    -2.401 viol=   8.0 WL=  6984.505
      directive off WNS=  -0.096 TNS=    -5.725 viol=  92.0 WL=  7630.085
  r27_exception_scope_probe       STRESSED at p=0.2702
      orig      off WNS=  -0.424 TNS=   -16.095 viol=  55.0 WL=  10629.85
      orig      on  WNS=  -0.112 TNS=    -4.418 viol=  89.0 WL= 10784.655
      retimed   off WNS=  -0.422 TNS=   -14.684 viol=  57.0 WL=  9495.465
      directive off WNS=  -0.112 TNS=    -4.418 viol=  89.0 WL= 10784.655
  benchmarks stressed: 11 / 28
!!! [22:15] ABORT: only 11 benchmarks stressed
=== [22:27] push wrapped + serialised RTL
28
=== [22:27] stage 1/3: floors for all 28 (wrapper changed every design's timing)
  r24_loop_bound_control          retimed   off  min_period=  0.979 ns   probed p0.7854, wns=-0.194
  r24_loop_bound_control          directive off  min_period=  0.905 ns   probed p0.7854, wns=-0.12
  r26_sdc_exception_invalidation  orig      off  min_period=  1.039 ns   probed p0.4404, wns=-0.599
  r26_sdc_exception_invalidation  orig      on   min_period=    0.4 ns   probed p0.2202, wns=-0.18
  r26_sdc_exception_invalidation  retimed   off  min_period=  0.897 ns   probed p0.4404, wns=-0.457
  r26_sdc_exception_invalidation  directive off  min_period=   0.61 ns   probed p0.4404, wns=-0.17
  r27_exception_scope_probe       orig      off  min_period=  0.921 ns   probed p0.6522, wns=-0.269
  r27_exception_scope_probe       orig      on   min_period=  0.386 ns   probed p0.3261, wns=-0.06
  r27_exception_scope_probe       retimed   off  min_period=  0.898 ns   probed p0.6522, wns=-0.246
  r27_exception_scope_probe       directive off  min_period=  0.386 ns   probed p0.3261, wns=-0.06
  r28_congestion_wire_split       orig      off  min_period=  0.293 ns   probed p0.1653, wns=-0.128
  r28_congestion_wire_split       orig      on   min_period=  0.246 ns   probed p0.1653, wns=-0.081
  r28_congestion_wire_split       retimed   off  min_period=  0.288 ns   probed p0.1653, wns=-0.123
  r28_congestion_wire_split       directive off  min_period=  0.246 ns   probed p0.1653, wns=-0.081
  r29_wide_crossing               orig      off  min_period=  0.424 ns   probed p0.36, wns=-0.064
  r29_wide_crossing               orig      on   min_period=  0.298 ns   probed p0.18, wns=-0.118
  r29_wide_crossing               retimed   off  min_period=  0.485 ns   probed p0.36, wns=-0.125
  r29_wide_crossing               directive off  min_period=  0.424 ns   probed p0.36, wns=-0.064
  r30_fsm_decode_fanout           orig      off  min_period=  0.472 ns   probed p0.3, wns=-0.172
  r30_fsm_decode_fanout           orig      on   min_period=  0.476 ns   probed p0.3, wns=-0.176
  r30_fsm_decode_fanout           retimed   off  min_period=  0.468 ns   probed p0.3, wns=-0.168
  r30_fsm_decode_fanout           directive off  min_period=  0.472 ns   probed p0.3, wns=-0.172
  r31_clone_distinct_reset        orig      off  min_period=   0.37 ns   probed p0.3, wns=-0.07
  r31_clone_distinct_reset        orig      on   min_period=   0.25 ns   probed p0.15, wns=-0.1
  r31_clone_distinct_reset        retimed   off  min_period=  0.404 ns   probed p0.3, wns=-0.104
  r31_clone_distinct_reset        directive off  min_period=   0.37 ns   probed p0.3, wns=-0.07
  r32_backward_reset_preimage     orig      off  min_period=  0.344 ns   probed p0.3, wns=-0.044
  r32_backward_reset_preimage     orig      on   min_period=  0.311 ns   probed p0.3, wns=-0.011
  r32_backward_reset_preimage     retimed   off  min_period=  0.309 ns   probed p0.15, wns=-0.159
  r32_backward_reset_preimage     directive off  min_period=  0.344 ns   probed p0.3, wns=-0.044

wrote /home/esifferm/GitHub/retiming/results/fmax_v2.json
  floors measured: 112
=== [23:25] stage 2/3: stress sweep, all 28, post-route
  r02_reset_no_valid_init         STRESSED at p=0.1862
      orig      off WNS=    None TNS=      None viol=  None WL=      None
      orig      on  WNS=  -0.076 TNS=    -4.118 viol=  81.0 WL=  4809.805
      retimed   off WNS=   -0.24 TNS=    -4.578 viol=  24.0 WL=   4274.36
      directive off WNS=  -0.076 TNS=    -4.118 viol=  81.0 WL=  4809.805
  r03_async_reset_blocker         STRESSED at p=0.1841
      orig      off WNS=  -0.007 TNS=    -0.019 viol=   7.0 WL=  7135.095
      orig      on  WNS=  -0.071 TNS=    -3.084 viol=  62.0 WL=   5127.13
      retimed   off WNS=  -0.283 TNS=    -6.744 viol=  30.0 WL=  3864.005
      directive off WNS=  -0.071 TNS=    -3.084 viol=  62.0 WL=   5127.13
  r05_fsm_high_fanout             STRESSED at p=0.147
      orig      off WNS=  -0.194 TNS=    -5.857 viol=  66.0 WL= 11610.505
      orig      on  WNS=  -0.086 TNS=   -10.382 viol= 244.0 WL= 13226.885
      retimed   off WNS=  -0.118 TNS=    -9.057 viol= 125.0 WL=   12850.3
      directive off WNS=  -0.086 TNS=    -9.461 viol= 235.0 WL=  13183.77
  r06_fsm_high_fanin              STRESSED at p=0.3724
      orig      off WNS=  -0.125 TNS=    -1.111 viol=  11.0 WL=  24415.41
      orig      on  WNS=  -0.141 TNS=    -8.671 viol=  85.0 WL= 19380.015
      retimed   off WNS=  -0.119 TNS=    -0.776 viol=   8.0 WL=  21679.97
      directive off WNS=  -0.141 TNS=    -8.671 viol=  85.0 WL= 19380.015
  r08_fsm_output_decode           STRESSED at p=0.245
      orig      off WNS=  -0.452 TNS=    -4.017 viol=  21.0 WL=   5722.64
      orig      on  WNS=  -0.113 TNS=    -3.941 viol=  60.0 WL=    5767.7
      retimed   off WNS=  -0.209 TNS=    -5.991 viol=  32.0 WL=  5094.505
      directive off WNS=  -0.113 TNS=    -3.941 viol=  60.0 WL=    5767.7
  r16_dont_touch_conflict         STRESSED at p=0.217
      orig      off WNS=   -0.53 TNS=     -8.31 viol=  34.0 WL=   7593.46
      orig      on  WNS=  -0.099 TNS=     -4.75 viol=  84.0 WL=   6356.93
      retimed   off WNS=  -0.313 TNS=    -9.047 viol=  47.0 WL=  5910.665
      directive off WNS=  -0.099 TNS=     -4.75 viol=  84.0 WL=   6356.93
  r20_glitch_absorb               STRESSED at p=0.1603
      orig      off WNS=  -0.298 TNS=    -7.189 viol=  38.0 WL=  7870.755
      orig      on  WNS=  -0.081 TNS=    -4.015 viol=  90.0 WL=   6931.87
      retimed   off WNS=  -0.155 TNS=     -5.23 viol=  54.0 WL=   6826.13
      directive off WNS=  -0.076 TNS=    -3.861 viol=  97.0 WL=   6871.12
  r21_wire_pipeline_cross_die     STRESSED at p=0.1911
      orig      off WNS=  -0.276 TNS=   -30.618 viol= 141.0 WL= 17864.195
      orig      on  WNS=  -0.091 TNS=   -11.126 viol= 228.0 WL=  20847.56
      retimed   off WNS=  -0.132 TNS=   -16.385 viol= 196.0 WL=  19950.48
      directive off WNS=  -0.091 TNS=   -11.126 viol= 228.0 WL=  20847.56
  r22_fanout_wire_load            STRESSED at p=0.3598
      orig      off WNS=  -0.216 TNS=   -93.355 viol=1287.0 WL=327264.505
      orig      on  WNS=  -0.109 TNS=    -10.83 viol= 206.0 WL= 281703.53
      retimed   off WNS=  -0.108 TNS=   -24.665 viol= 854.0 WL=292908.625
      directive off WNS=  -0.054 TNS=    -2.158 viol= 212.0 WL= 274800.76
  r24_loop_bound_control          STRESSED at p=0.6335
      orig      off WNS=  -0.367 TNS=    -5.612 viol=  16.0 WL=  7214.965
      orig      on  WNS=   -0.36 TNS=   -10.314 viol=  31.0 WL=   6861.03
      retimed   off WNS=  -0.367 TNS=    -5.612 viol=  16.0 WL=  7214.965
      directive off WNS=   -0.36 TNS=   -10.314 viol=  31.0 WL=   6861.03
  r26_sdc_exception_invalidation  STRESSED at p=0.28
      orig      off WNS=  -0.696 TNS=   -12.218 viol=  35.0 WL=  6836.805
      orig      on  WNS=  -0.115 TNS=    -5.669 viol=  73.0 WL=   9068.41
      retimed   off WNS=  -0.629 TNS=   -17.067 viol=  32.0 WL=   8110.85
      directive off WNS=  -0.237 TNS=   -15.339 viol=  80.0 WL=  6559.385
  r28_congestion_wire_split       STRESSED at p=0.1722
      orig      off WNS=  -0.124 TNS=   -34.207 viol= 822.0 WL= 43195.095
      orig      on  WNS=   -0.06 TNS=   -13.906 viol= 742.0 WL=  45481.92
      retimed   off WNS=  -0.107 TNS=   -35.447 viol= 746.0 WL= 42269.185
      directive off WNS=   -0.06 TNS=   -13.906 viol= 742.0 WL=  45481.92
  r29_wide_crossing               STRESSED at p=0.2086
      orig      off WNS=  -0.338 TNS=  -535.006 viol=2830.0 WL=646147.735
      orig      on  WNS=  -0.111 TNS=  -810.098 viol=12379.0 WL=619346.305
      retimed   off WNS=    -0.5 TNS=  -735.657 viol=2827.0 WL= 840538.91
      directive off WNS=  -0.338 TNS=  -535.006 viol=2830.0 WL=646147.735
  r30_fsm_decode_fanout           STRESSED at p=0.3276
      orig      off WNS=  -0.121 TNS=   -115.52 viol=2036.0 WL= 513772.42
      orig      on  WNS=    None TNS=      None viol=  None WL=      None
      retimed   off WNS=  -0.122 TNS=  -110.783 viol=2014.0 WL=534666.685
      directive off WNS=  -0.121 TNS=   -115.52 viol=2036.0 WL= 513772.42
  r31_clone_distinct_reset        STRESSED at p=0.175
      orig      off WNS=  -0.132 TNS=   -55.125 viol= 796.0 WL= 23376.205
      orig      on  WNS=  -0.071 TNS=     -25.9 viol=1202.0 WL= 48038.765
      retimed   off WNS=  -0.055 TNS=    -6.995 viol= 493.0 WL=  23302.97
      directive off WNS=  -0.132 TNS=   -55.125 viol= 796.0 WL= 23376.205
  r32_backward_reset_preimage     STRESSED at p=0.2163
      orig      off WNS=  -0.116 TNS=     -41.6 viol= 798.0 WL=  68911.42
      orig      on  WNS=  -0.072 TNS=   -41.217 viol=1346.0 WL= 80246.475
      retimed   off WNS=  -0.078 TNS=   -34.134 viol= 811.0 WL=  69206.21
      directive off WNS=  -0.116 TNS=     -41.6 viol= 798.0 WL=  68911.42
  benchmarks stressed: 17 / 28
!!! [23:57] ABORT: only 17 benchmarks stressed
=== [00:07] push wrapped + serialised RTL
28
=== [00:07] stage 1/3: floors for all 28 (wrapper changed every design's timing)
  r24_loop_bound_control          retimed   off  min_period=  0.979 ns   probed p0.7854, wns=-0.194
  r24_loop_bound_control          directive off  min_period=  0.905 ns   probed p0.7854, wns=-0.12
  r26_sdc_exception_invalidation  orig      off  min_period=  1.039 ns   probed p0.4404, wns=-0.599
  r26_sdc_exception_invalidation  orig      on   min_period=    0.4 ns   probed p0.2202, wns=-0.18
  r26_sdc_exception_invalidation  retimed   off  min_period=  0.897 ns   probed p0.4404, wns=-0.457
  r26_sdc_exception_invalidation  directive off  min_period=   0.61 ns   probed p0.4404, wns=-0.17
  r27_exception_scope_probe       orig      off  min_period=  0.921 ns   probed p0.6522, wns=-0.269
  r27_exception_scope_probe       orig      on   min_period=  0.386 ns   probed p0.3261, wns=-0.06
  r27_exception_scope_probe       retimed   off  min_period=  0.898 ns   probed p0.6522, wns=-0.246
  r27_exception_scope_probe       directive off  min_period=  0.386 ns   probed p0.3261, wns=-0.06
  r28_congestion_wire_split       orig      off  min_period=  0.293 ns   probed p0.1653, wns=-0.128
  r28_congestion_wire_split       orig      on   min_period=  0.246 ns   probed p0.1653, wns=-0.081
  r28_congestion_wire_split       retimed   off  min_period=  0.288 ns   probed p0.1653, wns=-0.123
  r28_congestion_wire_split       directive off  min_period=  0.246 ns   probed p0.1653, wns=-0.081
  r29_wide_crossing               orig      off  min_period=  0.424 ns   probed p0.36, wns=-0.064
  r29_wide_crossing               orig      on   min_period=  0.298 ns   probed p0.18, wns=-0.118
  r29_wide_crossing               retimed   off  min_period=  0.485 ns   probed p0.36, wns=-0.125
  r29_wide_crossing               directive off  min_period=  0.424 ns   probed p0.36, wns=-0.064
  r30_fsm_decode_fanout           orig      off  min_period=  0.472 ns   probed p0.3, wns=-0.172
  r30_fsm_decode_fanout           orig      on   min_period=  0.476 ns   probed p0.3, wns=-0.176
  r30_fsm_decode_fanout           retimed   off  min_period=  0.468 ns   probed p0.3, wns=-0.168
  r30_fsm_decode_fanout           directive off  min_period=  0.472 ns   probed p0.3, wns=-0.172
  r31_clone_distinct_reset        orig      off  min_period=   0.37 ns   probed p0.3, wns=-0.07
  r31_clone_distinct_reset        orig      on   min_period=   0.25 ns   probed p0.15, wns=-0.1
  r31_clone_distinct_reset        retimed   off  min_period=  0.404 ns   probed p0.3, wns=-0.104
  r31_clone_distinct_reset        directive off  min_period=   0.37 ns   probed p0.3, wns=-0.07
  r32_backward_reset_preimage     orig      off  min_period=  0.344 ns   probed p0.3, wns=-0.044
  r32_backward_reset_preimage     orig      on   min_period=  0.311 ns   probed p0.3, wns=-0.011
  r32_backward_reset_preimage     retimed   off  min_period=  0.309 ns   probed p0.15, wns=-0.159
  r32_backward_reset_preimage     directive off  min_period=  0.344 ns   probed p0.3, wns=-0.044

wrote /home/esifferm/GitHub/retiming/results/fmax_v2.json
  floors measured: 112
=== [01:05] stage 2/3: stress sweep, all 28, post-route
17 benchmark(s) already stressed, 11 to do
total concurrent tool jobs capped at 16

  r04_init_only_no_reset          STRESSED at p=0.1771
      orig      off WNS=  -0.237 TNS=     -4.39 viol=  20.0 WL=  3508.745
      orig      on  WNS=  -0.074 TNS=     -2.12 viol=  53.0 WL=  3654.425
      retimed   off WNS=  -0.274 TNS=    -6.285 viol=  28.0 WL=  3712.895
      directive off WNS=  -0.074 TNS=     -2.12 viol=  53.0 WL=  3654.425
  r09_unbalanced_mult_pipe        STRESSED at p=0.203
      orig      off WNS=  -0.494 TNS=   -16.928 viol=  64.0 WL=   30663.9
      orig      on  WNS=  -0.109 TNS=    -14.36 viol= 264.0 WL= 31200.775
      retimed   off WNS=  -0.409 TNS=   -21.069 viol=  80.0 WL=  32343.76
      directive off WNS=  -0.109 TNS=    -14.36 viol= 264.0 WL= 31200.775
  r10_long_carry_chain            STRESSED at p=0.1673
      orig      off WNS=  -0.334 TNS=   -32.456 viol= 275.0 WL= 23001.825
      orig      on  WNS=  -0.103 TNS=   -28.583 viol= 488.0 WL=   24265.4
      retimed   off WNS=  -0.289 TNS=    -33.08 viol= 291.0 WL=  24685.97
      directive off WNS=  -0.103 TNS=   -28.583 viol= 488.0 WL=   24265.4
  r11_deep_retime_distance        STRESSED at p=0.5201
      orig      off WNS=  -2.951 TNS=   -88.432 viol=  44.0 WL=  40698.55
      orig      on  WNS=  -0.242 TNS=   -31.896 viol= 173.0 WL=  35873.39
      retimed   off WNS=  -0.511 TNS=   -54.756 viol= 127.0 WL=  43272.52
      directive off WNS=  -0.242 TNS=   -31.896 viol= 173.0 WL=  35873.39
  r12_wide_reduction_tree         STRESSED at p=0.1764
      orig      off WNS=  -0.378 TNS=    -2.539 viol=   7.0 WL=  7990.975
      orig      on  WNS=  -0.064 TNS=    -1.671 viol=  46.0 WL=   6403.88
      retimed   off WNS=  -0.195 TNS=    -4.549 viol=  27.0 WL=   7304.26
      directive off WNS=  -0.064 TNS=    -1.671 viol=  46.0 WL=   6403.88
  r13_retime_around_sram          STRESSED at p=0.1771
      orig      off WNS=  -0.186 TNS=    -49.16 viol= 869.0 WL= 33526.565
      orig      on  WNS=  -0.086 TNS=    -11.37 viol= 437.0 WL= 61238.645
      retimed   off WNS=  -0.305 TNS=   -94.892 viol= 762.0 WL=  38896.34
      directive off WNS=  -0.086 TNS=    -11.37 viol= 437.0 WL= 61238.645
  r15_hier_boundary_block         STRESSED at p=0.1946
      orig      off WNS=  -0.496 TNS=    -7.833 viol=  21.0 WL=  4783.295
      orig      on  WNS=  -0.094 TNS=    -3.815 viol=  64.0 WL=  3995.815
      retimed   off WNS=  -0.252 TNS=     -5.14 viol=  24.0 WL=    4975.4
      directive off WNS=  -0.094 TNS=    -3.815 viol=  64.0 WL=  3995.815
  r17_clock_enable_barrier        STRESSED at p=0.2107
      orig      off WNS=  -0.024 TNS=    -0.307 viol=  16.0 WL=  5427.405
      orig      on  WNS=  -0.089 TNS=    -2.577 viol=  68.0 WL=  5935.325
      retimed   off WNS=   -0.29 TNS=    -5.258 viol=  24.0 WL=  4616.945
      directive off WNS=  -0.089 TNS=    -2.577 viol=  68.0 WL=  5935.325
  r18_clock_gated_region          STRESSED at p=0.2275
      orig      off WNS=  -0.235 TNS=     -8.93 viol=  63.0 WL=   6250.36
      orig      on  WNS=  -0.106 TNS=    -3.224 viol=  60.0 WL=   5316.24
      retimed   off WNS=  -0.235 TNS=    -7.866 viol=  57.0 WL=   6222.65
      directive off WNS=  -0.106 TNS=    -3.224 viol=  60.0 WL=   5316.24
  r19_power_activity_retime       STRESSED at p=0.1827
      orig      off WNS=   -0.38 TNS=    -2.882 viol=  11.0 WL=   8416.76
      orig      on  WNS=  -0.088 TNS=    -4.661 viol=  96.0 WL=  7020.625
      retimed   off WNS=  -0.356 TNS=    -2.401 viol=   8.0 WL=  6984.505
      directive off WNS=  -0.096 TNS=    -5.725 viol=  92.0 WL=  7630.085
  r27_exception_scope_probe       STRESSED at p=0.2702
      orig      off WNS=  -0.424 TNS=   -16.095 viol=  55.0 WL=  10629.85
      orig      on  WNS=  -0.112 TNS=    -4.418 viol=  89.0 WL= 10784.655
      retimed   off WNS=  -0.422 TNS=   -14.684 viol=  57.0 WL=  9495.465
      directive off WNS=  -0.112 TNS=    -4.418 viol=  89.0 WL= 10784.655
  benchmarks stressed: 11 / 28
!!! [01:14] ABORT: only 11 benchmarks stressed
=== [01:28] push wrapped + serialised RTL
28
=== [01:28] stage 1/3: floors for all 28 (wrapper changed every design's timing)
  r24_loop_bound_control          retimed   off  min_period=  0.979 ns   probed p0.7854, wns=-0.194
  r24_loop_bound_control          directive off  min_period=  0.905 ns   probed p0.7854, wns=-0.12
  r26_sdc_exception_invalidation  orig      off  min_period=  1.039 ns   probed p0.4404, wns=-0.599
  r26_sdc_exception_invalidation  orig      on   min_period=    0.4 ns   probed p0.2202, wns=-0.18
  r26_sdc_exception_invalidation  retimed   off  min_period=  0.897 ns   probed p0.4404, wns=-0.457
  r26_sdc_exception_invalidation  directive off  min_period=   0.61 ns   probed p0.4404, wns=-0.17
  r27_exception_scope_probe       orig      off  min_period=  0.921 ns   probed p0.6522, wns=-0.269
  r27_exception_scope_probe       orig      on   min_period=  0.386 ns   probed p0.3261, wns=-0.06
  r27_exception_scope_probe       retimed   off  min_period=  0.898 ns   probed p0.6522, wns=-0.246
  r27_exception_scope_probe       directive off  min_period=  0.386 ns   probed p0.3261, wns=-0.06
  r28_congestion_wire_split       orig      off  min_period=  0.293 ns   probed p0.1653, wns=-0.128
  r28_congestion_wire_split       orig      on   min_period=  0.246 ns   probed p0.1653, wns=-0.081
  r28_congestion_wire_split       retimed   off  min_period=  0.288 ns   probed p0.1653, wns=-0.123
  r28_congestion_wire_split       directive off  min_period=  0.246 ns   probed p0.1653, wns=-0.081
  r29_wide_crossing               orig      off  min_period=  0.424 ns   probed p0.36, wns=-0.064
  r29_wide_crossing               orig      on   min_period=  0.298 ns   probed p0.18, wns=-0.118
  r29_wide_crossing               retimed   off  min_period=  0.485 ns   probed p0.36, wns=-0.125
  r29_wide_crossing               directive off  min_period=  0.424 ns   probed p0.36, wns=-0.064
  r30_fsm_decode_fanout           orig      off  min_period=  0.472 ns   probed p0.3, wns=-0.172
  r30_fsm_decode_fanout           orig      on   min_period=  0.476 ns   probed p0.3, wns=-0.176
  r30_fsm_decode_fanout           retimed   off  min_period=  0.468 ns   probed p0.3, wns=-0.168
  r30_fsm_decode_fanout           directive off  min_period=  0.472 ns   probed p0.3, wns=-0.172
  r31_clone_distinct_reset        orig      off  min_period=   0.37 ns   probed p0.3, wns=-0.07
  r31_clone_distinct_reset        orig      on   min_period=   0.25 ns   probed p0.15, wns=-0.1
  r31_clone_distinct_reset        retimed   off  min_period=  0.404 ns   probed p0.3, wns=-0.104
  r31_clone_distinct_reset        directive off  min_period=   0.37 ns   probed p0.3, wns=-0.07
  r32_backward_reset_preimage     orig      off  min_period=  0.344 ns   probed p0.3, wns=-0.044
  r32_backward_reset_preimage     orig      on   min_period=  0.311 ns   probed p0.3, wns=-0.011
  r32_backward_reset_preimage     retimed   off  min_period=  0.309 ns   probed p0.15, wns=-0.159
  r32_backward_reset_preimage     directive off  min_period=  0.344 ns   probed p0.3, wns=-0.044

wrote /home/esifferm/GitHub/retiming/results/fmax_v2.json
  floors measured: 112
=== [02:25] stage 2/3: stress sweep, all 28, post-route
  r02_reset_no_valid_init         STRESSED at p=0.1862
      orig      off WNS=    None TNS=      None viol=  None WL=      None
      orig      on  WNS=  -0.076 TNS=    -4.118 viol=  81.0 WL=  4809.805
      retimed   off WNS=   -0.24 TNS=    -4.578 viol=  24.0 WL=   4274.36
      directive off WNS=  -0.076 TNS=    -4.118 viol=  81.0 WL=  4809.805
  r03_async_reset_blocker         STRESSED at p=0.1841
      orig      off WNS=  -0.007 TNS=    -0.019 viol=   7.0 WL=  7135.095
      orig      on  WNS=  -0.071 TNS=    -3.084 viol=  62.0 WL=   5127.13
      retimed   off WNS=  -0.283 TNS=    -6.744 viol=  30.0 WL=  3864.005
      directive off WNS=  -0.071 TNS=    -3.084 viol=  62.0 WL=   5127.13
  r05_fsm_high_fanout             STRESSED at p=0.147
      orig      off WNS=  -0.194 TNS=    -5.857 viol=  66.0 WL= 11610.505
      orig      on  WNS=  -0.086 TNS=   -10.382 viol= 244.0 WL= 13226.885
      retimed   off WNS=  -0.118 TNS=    -9.057 viol= 125.0 WL=   12850.3
      directive off WNS=  -0.086 TNS=    -9.461 viol= 235.0 WL=  13183.77
  r06_fsm_high_fanin              STRESSED at p=0.3724
      orig      off WNS=  -0.125 TNS=    -1.111 viol=  11.0 WL=  24415.41
      orig      on  WNS=  -0.141 TNS=    -8.671 viol=  85.0 WL= 19380.015
      retimed   off WNS=  -0.119 TNS=    -0.776 viol=   8.0 WL=  21679.97
      directive off WNS=  -0.141 TNS=    -8.671 viol=  85.0 WL= 19380.015
  r08_fsm_output_decode           STRESSED at p=0.245
      orig      off WNS=  -0.452 TNS=    -4.017 viol=  21.0 WL=   5722.64
      orig      on  WNS=  -0.113 TNS=    -3.941 viol=  60.0 WL=    5767.7
      retimed   off WNS=  -0.209 TNS=    -5.991 viol=  32.0 WL=  5094.505
      directive off WNS=  -0.113 TNS=    -3.941 viol=  60.0 WL=    5767.7
  r16_dont_touch_conflict         STRESSED at p=0.217
      orig      off WNS=   -0.53 TNS=     -8.31 viol=  34.0 WL=   7593.46
      orig      on  WNS=  -0.099 TNS=     -4.75 viol=  84.0 WL=   6356.93
      retimed   off WNS=  -0.313 TNS=    -9.047 viol=  47.0 WL=  5910.665
      directive off WNS=  -0.099 TNS=     -4.75 viol=  84.0 WL=   6356.93
  r20_glitch_absorb               STRESSED at p=0.1603
      orig      off WNS=  -0.298 TNS=    -7.189 viol=  38.0 WL=  7870.755
      orig      on  WNS=  -0.081 TNS=    -4.015 viol=  90.0 WL=   6931.87
      retimed   off WNS=  -0.155 TNS=     -5.23 viol=  54.0 WL=   6826.13
      directive off WNS=  -0.076 TNS=    -3.861 viol=  97.0 WL=   6871.12
  r21_wire_pipeline_cross_die     STRESSED at p=0.1911
      orig      off WNS=  -0.276 TNS=   -30.618 viol= 141.0 WL= 17864.195
      orig      on  WNS=  -0.091 TNS=   -11.126 viol= 228.0 WL=  20847.56
      retimed   off WNS=  -0.132 TNS=   -16.385 viol= 196.0 WL=  19950.48
      directive off WNS=  -0.091 TNS=   -11.126 viol= 228.0 WL=  20847.56
  r22_fanout_wire_load            STRESSED at p=0.3598
      orig      off WNS=  -0.216 TNS=   -93.355 viol=1287.0 WL=327264.505
      orig      on  WNS=  -0.109 TNS=    -10.83 viol= 206.0 WL= 281703.53
      retimed   off WNS=  -0.108 TNS=   -24.665 viol= 854.0 WL=292908.625
      directive off WNS=  -0.054 TNS=    -2.158 viol= 212.0 WL= 274800.76
  r24_loop_bound_control          STRESSED at p=0.6335
      orig      off WNS=  -0.367 TNS=    -5.612 viol=  16.0 WL=  7214.965
      orig      on  WNS=   -0.36 TNS=   -10.314 viol=  31.0 WL=   6861.03
      retimed   off WNS=  -0.367 TNS=    -5.612 viol=  16.0 WL=  7214.965
      directive off WNS=   -0.36 TNS=   -10.314 viol=  31.0 WL=   6861.03
  r26_sdc_exception_invalidation  STRESSED at p=0.28
      orig      off WNS=  -0.696 TNS=   -12.218 viol=  35.0 WL=  6836.805
      orig      on  WNS=  -0.115 TNS=    -5.669 viol=  73.0 WL=   9068.41
      retimed   off WNS=  -0.629 TNS=   -17.067 viol=  32.0 WL=   8110.85
      directive off WNS=  -0.237 TNS=   -15.339 viol=  80.0 WL=  6559.385
  r28_congestion_wire_split       STRESSED at p=0.1722
      orig      off WNS=  -0.124 TNS=   -34.207 viol= 822.0 WL= 43195.095
      orig      on  WNS=   -0.06 TNS=   -13.906 viol= 742.0 WL=  45481.92
      retimed   off WNS=  -0.107 TNS=   -35.447 viol= 746.0 WL= 42269.185
      directive off WNS=   -0.06 TNS=   -13.906 viol= 742.0 WL=  45481.92
  r29_wide_crossing               STRESSED at p=0.2086
      orig      off WNS=  -0.338 TNS=  -535.006 viol=2830.0 WL=646147.735
      orig      on  WNS=  -0.111 TNS=  -810.098 viol=12379.0 WL=619346.305
      retimed   off WNS=    -0.5 TNS=  -735.657 viol=2827.0 WL= 840538.91
      directive off WNS=  -0.338 TNS=  -535.006 viol=2830.0 WL=646147.735
  r30_fsm_decode_fanout           STRESSED at p=0.3276
      orig      off WNS=  -0.121 TNS=   -115.52 viol=2036.0 WL= 513772.42
      orig      on  WNS=    None TNS=      None viol=  None WL=      None
      retimed   off WNS=  -0.122 TNS=  -110.783 viol=2014.0 WL=534666.685
      directive off WNS=  -0.121 TNS=   -115.52 viol=2036.0 WL= 513772.42
  r31_clone_distinct_reset        STRESSED at p=0.175
      orig      off WNS=  -0.132 TNS=   -55.125 viol= 796.0 WL= 23376.205
      orig      on  WNS=  -0.071 TNS=     -25.9 viol=1202.0 WL= 48038.765
      retimed   off WNS=  -0.055 TNS=    -6.995 viol= 493.0 WL=  23302.97
      directive off WNS=  -0.132 TNS=   -55.125 viol= 796.0 WL= 23376.205
  r32_backward_reset_preimage     STRESSED at p=0.2163
      orig      off WNS=  -0.116 TNS=     -41.6 viol= 798.0 WL=  68911.42
      orig      on  WNS=  -0.072 TNS=   -41.217 viol=1346.0 WL= 80246.475
      retimed   off WNS=  -0.078 TNS=   -34.134 viol= 811.0 WL=  69206.21
      directive off WNS=  -0.116 TNS=     -41.6 viol= 798.0 WL=  68911.42
  benchmarks stressed: 17 / 28
!!! [02:57] ABORT: only 17 benchmarks stressed
=== [03:08] push wrapped + serialised RTL
28
=== [03:08] stage 1/3: floors for all 28 (wrapper changed every design's timing)
  r24_loop_bound_control          retimed   off  min_period=  0.979 ns   probed p0.7854, wns=-0.194
  r24_loop_bound_control          directive off  min_period=  0.905 ns   probed p0.7854, wns=-0.12
  r26_sdc_exception_invalidation  orig      off  min_period=  1.039 ns   probed p0.4404, wns=-0.599
  r26_sdc_exception_invalidation  orig      on   min_period=    0.4 ns   probed p0.2202, wns=-0.18
  r26_sdc_exception_invalidation  retimed   off  min_period=  0.897 ns   probed p0.4404, wns=-0.457
  r26_sdc_exception_invalidation  directive off  min_period=   0.61 ns   probed p0.4404, wns=-0.17
  r27_exception_scope_probe       orig      off  min_period=  0.921 ns   probed p0.6522, wns=-0.269
  r27_exception_scope_probe       orig      on   min_period=  0.386 ns   probed p0.3261, wns=-0.06
  r27_exception_scope_probe       retimed   off  min_period=  0.898 ns   probed p0.6522, wns=-0.246
  r27_exception_scope_probe       directive off  min_period=  0.386 ns   probed p0.3261, wns=-0.06
  r28_congestion_wire_split       orig      off  min_period=  0.293 ns   probed p0.1653, wns=-0.128
  r28_congestion_wire_split       orig      on   min_period=  0.246 ns   probed p0.1653, wns=-0.081
  r28_congestion_wire_split       retimed   off  min_period=  0.288 ns   probed p0.1653, wns=-0.123
  r28_congestion_wire_split       directive off  min_period=  0.246 ns   probed p0.1653, wns=-0.081
  r29_wide_crossing               orig      off  min_period=  0.424 ns   probed p0.36, wns=-0.064
  r29_wide_crossing               orig      on   min_period=  0.298 ns   probed p0.18, wns=-0.118
  r29_wide_crossing               retimed   off  min_period=  0.485 ns   probed p0.36, wns=-0.125
  r29_wide_crossing               directive off  min_period=  0.424 ns   probed p0.36, wns=-0.064
  r30_fsm_decode_fanout           orig      off  min_period=  0.472 ns   probed p0.3, wns=-0.172
  r30_fsm_decode_fanout           orig      on   min_period=  0.476 ns   probed p0.3, wns=-0.176
  r30_fsm_decode_fanout           retimed   off  min_period=  0.468 ns   probed p0.3, wns=-0.168
  r30_fsm_decode_fanout           directive off  min_period=  0.472 ns   probed p0.3, wns=-0.172
  r31_clone_distinct_reset        orig      off  min_period=   0.37 ns   probed p0.3, wns=-0.07
  r31_clone_distinct_reset        orig      on   min_period=   0.25 ns   probed p0.15, wns=-0.1
  r31_clone_distinct_reset        retimed   off  min_period=  0.404 ns   probed p0.3, wns=-0.104
  r31_clone_distinct_reset        directive off  min_period=   0.37 ns   probed p0.3, wns=-0.07
  r32_backward_reset_preimage     orig      off  min_period=  0.344 ns   probed p0.3, wns=-0.044
  r32_backward_reset_preimage     orig      on   min_period=  0.311 ns   probed p0.3, wns=-0.011
  r32_backward_reset_preimage     retimed   off  min_period=  0.309 ns   probed p0.15, wns=-0.159
  r32_backward_reset_preimage     directive off  min_period=  0.344 ns   probed p0.3, wns=-0.044

wrote /home/esifferm/GitHub/retiming/results/fmax_v2.json
  floors measured: 112
=== [04:06] stage 2/3: stress sweep, all 28, post-route
17 benchmark(s) already stressed, 11 to do
total concurrent tool jobs capped at 16

  r04_init_only_no_reset          STRESSED at p=0.1771
      orig      off WNS=  -0.237 TNS=     -4.39 viol=  20.0 WL=  3508.745
      orig      on  WNS=  -0.074 TNS=     -2.12 viol=  53.0 WL=  3654.425
      retimed   off WNS=  -0.274 TNS=    -6.285 viol=  28.0 WL=  3712.895
      directive off WNS=  -0.074 TNS=     -2.12 viol=  53.0 WL=  3654.425
  r09_unbalanced_mult_pipe        STRESSED at p=0.203
      orig      off WNS=  -0.494 TNS=   -16.928 viol=  64.0 WL=   30663.9
      orig      on  WNS=  -0.109 TNS=    -14.36 viol= 264.0 WL= 31200.775
      retimed   off WNS=  -0.409 TNS=   -21.069 viol=  80.0 WL=  32343.76
      directive off WNS=  -0.109 TNS=    -14.36 viol= 264.0 WL= 31200.775
  r10_long_carry_chain            STRESSED at p=0.1673
      orig      off WNS=  -0.334 TNS=   -32.456 viol= 275.0 WL= 23001.825
      orig      on  WNS=  -0.103 TNS=   -28.583 viol= 488.0 WL=   24265.4
      retimed   off WNS=  -0.289 TNS=    -33.08 viol= 291.0 WL=  24685.97
      directive off WNS=  -0.103 TNS=   -28.583 viol= 488.0 WL=   24265.4
  r11_deep_retime_distance        STRESSED at p=0.5201
      orig      off WNS=  -2.951 TNS=   -88.432 viol=  44.0 WL=  40698.55
      orig      on  WNS=  -0.242 TNS=   -31.896 viol= 173.0 WL=  35873.39
      retimed   off WNS=  -0.511 TNS=   -54.756 viol= 127.0 WL=  43272.52
      directive off WNS=  -0.242 TNS=   -31.896 viol= 173.0 WL=  35873.39
  r12_wide_reduction_tree         STRESSED at p=0.1764
      orig      off WNS=  -0.378 TNS=    -2.539 viol=   7.0 WL=  7990.975
      orig      on  WNS=  -0.064 TNS=    -1.671 viol=  46.0 WL=   6403.88
      retimed   off WNS=  -0.195 TNS=    -4.549 viol=  27.0 WL=   7304.26
      directive off WNS=  -0.064 TNS=    -1.671 viol=  46.0 WL=   6403.88
  r13_retime_around_sram          STRESSED at p=0.1771
      orig      off WNS=  -0.186 TNS=    -49.16 viol= 869.0 WL= 33526.565
      orig      on  WNS=  -0.086 TNS=    -11.37 viol= 437.0 WL= 61238.645
      retimed   off WNS=  -0.305 TNS=   -94.892 viol= 762.0 WL=  38896.34
      directive off WNS=  -0.086 TNS=    -11.37 viol= 437.0 WL= 61238.645
  r15_hier_boundary_block         STRESSED at p=0.1946
      orig      off WNS=  -0.496 TNS=    -7.833 viol=  21.0 WL=  4783.295
      orig      on  WNS=  -0.094 TNS=    -3.815 viol=  64.0 WL=  3995.815
      retimed   off WNS=  -0.252 TNS=     -5.14 viol=  24.0 WL=    4975.4
      directive off WNS=  -0.094 TNS=    -3.815 viol=  64.0 WL=  3995.815
  r17_clock_enable_barrier        STRESSED at p=0.2107
      orig      off WNS=  -0.024 TNS=    -0.307 viol=  16.0 WL=  5427.405
      orig      on  WNS=  -0.089 TNS=    -2.577 viol=  68.0 WL=  5935.325
      retimed   off WNS=   -0.29 TNS=    -5.258 viol=  24.0 WL=  4616.945
      directive off WNS=  -0.089 TNS=    -2.577 viol=  68.0 WL=  5935.325
  r18_clock_gated_region          STRESSED at p=0.2275
      orig      off WNS=  -0.235 TNS=     -8.93 viol=  63.0 WL=   6250.36
      orig      on  WNS=  -0.106 TNS=    -3.224 viol=  60.0 WL=   5316.24
      retimed   off WNS=  -0.235 TNS=    -7.866 viol=  57.0 WL=   6222.65
      directive off WNS=  -0.106 TNS=    -3.224 viol=  60.0 WL=   5316.24
  r19_power_activity_retime       STRESSED at p=0.1827
      orig      off WNS=   -0.38 TNS=    -2.882 viol=  11.0 WL=   8416.76
      orig      on  WNS=  -0.088 TNS=    -4.661 viol=  96.0 WL=  7020.625
      retimed   off WNS=  -0.356 TNS=    -2.401 viol=   8.0 WL=  6984.505
      directive off WNS=  -0.096 TNS=    -5.725 viol=  92.0 WL=  7630.085
  r27_exception_scope_probe       STRESSED at p=0.2702
      orig      off WNS=  -0.424 TNS=   -16.095 viol=  55.0 WL=  10629.85
      orig      on  WNS=  -0.112 TNS=    -4.418 viol=  89.0 WL= 10784.655
      retimed   off WNS=  -0.422 TNS=   -14.684 viol=  57.0 WL=  9495.465
      directive off WNS=  -0.112 TNS=    -4.418 viol=  89.0 WL= 10784.655
  benchmarks stressed: 11 / 28
!!! [04:15] ABORT: only 11 benchmarks stressed
=== [04:28] push wrapped + serialised RTL
28
=== [04:28] stage 1/3: floors for all 28 (wrapper changed every design's timing)
  r24_loop_bound_control          retimed   off  min_period=  0.979 ns   probed p0.7854, wns=-0.194
  r24_loop_bound_control          directive off  min_period=  0.905 ns   probed p0.7854, wns=-0.12
  r26_sdc_exception_invalidation  orig      off  min_period=  1.039 ns   probed p0.4404, wns=-0.599
  r26_sdc_exception_invalidation  orig      on   min_period=    0.4 ns   probed p0.2202, wns=-0.18
  r26_sdc_exception_invalidation  retimed   off  min_period=  0.897 ns   probed p0.4404, wns=-0.457
  r26_sdc_exception_invalidation  directive off  min_period=   0.61 ns   probed p0.4404, wns=-0.17
  r27_exception_scope_probe       orig      off  min_period=  0.921 ns   probed p0.6522, wns=-0.269
  r27_exception_scope_probe       orig      on   min_period=  0.386 ns   probed p0.3261, wns=-0.06
  r27_exception_scope_probe       retimed   off  min_period=  0.898 ns   probed p0.6522, wns=-0.246
  r27_exception_scope_probe       directive off  min_period=  0.386 ns   probed p0.3261, wns=-0.06
  r28_congestion_wire_split       orig      off  min_period=  0.293 ns   probed p0.1653, wns=-0.128
  r28_congestion_wire_split       orig      on   min_period=  0.246 ns   probed p0.1653, wns=-0.081
  r28_congestion_wire_split       retimed   off  min_period=  0.288 ns   probed p0.1653, wns=-0.123
  r28_congestion_wire_split       directive off  min_period=  0.246 ns   probed p0.1653, wns=-0.081
  r29_wide_crossing               orig      off  min_period=  0.424 ns   probed p0.36, wns=-0.064
  r29_wide_crossing               orig      on   min_period=  0.298 ns   probed p0.18, wns=-0.118
  r29_wide_crossing               retimed   off  min_period=  0.485 ns   probed p0.36, wns=-0.125
  r29_wide_crossing               directive off  min_period=  0.424 ns   probed p0.36, wns=-0.064
  r30_fsm_decode_fanout           orig      off  min_period=  0.472 ns   probed p0.3, wns=-0.172
  r30_fsm_decode_fanout           orig      on   min_period=  0.476 ns   probed p0.3, wns=-0.176
  r30_fsm_decode_fanout           retimed   off  min_period=  0.468 ns   probed p0.3, wns=-0.168
  r30_fsm_decode_fanout           directive off  min_period=  0.472 ns   probed p0.3, wns=-0.172
  r31_clone_distinct_reset        orig      off  min_period=   0.37 ns   probed p0.3, wns=-0.07
  r31_clone_distinct_reset        orig      on   min_period=   0.25 ns   probed p0.15, wns=-0.1
  r31_clone_distinct_reset        retimed   off  min_period=  0.404 ns   probed p0.3, wns=-0.104
  r31_clone_distinct_reset        directive off  min_period=   0.37 ns   probed p0.3, wns=-0.07
  r32_backward_reset_preimage     orig      off  min_period=  0.344 ns   probed p0.3, wns=-0.044
  r32_backward_reset_preimage     orig      on   min_period=  0.311 ns   probed p0.3, wns=-0.011
  r32_backward_reset_preimage     retimed   off  min_period=  0.309 ns   probed p0.15, wns=-0.159
  r32_backward_reset_preimage     directive off  min_period=  0.344 ns   probed p0.3, wns=-0.044

wrote /home/esifferm/GitHub/retiming/results/fmax_v2.json
  floors measured: 112
=== [05:26] stage 2/3: stress sweep, all 28, post-route
  r02_reset_no_valid_init         STRESSED at p=0.1862
      orig      off WNS=    None TNS=      None viol=  None WL=      None
      orig      on  WNS=  -0.076 TNS=    -4.118 viol=  81.0 WL=  4809.805
      retimed   off WNS=   -0.24 TNS=    -4.578 viol=  24.0 WL=   4274.36
      directive off WNS=  -0.076 TNS=    -4.118 viol=  81.0 WL=  4809.805
  r03_async_reset_blocker         STRESSED at p=0.1841
      orig      off WNS=  -0.007 TNS=    -0.019 viol=   7.0 WL=  7135.095
      orig      on  WNS=  -0.071 TNS=    -3.084 viol=  62.0 WL=   5127.13
      retimed   off WNS=  -0.283 TNS=    -6.744 viol=  30.0 WL=  3864.005
      directive off WNS=  -0.071 TNS=    -3.084 viol=  62.0 WL=   5127.13
  r05_fsm_high_fanout             STRESSED at p=0.147
      orig      off WNS=  -0.194 TNS=    -5.857 viol=  66.0 WL= 11610.505
      orig      on  WNS=  -0.086 TNS=   -10.382 viol= 244.0 WL= 13226.885
      retimed   off WNS=  -0.118 TNS=    -9.057 viol= 125.0 WL=   12850.3
      directive off WNS=  -0.086 TNS=    -9.461 viol= 235.0 WL=  13183.77
  r06_fsm_high_fanin              STRESSED at p=0.3724
      orig      off WNS=  -0.125 TNS=    -1.111 viol=  11.0 WL=  24415.41
      orig      on  WNS=  -0.141 TNS=    -8.671 viol=  85.0 WL= 19380.015
      retimed   off WNS=  -0.119 TNS=    -0.776 viol=   8.0 WL=  21679.97
      directive off WNS=  -0.141 TNS=    -8.671 viol=  85.0 WL= 19380.015
  r08_fsm_output_decode           STRESSED at p=0.245
      orig      off WNS=  -0.452 TNS=    -4.017 viol=  21.0 WL=   5722.64
      orig      on  WNS=  -0.113 TNS=    -3.941 viol=  60.0 WL=    5767.7
      retimed   off WNS=  -0.209 TNS=    -5.991 viol=  32.0 WL=  5094.505
      directive off WNS=  -0.113 TNS=    -3.941 viol=  60.0 WL=    5767.7
  r16_dont_touch_conflict         STRESSED at p=0.217
      orig      off WNS=   -0.53 TNS=     -8.31 viol=  34.0 WL=   7593.46
      orig      on  WNS=  -0.099 TNS=     -4.75 viol=  84.0 WL=   6356.93
      retimed   off WNS=  -0.313 TNS=    -9.047 viol=  47.0 WL=  5910.665
      directive off WNS=  -0.099 TNS=     -4.75 viol=  84.0 WL=   6356.93
  r20_glitch_absorb               STRESSED at p=0.1603
      orig      off WNS=  -0.298 TNS=    -7.189 viol=  38.0 WL=  7870.755
      orig      on  WNS=  -0.081 TNS=    -4.015 viol=  90.0 WL=   6931.87
      retimed   off WNS=  -0.155 TNS=     -5.23 viol=  54.0 WL=   6826.13
      directive off WNS=  -0.076 TNS=    -3.861 viol=  97.0 WL=   6871.12
  r21_wire_pipeline_cross_die     STRESSED at p=0.1911
      orig      off WNS=  -0.276 TNS=   -30.618 viol= 141.0 WL= 17864.195
      orig      on  WNS=  -0.091 TNS=   -11.126 viol= 228.0 WL=  20847.56
      retimed   off WNS=  -0.132 TNS=   -16.385 viol= 196.0 WL=  19950.48
      directive off WNS=  -0.091 TNS=   -11.126 viol= 228.0 WL=  20847.56
  r22_fanout_wire_load            STRESSED at p=0.3598
      orig      off WNS=  -0.216 TNS=   -93.355 viol=1287.0 WL=327264.505
      orig      on  WNS=  -0.109 TNS=    -10.83 viol= 206.0 WL= 281703.53
      retimed   off WNS=  -0.108 TNS=   -24.665 viol= 854.0 WL=292908.625
      directive off WNS=  -0.054 TNS=    -2.158 viol= 212.0 WL= 274800.76
  r24_loop_bound_control          STRESSED at p=0.6335
      orig      off WNS=  -0.367 TNS=    -5.612 viol=  16.0 WL=  7214.965
      orig      on  WNS=   -0.36 TNS=   -10.314 viol=  31.0 WL=   6861.03
      retimed   off WNS=  -0.367 TNS=    -5.612 viol=  16.0 WL=  7214.965
      directive off WNS=   -0.36 TNS=   -10.314 viol=  31.0 WL=   6861.03
  r26_sdc_exception_invalidation  STRESSED at p=0.28
      orig      off WNS=  -0.696 TNS=   -12.218 viol=  35.0 WL=  6836.805
      orig      on  WNS=  -0.115 TNS=    -5.669 viol=  73.0 WL=   9068.41
      retimed   off WNS=  -0.629 TNS=   -17.067 viol=  32.0 WL=   8110.85
      directive off WNS=  -0.237 TNS=   -15.339 viol=  80.0 WL=  6559.385
  r28_congestion_wire_split       STRESSED at p=0.1722
      orig      off WNS=  -0.124 TNS=   -34.207 viol= 822.0 WL= 43195.095
      orig      on  WNS=   -0.06 TNS=   -13.906 viol= 742.0 WL=  45481.92
      retimed   off WNS=  -0.107 TNS=   -35.447 viol= 746.0 WL= 42269.185
      directive off WNS=   -0.06 TNS=   -13.906 viol= 742.0 WL=  45481.92
  r29_wide_crossing               STRESSED at p=0.2086
      orig      off WNS=  -0.338 TNS=  -535.006 viol=2830.0 WL=646147.735
      orig      on  WNS=  -0.111 TNS=  -810.098 viol=12379.0 WL=619346.305
      retimed   off WNS=    -0.5 TNS=  -735.657 viol=2827.0 WL= 840538.91
      directive off WNS=  -0.338 TNS=  -535.006 viol=2830.0 WL=646147.735
  r30_fsm_decode_fanout           STRESSED at p=0.3276
      orig      off WNS=  -0.121 TNS=   -115.52 viol=2036.0 WL= 513772.42
      orig      on  WNS=    None TNS=      None viol=  None WL=      None
      retimed   off WNS=  -0.122 TNS=  -110.783 viol=2014.0 WL=534666.685
      directive off WNS=  -0.121 TNS=   -115.52 viol=2036.0 WL= 513772.42
  r31_clone_distinct_reset        STRESSED at p=0.175
      orig      off WNS=  -0.132 TNS=   -55.125 viol= 796.0 WL= 23376.205
      orig      on  WNS=  -0.071 TNS=     -25.9 viol=1202.0 WL= 48038.765
      retimed   off WNS=  -0.055 TNS=    -6.995 viol= 493.0 WL=  23302.97
      directive off WNS=  -0.132 TNS=   -55.125 viol= 796.0 WL= 23376.205
  r32_backward_reset_preimage     STRESSED at p=0.2163
      orig      off WNS=  -0.116 TNS=     -41.6 viol= 798.0 WL=  68911.42
      orig      on  WNS=  -0.072 TNS=   -41.217 viol=1346.0 WL= 80246.475
      retimed   off WNS=  -0.078 TNS=   -34.134 viol= 811.0 WL=  69206.21
      directive off WNS=  -0.116 TNS=     -41.6 viol= 798.0 WL=  68911.42
  benchmarks stressed: 17 / 28
!!! [05:58] ABORT: only 17 benchmarks stressed
=== [06:08] push wrapped + serialised RTL
28
=== [06:08] stage 1/3: floors for all 28 (wrapper changed every design's timing)
  r24_loop_bound_control          retimed   off  min_period=  0.979 ns   probed p0.7854, wns=-0.194
  r24_loop_bound_control          directive off  min_period=  0.905 ns   probed p0.7854, wns=-0.12
  r26_sdc_exception_invalidation  orig      off  min_period=  1.039 ns   probed p0.4404, wns=-0.599
  r26_sdc_exception_invalidation  orig      on   min_period=    0.4 ns   probed p0.2202, wns=-0.18
  r26_sdc_exception_invalidation  retimed   off  min_period=  0.897 ns   probed p0.4404, wns=-0.457
  r26_sdc_exception_invalidation  directive off  min_period=   0.61 ns   probed p0.4404, wns=-0.17
  r27_exception_scope_probe       orig      off  min_period=  0.921 ns   probed p0.6522, wns=-0.269
  r27_exception_scope_probe       orig      on   min_period=  0.386 ns   probed p0.3261, wns=-0.06
  r27_exception_scope_probe       retimed   off  min_period=  0.898 ns   probed p0.6522, wns=-0.246
  r27_exception_scope_probe       directive off  min_period=  0.386 ns   probed p0.3261, wns=-0.06
  r28_congestion_wire_split       orig      off  min_period=  0.293 ns   probed p0.1653, wns=-0.128
  r28_congestion_wire_split       orig      on   min_period=  0.246 ns   probed p0.1653, wns=-0.081
  r28_congestion_wire_split       retimed   off  min_period=  0.288 ns   probed p0.1653, wns=-0.123
  r28_congestion_wire_split       directive off  min_period=  0.246 ns   probed p0.1653, wns=-0.081
  r29_wide_crossing               orig      off  min_period=  0.424 ns   probed p0.36, wns=-0.064
  r29_wide_crossing               orig      on   min_period=  0.298 ns   probed p0.18, wns=-0.118
  r29_wide_crossing               retimed   off  min_period=  0.485 ns   probed p0.36, wns=-0.125
  r29_wide_crossing               directive off  min_period=  0.424 ns   probed p0.36, wns=-0.064
  r30_fsm_decode_fanout           orig      off  min_period=  0.472 ns   probed p0.3, wns=-0.172
  r30_fsm_decode_fanout           orig      on   min_period=  0.476 ns   probed p0.3, wns=-0.176
  r30_fsm_decode_fanout           retimed   off  min_period=  0.468 ns   probed p0.3, wns=-0.168
  r30_fsm_decode_fanout           directive off  min_period=  0.472 ns   probed p0.3, wns=-0.172
  r31_clone_distinct_reset        orig      off  min_period=   0.37 ns   probed p0.3, wns=-0.07
  r31_clone_distinct_reset        orig      on   min_period=   0.25 ns   probed p0.15, wns=-0.1
  r31_clone_distinct_reset        retimed   off  min_period=  0.404 ns   probed p0.3, wns=-0.104
  r31_clone_distinct_reset        directive off  min_period=   0.37 ns   probed p0.3, wns=-0.07
  r32_backward_reset_preimage     orig      off  min_period=  0.344 ns   probed p0.3, wns=-0.044
  r32_backward_reset_preimage     orig      on   min_period=  0.311 ns   probed p0.3, wns=-0.011
  r32_backward_reset_preimage     retimed   off  min_period=  0.309 ns   probed p0.15, wns=-0.159
  r32_backward_reset_preimage     directive off  min_period=  0.344 ns   probed p0.3, wns=-0.044

wrote /home/esifferm/GitHub/retiming/results/fmax_v2.json
  floors measured: 112
=== [07:06] stage 2/3: stress sweep, all 28, post-route
17 benchmark(s) already stressed, 11 to do
total concurrent tool jobs capped at 16

  r04_init_only_no_reset          STRESSED at p=0.1771
      orig      off WNS=  -0.237 TNS=     -4.39 viol=  20.0 WL=  3508.745
      orig      on  WNS=  -0.074 TNS=     -2.12 viol=  53.0 WL=  3654.425
      retimed   off WNS=  -0.274 TNS=    -6.285 viol=  28.0 WL=  3712.895
      directive off WNS=  -0.074 TNS=     -2.12 viol=  53.0 WL=  3654.425
  r09_unbalanced_mult_pipe        STRESSED at p=0.203
      orig      off WNS=  -0.494 TNS=   -16.928 viol=  64.0 WL=   30663.9
      orig      on  WNS=  -0.109 TNS=    -14.36 viol= 264.0 WL= 31200.775
      retimed   off WNS=  -0.409 TNS=   -21.069 viol=  80.0 WL=  32343.76
      directive off WNS=  -0.109 TNS=    -14.36 viol= 264.0 WL= 31200.775
  r10_long_carry_chain            STRESSED at p=0.1673
      orig      off WNS=  -0.334 TNS=   -32.456 viol= 275.0 WL= 23001.825
      orig      on  WNS=  -0.103 TNS=   -28.583 viol= 488.0 WL=   24265.4
      retimed   off WNS=  -0.289 TNS=    -33.08 viol= 291.0 WL=  24685.97
      directive off WNS=  -0.103 TNS=   -28.583 viol= 488.0 WL=   24265.4
  r11_deep_retime_distance        STRESSED at p=0.5201
      orig      off WNS=  -2.951 TNS=   -88.432 viol=  44.0 WL=  40698.55
      orig      on  WNS=  -0.242 TNS=   -31.896 viol= 173.0 WL=  35873.39
      retimed   off WNS=  -0.511 TNS=   -54.756 viol= 127.0 WL=  43272.52
      directive off WNS=  -0.242 TNS=   -31.896 viol= 173.0 WL=  35873.39
  r12_wide_reduction_tree         STRESSED at p=0.1764
      orig      off WNS=  -0.378 TNS=    -2.539 viol=   7.0 WL=  7990.975
      orig      on  WNS=  -0.064 TNS=    -1.671 viol=  46.0 WL=   6403.88
      retimed   off WNS=  -0.195 TNS=    -4.549 viol=  27.0 WL=   7304.26
      directive off WNS=  -0.064 TNS=    -1.671 viol=  46.0 WL=   6403.88
  r13_retime_around_sram          STRESSED at p=0.1771
      orig      off WNS=  -0.186 TNS=    -49.16 viol= 869.0 WL= 33526.565
      orig      on  WNS=  -0.086 TNS=    -11.37 viol= 437.0 WL= 61238.645
      retimed   off WNS=  -0.305 TNS=   -94.892 viol= 762.0 WL=  38896.34
      directive off WNS=  -0.086 TNS=    -11.37 viol= 437.0 WL= 61238.645
  r15_hier_boundary_block         STRESSED at p=0.1946
      orig      off WNS=  -0.496 TNS=    -7.833 viol=  21.0 WL=  4783.295
      orig      on  WNS=  -0.094 TNS=    -3.815 viol=  64.0 WL=  3995.815
      retimed   off WNS=  -0.252 TNS=     -5.14 viol=  24.0 WL=    4975.4
      directive off WNS=  -0.094 TNS=    -3.815 viol=  64.0 WL=  3995.815
  r17_clock_enable_barrier        STRESSED at p=0.2107
      orig      off WNS=  -0.024 TNS=    -0.307 viol=  16.0 WL=  5427.405
      orig      on  WNS=  -0.089 TNS=    -2.577 viol=  68.0 WL=  5935.325
      retimed   off WNS=   -0.29 TNS=    -5.258 viol=  24.0 WL=  4616.945
      directive off WNS=  -0.089 TNS=    -2.577 viol=  68.0 WL=  5935.325
  r18_clock_gated_region          STRESSED at p=0.2275
      orig      off WNS=  -0.235 TNS=     -8.93 viol=  63.0 WL=   6250.36
      orig      on  WNS=  -0.106 TNS=    -3.224 viol=  60.0 WL=   5316.24
      retimed   off WNS=  -0.235 TNS=    -7.866 viol=  57.0 WL=   6222.65
      directive off WNS=  -0.106 TNS=    -3.224 viol=  60.0 WL=   5316.24
  r19_power_activity_retime       STRESSED at p=0.1827
      orig      off WNS=   -0.38 TNS=    -2.882 viol=  11.0 WL=   8416.76
      orig      on  WNS=  -0.088 TNS=    -4.661 viol=  96.0 WL=  7020.625
      retimed   off WNS=  -0.356 TNS=    -2.401 viol=   8.0 WL=  6984.505
      directive off WNS=  -0.096 TNS=    -5.725 viol=  92.0 WL=  7630.085
  r27_exception_scope_probe       STRESSED at p=0.2702
      orig      off WNS=  -0.424 TNS=   -16.095 viol=  55.0 WL=  10629.85
      orig      on  WNS=  -0.112 TNS=    -4.418 viol=  89.0 WL= 10784.655
      retimed   off WNS=  -0.422 TNS=   -14.684 viol=  57.0 WL=  9495.465
      directive off WNS=  -0.112 TNS=    -4.418 viol=  89.0 WL= 10784.655
  benchmarks stressed: 11 / 28
!!! [07:16] ABORT: only 11 benchmarks stressed
=== [07:28] push wrapped + serialised RTL
28
=== [07:28] stage 1/3: floors for all 28 (wrapper changed every design's timing)
  r24_loop_bound_control          retimed   off  min_period=  0.979 ns   probed p0.7854, wns=-0.194
  r24_loop_bound_control          directive off  min_period=  0.905 ns   probed p0.7854, wns=-0.12
  r26_sdc_exception_invalidation  orig      off  min_period=  1.039 ns   probed p0.4404, wns=-0.599
  r26_sdc_exception_invalidation  orig      on   min_period=    0.4 ns   probed p0.2202, wns=-0.18
  r26_sdc_exception_invalidation  retimed   off  min_period=  0.897 ns   probed p0.4404, wns=-0.457
  r26_sdc_exception_invalidation  directive off  min_period=   0.61 ns   probed p0.4404, wns=-0.17
  r27_exception_scope_probe       orig      off  min_period=  0.921 ns   probed p0.6522, wns=-0.269
  r27_exception_scope_probe       orig      on   min_period=  0.386 ns   probed p0.3261, wns=-0.06
  r27_exception_scope_probe       retimed   off  min_period=  0.898 ns   probed p0.6522, wns=-0.246
  r27_exception_scope_probe       directive off  min_period=  0.386 ns   probed p0.3261, wns=-0.06
  r28_congestion_wire_split       orig      off  min_period=  0.293 ns   probed p0.1653, wns=-0.128
  r28_congestion_wire_split       orig      on   min_period=  0.246 ns   probed p0.1653, wns=-0.081
  r28_congestion_wire_split       retimed   off  min_period=  0.288 ns   probed p0.1653, wns=-0.123
  r28_congestion_wire_split       directive off  min_period=  0.246 ns   probed p0.1653, wns=-0.081
  r29_wide_crossing               orig      off  min_period=  0.424 ns   probed p0.36, wns=-0.064
  r29_wide_crossing               orig      on   min_period=  0.298 ns   probed p0.18, wns=-0.118
  r29_wide_crossing               retimed   off  min_period=  0.485 ns   probed p0.36, wns=-0.125
  r29_wide_crossing               directive off  min_period=  0.424 ns   probed p0.36, wns=-0.064
  r30_fsm_decode_fanout           orig      off  min_period=  0.472 ns   probed p0.3, wns=-0.172
  r30_fsm_decode_fanout           orig      on   min_period=  0.476 ns   probed p0.3, wns=-0.176
  r30_fsm_decode_fanout           retimed   off  min_period=  0.468 ns   probed p0.3, wns=-0.168
  r30_fsm_decode_fanout           directive off  min_period=  0.472 ns   probed p0.3, wns=-0.172
  r31_clone_distinct_reset        orig      off  min_period=   0.37 ns   probed p0.3, wns=-0.07
  r31_clone_distinct_reset        orig      on   min_period=   0.25 ns   probed p0.15, wns=-0.1
  r31_clone_distinct_reset        retimed   off  min_period=  0.404 ns   probed p0.3, wns=-0.104
  r31_clone_distinct_reset        directive off  min_period=   0.37 ns   probed p0.3, wns=-0.07
  r32_backward_reset_preimage     orig      off  min_period=  0.344 ns   probed p0.3, wns=-0.044
  r32_backward_reset_preimage     orig      on   min_period=  0.311 ns   probed p0.3, wns=-0.011
  r32_backward_reset_preimage     retimed   off  min_period=  0.309 ns   probed p0.15, wns=-0.159
  r32_backward_reset_preimage     directive off  min_period=  0.344 ns   probed p0.3, wns=-0.044

wrote /home/esifferm/GitHub/retiming/results/fmax_v2.json
  floors measured: 112
=== [08:26] stage 2/3: stress sweep, all 28, post-route
  r02_reset_no_valid_init         STRESSED at p=0.1862
      orig      off WNS=    None TNS=      None viol=  None WL=      None
      orig      on  WNS=  -0.076 TNS=    -4.118 viol=  81.0 WL=  4809.805
      retimed   off WNS=   -0.24 TNS=    -4.578 viol=  24.0 WL=   4274.36
      directive off WNS=  -0.076 TNS=    -4.118 viol=  81.0 WL=  4809.805
  r03_async_reset_blocker         STRESSED at p=0.1841
      orig      off WNS=  -0.007 TNS=    -0.019 viol=   7.0 WL=  7135.095
      orig      on  WNS=  -0.071 TNS=    -3.084 viol=  62.0 WL=   5127.13
      retimed   off WNS=  -0.283 TNS=    -6.744 viol=  30.0 WL=  3864.005
      directive off WNS=  -0.071 TNS=    -3.084 viol=  62.0 WL=   5127.13
  r05_fsm_high_fanout             STRESSED at p=0.147
      orig      off WNS=  -0.194 TNS=    -5.857 viol=  66.0 WL= 11610.505
      orig      on  WNS=  -0.086 TNS=   -10.382 viol= 244.0 WL= 13226.885
      retimed   off WNS=  -0.118 TNS=    -9.057 viol= 125.0 WL=   12850.3
      directive off WNS=  -0.086 TNS=    -9.461 viol= 235.0 WL=  13183.77
  r06_fsm_high_fanin              STRESSED at p=0.3724
      orig      off WNS=  -0.125 TNS=    -1.111 viol=  11.0 WL=  24415.41
      orig      on  WNS=  -0.141 TNS=    -8.671 viol=  85.0 WL= 19380.015
      retimed   off WNS=  -0.119 TNS=    -0.776 viol=   8.0 WL=  21679.97
      directive off WNS=  -0.141 TNS=    -8.671 viol=  85.0 WL= 19380.015
  r08_fsm_output_decode           STRESSED at p=0.245
      orig      off WNS=  -0.452 TNS=    -4.017 viol=  21.0 WL=   5722.64
      orig      on  WNS=  -0.113 TNS=    -3.941 viol=  60.0 WL=    5767.7
      retimed   off WNS=  -0.209 TNS=    -5.991 viol=  32.0 WL=  5094.505
      directive off WNS=  -0.113 TNS=    -3.941 viol=  60.0 WL=    5767.7
  r16_dont_touch_conflict         STRESSED at p=0.217
      orig      off WNS=   -0.53 TNS=     -8.31 viol=  34.0 WL=   7593.46
      orig      on  WNS=  -0.099 TNS=     -4.75 viol=  84.0 WL=   6356.93
      retimed   off WNS=  -0.313 TNS=    -9.047 viol=  47.0 WL=  5910.665
      directive off WNS=  -0.099 TNS=     -4.75 viol=  84.0 WL=   6356.93
  r20_glitch_absorb               STRESSED at p=0.1603
      orig      off WNS=  -0.298 TNS=    -7.189 viol=  38.0 WL=  7870.755
      orig      on  WNS=  -0.081 TNS=    -4.015 viol=  90.0 WL=   6931.87
      retimed   off WNS=  -0.155 TNS=     -5.23 viol=  54.0 WL=   6826.13
      directive off WNS=  -0.076 TNS=    -3.861 viol=  97.0 WL=   6871.12
  r21_wire_pipeline_cross_die     STRESSED at p=0.1911
      orig      off WNS=  -0.276 TNS=   -30.618 viol= 141.0 WL= 17864.195
      orig      on  WNS=  -0.091 TNS=   -11.126 viol= 228.0 WL=  20847.56
      retimed   off WNS=  -0.132 TNS=   -16.385 viol= 196.0 WL=  19950.48
      directive off WNS=  -0.091 TNS=   -11.126 viol= 228.0 WL=  20847.56
  r22_fanout_wire_load            STRESSED at p=0.3598
      orig      off WNS=  -0.216 TNS=   -93.355 viol=1287.0 WL=327264.505
      orig      on  WNS=  -0.109 TNS=    -10.83 viol= 206.0 WL= 281703.53
      retimed   off WNS=  -0.108 TNS=   -24.665 viol= 854.0 WL=292908.625
      directive off WNS=  -0.054 TNS=    -2.158 viol= 212.0 WL= 274800.76
  r24_loop_bound_control          STRESSED at p=0.6335
      orig      off WNS=  -0.367 TNS=    -5.612 viol=  16.0 WL=  7214.965
      orig      on  WNS=   -0.36 TNS=   -10.314 viol=  31.0 WL=   6861.03
      retimed   off WNS=  -0.367 TNS=    -5.612 viol=  16.0 WL=  7214.965
      directive off WNS=   -0.36 TNS=   -10.314 viol=  31.0 WL=   6861.03
  r26_sdc_exception_invalidation  STRESSED at p=0.28
      orig      off WNS=  -0.696 TNS=   -12.218 viol=  35.0 WL=  6836.805
      orig      on  WNS=  -0.115 TNS=    -5.669 viol=  73.0 WL=   9068.41
      retimed   off WNS=  -0.629 TNS=   -17.067 viol=  32.0 WL=   8110.85
      directive off WNS=  -0.237 TNS=   -15.339 viol=  80.0 WL=  6559.385
  r28_congestion_wire_split       STRESSED at p=0.1722
      orig      off WNS=  -0.124 TNS=   -34.207 viol= 822.0 WL= 43195.095
      orig      on  WNS=   -0.06 TNS=   -13.906 viol= 742.0 WL=  45481.92
      retimed   off WNS=  -0.107 TNS=   -35.447 viol= 746.0 WL= 42269.185
      directive off WNS=   -0.06 TNS=   -13.906 viol= 742.0 WL=  45481.92
  r29_wide_crossing               STRESSED at p=0.2086
      orig      off WNS=  -0.338 TNS=  -535.006 viol=2830.0 WL=646147.735
      orig      on  WNS=  -0.111 TNS=  -810.098 viol=12379.0 WL=619346.305
      retimed   off WNS=    -0.5 TNS=  -735.657 viol=2827.0 WL= 840538.91
      directive off WNS=  -0.338 TNS=  -535.006 viol=2830.0 WL=646147.735
  r30_fsm_decode_fanout           STRESSED at p=0.3276
      orig      off WNS=  -0.121 TNS=   -115.52 viol=2036.0 WL= 513772.42
      orig      on  WNS=    None TNS=      None viol=  None WL=      None
      retimed   off WNS=  -0.122 TNS=  -110.783 viol=2014.0 WL=534666.685
      directive off WNS=  -0.121 TNS=   -115.52 viol=2036.0 WL= 513772.42
  r31_clone_distinct_reset        STRESSED at p=0.175
      orig      off WNS=  -0.132 TNS=   -55.125 viol= 796.0 WL= 23376.205
      orig      on  WNS=  -0.071 TNS=     -25.9 viol=1202.0 WL= 48038.765
      retimed   off WNS=  -0.055 TNS=    -6.995 viol= 493.0 WL=  23302.97
      directive off WNS=  -0.132 TNS=   -55.125 viol= 796.0 WL= 23376.205
  r32_backward_reset_preimage     STRESSED at p=0.2163
      orig      off WNS=  -0.116 TNS=     -41.6 viol= 798.0 WL=  68911.42
      orig      on  WNS=  -0.072 TNS=   -41.217 viol=1346.0 WL= 80246.475
      retimed   off WNS=  -0.078 TNS=   -34.134 viol= 811.0 WL=  69206.21
      directive off WNS=  -0.116 TNS=     -41.6 viol= 798.0 WL=  68911.42
  benchmarks stressed: 17 / 28
!!! [08:58] ABORT: only 17 benchmarks stressed
=== [09:08] push wrapped + serialised RTL
28
=== [09:08] stage 1/3: floors for all 28 (wrapper changed every design's timing)
  r24_loop_bound_control          retimed   off  min_period=  0.979 ns   probed p0.7854, wns=-0.194
  r24_loop_bound_control          directive off  min_period=  0.905 ns   probed p0.7854, wns=-0.12
  r26_sdc_exception_invalidation  orig      off  min_period=  1.039 ns   probed p0.4404, wns=-0.599
  r26_sdc_exception_invalidation  orig      on   min_period=    0.4 ns   probed p0.2202, wns=-0.18
  r26_sdc_exception_invalidation  retimed   off  min_period=  0.897 ns   probed p0.4404, wns=-0.457
  r26_sdc_exception_invalidation  directive off  min_period=   0.61 ns   probed p0.4404, wns=-0.17
  r27_exception_scope_probe       orig      off  min_period=  0.921 ns   probed p0.6522, wns=-0.269
  r27_exception_scope_probe       orig      on   min_period=  0.386 ns   probed p0.3261, wns=-0.06
  r27_exception_scope_probe       retimed   off  min_period=  0.898 ns   probed p0.6522, wns=-0.246
  r27_exception_scope_probe       directive off  min_period=  0.386 ns   probed p0.3261, wns=-0.06
  r28_congestion_wire_split       orig      off  min_period=  0.293 ns   probed p0.1653, wns=-0.128
  r28_congestion_wire_split       orig      on   min_period=  0.246 ns   probed p0.1653, wns=-0.081
  r28_congestion_wire_split       retimed   off  min_period=  0.288 ns   probed p0.1653, wns=-0.123
  r28_congestion_wire_split       directive off  min_period=  0.246 ns   probed p0.1653, wns=-0.081
  r29_wide_crossing               orig      off  min_period=  0.424 ns   probed p0.36, wns=-0.064
  r29_wide_crossing               orig      on   min_period=  0.298 ns   probed p0.18, wns=-0.118
  r29_wide_crossing               retimed   off  min_period=  0.485 ns   probed p0.36, wns=-0.125
  r29_wide_crossing               directive off  min_period=  0.424 ns   probed p0.36, wns=-0.064
  r30_fsm_decode_fanout           orig      off  min_period=  0.472 ns   probed p0.3, wns=-0.172
  r30_fsm_decode_fanout           orig      on   min_period=  0.476 ns   probed p0.3, wns=-0.176
  r30_fsm_decode_fanout           retimed   off  min_period=  0.468 ns   probed p0.3, wns=-0.168
  r30_fsm_decode_fanout           directive off  min_period=  0.472 ns   probed p0.3, wns=-0.172
  r31_clone_distinct_reset        orig      off  min_period=   0.37 ns   probed p0.3, wns=-0.07
  r31_clone_distinct_reset        orig      on   min_period=   0.25 ns   probed p0.15, wns=-0.1
  r31_clone_distinct_reset        retimed   off  min_period=  0.404 ns   probed p0.3, wns=-0.104
  r31_clone_distinct_reset        directive off  min_period=   0.37 ns   probed p0.3, wns=-0.07
  r32_backward_reset_preimage     orig      off  min_period=  0.344 ns   probed p0.3, wns=-0.044
  r32_backward_reset_preimage     orig      on   min_period=  0.311 ns   probed p0.3, wns=-0.011
  r32_backward_reset_preimage     retimed   off  min_period=  0.309 ns   probed p0.15, wns=-0.159
  r32_backward_reset_preimage     directive off  min_period=  0.344 ns   probed p0.3, wns=-0.044

wrote /home/esifferm/GitHub/retiming/results/fmax_v2.json
  floors measured: 112
=== [10:06] stage 2/3: stress sweep, all 28, post-route
17 benchmark(s) already stressed, 11 to do
total concurrent tool jobs capped at 16

  r04_init_only_no_reset          STRESSED at p=0.1771
      orig      off WNS=  -0.237 TNS=     -4.39 viol=  20.0 WL=  3508.745
      orig      on  WNS=  -0.074 TNS=     -2.12 viol=  53.0 WL=  3654.425
      retimed   off WNS=  -0.274 TNS=    -6.285 viol=  28.0 WL=  3712.895
      directive off WNS=  -0.074 TNS=     -2.12 viol=  53.0 WL=  3654.425
  r09_unbalanced_mult_pipe        STRESSED at p=0.203
      orig      off WNS=  -0.494 TNS=   -16.928 viol=  64.0 WL=   30663.9
      orig      on  WNS=  -0.109 TNS=    -14.36 viol= 264.0 WL= 31200.775
      retimed   off WNS=  -0.409 TNS=   -21.069 viol=  80.0 WL=  32343.76
      directive off WNS=  -0.109 TNS=    -14.36 viol= 264.0 WL= 31200.775
  r10_long_carry_chain            STRESSED at p=0.1673
      orig      off WNS=  -0.334 TNS=   -32.456 viol= 275.0 WL= 23001.825
      orig      on  WNS=  -0.103 TNS=   -28.583 viol= 488.0 WL=   24265.4
      retimed   off WNS=  -0.289 TNS=    -33.08 viol= 291.0 WL=  24685.97
      directive off WNS=  -0.103 TNS=   -28.583 viol= 488.0 WL=   24265.4
  r11_deep_retime_distance        STRESSED at p=0.5201
      orig      off WNS=  -2.951 TNS=   -88.432 viol=  44.0 WL=  40698.55
      orig      on  WNS=  -0.242 TNS=   -31.896 viol= 173.0 WL=  35873.39
      retimed   off WNS=  -0.511 TNS=   -54.756 viol= 127.0 WL=  43272.52
      directive off WNS=  -0.242 TNS=   -31.896 viol= 173.0 WL=  35873.39
  r12_wide_reduction_tree         STRESSED at p=0.1764
      orig      off WNS=  -0.378 TNS=    -2.539 viol=   7.0 WL=  7990.975
      orig      on  WNS=  -0.064 TNS=    -1.671 viol=  46.0 WL=   6403.88
      retimed   off WNS=  -0.195 TNS=    -4.549 viol=  27.0 WL=   7304.26
      directive off WNS=  -0.064 TNS=    -1.671 viol=  46.0 WL=   6403.88
  r13_retime_around_sram          STRESSED at p=0.1771
      orig      off WNS=  -0.186 TNS=    -49.16 viol= 869.0 WL= 33526.565
      orig      on  WNS=  -0.086 TNS=    -11.37 viol= 437.0 WL= 61238.645
      retimed   off WNS=  -0.305 TNS=   -94.892 viol= 762.0 WL=  38896.34
      directive off WNS=  -0.086 TNS=    -11.37 viol= 437.0 WL= 61238.645
  r15_hier_boundary_block         STRESSED at p=0.1946
      orig      off WNS=  -0.496 TNS=    -7.833 viol=  21.0 WL=  4783.295
      orig      on  WNS=  -0.094 TNS=    -3.815 viol=  64.0 WL=  3995.815
      retimed   off WNS=  -0.252 TNS=     -5.14 viol=  24.0 WL=    4975.4
      directive off WNS=  -0.094 TNS=    -3.815 viol=  64.0 WL=  3995.815
  r17_clock_enable_barrier        STRESSED at p=0.2107
      orig      off WNS=  -0.024 TNS=    -0.307 viol=  16.0 WL=  5427.405
      orig      on  WNS=  -0.089 TNS=    -2.577 viol=  68.0 WL=  5935.325
      retimed   off WNS=   -0.29 TNS=    -5.258 viol=  24.0 WL=  4616.945
      directive off WNS=  -0.089 TNS=    -2.577 viol=  68.0 WL=  5935.325
  r18_clock_gated_region          STRESSED at p=0.2275
      orig      off WNS=  -0.235 TNS=     -8.93 viol=  63.0 WL=   6250.36
      orig      on  WNS=  -0.106 TNS=    -3.224 viol=  60.0 WL=   5316.24
      retimed   off WNS=  -0.235 TNS=    -7.866 viol=  57.0 WL=   6222.65
      directive off WNS=  -0.106 TNS=    -3.224 viol=  60.0 WL=   5316.24
  r19_power_activity_retime       STRESSED at p=0.1827
      orig      off WNS=   -0.38 TNS=    -2.882 viol=  11.0 WL=   8416.76
      orig      on  WNS=  -0.088 TNS=    -4.661 viol=  96.0 WL=  7020.625
      retimed   off WNS=  -0.356 TNS=    -2.401 viol=   8.0 WL=  6984.505
      directive off WNS=  -0.096 TNS=    -5.725 viol=  92.0 WL=  7630.085
  r27_exception_scope_probe       STRESSED at p=0.2702
      orig      off WNS=  -0.424 TNS=   -16.095 viol=  55.0 WL=  10629.85
      orig      on  WNS=  -0.112 TNS=    -4.418 viol=  89.0 WL= 10784.655
      retimed   off WNS=  -0.422 TNS=   -14.684 viol=  57.0 WL=  9495.465
      directive off WNS=  -0.112 TNS=    -4.418 viol=  89.0 WL= 10784.655
  benchmarks stressed: 11 / 28
!!! [10:16] ABORT: only 11 benchmarks stressed
=== [10:28] push wrapped + serialised RTL
28
=== [10:28] stage 1/3: floors for all 28 (wrapper changed every design's timing)
  r22_fanout_wire_load            retimed   off  min_period=  0.514 ns   probed p0.411, wns=-0.103
  r22_fanout_wire_load            directive off  min_period=  0.522 ns   probed p0.411, wns=-0.111
  r24_loop_bound_control          orig      off  min_period=  0.979 ns   probed p0.7854, wns=-0.194
  r24_loop_bound_control          orig      on   min_period=  0.905 ns   probed p0.7854, wns=-0.12
  r24_loop_bound_control          retimed   off  min_period=  0.979 ns   probed p0.7854, wns=-0.194
  r24_loop_bound_control          directive off  min_period=  0.905 ns   probed p0.7854, wns=-0.12
  r26_sdc_exception_invalidation  orig      off  min_period=  1.039 ns   probed p0.4404, wns=-0.599
  r26_sdc_exception_invalidation  orig      on   min_period=    0.4 ns   probed p0.2202, wns=-0.18
  r26_sdc_exception_invalidation  retimed   off  min_period=  0.897 ns   probed p0.4404, wns=-0.457
  r26_sdc_exception_invalidation  directive off  min_period=   0.61 ns   probed p0.4404, wns=-0.17
  r27_exception_scope_probe       orig      off  min_period=  0.921 ns   probed p0.6522, wns=-0.269
  r27_exception_scope_probe       orig      on   min_period=  0.386 ns   probed p0.3261, wns=-0.06
  r27_exception_scope_probe       retimed   off  min_period=  0.898 ns   probed p0.6522, wns=-0.246
  r27_exception_scope_probe       directive off  min_period=  0.386 ns   probed p0.3261, wns=-0.06
  r28_congestion_wire_split       orig      off  min_period=  0.293 ns   probed p0.1653, wns=-0.128
  r28_congestion_wire_split       orig      on   min_period=  0.246 ns   probed p0.1653, wns=-0.081
  r28_congestion_wire_split       retimed   off  min_period=  0.288 ns   probed p0.1653, wns=-0.123
  r28_congestion_wire_split       directive off  min_period=  0.246 ns   probed p0.1653, wns=-0.081
  r29_wide_crossing               orig      off  min_period=  0.424 ns   probed p0.36, wns=-0.064
  r29_wide_crossing               orig      on   min_period=  0.298 ns   probed p0.18, wns=-0.118
  r29_wide_crossing               retimed   off  min_period=  0.485 ns   probed p0.36, wns=-0.125
  r29_wide_crossing               directive off  min_period=  0.424 ns   probed p0.36, wns=-0.064
  r30_fsm_decode_fanout           orig      off  min_period=  0.472 ns   probed p0.3, wns=-0.172
  r30_fsm_decode_fanout           orig      on   min_period=  0.476 ns   probed p0.3, wns=-0.176
  r30_fsm_decode_fanout           retimed   off  min_period=  0.468 ns   probed p0.3, wns=-0.168
  r30_fsm_decode_fanout           directive off  min_period=  0.472 ns   probed p0.3, wns=-0.172
  r31_clone_distinct_reset        orig      off  min_period=   0.37 ns   probed p0.3, wns=-0.07
  r31_clone_distinct_reset        orig      on   min_period=   0.25 ns   probed p0.15, wns=-0.1
  r31_clone_distinct_reset        retimed   off  min_period=  0.404 ns   probed p0.3, wns=-0.104
  r31_clone_distinct_reset        directive off  min_period=   0.37 ns   probed p0.3, wns=-0.07
  r32_backward_reset_preimage     orig      off  min_period=  0.344 ns   probed p0.3, wns=-0.044
  r32_backward_reset_preimage     orig      on   min_period=  0.311 ns   probed p0.3, wns=-0.011
